age,sex,on_thyroxine,query_on_thyroxine,on_antithyroid_medication,sick,pregnant,thyroid_surgery,I131_treatment,query_hypothyroid,query_hyperthyroid,lithium,goitre,tumor,hypopituitary,psych,TSH_measured,TSH,T3_measured,T3,TT4_measured,TT4,T4U_measured,T4U,FTI_measured,FTI,TBG_measured,TBG,referral_source,diagnosis,record_id,target
29.0,F,f,f,f,f,f,f,f,t,f,f,f,f,f,f,t,0.3,f,,f,,f,,f,,f,,other,-,840801013,0
29.0,F,f,f,f,f,f,f,f,f,f,f,f,f,f,f,t,1.6,t,1.9,t,128.0,f,,f,,f,,other,-,840801014,0
41.0,F,f,f,f,f,f,f,f,f,t,f,f,f,f,f,f,,f,,f,,f,,f,,t,11.0,other,-,840801042,0
36.0,F,f,f,f,f,f,f,f,f,f,f,f,f,f,f,f,,f,,f,,f,,f,,t,26.0,other,-,840803046,0
32.0,F,f,f,f,f,f,f,f,f,f,f,f,f,f,f,f,,f,,f,,f,,f,,t,36.0,other,S,840803047,1
60.0,F,f,f,f,f,f,f,f,f,f,f,f,f,f,f,f,,f,,f,,f,,f,,t,26.0,other,-,840803048,0
77.0,F,f,f,f,f,f,f,f,f,f,f,f,f,f,f,f,,f,,f,,f,,f,,t,21.0,other,-,840803068,0
28.0,F,f,f,f,f,f,f,f,f,f,f,f,f,f,f,t,0.7,t,2.6,t,116.0,f,,f,,f,,SVI,-,840807019,0
28.0,F,f,f,f,f,f,f,f,f,f,f,f,f,f,f,t,1.2,t,1.8,t,76.0,f,,f,,f,,other,-,840808060,0
28.0,F,f,f,f,f,f,f,f,f,f,f,f,f,f,f,t,1.9,t,1.7,t,83.0,f,,f,,f,,other,-,840808073,0
54.0,F,f,f,f,f,f,f,f,f,f,f,f,f,f,f,t,1.9,t,2.3,t,133.0,f,,f,,f,,other,-,840810016,0
42.0,F,f,f,f,f,f,f,f,f,f,f,f,f,f,f,t,1.0,t,1.8,t,105.0,f,,f,,f,,other,-,840813022,0
51.0,M,t,f,f,f,f,f,f,f,f,f,f,f,f,f,t,0.5,f,,f,,f,,f,,f,,other,-,840813060,0
51.0,F,f,f,f,f,f,f,f,f,f,f,f,f,f,f,t,0.7,t,2.4,t,116.0,f,,f,,f,,other,-,840813068,0
37.0,F,f,f,f,f,f,f,f,f,f,f,f,t,f,f,f,,t,2.9,f,,f,,f,,f,,other,-,840814014,0
16.0,M,f,f,f,f,f,f,f,f,f,f,f,f,f,f,t,2.6,f,,f,,f,,f,,f,,other,-,840814057,0
54.0,F,f,f,f,f,f,f,f,f,f,f,f,f,f,f,t,1.0,t,2.0,t,122.0,f,,f,,f,,SVHC,-,840815016,0
43.0,M,f,f,f,f,f,f,f,f,f,f,f,f,f,f,f,,t,2.1,t,116.0,f,,f,,f,,other,-,840815020,0
63.0,F,t,f,f,t,f,f,f,f,f,f,f,f,f,f,t,68.0,f,,t,48.0,t,1.02,t,47.0,f,,other,F,840815067,1
36.0,F,f,f,f,f,f,f,f,t,t,f,f,f,f,f,t,1.5,t,2.4,t,90.0,t,1.06,t,85.0,f,,other,-,840815068,0
40.0,F,f,t,f,f,f,f,f,f,f,f,f,f,f,f,f,,f,,t,79.0,t,0.94,t,84.0,f,,other,-,840815069,0
40.0,F,f,f,f,f,f,f,f,f,f,f,f,f,f,f,t,1.2,t,2.3,t,104.0,t,1.08,t,96.0,f,,other,-,840816001,0
40.0,F,f,f,f,f,f,f,f,f,f,f,f,f,f,f,t,5.9,t,2.1,t,88.0,t,0.84,t,105.0,f,,other,-,840816002,0
77.0,F,f,f,f,f,f,f,f,f,f,f,f,f,f,f,t,0.05,t,2.4,t,107.0,t,1.13,t,95.0,f,,other,-,840816003,0
77.0,,f,f,f,f,f,f,f,f,f,f,f,f,f,f,t,4.0,t,2.0,t,126.0,f,,f,,f,,SVHC,-,840816004,0
77.0,F,f,f,f,f,f,f,f,f,f,f,f,f,f,f,t,0.4,f,,t,113.0,t,1.07,t,106.0,f,,other,-,840816005,0
77.0,F,f,f,f,f,f,f,f,f,f,f,f,f,f,f,t,0.8,t,2.4,t,150.0,f,,f,,f,,SVHC,-,840816006,0
51.0,F,f,f,f,f,f,f,f,f,f,f,f,f,f,f,t,0.05,t,2.1,t,93.0,t,0.87,t,106.0,f,,SVI,-,840816007,0
75.0,F,f,f,f,f,f,f,f,f,f,f,f,f,f,f,t,0.05,t,1.6,t,157.0,t,0.89,t,176.0,f,,SVI,AK,840816008,1
56.0,M,f,f,f,f,f,f,f,f,f,f,f,f,f,f,t,0.2,t,1.6,t,80.0,t,0.62,t,129.0,f,,SVI,-,840816009,0
42.0,M,f,f,f,f,f,f,f,f,f,f,f,f,f,f,t,3.0,t,2.0,t,91.0,t,0.91,t,100.0,f,,SVI,-,840816010,0
85.0,M,f,f,f,f,f,f,f,f,f,f,f,f,f,f,t,0.05,t,0.1,t,47.0,t,0.68,t,69.0,f,,SVI,-,840816011,0
41.0,M,f,f,f,f,f,f,f,f,f,f,f,f,f,f,t,0.05,t,1.6,t,39.0,t,1.0,t,39.0,f,,other,R,840816013,1
71.0,F,t,f,f,f,f,f,f,f,f,f,f,f,f,f,t,0.05,f,,t,126.0,t,1.38,t,91.0,f,,other,I,840816014,1
67.0,M,f,f,f,f,f,f,f,f,f,f,f,f,f,f,t,0.2,f,,t,71.0,t,0.79,t,90.0,f,,other,-,840816022,0
67.0,M,f,f,f,f,f,f,f,f,f,f,f,f,f,f,t,0.05,t,2.0,t,88.0,t,0.95,t,93.0,f,,SVI,-,840816025,0
51.0,F,f,f,f,f,f,f,f,f,f,f,f,f,f,f,t,1.2,t,2.1,t,104.0,t,1.57,t,66.0,f,,SVI,-,840816028,0
51.0,F,f,f,f,f,f,f,f,t,f,f,f,f,f,f,t,0.3,f,,t,111.0,t,0.92,t,121.0,f,,other,-,840816029,0
28.0,F,f,f,f,f,f,f,f,f,f,f,f,f,f,f,f,,t,2.1,t,86.0,t,0.92,t,93.0,f,,other,-,840816046,0
55.0,F,t,f,f,f,f,f,f,t,f,f,f,f,f,f,t,9.599999,t,2.4,t,136.0,t,1.48,t,92.0,f,,other,M,840816047,1
32.0,F,t,f,f,f,f,f,f,f,f,f,f,f,f,f,t,0.05,t,2.0,t,163.0,t,0.94,t,173.0,f,,other,N,840816049,1
61.0,F,t,f,f,f,f,f,f,f,f,f,f,f,f,f,t,1.9,t,2.1,t,118.0,t,1.1,t,93.0,f,,other,-,840816052,0
46.0,M,f,f,f,f,f,f,f,t,f,f,f,f,f,f,f,,t,1.4,t,82.0,t,0.7,t,117.0,f,,other,-,840816060,0
41.0,F,f,f,f,f,f,f,f,f,f,f,f,f,f,f,t,140.0,f,,t,33.0,t,1.07,t,31.0,f,,other,F,840816061,1
44.0,F,t,f,f,f,f,f,f,f,f,f,f,f,f,f,t,0.6,t,1.8,t,134.0,t,1.13,t,113.0,f,,other,-,840816063,0
51.0,F,f,f,f,t,f,f,f,f,f,f,f,f,f,f,t,1.5,t,1.2,t,60.0,t,0.89,t,67.0,f,,SVI,-,840816069,0
29.0,M,f,f,f,f,f,f,f,f,f,f,f,f,f,f,t,1.7,t,2.4,t,102.0,t,1.01,t,101.0,f,,SVI,-,840816070,0
41.0,F,f,f,f,f,f,f,f,f,f,f,f,f,f,f,t,0.05,t,1.5,t,97.0,t,1.05,t,92.0,f,,SVI,-,840816071,0
82.0,M,f,f,f,f,f,f,f,t,f,f,f,f,f,f,t,0.4,t,1.3,t,115.0,t,0.91,t,126.0,f,,SVI,-,840816072,0
64.0,F,t,f,f,f,f,f,f,f,t,f,f,f,f,f,t,2.5,t,1.6,t,86.0,t,0.96,t,90.0,f,,other,-,840816076,0
70.0,F,f,f,f,f,f,f,f,f,t,f,f,f,f,f,t,0.05,t,2.6,t,132.0,t,1.07,t,123.0,f,,other,-,840816077,0
54.0,F,f,t,f,f,f,f,f,f,f,f,f,f,f,f,f,,f,,t,116.0,t,0.78,t,149.0,f,,other,-,840816078,0
33.0,F,f,f,f,f,f,f,f,f,t,f,f,f,f,f,t,0.4,t,2.0,t,114.0,t,1.01,t,113.0,f,,other,-,840816093,0
59.0,F,t,f,f,f,f,f,t,f,f,f,f,f,f,f,t,6.8,t,2.5,t,94.0,t,1.4,t,68.0,f,,other,M,840816095,1
44.0,M,f,f,f,f,f,f,f,f,f,f,f,f,f,f,f,,f,,t,90.0,t,1.05,t,86.0,f,,other,-,840816097,0
44.0,F,f,f,f,f,f,f,f,f,f,f,f,f,f,f,t,0.4,t,1.8,t,94.0,f,,f,,f,,other,-,840817001,0
44.0,M,f,f,f,f,f,f,f,f,f,f,f,f,f,f,t,1.0,t,2.7,t,118.0,f,,f,,f,,SVHC,-,840817002,0
53.0,F,f,f,f,f,f,f,f,f,f,f,f,f,f,f,t,0.7,t,1.3,t,145.0,f,,f,,f,,SVI,-,840817003,0
41.0,F,f,f,f,f,f,f,f,f,f,f,f,f,f,f,t,0.2,t,1.5,t,106.0,f,,f,,f,,SVI,-,840817004,0
52.0,F,f,f,f,f,f,f,f,f,f,f,f,f,f,f,t,0.2,t,1.9,t,87.0,t,0.66,t,132.0,f,,SVI,-,840817006,0
59.0,M,f,f,f,f,f,f,f,f,f,f,f,f,f,f,t,2.1,t,1.8,t,104.0,t,0.86,t,121.0,f,,other,-,840817008,0
49.0,F,f,f,f,f,f,f,f,f,f,f,f,f,f,f,t,1.2,t,2.2,t,80.0,t,0.76,t,105.0,f,,SVI,-,840817009,0
44.0,F,f,f,f,t,f,f,f,f,f,f,f,f,f,f,t,1.1,t,1.5,t,105.0,t,0.9,t,117.0,f,,SVI,-,840817010,0
44.0,M,f,f,f,f,f,f,f,f,f,f,f,f,f,f,t,0.8,t,2.5,t,120.0,f,,f,,f,,SVHC,-,840817012,0
46.0,F,f,f,f,f,f,f,f,f,t,f,f,f,f,f,f,,f,,t,121.0,t,1.0,t,121.0,f,,other,-,840817028,0
35.0,F,f,f,f,f,f,f,f,f,t,f,f,f,f,f,f,,t,2.2,f,,f,,f,,f,,other,-,840817038,0
56.0,F,f,f,f,f,f,f,f,f,f,f,f,f,f,f,t,0.05,t,2.5,t,152.0,t,1.16,t,131.0,f,,other,-,840817056,0
54.0,F,f,f,f,f,f,f,f,t,f,f,f,f,f,f,t,0.05,t,1.8,t,79.0,t,0.68,t,116.0,f,,SVI,-,840817058,0
54.0,F,f,f,f,f,f,f,f,f,t,f,f,f,f,f,t,0.7,t,2.1,t,98.0,f,,f,,f,,other,-,840817059,0
54.0,M,f,f,f,f,f,f,f,f,f,f,f,f,f,f,t,0.8,t,2.4,t,109.0,t,1.12,t,97.0,f,,other,-,840817060,0
54.0,F,f,f,f,f,f,f,f,f,f,f,f,f,f,f,t,0.05,t,1.6,t,114.0,t,0.92,t,124.0,f,,SVI,-,840817061,0
61.0,M,f,f,f,t,f,f,f,f,f,f,f,f,f,f,t,9.799999,t,1.2,t,114.0,t,0.84,t,136.0,f,,other,G,840817062,1
40.0,F,t,f,f,f,f,f,f,f,f,f,f,f,f,f,t,0.05,f,,t,139.0,t,0.98,t,142.0,f,,other,-,840817064,0
48.0,M,t,f,f,f,f,f,f,f,f,f,f,f,f,f,t,3.7,t,2.8,t,106.0,t,1.0,t,106.0,f,,other,-,840817065,0
64.0,F,f,f,f,f,f,f,f,f,f,f,f,f,f,f,t,0.4,t,2.0,t,104.0,t,1.04,t,100.0,f,,SVI,-,840820001,0
27.0,F,f,f,f,f,f,f,f,f,f,f,f,f,f,f,t,0.05,t,2.8,t,131.0,t,1.26,t,104.0,f,,other,-,840820002,0
69.0,F,f,f,f,f,f,f,f,f,f,f,f,f,f,f,t,0.1,t,3.2,t,112.0,f,,f,,f,,SVI,-,840820003,0
69.0,F,f,f,f,f,f,f,f,f,f,f,f,f,f,t,t,0.35,t,2.4,t,64.0,f,,f,,f,,SVHC,-,840820004,0
60.0,F,t,f,f,f,f,f,f,t,f,f,f,f,f,f,t,0.35,t,1.8,t,109.0,t,0.83,t,131.0,f,,other,-,840820009,0
27.0,F,f,f,f,f,f,f,f,f,f,f,f,f,f,f,t,90.0,t,0.4,t,7.5,t,0.94,t,7.5,f,,other,F,840820014,1
27.0,F,f,f,f,f,f,f,f,f,f,f,f,f,f,f,t,1.3,t,2.2,t,104.0,t,0.97,t,107.0,f,,SVI,-,840820020,0
51.0,F,f,f,f,f,f,f,f,t,f,f,f,f,f,f,t,1.2,t,1.7,t,68.0,t,0.93,t,73.0,f,,SVI,-,840820021,0
76.0,M,f,f,f,f,f,f,f,f,f,f,f,f,f,f,t,0.5,t,1.6,t,97.0,t,0.88,t,110.0,f,,SVI,-,840820022,0
52.0,F,t,f,f,f,f,f,f,f,f,f,f,f,f,f,t,0.05,f,,t,133.0,t,1.02,t,130.0,f,,other,-,840820027,0
73.0,F,t,f,f,f,f,f,f,f,f,f,f,f,f,f,f,,f,,t,99.0,t,0.95,t,104.0,f,,other,-,840820047,0
68.0,M,t,f,f,f,f,f,f,f,f,f,f,f,f,f,t,2.7,t,1.3,t,64.0,t,0.7,t,97.0,f,,other,-,840820052,0
66.0,M,t,f,f,f,f,f,f,f,f,f,f,f,f,f,t,1.6,t,2.1,t,92.0,t,1.04,t,88.0,f,,SVHC,-,840821009,0
66.0,F,f,f,f,f,f,f,f,f,f,f,f,f,f,f,t,2.9,t,1.6,t,115.0,t,0.9,t,128.0,f,,SVHC,-,840821010,0
30.0,M,f,f,f,f,f,f,f,f,f,f,f,f,f,f,t,1.7,t,1.9,t,120.0,t,0.98,t,122.0,f,,other,-,840821011,0
30.0,F,f,f,f,f,f,f,f,f,f,f,f,f,f,f,t,0.25,t,1.8,t,95.0,t,0.87,t,102.0,f,,SVI,-,840821012,0
30.0,M,t,f,f,f,f,f,f,f,f,f,f,f,f,f,t,0.6,t,1.8,t,100.0,f,,f,,f,,SVHC,-,840821013,0
28.0,M,f,f,f,f,f,f,f,f,f,f,f,f,f,f,t,0.2,t,2.4,t,106.0,f,,f,,f,,other,-,840821014,0
88.0,F,f,f,f,f,f,f,f,f,f,f,f,f,f,f,t,0.2,t,0.4,t,98.0,t,0.73,t,134.0,f,,other,K,840821016,1
38.0,F,f,f,f,f,f,f,f,f,f,f,f,f,f,f,t,0.2,t,2.4,t,184.0,t,1.13,t,163.0,f,,SVHC,R,840821017,1
66.0,F,t,f,f,f,f,f,f,f,f,f,f,f,f,f,t,2.1,f,,t,81.0,t,1.29,t,63.0,f,,other,I,840821022,1
58.0,F,f,f,f,f,f,f,t,f,f,f,f,f,f,f,t,5.8,t,1.7,t,86.0,t,0.91,t,95.0,f,,other,-,840821023,0
21.0,F,f,f,f,f,f,f,f,f,f,f,f,f,f,f,t,0.2,f,,t,95.0,t,1.04,t,91.0,f,,other,-,840821024,0
56.0,M,t,f,f,f,f,f,f,f,f,f,t,f,f,f,f,,f,,t,87.0,t,1.3,t,67.0,f,,other,I,840821042,1
60.0,F,t,f,f,f,f,f,f,t,f,f,f,f,f,f,t,0.35,t,1.8,t,109.0,t,0.83,t,131.0,f,,other,-,840821043,0
38.0,F,f,f,f,f,f,f,f,f,f,f,f,f,f,f,f,,f,,t,86.0,t,1.0,t,86.0,f,,other,-,840821047,0
38.0,M,f,f,f,f,f,f,f,f,f,f,f,f,f,f,f,,f,,t,308.0,t,0.87,t,354.0,f,,other,A,840821049,1
49.0,F,f,f,f,t,f,f,f,f,f,f,f,f,f,f,t,0.6,t,0.8,t,57.0,t,0.7,t,81.0,f,,SVI,K,840821054,1
27.0,F,f,f,f,f,f,f,f,f,f,f,f,f,f,f,t,0.2,t,1.7,t,98.0,t,0.96,t,102.0,f,,SVI,-,840821055,0
70.0,F,f,f,f,f,f,f,f,f,f,f,f,f,f,f,t,1.6,t,1.0,t,82.0,t,0.75,t,109.0,f,,SVI,K,840821056,1
70.0,F,f,f,f,f,f,f,f,f,f,f,f,f,f,f,f,,f,,f,,f,,f,,t,36.0,other,S,840821063,1
45.0,M,f,f,f,f,f,f,f,f,f,f,f,f,f,f,t,0.8,t,1.7,t,122.0,t,1.07,t,114.0,f,,SVHC,-,840822006,0
83.0,F,f,f,f,f,f,f,f,f,f,f,f,f,f,f,t,0.8,t,1.1,t,97.0,t,0.8,t,121.0,f,,other,K,840822008,1
28.0,F,f,f,f,f,f,f,f,f,f,f,f,f,f,f,t,0.2,t,3.7,t,170.0,t,1.83,t,93.0,f,,STMW,I,840822023,1
44.0,M,f,f,f,f,f,f,f,f,f,f,f,f,f,f,t,1.3,t,1.3,t,71.0,t,0.88,t,81.0,f,,SVI,-,840822025,0
62.0,M,f,f,f,f,f,f,f,f,f,f,f,f,f,f,t,0.8,t,2.1,t,130.0,f,,f,,f,,SVI,-,840822026,0
51.0,M,f,f,f,f,f,f,f,t,f,f,f,f,f,f,t,1.7,t,2.6,t,126.0,t,1.03,t,122.0,f,,other,-,840822027,0
77.0,F,f,f,f,f,f,f,f,f,f,f,f,f,f,f,t,2.0,t,1.4,t,128.0,t,1.13,t,113.0,f,,SVI,-,840822028,0
60.0,F,f,f,f,f,f,f,f,f,f,f,f,f,f,f,t,0.2,t,1.2,t,51.0,t,0.61,t,84.0,f,,other,-,840822029,0
30.0,F,f,f,f,f,f,f,f,f,f,f,f,f,f,f,t,0.2,t,1.4,t,105.0,t,0.79,t,133.0,f,,SVI,-,840822030,0
30.0,F,t,f,f,f,f,f,f,f,f,f,f,f,f,f,t,0.2,t,2.0,t,163.0,t,0.96,t,170.0,f,,other,N,840822031,1
25.0,F,f,f,f,f,f,f,f,f,f,f,f,f,f,f,t,0.9,f,,t,105.0,t,1.06,t,99.0,f,,other,-,840822033,0
86.0,M,f,f,f,f,f,f,f,f,f,f,f,f,f,f,t,0.1,t,1.4,t,94.0,t,1.01,t,93.0,f,,SVI,-,840823001,0
83.0,F,f,f,f,f,f,f,f,f,f,f,f,f,f,f,t,0.9,t,4.4,t,144.0,t,1.44,t,100.0,f,,other,I,840823002,1
83.0,M,f,f,f,f,f,f,f,f,f,f,f,f,f,f,t,0.7,t,2.1,t,131.0,t,1.18,t,111.0,f,,SVI,-,840823003,0
75.0,F,f,f,f,f,f,f,f,f,f,f,f,f,f,t,t,0.4,t,2.3,t,112.0,t,1.04,t,108.0,f,,SVHC,-,840823004,0
75.0,F,f,f,f,f,f,f,f,f,f,f,f,f,f,f,t,0.2,t,1.8,t,73.0,t,0.86,t,85.0,f,,other,-,840823005,0
72.0,M,f,f,f,f,f,f,f,f,f,f,f,f,f,f,t,0.1,t,1.3,t,95.0,t,0.59,t,161.0,f,,other,R,840823006,1
72.0,F,f,f,f,f,f,f,f,f,f,f,f,f,f,f,t,0.1,t,1.4,t,63.0,t,0.81,t,78.0,f,,SVI,-,840823007,0
28.0,M,f,f,f,f,f,t,f,f,t,f,f,t,f,f,t,3.2,t,2.5,t,78.0,t,0.89,t,88.0,f,,other,-,840823008,0
55.0,F,f,f,f,f,f,f,f,f,t,f,f,f,f,f,f,,t,1.5,t,129.0,t,0.87,t,148.0,f,,other,-,840823010,0
55.0,M,f,f,f,f,f,f,f,f,f,f,f,f,f,f,t,1.0,t,2.0,t,63.0,t,0.64,t,98.0,f,,other,-,840823011,0
41.0,F,f,f,f,f,f,f,f,f,f,f,f,f,f,f,f,,f,,t,133.0,t,1.01,t,132.0,f,,other,-,840823019,0
41.0,F,f,f,f,f,f,f,f,f,f,f,f,f,f,f,t,0.1,t,1.6,t,91.0,t,0.91,t,100.0,f,,other,-,840823025,0
27.0,F,f,f,f,f,f,f,f,f,t,f,f,f,f,f,f,,t,2.9,t,109.0,t,1.2,t,91.0,f,,other,-,840823030,0
45.0,F,f,f,f,f,f,f,f,f,f,f,f,f,f,f,f,,t,2.2,f,,f,,f,,f,,other,-,840823032,0
14.0,F,f,f,f,f,f,f,f,f,f,f,f,f,f,f,t,0.3,t,1.9,t,88.0,t,0.83,t,106.0,f,,other,-,840823038,0
40.0,F,f,f,f,f,f,f,t,f,f,f,f,f,f,f,t,0.1,t,3.0,t,112.0,t,0.83,t,135.0,f,,other,I,840823039,1
28.0,F,f,f,f,f,f,f,f,f,f,f,t,f,f,f,t,0.8,t,1.9,t,85.0,t,1.06,t,80.0,f,,other,-,840823040,0
68.0,M,f,f,f,f,f,f,t,f,t,f,f,f,f,f,t,1.1,t,2.7,t,118.0,t,0.93,t,127.0,f,,other,-,840823041,0
40.0,F,t,f,f,f,f,f,f,f,f,f,f,f,f,f,t,0.5,t,1.9,t,125.0,t,0.98,t,128.0,f,,other,-,840823042,0
15.0,F,f,f,f,f,f,f,f,f,f,f,f,f,f,f,t,1.2,t,2.6,t,95.0,t,0.82,t,116.0,f,,other,-,840823043,0
68.0,F,t,f,f,f,f,f,f,f,f,f,f,f,f,f,t,0.1,t,1.8,t,196.0,t,0.92,t,213.0,f,,other,N,840823044,1
61.0,F,f,f,f,f,f,f,f,t,f,f,f,f,f,f,t,0.5,f,,t,130.0,t,1.19,t,109.0,f,,other,-,840823054,0
63.0,F,f,f,f,f,f,f,f,f,f,f,f,f,f,f,t,0.1,t,2.3,t,153.0,t,1.03,t,149.0,f,,SVI,-,840823055,0
63.0,F,f,f,f,f,f,f,f,f,f,f,f,f,f,f,t,1.2,t,1.4,t,90.0,t,0.82,t,110.0,f,,SVI,-,840823063,0
60.0,F,t,f,f,f,f,f,t,f,t,f,f,f,f,f,t,7.4,t,1.9,t,125.0,t,0.99,t,126.0,f,,other,M,840823077,1
77.0,F,t,f,f,f,f,f,f,f,f,f,f,f,f,f,t,0.2,f,,t,130.0,t,0.98,t,133.0,f,,other,-,840823078,0
48.0,M,f,f,f,f,f,f,t,f,f,f,f,f,f,f,t,0.1,f,,t,96.0,t,0.95,t,101.0,f,,other,-,840823084,0
39.0,M,f,t,f,f,f,f,f,f,f,f,f,f,f,f,f,,f,,t,127.0,t,1.07,t,119.0,f,,other,-,840823085,0
39.0,F,f,f,f,f,f,f,f,f,f,f,f,f,f,f,t,0.5,t,3.1,t,129.0,f,,f,,f,,other,I,840823086,1
42.0,M,f,f,f,f,f,f,f,t,f,f,f,f,f,f,t,0.2,f,,t,51.0,t,0.78,t,65.0,f,,other,-,840823087,0
15.0,M,f,f,f,f,f,f,f,f,f,f,f,f,f,f,t,0.5,f,,t,108.0,t,0.97,t,111.0,f,,other,-,840823089,0
41.0,F,f,f,f,f,f,f,f,f,f,f,f,f,f,f,t,0.5,t,1.8,t,78.0,t,0.88,t,89.0,f,,other,-,840823090,0
62.0,F,f,f,f,f,f,f,f,f,f,f,f,f,f,f,t,1.8,t,1.8,t,105.0,t,0.88,t,119.0,f,,SVI,-,840823091,0
26.0,F,f,f,f,f,f,f,f,f,f,f,f,f,f,f,t,0.6,t,3.6,t,150.0,t,1.56,t,96.0,f,,SVI,I,840823092,1
63.0,F,f,f,f,f,f,f,f,f,f,f,f,f,f,f,t,0.05,t,2.5,t,152.0,t,1.06,t,143.0,f,,SVI,-,840823093,0
58.0,F,f,f,f,f,f,f,f,f,f,f,f,f,f,f,f,,t,7.6,t,250.0,t,0.79,t,316.0,f,,other,A,840824001,1
55.0,F,t,f,f,f,f,f,f,f,f,f,f,f,f,f,t,0.05,f,,t,141.0,t,0.91,t,155.0,f,,other,-,840824002,0
77.0,F,f,f,f,f,f,f,f,t,f,f,f,t,f,f,t,0.2,t,1.5,t,110.0,t,1.05,t,105.0,f,,other,-,840824009,0
43.0,M,f,f,f,f,f,f,f,f,f,f,f,f,f,f,t,0.2,t,1.8,t,101.0,f,,f,,f,,SVHC,-,840824010,0
73.0,F,t,f,f,f,f,f,f,f,f,f,f,f,f,f,t,0.05,t,2.3,t,210.0,t,1.22,t,172.0,f,,other,N,840824011,1
20.0,F,f,f,f,f,f,f,f,f,t,f,f,f,f,f,t,1.2,t,1.5,t,63.0,t,0.71,t,89.0,f,,STMW,-,840824015,0
61.0,F,f,f,f,f,f,f,f,f,f,f,f,f,f,f,t,5.0,t,2.6,t,140.0,t,1.32,t,106.0,f,,other,-,840824043,0
49.0,M,f,f,f,f,f,f,f,f,f,f,f,f,f,f,f,,f,,t,99.0,t,1.01,t,98.0,f,,other,-,840824046,0
80.0,F,f,f,f,f,f,f,f,f,f,f,f,f,f,f,t,0.05,t,1.3,t,132.0,t,0.88,t,150.0,f,,other,-,840827001,0
90.0,F,f,f,f,f,f,f,f,f,f,f,f,f,f,f,t,0.9,t,1.6,t,102.0,t,0.99,t,103.0,f,,SVI,-,840827002,0
72.0,F,f,f,f,f,f,f,f,f,f,f,f,f,f,f,t,0.9,t,1.4,t,98.0,t,0.82,t,120.0,f,,SVI,-,840827003,0
72.0,F,f,f,f,f,f,f,f,f,f,f,f,f,f,f,t,0.3,t,2.2,t,81.0,t,0.95,t,85.0,f,,other,-,840827004,0
55.0,M,f,f,f,f,f,f,f,f,f,f,f,f,f,f,t,0.2,t,1.5,t,74.0,t,0.67,t,110.0,f,,other,-,840827005,0
29.0,M,f,f,f,f,f,f,f,f,f,f,f,f,f,f,t,0.5,t,2.3,t,105.0,t,0.86,t,122.0,f,,other,-,840827006,0
23.0,M,f,f,f,f,f,f,f,f,f,f,f,f,f,f,t,0.2,t,2.2,t,80.0,f,,f,,f,,other,-,840827007,0
15.0,M,f,f,f,f,f,f,f,f,t,f,f,f,f,f,f,,f,,t,188.0,t,0.73,t,258.0,f,,other,A,840827008,1
40.0,F,f,f,f,f,f,f,f,f,f,f,f,f,f,f,t,70.0,t,0.4,t,3.9,t,0.83,t,5.0,t,28.0,other,F,840827019,1
18.0,M,t,f,f,f,f,f,f,t,f,f,f,f,f,f,t,6.5,t,2.3,t,117.0,t,0.96,t,122.0,f,,other,M,840827023,1
18.0,,f,f,f,f,t,f,f,f,f,f,f,f,f,f,t,11.599999,t,2.0,t,87.0,t,0.32,t,272.0,f,,other,R,840827025,1
18.0,,f,f,f,f,f,f,f,f,f,f,f,f,f,f,t,4.2,t,0.9,t,84.0,t,0.32,t,263.0,f,,other,KJ,840827028,1
30.0,F,f,f,f,f,f,f,f,f,f,f,f,f,f,f,t,0.7,t,1.3,t,91.0,t,0.82,t,111.0,f,,SVI,-,840827035,0
63.0,F,t,f,f,f,f,f,f,t,f,f,f,f,f,f,t,0.3,t,1.3,t,130.0,t,1.05,t,124.0,f,,SVI,-,840827036,0
13.0,M,f,f,f,f,f,f,f,f,f,f,f,f,f,f,t,4.2,t,3.0,t,134.0,t,1.11,t,121.0,f,,other,-,840827041,0
35.0,F,f,f,f,f,f,f,f,f,f,f,f,f,f,f,t,0.25,t,2.5,t,97.0,f,,f,,f,,other,-,840827053,0
78.0,M,f,f,f,f,f,f,f,f,f,f,f,f,f,f,t,0.25,t,2.0,t,110.0,t,0.89,t,124.0,f,,SVI,-,840827054,0
76.0,F,f,f,f,f,f,f,f,f,f,f,f,f,f,f,t,0.25,t,1.7,t,138.0,t,0.83,t,166.0,f,,SVI,R,840827055,1
24.0,M,f,f,f,f,f,f,f,f,f,f,f,f,f,f,t,1.3,t,2.5,t,111.0,f,,f,,f,,SVI,-,840827060,0
37.0,F,f,f,f,f,f,t,f,f,f,f,f,f,f,f,t,0.25,t,2.0,t,144.0,t,0.83,t,173.0,f,,other,L,840827062,1
20.0,F,f,t,f,f,f,f,f,f,f,f,f,f,f,f,f,,f,,t,119.0,t,0.86,t,138.0,f,,other,-,840827065,0
27.0,F,t,f,f,f,f,t,f,t,f,f,f,f,f,f,t,88.0,t,0.9,t,79.0,t,0.92,t,86.0,f,,other,MK,840828001,1
62.0,M,f,f,f,f,f,f,f,f,f,f,f,f,f,f,t,0.9,t,2.3,t,90.0,t,0.84,t,107.0,f,,SVI,-,840828002,0
24.0,M,f,f,f,f,f,f,f,f,f,f,f,f,f,f,t,0.9,t,1.9,t,105.0,f,,f,,f,,other,-,840828003,0
68.0,F,f,f,f,f,f,f,f,f,f,f,f,f,f,f,f,,f,,t,87.0,t,0.85,t,102.0,f,,other,-,840828024,0
38.0,F,f,f,f,f,f,f,f,f,f,f,t,f,f,f,f,,f,,t,98.0,t,0.86,t,114.0,f,,other,-,840828031,0
60.0,M,f,f,f,f,f,f,f,f,f,f,f,f,f,f,t,0.25,t,2.2,t,121.0,t,1.02,t,119.0,f,,SVI,-,840828033,0
49.0,F,f,f,f,t,f,f,f,f,f,f,f,f,f,f,t,2.2,t,0.8,t,27.0,t,0.52,t,52.0,f,,SVI,-,840828034,0
63.0,M,f,f,f,f,f,f,f,f,f,f,f,f,f,f,t,1.2,t,2.2,t,119.0,t,0.96,t,124.0,f,,SVI,-,840828035,0
58.0,F,f,f,f,f,f,f,f,f,f,f,f,f,f,f,t,0.25,t,2.1,t,89.0,t,0.75,t,119.0,f,,SVI,-,840828036,0
58.0,M,f,f,f,f,f,f,f,f,f,f,f,f,f,f,t,0.7,t,1.8,t,125.0,t,1.15,t,109.0,f,,SVI,-,840828037,0
58.0,M,f,f,f,f,f,f,f,f,f,f,f,f,f,f,t,0.6,t,2.0,t,110.0,t,0.95,t,116.0,f,,SVI,-,840828039,0
35.0,F,f,f,f,f,f,f,f,f,f,f,f,f,f,f,t,0.25,t,2.3,t,112.0,t,1.21,t,93.0,f,,SVI,-,840828040,0
35.0,M,f,f,f,f,f,f,f,f,f,f,f,f,f,f,t,0.25,t,1.6,t,68.0,f,,f,,f,,other,-,840828042,0
59.0,F,t,f,f,f,f,f,f,f,f,f,f,f,f,f,t,0.25,f,,t,157.0,t,0.96,t,164.0,f,,other,L,840828046,1
71.0,F,t,f,f,f,f,f,f,f,f,f,f,f,f,f,t,0.25,t,1.7,t,119.0,t,0.91,t,131.0,f,,SVHD,-,840829005,0
81.0,M,f,f,f,f,f,f,f,f,f,f,f,f,f,f,t,0.25,t,2.0,t,83.0,t,0.83,t,100.0,f,,other,-,840829012,0
92.0,F,f,f,f,f,f,f,f,f,f,f,f,f,f,f,t,0.8,t,1.7,t,134.0,t,1.11,t,121.0,f,,other,-,840829013,0
92.0,M,f,f,f,f,f,f,f,f,f,f,f,f,f,f,t,1.6,t,2.2,t,68.0,t,0.79,t,89.0,f,,SVI,-,840829014,0
53.0,F,f,f,f,f,f,f,f,f,f,f,f,f,f,f,t,0.25,t,2.4,t,104.0,f,,f,,f,,other,-,840829015,0
57.0,M,f,f,f,f,f,f,f,f,t,f,f,f,f,f,t,0.25,t,4.2,t,236.0,t,0.7,t,337.0,f,,SVI,A,840829021,1
57.0,F,f,f,f,f,f,f,f,f,f,f,f,f,f,f,t,1.7,t,2.3,t,91.0,t,0.97,t,94.0,f,,SVI,-,840829035,0
57.0,F,f,f,f,f,f,f,f,f,f,f,f,f,f,f,t,0.1,t,1.4,t,97.0,t,0.99,t,98.0,f,,SVI,-,840829036,0
28.0,M,f,f,f,t,f,f,f,f,f,f,f,f,f,f,t,0.1,t,2.5,t,113.0,t,0.96,t,118.0,f,,SVI,-,840829037,0
74.0,M,f,f,f,f,f,f,f,f,f,f,f,f,f,f,t,0.1,t,1.9,t,88.0,t,0.81,t,109.0,f,,SVI,-,840829038,0
74.0,M,f,f,f,f,f,f,f,f,f,f,f,f,f,f,t,1.9,t,2.1,t,85.0,t,1.01,t,84.0,f,,SVI,-,840829039,0
74.0,M,f,f,f,f,f,f,f,f,f,f,f,f,f,f,t,0.1,t,1.8,t,82.0,t,0.61,t,134.0,f,,SVI,-,840829040,0
75.0,F,f,f,f,f,f,f,f,f,t,f,f,f,f,f,t,1.1,t,1.3,t,88.0,t,0.77,t,114.0,f,,SVI,-,840829041,0
54.0,M,f,f,f,f,f,f,f,f,f,f,f,f,f,f,t,0.05,f,,t,120.0,t,0.66,t,182.0,f,,other,-,840829042,0
41.0,F,f,f,f,f,f,f,f,f,f,f,f,f,f,f,t,0.1,t,1.9,t,81.0,t,0.86,t,94.0,f,,other,-,840829043,0
41.0,F,f,f,f,t,f,f,f,f,f,f,f,f,f,f,t,0.1,t,2.2,t,113.0,t,1.07,t,106.0,f,,SVI,-,840829044,0
62.0,F,t,f,f,f,f,f,f,f,t,f,f,t,f,f,f,,f,,f,,f,,f,,t,36.0,other,S,840829052,1
33.0,M,f,f,f,f,f,f,f,f,f,f,f,f,f,f,f,,f,,f,,f,,f,,t,23.0,other,-,840829056,0
33.0,F,f,f,f,f,f,f,f,f,f,f,f,f,f,f,t,0.1,t,1.7,t,104.0,t,0.8,t,130.0,f,,SVHC,-,840830002,0
33.0,M,f,f,f,f,f,t,f,f,f,f,f,f,f,f,t,53.0,t,1.0,t,32.0,t,0.78,t,41.0,f,,SVI,Q,840830003,1
33.0,F,f,f,f,f,f,f,f,f,f,f,f,f,f,f,t,0.5,t,2.1,t,55.0,t,0.79,t,70.0,f,,other,-,840830004,0
45.0,F,f,f,f,f,f,f,f,f,f,f,f,f,f,f,t,2.0,t,2.3,t,111.0,t,1.03,t,108.0,f,,SVI,-,840830008,0
62.0,M,f,f,f,f,f,f,f,f,f,f,f,f,f,f,t,0.3,t,2.7,t,84.0,t,0.69,t,122.0,f,,other,-,840830031,0
62.0,F,f,f,f,f,f,f,f,f,f,f,f,f,f,f,t,0.05,t,2.3,t,144.0,t,0.97,t,148.0,f,,SVI,-,840830034,0
24.0,F,t,f,f,f,f,f,f,f,f,f,f,f,f,f,t,16.5,f,,t,106.0,t,1.51,t,70.0,f,,other,M,840830045,1
9.0,M,t,f,f,f,f,f,f,t,f,f,f,f,f,f,t,0.05,t,2.6,t,145.0,t,0.98,t,148.0,f,,other,-,840830052,0
44.0,F,f,f,f,f,f,f,f,t,t,f,f,f,f,f,t,8.4,t,1.8,t,108.0,t,1.01,t,107.0,f,,other,G,840830053,1
28.0,F,t,f,f,f,f,t,f,f,t,f,f,f,f,f,t,3.7,t,2.3,t,136.0,t,1.33,t,103.0,f,,other,-,840830055,0
28.0,F,f,f,f,f,f,f,f,f,f,f,f,f,f,f,f,,f,,t,145.0,t,1.01,t,144.0,t,26.0,other,-,840830063,0
28.0,M,f,f,t,f,f,f,f,f,f,f,f,f,f,f,t,4.1,t,2.2,t,81.0,t,1.0,t,81.0,f,,other,-,840830064,0
41.0,M,f,f,f,f,f,f,f,f,f,f,f,f,f,f,t,0.8,t,2.1,t,72.0,t,0.89,t,81.0,f,,other,-,840831006,0
64.0,F,f,f,f,f,f,f,f,f,f,f,f,f,f,f,t,0.05,t,1.4,t,96.0,t,1.03,t,93.0,f,,other,-,840831007,0
25.0,F,f,f,f,f,f,f,f,f,f,f,f,f,f,f,t,0.8,t,2.3,t,118.0,t,0.97,t,122.0,f,,SVI,-,840831037,0
60.0,M,f,f,f,f,f,f,f,f,f,f,f,f,f,f,t,0.05,t,2.0,t,130.0,t,1.01,t,129.0,f,,SVI,-,840831047,0
73.0,M,f,f,f,f,f,f,f,f,f,f,f,f,f,f,t,1.7,t,1.3,t,44.0,t,0.55,t,80.0,f,,other,J,840831049,1
71.0,F,f,f,t,f,f,f,f,f,t,f,f,f,f,f,t,1.0,t,2.1,t,158.0,t,1.16,t,136.0,f,,other,-,840831054,0
40.0,F,f,f,f,f,f,f,f,f,f,f,t,f,f,f,t,1.3,f,,t,73.0,t,0.87,t,84.0,f,,other,-,840831055,0
72.0,F,t,f,f,f,f,f,f,f,f,f,f,f,f,f,t,0.05,f,,t,96.0,t,0.91,t,105.0,f,,other,-,840831058,0
36.0,F,f,f,f,f,f,f,f,f,f,f,f,f,f,f,t,3.3,f,,t,81.0,t,1.01,t,80.0,f,,other,-,840831059,0
40.0,M,f,f,f,f,f,f,f,f,f,f,f,f,f,f,t,0.4,t,1.8,t,69.0,t,0.99,t,68.0,f,,other,-,840903001,0
47.0,M,f,f,f,f,f,f,f,f,f,f,f,f,f,f,t,80.0,t,0.4,t,9.0,t,0.85,t,10.0,f,,other,F,840903002,1
47.0,M,f,f,f,f,f,f,f,f,f,f,f,f,f,f,t,176.0,t,0.5,t,6.0,t,1.45,t,4.0,f,,other,F,840903003,1
70.0,F,f,f,f,f,f,f,f,f,f,f,f,f,f,f,t,0.8,t,1.8,t,81.0,t,0.85,t,95.0,f,,other,-,840903004,0
17.0,M,f,f,f,f,f,f,f,f,f,f,f,f,f,f,t,1.5,t,2.4,t,87.0,t,0.96,t,91.0,f,,SVHC,-,840903005,0
25.0,M,f,f,f,f,f,f,f,f,f,f,f,f,f,f,t,0.05,t,2.1,t,87.0,t,0.85,t,102.0,f,,SVI,-,840903006,0
72.0,M,f,f,f,f,f,f,f,f,f,f,f,f,f,f,t,30.0,t,0.6,t,15.0,t,1.48,t,10.0,f,,SVI,F,840903007,1
70.0,M,f,f,f,f,f,f,f,f,f,f,f,f,f,t,t,1.2,t,2.1,t,96.0,t,1.0,t,96.0,f,,SVHC,-,840903008,0
76.0,F,f,f,f,f,f,f,f,f,f,f,f,f,f,t,t,0.05,t,2.6,t,149.0,t,1.24,t,120.0,f,,SVHC,-,840903009,0
71.0,F,f,f,f,f,f,f,f,f,f,f,f,f,f,f,t,0.6,t,3.1,t,144.0,t,1.79,t,80.0,f,,other,I,840903010,1
28.0,F,f,f,f,f,f,f,f,f,f,f,f,f,f,f,t,1.2,t,1.5,t,84.0,t,0.93,t,90.0,f,,other,-,840903053,0
60.0,F,t,f,f,f,f,f,f,f,f,f,f,f,f,f,t,0.05,f,,t,108.0,t,0.92,t,117.0,f,,other,-,840903054,0
72.0,M,f,f,f,f,f,f,f,f,f,f,f,f,f,f,t,11.0,t,0.3,t,13.0,t,1.0,t,13.0,f,,other,F,840903058,1
24.0,F,f,f,f,f,f,f,f,f,f,f,f,f,f,f,t,0.7,f,,t,97.0,t,1.12,t,87.0,f,,other,-,840903065,0
11.0,M,f,f,f,f,f,f,f,f,f,f,f,f,f,f,t,4.0,t,0.7,t,95.0,t,0.68,t,140.0,f,,SVI,K,840903068,1
11.0,F,f,f,f,f,f,f,f,f,t,f,f,t,f,f,t,0.1,t,1.8,t,61.0,t,0.82,t,74.0,f,,SVI,-,840903071,0
50.0,F,f,f,f,f,f,f,f,f,f,f,f,f,f,f,t,3.3,t,1.4,t,79.0,t,0.72,t,110.0,f,,SVI,-,840903072,0
50.0,,f,f,f,f,f,f,f,f,f,f,f,f,f,f,t,0.1,t,1.0,t,78.0,t,0.78,t,100.0,f,,SVI,K,840903073,1
50.0,F,f,f,f,f,f,f,f,f,f,f,f,f,f,f,t,0.1,t,1.6,t,105.0,t,0.93,t,113.0,f,,SVI,-,840903074,0
57.0,M,f,f,f,f,f,f,f,f,f,f,f,f,f,f,t,0.4,f,,t,114.0,t,1.05,t,109.0,f,,other,-,840903075,0
53.0,F,t,f,f,f,f,f,f,f,f,f,f,f,f,f,t,0.1,t,2.4,t,182.0,t,1.2,t,152.0,f,,other,-,840903083,0
27.0,F,f,f,f,f,t,t,f,f,f,f,f,f,f,f,t,6.0,t,3.8,t,149.0,t,1.73,t,86.0,f,,other,I,840903084,1
55.0,F,f,f,f,f,f,f,f,f,f,f,f,f,f,f,t,0.1,t,1.9,t,125.0,t,0.95,t,132.0,f,,other,-,840903085,0
74.0,F,f,f,f,f,f,f,f,f,f,f,f,f,f,t,t,0.1,t,1.5,t,73.0,t,0.95,t,77.0,f,,SVHC,-,840904003,0
72.0,M,f,f,f,f,f,f,f,f,f,f,f,f,f,f,t,71.0,t,0.5,t,4.0,t,1.27,t,3.0,f,,SVI,F,840904005,1
72.0,F,f,f,f,f,f,f,f,f,f,f,f,f,f,f,t,0.6,t,1.9,t,83.0,t,1.01,t,82.0,f,,SVHC,-,840904006,0
56.0,F,t,f,f,f,f,t,f,f,f,f,f,f,f,f,t,0.1,t,2.2,t,86.0,t,0.88,t,98.0,f,,other,-,840904007,0
32.0,F,t,f,f,f,t,f,f,f,f,f,f,t,f,f,t,0.1,t,3.2,t,178.0,t,1.68,t,106.0,f,,other,C|I,840904009,1
27.0,M,f,f,f,f,f,f,f,t,t,f,f,f,f,f,t,9.099999,t,1.7,t,135.0,t,0.93,t,145.0,f,,other,G,840904017,1
57.0,F,f,f,f,f,f,f,f,f,f,f,f,t,f,f,t,0.1,f,,t,109.0,t,1.12,t,97.0,f,,other,-,840904027,0
26.0,F,f,f,t,f,f,f,f,f,f,f,f,f,f,f,t,1.2,t,1.4,t,79.0,t,0.93,t,85.0,f,,other,-,840904028,0
50.0,F,f,f,f,f,f,f,f,f,f,f,f,t,f,f,t,10.7,f,,t,70.0,t,1.1,t,64.0,f,,other,F,840904029,1
28.0,M,f,f,f,f,f,f,f,f,f,f,f,f,f,f,t,1.9,t,1.8,t,78.0,t,1.01,t,77.0,f,,other,-,840904034,0
75.0,F,f,f,f,f,f,f,f,f,f,f,f,f,f,f,t,4.9,t,1.4,t,71.0,t,0.9,t,79.0,f,,SVHC,-,840904037,0
36.0,M,f,f,f,f,f,f,f,f,f,f,f,f,f,f,t,0.2,t,1.9,t,99.0,f,,f,,f,,other,-,840904042,0
28.0,F,t,f,f,f,f,f,f,t,f,f,f,f,f,f,t,0.1,t,2.2,t,131.0,t,0.89,t,147.0,f,,other,-,840904045,0
47.0,F,f,f,f,f,f,f,f,f,f,f,f,f,f,f,t,0.1,t,1.7,t,96.0,t,1.09,t,88.0,f,,SVI,-,840904046,0
33.0,F,f,f,f,f,f,f,f,f,f,f,f,f,f,f,t,0.1,t,2.6,t,151.0,t,1.43,t,106.0,f,,SVI,-,840904047,0
35.0,F,f,f,f,f,f,f,f,f,f,f,f,f,f,f,t,1.7,t,1.6,t,100.0,t,0.96,t,104.0,f,,SVI,-,840904048,0
35.0,F,f,f,f,f,f,f,f,f,f,f,f,f,f,f,t,3.4,t,1.0,t,89.0,t,0.82,t,109.0,f,,other,-,840904049,0
60.0,M,f,f,f,f,f,f,f,f,f,f,f,f,f,f,t,0.9,t,1.3,t,113.0,t,0.85,t,133.0,f,,other,-,840905002,0
60.0,F,f,f,f,f,f,t,f,f,f,f,f,f,f,f,t,0.1,t,1.9,t,151.0,t,1.03,t,147.0,f,,other,-,840905003,0
60.0,M,f,f,f,f,f,f,f,f,f,f,f,f,f,f,t,1.3,t,1.6,t,71.0,t,0.76,t,93.0,f,,SVI,-,840905004,0
45.0,M,f,f,f,f,f,f,f,f,t,f,f,f,f,f,t,1.3,t,2.6,t,56.0,t,1.03,t,54.0,f,,other,-,840905005,0
61.0,M,f,f,f,f,f,f,f,f,f,f,f,f,f,f,t,0.1,t,1.9,t,118.0,t,0.96,t,123.0,f,,SVI,-,840905019,0
63.0,M,f,f,f,t,f,f,f,f,f,f,f,f,f,f,t,0.1,t,1.6,t,73.0,t,0.85,t,86.0,f,,other,-,840905025,0
76.0,M,f,f,f,f,f,f,f,f,t,f,f,f,f,f,t,1.83,t,1.4,t,117.0,t,1.01,t,116.0,f,,SVHC,-,840905027,0
33.0,F,f,f,f,f,f,f,f,f,f,f,f,f,f,f,t,4.6,t,1.2,t,59.0,t,0.87,t,68.0,f,,SVHC,-,840905029,0
75.0,F,f,f,f,f,f,f,f,f,f,f,f,f,f,f,t,0.1,t,1.4,t,104.0,t,0.94,t,111.0,f,,SVI,-,840905030,0
34.0,M,f,f,f,f,f,f,f,f,f,f,f,f,f,f,t,1.4,t,1.9,t,83.0,t,0.69,t,120.0,f,,SVI,-,840905032,0
83.0,M,f,f,f,f,f,f,f,f,f,f,f,f,f,f,t,0.2,t,1.7,t,79.0,t,0.8,t,99.0,f,,SVI,-,840905037,0
54.0,M,f,f,f,t,f,f,f,f,f,f,f,f,f,f,t,1.1,t,0.9,t,86.0,t,0.85,t,101.0,f,,other,K,840905038,1
25.0,M,f,f,f,f,f,f,f,f,f,f,f,f,f,f,t,1.2,t,2.0,t,98.0,t,0.91,t,108.0,f,,other,-,840905041,0
16.0,M,f,f,f,f,f,f,f,f,f,f,f,f,f,f,t,1.2,f,,t,84.0,t,0.82,t,102.0,f,,other,-,840905046,0
70.0,F,f,f,f,f,f,f,f,f,f,f,f,f,f,f,t,0.2,t,1.7,t,213.0,t,1.0,t,213.0,f,,other,AK,840906002,1
8.0,M,f,f,f,f,f,f,f,f,f,f,f,f,f,f,t,0.7,t,2.4,t,117.0,t,1.2,t,98.0,f,,other,-,840906003,0
73.0,M,f,f,f,f,f,f,f,f,f,f,f,f,f,f,t,1.8,t,0.8,t,63.0,t,0.76,t,83.0,f,,SVI,K,840906005,1
73.0,M,f,f,f,f,f,f,f,f,f,f,f,f,f,f,t,0.1,t,2.6,t,77.0,t,0.86,t,90.0,f,,other,-,840906006,0
41.0,F,f,f,t,f,f,f,f,f,f,f,f,f,f,f,t,4.2,t,1.9,t,88.0,t,0.84,t,105.0,f,,other,-,840906007,0
41.0,,f,f,f,f,f,f,f,f,f,f,f,f,f,f,t,14.0,t,2.7,t,222.0,t,0.35,t,634.0,f,,other,R,840906011,1
41.0,,f,f,f,f,f,f,f,f,f,f,f,f,f,f,t,3.5,t,1.9,t,195.0,t,0.3,t,650.0,f,,other,R,840906012,1
43.0,M,f,f,f,f,f,f,t,f,f,f,f,f,f,f,t,1.1,t,1.7,t,98.0,t,0.71,t,138.0,f,,other,-,840906015,0
79.0,F,f,f,f,f,f,f,f,f,f,f,f,f,f,f,t,0.2,t,2.0,t,110.0,t,1.01,t,109.0,f,,SVI,-,840906016,0
79.0,M,t,f,f,f,f,f,f,t,f,f,f,f,f,f,t,7.4,t,2.2,t,84.0,t,0.92,t,91.0,f,,other,M,840906018,1
77.0,F,f,f,f,f,f,f,f,f,f,f,f,f,f,f,t,46.0,t,0.5,t,14.0,t,1.19,t,12.0,f,,SVI,F,840906021,1
77.0,F,f,f,f,f,f,f,f,f,f,f,f,f,f,f,t,1.7,t,2.3,t,91.0,t,1.1,t,83.0,f,,other,-,840906022,0
31.0,F,f,f,f,f,f,f,f,f,f,f,f,f,f,f,t,0.8,f,,t,69.0,t,0.83,t,83.0,f,,other,-,840906024,0
27.0,F,f,f,f,f,f,f,f,t,t,f,f,f,f,f,t,18.0,f,,t,61.0,t,1.01,t,61.0,f,,other,F,840906026,1
66.0,F,t,f,f,f,f,f,f,t,f,f,f,f,f,f,t,0.2,t,2.1,t,139.0,t,1.1,t,126.0,f,,other,-,840906027,0
65.0,F,f,f,f,f,f,f,f,f,f,f,f,f,f,f,t,170.0,t,0.3,t,12.0,t,1.05,t,11.0,f,,other,F,840906029,1
48.0,F,f,t,f,f,f,f,f,f,f,f,f,f,f,f,t,0.2,f,,t,115.0,t,1.0,t,115.0,f,,other,-,840906034,0
48.0,F,t,t,f,f,f,f,f,f,f,f,f,f,f,f,t,19.199999,f,,t,84.0,t,0.96,t,88.0,f,,other,M,840906044,1
58.0,F,f,f,t,f,f,f,f,f,f,f,f,f,f,f,t,7.5,t,1.4,t,40.0,t,1.13,t,35.0,f,,other,O,840906049,1
53.0,M,f,f,f,f,f,f,f,f,f,f,f,f,f,f,t,0.2,t,2.5,t,135.0,t,1.28,t,105.0,f,,other,-,840906050,0
55.0,F,f,f,f,f,f,f,t,f,f,f,f,f,f,f,t,1.8,t,1.5,t,99.0,t,0.95,t,104.0,f,,other,-,840906051,0
55.0,M,f,f,f,f,f,f,f,f,f,f,f,f,f,f,t,4.2,t,2.0,t,67.0,t,0.82,t,82.0,f,,other,-,840906057,0
55.0,F,f,f,f,f,f,f,f,f,f,f,f,f,f,f,t,0.9,t,1.8,t,89.0,t,0.93,t,96.0,f,,other,-,840906059,0
55.0,M,f,f,f,f,f,f,f,f,f,f,f,f,f,f,t,0.6,t,2.2,t,127.0,t,1.18,t,108.0,f,,SVI,-,840906060,0
84.0,F,f,f,f,f,f,f,f,f,f,f,f,f,f,f,t,0.2,t,1.2,t,105.0,t,0.98,t,107.0,f,,SVI,-,840906063,0
65.0,F,f,f,f,f,f,f,f,f,f,f,f,f,f,f,t,145.0,t,0.2,t,16.0,t,0.94,t,17.0,f,,SVI,F,840906064,1
54.0,F,f,f,f,f,f,t,f,f,f,f,f,f,f,f,t,1.0,f,,t,60.0,t,0.68,t,88.0,f,,other,-,840906071,0
56.0,M,t,f,f,f,f,f,f,f,f,f,f,f,f,f,f,,f,,t,33.0,t,0.2,t,165.0,f,,other,LJ,840906077,1
56.0,F,f,t,f,f,f,f,f,f,f,f,f,f,f,f,t,0.1,t,2.4,t,167.0,t,1.41,t,118.0,f,,other,L,840906081,1
21.0,M,f,f,f,f,f,t,t,f,f,f,f,f,f,f,f,,f,,f,,f,,f,,t,18.0,other,-,840906089,0
12.0,M,f,f,f,f,f,f,f,f,f,f,f,f,f,f,f,,t,2.4,t,97.0,t,0.97,t,100.0,f,,other,-,840906095,0
59.0,M,t,f,f,f,f,f,f,f,f,f,f,f,f,f,t,0.1,t,2.0,t,152.0,t,0.91,t,167.0,f,,other,L,840907001,1
18.0,F,f,f,f,f,f,f,f,f,f,f,f,t,f,f,t,0.1,t,2.9,t,148.0,t,0.97,t,153.0,f,,other,I,840907002,1
10.0,M,f,f,f,f,f,f,f,f,f,f,f,f,f,f,t,1.5,t,2.2,t,82.0,t,0.77,t,106.0,f,,other,-,840907012,0
82.0,F,t,f,f,f,f,f,f,f,f,f,f,f,f,f,t,0.1,t,1.4,t,147.0,t,1.12,t,131.0,f,,other,-,840907028,0
30.0,F,f,f,f,t,f,f,f,f,f,f,f,f,f,f,t,0.1,t,1.4,t,112.0,t,0.85,t,132.0,f,,SVI,-,840907050,0
67.0,F,f,f,f,f,f,f,f,f,f,f,f,f,f,f,t,1.1,t,2.0,t,78.0,t,0.86,t,91.0,f,,SVI,-,840907052,0
77.0,F,f,f,f,f,f,f,f,f,f,f,f,f,f,f,t,0.05,t,1.5,t,123.0,f,,f,,f,,other,-,840907053,0
68.0,F,f,f,f,f,f,f,f,f,f,f,f,f,f,f,t,0.4,t,1.7,t,91.0,t,0.98,t,93.0,f,,SVI,-,840907054,0
78.0,F,f,f,f,f,f,f,f,f,f,f,f,f,f,f,t,1.7,t,1.8,t,101.0,t,0.92,t,110.0,f,,SVI,-,840907055,0
60.0,M,f,f,f,f,f,f,f,f,f,f,f,f,f,f,t,0.1,t,2.0,t,130.0,t,0.94,t,138.0,f,,SVI,-,840907056,0
35.0,F,f,f,f,f,f,f,f,f,f,f,f,f,f,f,t,0.1,t,1.2,t,50.0,t,0.78,t,64.0,f,,SVI,K,840907057,1
67.0,F,f,f,f,f,f,f,t,t,f,f,f,f,f,f,t,0.1,t,2.2,t,93.0,t,1.13,t,82.0,f,,other,-,840907060,0
36.0,M,f,f,f,f,f,f,f,f,f,f,f,f,f,f,f,,t,1.4,t,65.0,t,0.81,t,80.0,f,,other,-,840907075,0
88.0,F,f,f,f,f,f,f,f,f,t,f,f,f,f,f,t,7.9,t,1.9,t,47.0,t,1.07,t,44.0,f,,other,F,840910006,1
76.0,M,f,f,f,f,f,f,f,f,f,f,f,f,f,f,t,2.2,t,2.4,t,113.0,t,1.07,t,106.0,f,,other,-,840910007,0
73.0,F,f,f,f,f,f,f,f,f,f,f,f,f,f,f,t,1.3,t,1.6,t,81.0,t,0.86,t,94.0,f,,SVI,-,840910008,0
73.0,M,f,f,f,f,f,f,f,f,f,f,f,f,f,f,t,0.1,t,2.1,t,90.0,t,0.93,t,97.0,f,,other,-,840910009,0
73.0,F,f,f,f,f,f,f,f,f,f,f,f,f,f,f,t,19.0,t,2.3,t,66.0,t,1.09,t,61.0,f,,SVHC,F,840910011,1
73.0,F,f,f,f,f,f,f,f,t,f,f,f,f,f,f,t,1.5,t,2.2,t,105.0,t,1.14,t,92.0,f,,SVI,-,840910012,0
19.0,M,f,f,f,f,f,f,f,f,f,f,f,f,f,f,t,1.4,t,1.6,t,55.0,t,0.53,t,104.0,f,,other,J,840910013,1
42.0,F,f,f,f,f,f,f,f,f,f,f,f,f,f,f,t,48.0,f,,t,7.6,t,1.02,t,7.5,f,,other,F,840910023,1
72.0,M,f,f,f,f,f,f,f,f,f,f,f,f,f,f,t,25.0,t,0.3,t,4.1,t,1.2,t,3.4,f,,other,F,840910024,1
11.0,M,f,f,f,f,f,f,f,f,f,f,f,f,f,f,t,0.1,f,,t,90.0,t,1.07,t,84.0,f,,other,-,840910037,0
78.0,F,f,f,f,f,f,f,f,t,f,f,f,f,f,f,t,1.4,f,,t,64.0,t,1.19,t,54.0,f,,other,-,840910038,0
78.0,M,f,f,f,f,f,f,f,f,f,f,f,f,f,f,t,1.1,t,1.9,t,49.0,t,0.89,t,55.0,f,,other,R,840910044,1
78.0,M,f,f,f,f,f,f,f,f,f,f,f,f,f,f,t,0.1,t,0.7,t,72.0,t,0.61,t,118.0,f,,SVI,K,840910045,1
29.0,F,f,f,f,f,f,t,f,f,f,f,f,f,f,f,t,7.3,t,1.5,t,90.0,t,1.48,t,61.0,f,,SVI,-,840910046,0
29.0,F,f,f,f,f,f,f,f,f,f,f,f,f,f,t,t,0.9,t,1.7,t,73.0,t,1.0,t,73.0,f,,SVHC,-,840910047,0
16.0,F,f,f,f,f,f,f,f,t,t,f,f,f,f,f,t,0.1,f,,t,101.0,t,1.1,t,92.0,f,,other,-,840910049,0
70.0,F,f,f,f,f,f,f,f,f,f,f,f,f,f,f,t,0.1,t,1.2,t,75.0,t,1.06,t,71.0,f,,other,-,840910050,0
58.0,F,f,f,f,f,f,f,f,f,t,f,f,f,f,f,t,0.3,t,4.1,t,202.0,t,0.8,t,253.0,f,,other,A,840910056,1
27.0,F,f,f,f,f,f,f,f,f,f,f,f,f,f,f,t,0.3,f,,t,90.0,t,0.98,t,92.0,f,,other,-,840910057,0
77.0,F,f,f,f,f,f,f,f,f,f,f,f,f,f,f,t,0.3,f,,t,116.0,t,1.0,t,116.0,f,,other,-,840910060,0
77.0,F,f,f,f,f,f,f,t,f,f,f,f,f,f,f,t,6.7,f,,t,114.0,t,1.52,t,75.0,f,,other,G,840910069,1
43.0,M,f,f,f,f,f,f,f,t,f,f,f,f,f,f,t,153.0,f,,t,3.0,t,1.23,t,2.5,f,,other,F,840911005,1
22.0,F,f,f,f,f,t,f,f,f,f,f,f,f,f,f,f,,f,,t,149.0,t,1.38,t,108.0,f,,WEST,I,840911016,1
62.0,F,f,f,f,f,f,f,f,f,t,f,f,f,f,f,t,0.3,t,6.6,t,169.0,t,0.86,t,197.0,f,,other,A,840911020,1
43.0,F,t,f,f,f,f,f,f,f,f,f,f,f,f,f,t,0.3,f,,t,200.0,t,1.1,t,182.0,f,,other,N,840911029,1
24.0,M,t,f,f,t,f,f,f,f,f,f,f,f,f,f,t,0.3,t,1.5,t,101.0,t,0.86,t,117.0,f,,SVI,-,840911036,0
69.0,F,f,f,f,f,f,f,f,f,f,f,f,f,f,f,t,2.6,t,1.8,t,126.0,t,1.02,t,124.0,f,,SVI,-,840911037,0
65.0,F,f,f,f,f,f,f,f,f,f,f,f,f,f,f,t,35.0,t,1.2,t,24.0,t,0.99,t,24.0,f,,SVI,F,840911038,1
65.0,F,f,f,f,f,f,f,f,t,f,f,f,f,f,f,t,0.3,t,2.5,t,105.0,f,,f,,f,,other,-,840911039,0
65.0,F,f,f,f,f,f,f,f,f,f,f,f,f,f,f,t,3.8,t,1.0,t,88.0,t,0.78,t,113.0,f,,SVI,K,840911040,1
65.0,F,f,f,f,f,f,f,f,f,f,f,f,f,f,f,t,0.8,t,1.8,t,70.0,t,0.74,t,95.0,f,,SVI,-,840911041,0
84.0,F,f,f,f,f,f,f,f,f,f,f,f,f,f,f,t,1.1,t,2.8,t,105.0,t,1.01,t,104.0,f,,other,-,840911042,0
16.0,M,f,f,f,f,f,f,f,f,f,f,f,f,f,f,t,0.3,f,,t,128.0,t,1.06,t,121.0,f,,other,-,840911045,0
32.0,F,f,f,f,f,f,f,f,f,f,f,f,f,f,f,t,0.3,f,,t,87.0,t,0.89,t,98.0,f,,other,-,840911047,0
30.0,F,t,f,f,f,f,f,f,f,f,f,f,f,f,f,t,0.3,t,1.7,t,139.0,t,0.89,t,156.0,f,,other,L,840911059,1
30.0,F,f,f,f,f,f,f,f,f,f,f,f,f,f,f,t,0.3,t,2.1,t,90.0,t,0.96,t,94.0,f,,other,-,840911060,0
34.0,M,f,f,f,f,f,f,f,f,f,f,f,f,f,f,t,0.3,t,4.7,t,242.0,t,1.02,t,237.0,f,,other,A,840912001,1
86.0,F,f,f,f,f,f,f,f,f,f,f,f,f,f,f,t,0.3,t,1.7,t,162.0,t,0.8,t,203.0,f,,other,AK,840912002,1
66.0,F,f,f,f,t,f,f,f,f,f,f,f,f,f,f,t,0.8,t,1.7,t,103.0,t,0.95,t,108.0,f,,other,-,840912004,0
24.0,F,f,f,f,f,t,f,f,f,f,f,f,t,f,f,t,0.3,t,2.6,t,151.0,t,1.53,t,99.0,f,,STMW,-,840912005,0
49.0,F,f,f,f,f,f,t,f,f,f,f,f,f,f,f,t,5.9,t,2.2,t,112.0,t,1.0,t,112.0,f,,STMW,-,840913002,0
31.0,F,f,f,f,f,f,f,f,f,t,f,f,f,f,f,t,1.8,t,3.7,t,109.0,t,1.62,t,67.0,f,,STMW,I,840913004,1
47.0,F,f,f,f,f,f,f,f,f,f,f,t,f,f,f,t,1.4,t,2.1,t,82.0,t,1.02,t,80.0,f,,SVI,-,840913006,0
47.0,M,f,f,t,f,f,f,f,f,t,f,f,f,f,f,f,,f,,t,104.0,t,0.84,t,124.0,f,,other,-,840913009,0
68.0,M,f,f,f,f,f,f,f,f,f,f,f,f,f,f,t,1.0,t,1.6,t,78.0,t,0.82,t,95.0,f,,SVI,-,840913015,0
68.0,F,f,f,f,f,f,f,f,f,f,f,f,f,f,f,t,4.0,t,2.2,t,108.0,t,1.03,t,105.0,f,,other,-,840913016,0
69.0,M,f,f,f,f,f,f,f,f,f,f,f,f,f,f,t,2.3,t,2.4,t,94.0,t,1.03,t,91.0,f,,other,-,840913017,0
70.0,F,f,f,f,t,f,f,f,f,f,f,f,f,f,f,t,0.2,t,1.4,t,143.0,t,1.07,t,134.0,f,,SVI,-,840913018,0
70.0,F,f,f,f,f,f,f,f,f,f,f,f,f,f,f,t,1.0,t,2.0,t,98.0,t,1.03,t,95.0,f,,other,-,840913019,0
69.0,F,f,f,f,f,f,f,f,f,f,f,f,f,f,f,t,0.8,t,0.9,t,90.0,t,0.61,t,148.0,f,,other,-,840913020,0
79.0,F,f,f,f,f,f,f,f,f,f,f,f,f,f,f,t,0.7,t,1.6,t,117.0,t,0.82,t,143.0,f,,other,-,840913021,0
63.0,F,t,f,f,f,f,f,f,f,f,f,f,f,f,f,t,0.1,t,1.6,t,99.0,t,0.93,t,106.0,f,,other,-,840913032,0
51.0,M,f,f,f,f,f,f,t,f,t,f,f,f,f,f,t,0.2,t,2.3,t,93.0,t,0.66,t,141.0,f,,other,-,840913033,0
70.0,F,t,f,f,f,f,f,f,f,f,f,f,f,f,f,t,3.0,t,1.8,t,95.0,t,1.0,t,95.0,f,,other,-,840913034,0
25.0,F,f,t,f,f,f,f,f,f,f,f,f,f,f,f,t,9.2,f,,t,64.0,t,0.96,t,67.0,f,,other,G,840913038,1
68.0,F,f,f,f,f,f,f,f,f,f,f,f,t,f,f,t,0.2,t,2.0,t,112.0,t,1.05,t,107.0,f,,other,-,840913040,0
18.0,F,f,f,f,f,f,f,f,f,f,f,f,f,f,f,t,4.6,t,2.5,t,104.0,t,1.19,t,87.0,f,,other,-,840913041,0
76.0,M,f,f,f,f,f,f,f,f,f,f,f,f,f,f,t,1.6,t,1.8,t,107.0,t,1.02,t,105.0,f,,other,-,840913042,0
78.0,F,f,f,f,f,f,f,f,f,f,f,f,f,f,f,f,,t,1.7,f,,f,,f,,f,,other,-,840913043,0
57.0,F,t,f,f,f,f,f,f,f,f,f,f,f,f,f,t,12.0,f,,t,99.0,t,1.15,t,86.0,f,,other,M,840913045,1
57.0,F,f,f,f,t,f,f,f,f,f,f,f,f,f,f,t,2.7,t,2.0,t,82.0,t,1.05,t,78.0,f,,other,-,840913047,0
64.0,F,f,f,f,f,f,f,t,f,f,f,f,f,f,f,t,0.9,t,2.5,t,123.0,t,1.16,t,107.0,f,,other,-,840913051,0
42.0,M,f,f,f,f,f,f,f,f,f,f,f,f,f,f,f,,f,,t,84.0,t,0.94,t,89.0,f,,other,-,840913052,0
51.0,F,f,f,f,f,f,f,f,f,f,f,f,f,f,f,t,5.5,t,4.4,t,4.0,t,1.11,t,3.5,f,,other,-,840913053,0
65.0,M,t,f,f,f,f,f,f,f,f,f,f,f,f,f,t,0.1,t,2.2,t,186.0,t,0.98,t,190.0,f,,other,N,840913059,1
20.0,F,f,f,f,f,f,f,f,t,f,f,f,f,f,f,t,0.1,t,1.9,t,110.0,t,0.92,t,120.0,f,,other,-,840913061,0
66.0,F,f,f,f,f,f,f,f,f,f,f,f,f,f,f,t,0.1,t,1.6,t,124.0,t,0.92,t,135.0,f,,other,-,840913063,0
72.0,F,f,t,f,f,f,f,f,t,f,f,f,f,f,f,t,4.2,t,1.1,t,74.0,t,0.81,t,91.0,f,,other,K,840913068,1
30.0,F,t,f,f,f,f,f,f,t,f,f,f,f,f,f,f,,t,2.0,t,61.0,t,1.66,t,37.0,f,,STMW,I,840914002,1
58.0,F,f,f,f,f,f,f,f,f,f,f,f,f,f,f,t,1.3,f,,t,104.0,t,1.21,t,86.0,f,,other,-,840914012,0
58.0,F,f,f,f,f,f,f,f,f,f,f,f,f,f,f,t,30.0,t,0.3,t,13.0,t,0.97,t,13.0,f,,SVHC,F,840914013,1
71.0,F,f,f,f,f,f,f,f,f,f,f,f,f,f,t,t,0.1,t,1.9,t,94.0,t,0.97,t,97.0,f,,SVHC,-,840914014,0
51.0,M,f,f,f,f,f,f,f,f,f,f,f,f,f,f,t,1.3,t,2.0,t,75.0,t,0.7,t,107.0,f,,SVI,-,840914015,0
48.0,M,f,f,f,f,f,f,f,f,f,f,f,f,f,f,t,0.1,t,1.6,t,111.0,t,1.1,t,101.0,f,,SVI,-,840914017,0
80.0,F,f,f,f,f,f,f,f,f,f,f,f,f,f,f,t,2.6,t,1.6,t,92.0,t,0.87,t,106.0,f,,other,-,840914018,0
80.0,F,f,f,f,f,f,f,f,f,f,f,f,f,f,f,t,0.9,t,1.0,t,58.0,t,0.87,t,67.0,f,,SVHC,K,840914019,1
66.0,F,f,f,f,f,f,f,f,f,f,f,f,t,f,f,t,0.1,f,,t,73.0,t,0.81,t,90.0,f,,other,-,840914043,0
21.0,M,f,f,f,f,f,f,f,f,t,f,f,f,f,f,t,0.1,t,1.9,t,94.0,t,0.88,t,107.0,f,,other,-,840914044,0
53.0,F,f,f,f,f,f,f,f,f,t,f,f,f,f,f,t,15.299999,t,1.5,t,44.0,t,0.98,t,45.0,f,,other,F,840914045,1
75.0,M,f,f,f,f,f,f,f,f,f,f,f,f,f,t,t,0.15,t,2.1,t,87.0,t,0.89,t,98.0,f,,SVHC,-,840914046,0
23.0,M,f,f,f,f,f,f,f,f,f,f,f,f,f,f,t,0.1,t,2.2,t,103.0,t,0.96,t,107.0,f,,SVI,-,840914049,0
23.0,F,f,f,f,f,f,f,f,f,f,f,f,f,f,f,t,0.15,t,2.0,t,91.0,f,,f,,f,,other,-,840914050,0
51.0,M,f,f,f,f,f,f,f,f,f,f,f,f,f,f,t,0.1,t,1.8,t,77.0,t,0.4,t,193.0,f,,SVI,R,840914051,1
29.0,F,f,f,f,f,f,f,f,f,f,f,f,f,f,f,f,,f,,f,,f,,f,,t,36.0,other,S,840914072,1
47.0,F,f,f,f,f,f,f,f,f,f,f,f,f,f,t,t,0.1,t,2.4,t,109.0,t,1.07,t,102.0,f,,SVHC,-,840917002,0
24.0,F,f,f,f,f,f,f,f,f,f,f,f,f,f,f,t,0.1,t,1.7,t,74.0,t,0.98,t,111.0,f,,other,-,840917003,0
55.0,F,f,f,f,f,f,f,f,f,f,f,f,f,f,f,t,0.1,t,1.2,t,51.0,t,0.89,t,57.0,f,,other,H|K,840917004,1
72.0,M,f,f,f,f,f,f,f,f,f,f,f,f,f,f,t,10.299999,t,1.3,t,35.0,t,0.77,t,76.0,f,,other,-,840917005,0
49.0,F,f,f,f,f,f,f,f,f,f,f,f,f,f,f,t,0.7,t,2.4,t,101.0,t,1.12,t,90.0,f,,SVHC,-,840917007,0
54.0,F,f,f,f,f,f,f,f,t,f,f,f,f,f,f,t,3.0,t,2.5,t,144.0,t,1.44,t,100.0,f,,other,-,840917009,0
62.0,F,t,f,f,f,f,f,f,f,f,f,f,f,f,f,t,1.1,f,,t,150.0,t,0.94,t,160.0,f,,other,-,840917012,0
67.0,F,t,f,f,f,f,f,f,f,f,f,f,f,f,f,t,0.1,t,2.3,t,134.0,t,0.93,t,144.0,f,,STMW,-,840917018,0
62.0,F,f,f,f,f,f,f,f,f,f,f,f,f,f,f,f,,f,,f,,f,,f,,t,21.0,other,-,840917031,0
20.0,F,t,f,f,f,f,f,f,f,f,f,f,f,f,f,t,0.1,f,,t,121.0,t,0.91,t,133.0,f,,other,-,840917037,0
24.0,F,f,f,f,f,f,f,f,f,f,f,f,f,f,f,t,430.0,t,0.4,t,6.0,t,1.04,t,6.0,f,,other,F,840917038,1
72.0,F,t,f,f,f,f,f,f,f,f,f,f,f,f,f,t,0.1,f,,t,180.0,t,0.9,t,200.0,f,,other,N,840917039,1
72.0,F,f,f,f,f,f,f,f,f,f,f,f,f,f,f,t,0.1,t,8.599999,t,359.0,t,0.74,t,485.0,f,,other,A,840917043,1
57.0,F,f,f,f,f,f,f,f,f,f,f,f,f,f,f,t,4.1,t,2.2,t,115.0,t,0.96,t,120.0,f,,SVI,-,840917045,0
57.0,F,f,f,f,f,f,f,f,f,f,f,f,f,f,f,t,0.6,t,2.1,t,123.0,t,0.97,t,127.0,f,,SVI,-,840917046,0
65.0,F,f,f,f,f,f,f,f,f,f,f,f,f,f,f,t,213.0,t,0.9,t,43.0,t,0.95,t,45.0,f,,SVI,F,840917047,1
58.0,M,f,f,f,f,f,f,f,f,f,f,f,f,f,f,f,,t,1.2,t,77.0,t,0.84,t,92.0,f,,other,-,840917051,0
71.0,M,f,f,f,f,f,f,f,f,f,f,f,f,f,f,t,0.5,t,0.7,t,71.0,t,0.78,t,91.0,f,,other,K,840917053,1
24.0,M,f,f,f,f,f,f,f,f,f,f,f,f,f,f,t,37.0,f,,t,47.0,t,0.95,t,49.0,f,,other,F,840917054,1
43.0,M,f,f,f,f,f,f,f,t,f,f,f,f,f,f,t,216.0,f,,t,4.0,t,1.28,t,3.0,f,,other,F,840918002,1
39.0,F,f,f,f,f,f,f,f,f,f,f,f,f,f,f,t,2.3,t,2.1,t,94.0,t,1.06,t,89.0,f,,other,-,840918004,0
50.0,F,t,f,f,f,f,f,f,f,f,f,f,f,f,f,t,26.0,f,,t,104.0,t,1.13,t,92.0,f,,other,M,840918044,1
72.0,F,t,f,f,f,f,f,f,f,f,f,f,f,f,f,t,4.0,f,,t,124.0,t,1.16,t,107.0,f,,other,-,840918046,0
72.0,F,t,f,f,f,f,f,f,f,f,f,f,f,f,f,t,0.1,f,,t,134.0,t,0.85,t,158.0,f,,other,L,840918047,1
38.0,F,f,f,f,f,f,f,f,f,f,f,f,f,f,f,t,0.7,t,2.0,t,105.0,t,1.0,t,105.0,f,,SVI,-,840918049,0
62.0,M,f,f,f,f,f,f,f,f,f,f,f,f,f,f,t,0.8,t,1.5,t,106.0,t,1.03,t,103.0,f,,SVI,-,840918050,0
74.0,F,f,f,f,f,f,f,f,f,f,f,f,f,f,f,t,4.3,t,2.1,t,77.0,t,0.99,t,78.0,f,,SVI,-,840918051,0
36.0,F,t,f,f,f,f,f,f,f,f,f,f,f,f,f,t,0.1,f,,t,128.0,t,0.87,t,147.0,f,,other,-,840918058,0
71.0,M,f,f,f,f,f,f,f,f,f,f,f,f,f,f,f,,t,2.3,t,108.0,t,1.09,t,99.0,f,,other,-,840918059,0
71.0,,f,f,f,f,f,t,f,f,f,f,f,f,f,f,t,1.7,t,2.2,t,95.0,t,1.1,t,86.0,f,,SVI,-,840918060,0
42.0,F,f,f,f,f,f,f,f,f,f,f,f,t,f,f,t,0.1,t,2.4,t,116.0,t,1.05,t,110.0,f,,SVI,-,840918061,0
72.0,F,f,f,f,f,f,f,f,f,f,f,f,f,f,f,t,0.1,t,1.6,t,106.0,t,1.86,t,123.0,f,,SVI,-,840918062,0
42.0,F,f,f,f,f,f,f,f,f,f,f,f,f,f,f,t,0.3,t,2.0,t,90.0,t,0.98,t,92.0,f,,other,-,840918073,0
60.0,F,t,f,f,f,f,f,f,f,f,f,f,f,f,f,t,0.1,t,3.3,t,225.0,t,1.14,t,197.0,f,,other,N,840918077,1
30.0,F,t,f,f,f,f,f,f,t,f,f,f,f,f,f,f,,f,,f,,f,,f,,t,33.0,other,S,840918089,1
30.0,F,f,f,f,f,f,f,f,f,f,f,f,f,f,f,t,0.1,t,1.5,t,101.0,f,,f,,f,,SVI,-,840919002,0
48.0,M,f,f,f,f,f,f,f,f,f,f,f,f,f,f,t,0.1,t,2.0,t,86.0,f,,f,,f,,SVI,-,840919003,0
71.0,M,f,f,f,f,f,f,f,f,f,f,f,f,f,f,t,0.6,t,1.6,t,99.0,t,1.02,t,97.0,f,,SVI,-,840919004,0
60.0,F,f,f,f,f,f,f,f,f,f,f,f,f,f,f,t,0.1,t,1.4,t,59.0,t,0.64,t,92.0,f,,SVI,-,840919005,0
51.0,F,f,f,f,f,f,f,f,f,f,f,f,f,f,f,t,0.1,t,1.7,t,137.0,t,1.0,t,137.0,f,,SVI,-,840919023,0
73.0,F,f,f,f,f,f,f,f,f,f,f,f,f,f,f,t,1.9,t,2.8,t,104.0,t,1.23,t,85.0,f,,SVI,-,840919024,0
1.0,M,f,f,f,f,f,f,f,f,f,f,f,f,f,f,t,0.1,t,1.2,t,65.0,t,0.89,t,73.0,f,,SVI,-,840919025,0
30.0,F,f,f,f,f,f,f,f,f,f,f,f,f,f,f,t,0.1,t,2.4,t,124.0,t,1.23,t,101.0,f,,other,-,840919026,0
52.0,F,f,f,f,f,f,f,t,f,f,f,f,f,f,f,t,2.4,t,1.9,t,85.0,t,1.14,t,75.0,f,,other,-,840919054,0
59.0,F,f,f,f,f,f,f,f,f,t,f,f,f,f,f,t,47.0,t,1.9,t,79.0,t,1.13,t,70.0,f,,other,G,840919069,1
59.0,F,f,f,f,f,f,f,f,f,f,f,f,f,f,f,t,2.1,t,2.2,t,98.0,t,1.07,t,92.0,f,,other,-,840920001,0
78.0,M,f,f,f,f,f,f,f,f,f,f,f,f,f,f,t,1.6,t,1.7,t,87.0,t,0.95,t,92.0,f,,SVHC,-,840920002,0
22.0,F,f,f,f,f,f,f,f,f,f,f,f,f,f,f,t,1.6,t,2.4,t,83.0,t,0.93,t,89.0,f,,SVHC,-,840920004,0
79.0,M,f,f,f,f,f,f,f,f,f,f,f,f,f,f,t,0.9,t,2.9,t,119.0,t,1.59,t,75.0,f,,SVI,I,840920006,1
33.0,F,f,f,f,f,f,f,f,f,f,f,f,f,f,f,t,0.25,t,2.2,t,124.0,f,,f,,f,,other,-,840920007,0
25.0,F,f,f,f,f,f,f,f,f,f,f,f,f,f,f,t,4.0,t,1.2,t,80.0,t,0.81,t,99.0,f,,other,-,840920008,0
25.0,M,f,f,t,f,f,f,f,f,t,f,f,f,f,f,t,0.25,t,2.6,t,95.0,t,0.9,t,106.0,f,,other,-,840920012,0
70.0,M,t,f,f,f,f,f,f,f,f,f,f,f,f,f,t,0.25,t,1.7,t,150.0,t,0.94,t,160.0,f,,other,L,840920014,1
46.0,F,f,f,f,f,f,f,f,f,f,f,f,f,f,f,f,,t,1.7,t,74.0,t,0.9,t,82.0,f,,other,-,840920016,0
46.0,,f,f,f,f,f,f,f,f,f,f,f,f,f,f,t,8.2,t,3.8,t,124.0,t,0.29,t,428.0,f,,other,D,840920020,1
46.0,,f,f,f,f,f,f,f,f,f,f,f,f,f,f,t,14.4,t,1.2,t,153.0,t,0.34,t,450.0,f,,other,R,840920021,1
27.0,F,t,f,f,f,f,f,f,f,f,f,f,f,f,f,t,0.25,t,2.8,t,166.0,t,1.43,t,116.0,f,,other,-,840920028,0
33.0,F,t,f,f,f,f,f,f,t,f,f,f,f,f,f,f,,f,,t,104.0,t,1.01,t,103.0,f,,other,-,840920034,0
60.0,F,f,f,f,f,f,f,f,f,f,f,f,f,f,f,t,0.25,t,2.7,t,112.0,t,1.2,t,93.0,f,,other,-,840920041,0
64.0,M,f,f,f,f,f,f,f,f,f,f,f,f,f,f,t,0.8,t,2.1,t,82.0,t,0.96,t,85.0,f,,other,-,840920043,0
64.0,F,f,f,f,f,f,f,f,f,f,f,f,f,f,f,t,0.25,t,1.1,t,109.0,t,0.88,t,124.0,f,,SVHC,K,840920044,1
32.0,F,f,f,f,f,f,f,f,f,f,f,f,f,f,t,t,17.4,t,1.9,t,90.0,t,1.21,t,74.0,f,,SVHC,G,840920045,1
31.0,F,f,f,f,f,f,f,f,f,f,f,f,f,f,f,t,0.25,t,2.0,t,101.0,t,0.8,t,126.0,f,,SVI,-,840920046,0
66.0,M,f,f,f,f,f,f,f,f,f,f,f,f,f,f,t,3.2,t,2.2,t,93.0,t,0.92,t,101.0,f,,SVI,-,840920047,0
61.0,F,t,f,f,f,f,f,f,f,f,f,f,f,f,f,t,0.25,f,,t,169.0,t,1.17,t,144.0,f,,other,-,840920052,0
61.0,F,t,f,f,f,f,f,f,f,f,f,f,f,f,f,t,0.25,t,2.3,t,150.0,t,0.86,t,174.0,f,,other,L,840920053,1
49.0,F,f,f,f,f,f,f,f,f,f,f,f,f,f,f,t,2.7,t,2.0,t,90.0,f,,f,,f,,other,-,840920058,0
24.0,F,f,f,f,f,f,f,f,f,f,f,f,f,f,f,f,,f,,f,,f,,f,,t,20.0,other,-,840920061,0
23.0,F,f,f,f,f,f,f,f,f,f,f,f,f,f,f,f,,f,,f,,f,,f,,t,19.0,other,-,840920063,0
60.0,M,f,f,f,f,f,f,f,f,f,f,f,f,f,f,t,0.6,t,1.8,t,77.0,t,0.75,t,103.0,f,,other,-,840920072,0
45.0,F,t,f,f,f,f,f,f,f,f,f,f,f,f,f,t,0.1,t,2.1,t,166.0,t,0.88,t,189.0,f,,other,N,840920074,1
59.0,F,t,f,f,f,f,f,f,f,f,f,f,f,f,f,t,0.1,t,2.8,t,196.0,t,0.97,t,202.0,f,,other,N,840920075,1
50.0,F,f,f,f,f,f,t,f,f,f,f,f,f,f,f,t,0.8,t,2.6,t,141.0,t,1.44,t,98.0,f,,other,-,840920078,0
25.0,F,f,f,f,f,f,f,f,f,t,f,f,f,f,f,t,6.7,f,,t,114.0,t,1.19,t,96.0,f,,other,G,840920079,1
58.0,F,t,f,f,f,f,f,f,f,f,f,f,f,f,f,t,0.1,f,,t,132.0,t,0.97,t,136.0,f,,other,-,840920080,0
40.0,F,f,f,f,f,f,f,f,f,f,f,f,f,f,f,f,,f,,t,101.0,t,0.96,t,105.0,t,20.0,other,-,840920093,0
40.0,F,f,t,f,f,f,t,f,t,f,f,f,f,f,f,t,0.1,t,2.0,t,153.0,t,0.96,t,159.0,f,,other,L,840920097,1
58.0,F,f,t,f,f,f,t,f,f,f,f,f,f,f,f,t,0.1,t,2.0,t,129.0,t,0.95,t,136.0,f,,other,-,840920098,0
24.0,F,f,f,f,f,f,f,f,f,f,f,f,f,f,f,f,,f,,t,82.0,t,0.95,t,86.0,f,,other,-,840920100,0
34.0,F,f,f,f,f,f,f,f,f,f,f,f,f,f,f,f,,t,7.6,t,302.0,f,,f,,f,,STMW,A,840921002,1
43.0,F,f,f,f,f,f,f,f,t,f,f,f,f,f,f,t,0.1,f,,t,61.0,t,0.74,t,82.0,f,,other,-,840921006,0
53.0,M,f,f,f,f,f,f,f,f,f,f,f,f,f,f,t,0.7,t,1.8,t,75.0,t,0.98,t,77.0,f,,SVI,-,840921007,0
65.0,F,f,f,f,f,f,f,f,f,f,f,f,f,f,f,t,100.0,t,0.9,t,62.0,t,0.94,t,66.0,f,,SVI,GK,840921008,1
57.0,F,t,f,f,f,f,f,f,f,f,f,f,f,f,f,t,8.4,t,1.7,t,108.0,t,0.85,t,127.0,f,,other,M,840921024,1
45.0,F,t,f,f,f,f,t,f,f,f,f,f,f,f,f,t,0.1,t,2.3,t,206.0,t,1.05,t,196.0,f,,other,N,840921025,1
41.0,F,f,f,f,f,f,f,f,f,f,f,f,f,f,f,t,1.4,t,1.3,t,65.0,t,0.72,t,90.0,f,,SVI,-,840921033,0
54.0,F,f,f,f,f,f,f,f,f,f,f,f,f,f,f,t,0.9,t,2.2,t,115.0,t,1.04,t,111.0,f,,SVI,-,840921034,0
65.0,F,f,f,f,f,f,f,f,f,f,f,f,f,f,f,t,2.0,t,1.5,t,86.0,f,,f,,f,,SVI,-,840921035,0
64.0,M,f,f,f,f,f,f,f,f,f,f,f,f,f,f,t,0.1,t,2.4,t,77.0,t,0.98,t,79.0,f,,SVI,-,840921036,0
58.0,F,f,f,f,f,f,f,f,t,f,f,f,f,f,f,t,0.1,f,,t,101.0,t,0.98,t,103.0,f,,other,-,840921037,0
84.0,F,f,f,f,f,f,f,f,f,f,f,f,f,f,f,t,0.1,t,1.2,t,71.0,t,0.9,t,79.0,f,,SVI,-,840921038,0
63.0,M,f,f,f,f,f,f,f,f,f,f,f,f,f,f,t,0.1,t,1.8,t,121.0,t,0.99,t,122.0,f,,SVI,-,840921039,0
23.0,M,f,f,f,f,f,f,f,f,f,f,t,f,f,f,t,0.4,t,2.3,t,98.0,t,1.04,t,94.0,f,,SVI,-,840921040,0
23.0,M,f,f,f,f,f,f,f,f,f,f,f,f,f,f,t,13.2,t,0.8,t,66.0,t,0.98,t,67.0,f,,SVI,GK,840921041,1
39.0,F,f,f,f,f,f,f,f,t,f,f,f,f,f,f,t,0.3,f,,t,116.0,t,1.07,t,108.0,f,,other,-,840921062,0
36.0,F,f,f,f,f,f,f,f,f,f,f,f,f,f,f,t,0.1,t,2.6,t,98.0,f,,f,,f,,other,-,840924002,0
37.0,M,f,f,f,f,f,f,f,f,f,f,f,f,f,f,t,0.1,t,2.4,t,109.0,t,0.9,t,121.0,f,,other,-,840924010,0
54.0,F,t,f,f,f,f,f,f,f,f,f,f,f,f,f,t,0.1,f,,t,134.0,t,1.24,t,108.0,f,,other,-,840924013,0
35.0,F,f,f,f,f,f,f,f,f,f,f,f,f,f,f,t,14.0,t,0.2,t,4.0,t,0.98,t,4.0,f,,other,F,840924016,1
47.0,F,f,f,f,f,f,f,f,f,f,f,f,f,f,f,t,0.5,t,1.4,t,81.0,t,0.94,t,86.0,f,,SVI,-,840924023,0
74.0,F,f,f,f,f,f,f,f,f,f,f,f,f,f,f,t,1.0,t,2.0,t,104.0,t,0.98,t,106.0,f,,SVI,-,840924026,0
63.0,F,f,f,f,f,f,f,f,f,f,f,f,f,f,f,t,0.1,t,1.6,t,132.0,t,1.07,t,123.0,f,,SVI,-,840924028,0
30.0,F,t,f,f,f,f,f,f,f,f,f,f,f,f,f,t,41.0,t,3.0,t,109.0,t,1.79,t,61.0,f,,STMW,MI,840924035,1
25.0,F,t,f,f,f,t,f,f,f,f,f,f,f,f,f,t,0.8,t,2.8,t,143.0,t,1.66,t,86.0,f,,STMW,-,840924036,0
21.0,F,f,f,f,f,t,f,f,f,t,f,f,f,f,f,t,0.4,t,3.7,t,162.0,t,1.76,t,92.0,f,,STMW,I,840924037,1
20.0,F,t,f,f,f,f,f,f,f,f,f,f,t,f,f,t,0.1,t,2.6,t,150.0,t,1.11,t,135.0,f,,STMW,-,840924038,0
34.0,F,t,f,f,f,f,f,f,f,f,f,f,t,f,f,t,0.1,t,3.2,t,149.0,t,0.97,t,154.0,f,,STMW,C|I,840924039,1
72.0,F,t,f,f,f,f,f,f,f,f,f,f,f,f,f,t,3.1,t,1.7,t,98.0,t,0.96,t,102.0,f,,other,-,840924044,0
72.0,F,f,f,f,f,f,f,f,f,f,f,f,f,f,f,t,0.6,t,2.0,t,84.0,t,0.76,t,111.0,f,,other,-,840924047,0
73.0,F,f,f,f,f,f,f,f,t,f,f,f,f,f,f,t,2.1,f,,t,110.0,t,1.11,t,99.0,f,,other,-,840925002,0
72.0,M,f,f,f,f,f,f,f,f,f,f,f,f,f,f,t,5.5,t,0.9,t,83.0,t,0.92,t,90.0,f,,SVI,K,840925003,1
70.0,M,f,f,f,f,f,f,f,f,f,f,f,f,f,f,t,1.3,t,2.3,t,118.0,t,1.06,t,111.0,f,,other,-,840925004,0
52.0,F,f,f,f,f,f,f,f,t,f,f,f,f,f,f,t,2.7,f,,t,125.0,t,1.3,t,96.0,f,,other,I,840925006,1
27.0,M,f,f,f,f,f,f,f,f,f,f,f,f,f,f,t,0.15,t,1.9,t,103.0,t,0.74,t,139.0,f,,SVHC,-,840925007,0
38.0,F,f,f,t,f,f,f,f,f,f,f,f,f,f,f,t,22.0,t,2.3,t,40.0,t,1.17,t,34.0,f,,other,O,840925016,1
72.0,M,f,f,f,f,f,f,f,f,f,f,f,f,f,f,t,0.7,t,1.0,t,52.0,t,0.79,t,66.0,f,,other,K,840925023,1
57.0,F,f,f,f,f,f,f,f,f,f,f,f,f,f,t,t,0.15,t,2.0,t,102.0,t,0.99,t,103.0,f,,SVHC,-,840925034,0
55.0,F,f,f,f,t,f,f,f,f,f,f,f,f,f,f,t,1.9,t,1.2,t,79.0,t,0.87,t,91.0,f,,SVI,-,840925036,0
68.0,M,f,f,f,f,f,f,f,f,f,f,f,f,f,f,t,2.2,t,1.5,t,118.0,t,1.07,t,110.0,f,,SVI,-,840925038,0
25.0,F,f,f,f,f,f,f,f,f,f,f,t,f,f,f,t,1.1,t,2.1,t,86.0,t,0.96,t,90.0,f,,SVI,-,840925040,0
25.0,F,f,f,f,f,f,f,f,f,f,f,f,f,f,f,t,3.2,t,1.9,t,99.0,t,1.02,t,97.0,f,,SVI,-,840925042,0
66.0,M,f,f,f,f,f,f,f,t,f,f,f,f,f,f,t,0.7,t,1.5,t,69.0,t,0.67,t,103.0,f,,other,-,840925046,0
34.0,M,f,f,f,f,f,f,f,f,f,f,f,f,f,f,f,,t,2.3,t,139.0,f,,f,,f,,other,-,840925054,0
58.0,F,f,f,t,f,f,f,f,f,f,f,f,f,f,f,t,0.15,t,3.0,t,148.0,t,0.91,t,163.0,f,,other,A,840925056,1
34.0,F,f,t,f,f,f,f,f,f,f,f,f,f,f,f,f,,f,,t,103.0,t,0.96,t,107.0,f,,other,-,840925057,0
22.0,F,f,f,f,f,f,f,f,f,f,f,t,f,f,f,f,,f,,t,89.0,t,0.82,t,109.0,f,,other,-,840925061,0
56.0,F,f,f,f,f,f,f,f,t,f,f,f,f,f,f,t,1.1,f,,t,89.0,t,0.87,t,102.0,f,,other,-,840926002,0
34.0,F,f,f,f,f,f,f,f,f,f,f,f,f,f,f,t,1.2,t,1.9,t,88.0,t,0.84,t,105.0,f,,STMW,-,840926013,0
26.0,F,f,f,f,f,f,f,f,f,t,f,f,f,f,f,t,1.4,t,2.1,t,195.0,t,0.88,t,222.0,f,,other,R,840926016,1
56.0,F,f,f,f,f,f,f,f,f,f,f,f,f,f,f,f,,f,,t,126.0,t,1.09,t,116.0,f,,SVI,-,840926041,0
67.0,F,f,f,f,f,f,f,f,f,f,f,f,f,f,f,t,5.5,t,1.5,t,78.0,t,1.02,t,76.0,f,,SVI,-,840926043,0
67.0,M,f,f,f,f,f,f,f,f,f,f,f,f,f,f,t,0.15,t,2.1,t,155.0,t,0.91,t,170.0,f,,SVI,R,840926044,1
31.0,F,f,f,f,f,f,f,f,f,f,f,f,f,f,f,t,0.5,t,1.7,t,96.0,t,0.8,t,120.0,f,,SVI,-,840926045,0
31.0,F,f,f,f,f,f,f,f,f,f,f,f,f,f,f,t,2.0,t,1.9,t,70.0,f,,f,,f,,SVI,-,840926046,0
56.0,F,f,f,f,t,f,f,f,f,f,f,f,f,f,f,t,0.7,t,0.8,t,85.0,t,1.12,t,76.0,f,,SVI,K,840926047,1
62.0,M,f,f,f,t,f,f,f,f,f,f,f,f,f,f,t,1.8,t,1.0,t,55.0,t,0.86,t,64.0,f,,SVI,-,840926060,0
55.0,F,f,f,f,f,f,f,f,f,f,f,f,f,f,f,f,,f,,f,,f,,f,,t,30.0,other,-,840926063,0
55.0,F,f,f,f,f,f,f,f,f,f,f,f,f,f,f,t,2.1,t,2.4,t,104.0,t,0.7,t,149.0,f,,other,-,840927003,0
55.0,M,f,f,f,f,f,f,f,f,f,f,f,f,f,t,t,0.6,t,2.4,t,92.0,t,0.76,t,121.0,f,,SVHC,-,840927004,0
48.0,F,t,f,f,f,f,f,f,f,f,f,f,f,f,f,t,0.1,f,,t,119.0,t,0.82,t,145.0,f,,other,-,840927006,0
59.0,M,t,f,f,f,f,f,f,f,f,f,f,f,f,f,t,1.3,t,3.0,t,120.0,t,1.14,t,105.0,f,,other,-,840927013,0
30.0,F,t,f,f,f,t,f,f,f,f,f,f,f,f,f,t,45.0,t,2.8,t,123.0,t,1.73,t,71.0,f,,STMW,M,840927018,1
58.0,F,t,f,f,f,f,f,f,f,f,f,f,f,f,f,t,0.1,t,3.0,t,184.0,t,1.0,t,184.0,f,,other,N,840927020,1
65.0,F,t,f,f,f,f,f,f,f,f,f,f,f,f,f,t,0.1,t,2.4,t,132.0,t,1.15,t,115.0,f,,other,-,840927021,0
71.0,F,t,f,f,f,f,f,f,f,f,f,f,f,f,f,t,0.1,t,2.2,t,142.0,t,1.05,t,135.0,f,,other,-,840927023,0
62.0,M,t,t,f,f,f,f,f,f,f,f,f,f,f,f,f,,f,,t,108.0,t,0.84,t,129.0,f,,other,-,840927026,0
58.0,M,f,f,f,f,f,f,f,f,f,f,f,f,f,f,t,0.1,t,2.2,t,113.0,t,0.83,t,136.0,f,,other,-,840927032,0
51.0,F,f,f,f,t,f,f,f,f,f,f,f,f,f,f,t,1.5,t,2.1,t,75.0,t,0.89,t,84.0,f,,other,-,840927033,0
51.0,F,f,f,f,f,f,f,f,f,f,f,f,f,f,f,t,2.2,t,1.8,t,68.0,f,,f,,f,,other,-,840927034,0
77.0,M,f,f,f,f,f,f,f,f,f,f,f,f,f,f,t,0.15,f,,t,101.0,t,0.88,t,115.0,f,,other,-,840927035,0
49.0,F,t,f,f,f,f,f,f,f,f,f,f,f,f,f,t,0.5,t,2.5,t,124.0,t,1.09,t,114.0,f,,other,-,840927036,0
25.0,F,f,f,f,f,f,f,f,f,f,f,f,f,f,f,f,,f,,t,101.0,t,1.11,t,93.0,f,,other,-,840927037,0
64.0,F,t,f,f,f,f,f,f,f,f,f,f,f,f,f,t,0.1,t,2.4,t,119.0,t,0.91,t,131.0,f,,other,-,840927044,0
79.0,F,t,f,f,f,f,f,f,f,f,f,f,f,f,f,t,3.0,f,,t,92.0,t,0.95,t,97.0,f,,other,-,840927052,0
41.0,M,t,f,f,f,f,f,f,f,f,f,f,f,f,f,f,,f,,t,35.0,t,0.95,t,37.0,t,19.0,other,-,840927054,0
61.0,F,f,f,f,f,f,f,f,f,f,f,f,f,f,f,t,0.6,t,1.7,t,113.0,t,0.86,t,131.0,f,,SVI,-,840927057,0
79.0,F,f,f,f,f,f,f,f,f,f,f,f,f,f,f,t,1.5,t,1.9,t,119.0,t,0.98,t,121.0,f,,SVI,-,840927058,0
34.0,M,f,f,f,f,f,f,f,f,f,f,f,f,f,f,t,0.1,t,2.7,t,104.0,t,0.94,t,111.0,f,,SVI,-,840927065,0
22.0,F,f,f,f,f,f,f,f,f,f,f,f,f,f,f,t,0.1,t,2.6,t,167.0,t,1.32,t,127.0,f,,SVI,I,840927066,1
69.0,M,f,f,f,f,f,f,f,f,f,f,f,f,f,f,t,0.5,t,2.2,t,105.0,t,0.98,t,107.0,f,,SVI,-,840927067,0
69.0,F,f,f,f,f,f,f,f,f,f,f,f,f,f,f,t,1.0,t,1.1,t,102.0,t,0.9,t,113.0,f,,SVI,K,840927068,1
42.0,F,f,f,f,t,f,f,f,f,f,f,f,f,f,f,t,1.1,t,0.7,t,61.0,t,0.74,t,82.0,f,,SVI,K,840927069,1
71.0,F,f,f,f,f,f,f,f,f,f,f,f,f,f,f,t,0.05,t,1.5,t,95.0,t,0.86,t,110.0,f,,SVHC,-,840927071,0
77.0,M,f,f,f,f,f,f,f,f,f,f,f,f,f,f,t,0.7,t,1.8,t,108.0,t,1.13,t,96.0,f,,SVI,-,840927073,0
73.0,F,f,f,f,t,f,f,f,f,f,f,f,f,f,f,t,4.5,t,0.7,t,98.0,t,0.55,t,178.0,f,,SVI,KJ,840927074,1
55.0,F,f,f,f,f,f,f,f,f,f,f,f,f,f,f,t,0.7,t,2.1,t,142.0,t,1.03,t,138.0,f,,SVI,-,840927075,0
58.0,F,f,f,f,f,f,f,t,f,f,f,f,f,f,f,t,0.1,t,2.3,t,155.0,t,1.08,t,144.0,f,,other,-,840927077,0
18.0,F,f,f,f,f,f,f,f,f,f,f,f,f,f,f,f,,f,,t,113.0,t,1.02,t,105.0,f,,other,-,840927080,0
57.0,M,f,f,f,f,f,f,f,f,f,f,f,f,f,f,f,,f,,f,,f,,f,,t,20.0,other,-,840927081,0
72.0,F,t,f,f,f,f,f,f,f,f,f,f,f,f,f,t,0.1,t,1.6,t,123.0,t,0.92,t,134.0,f,,other,-,840927084,0
38.0,,f,f,f,f,f,f,f,f,f,f,f,f,f,f,t,0.6,t,2.2,t,82.0,t,0.7,t,117.0,f,,other,-,840927093,0
41.0,M,f,f,f,f,f,f,t,f,f,f,f,f,f,f,t,0.1,f,,t,100.0,t,0.75,t,133.0,f,,other,-,840927098,0
53.0,F,f,f,f,f,f,f,f,f,t,f,f,f,f,f,f,,f,,f,,f,,f,,t,33.0,other,S,840927100,1
20.0,F,f,f,f,f,f,f,f,f,f,f,f,f,f,f,t,1.3,t,2.6,t,119.0,t,1.08,t,110.0,f,,SVHD,-,840928004,0
20.0,F,f,f,f,f,f,f,f,f,f,f,f,f,f,f,t,0.4,t,2.5,t,110.0,f,,f,,f,,other,-,840928008,0
76.0,F,f,f,f,f,f,f,f,f,f,f,f,f,f,f,t,0.4,t,1.1,t,103.0,t,0.96,t,106.0,f,,SVI,K,840928013,1
69.0,F,f,f,f,f,f,f,f,f,f,f,f,f,f,f,t,24.0,t,1.1,t,85.0,t,0.73,t,116.0,f,,SVI,GK,840928028,1
33.0,M,f,f,f,f,f,f,f,f,f,f,f,f,f,f,t,0.5,t,1.4,t,97.0,t,1.04,t,93.0,f,,SVI,-,840928029,0
59.0,F,f,f,f,f,f,f,f,f,f,f,f,f,f,f,t,1.0,t,1.7,t,52.0,t,0.7,t,74.0,f,,SVI,-,840928030,0
51.0,F,f,f,f,f,f,f,f,f,f,f,f,f,f,f,t,0.3,t,1.5,t,79.0,t,0.9,t,88.0,f,,SVI,-,840928031,0
75.0,F,f,f,f,f,f,f,f,f,f,f,f,f,f,f,t,2.1,t,1.9,t,70.0,t,0.94,t,96.0,f,,SVI,-,840928032,0
75.0,F,f,f,f,f,f,f,f,f,f,f,f,f,f,f,t,1.9,t,2.8,t,95.0,t,1.01,t,94.0,f,,other,-,841002001,0
34.0,M,f,f,f,f,f,f,f,f,t,f,f,f,f,f,t,0.05,t,7.6,t,261.0,t,1.01,t,258.0,f,,other,A,841002002,1
57.0,F,f,f,f,f,f,f,f,f,t,f,f,f,f,f,t,6.7,t,1.8,t,91.0,t,0.94,t,97.0,f,,other,G,841002005,1
79.0,F,f,f,f,f,f,f,f,f,f,f,f,f,f,f,t,1.3,t,2.0,t,114.0,t,0.78,t,146.0,f,,SVHC,-,841002006,0
79.0,M,f,f,f,f,f,f,f,f,f,f,f,f,f,f,t,0.05,t,2.1,t,124.0,t,0.62,t,200.0,f,,other,R,841002007,1
64.0,F,f,f,f,f,f,f,f,f,f,f,f,f,f,f,t,2.6,t,1.3,t,118.0,t,0.74,t,159.0,f,,other,R,841002008,1
53.0,M,f,f,f,f,f,f,f,f,f,f,f,f,f,f,t,1.3,t,1.8,t,128.0,t,0.87,t,147.0,f,,SVI,-,841002010,0
69.0,M,f,f,f,t,f,f,f,f,f,f,f,f,f,f,t,0.4,t,1.9,t,106.0,t,0.92,t,115.0,f,,SVI,-,841002011,0
73.0,M,f,f,f,f,f,f,f,f,f,f,f,f,f,f,t,0.2,t,1.8,t,176.0,t,1.29,t,136.0,f,,SVI,I,841002012,1
27.0,F,t,f,f,f,f,f,f,f,f,f,f,f,f,f,t,5.5,t,2.6,t,145.0,t,1.16,t,125.0,f,,other,-,841002018,0
27.0,F,f,f,f,f,f,f,f,f,t,f,f,f,f,f,t,1.7,t,2.4,t,104.0,t,1.12,t,93.0,f,,other,-,841002024,0
32.0,F,f,f,f,f,f,f,f,f,f,f,f,t,f,f,t,2.2,t,2.1,t,76.0,t,0.86,t,88.0,f,,other,-,841002028,0
35.0,F,f,f,f,f,f,f,f,f,f,f,f,f,f,f,t,35.0,t,0.3,t,4.0,f,,f,,f,,other,F,841002030,1
38.0,F,f,f,f,f,f,f,f,f,f,f,f,f,f,f,t,0.3,t,2.0,t,125.0,t,0.92,t,136.0,f,,other,-,841002034,0
34.0,M,t,t,f,f,f,f,f,f,f,f,t,f,f,f,f,,t,2.7,t,93.0,t,1.1,t,85.0,f,,other,-,841002036,0
45.0,F,f,f,f,f,f,f,f,f,t,f,f,f,f,t,f,,f,,f,,f,,f,,t,30.0,other,-,841002037,0
41.0,F,f,f,f,f,f,f,f,f,t,f,f,f,f,f,t,1.8,t,2.3,t,84.0,t,0.95,t,88.0,f,,other,-,841002042,0
41.0,F,f,f,f,f,f,f,f,f,f,f,f,f,f,f,f,,f,,t,44.0,t,0.9,t,49.0,f,,other,-,841002043,0
41.0,F,f,f,f,f,f,f,f,f,f,f,f,f,f,f,t,0.8,t,1.6,t,75.0,t,0.66,t,114.0,f,,SVI,-,841002048,0
67.0,M,f,f,f,f,f,f,f,f,f,f,f,f,f,f,t,0.9,t,1.9,t,95.0,t,0.95,t,100.0,f,,SVI,-,841002049,0
67.0,F,f,f,f,f,f,f,f,f,f,f,f,f,f,f,t,1.3,t,1.8,t,85.0,t,0.57,t,149.0,f,,SVI,-,841002052,0
32.0,F,f,f,f,f,f,f,f,f,t,f,f,f,f,f,f,,t,2.3,t,111.0,t,0.98,t,113.0,f,,other,-,841002053,0
21.0,M,t,t,f,f,f,f,f,f,f,f,f,f,f,f,f,,f,,t,107.0,t,0.82,t,130.0,f,,other,-,841002054,0
76.0,F,f,f,f,f,f,f,f,f,f,f,f,f,f,f,t,4.5,t,1.6,t,105.0,t,0.96,t,109.0,f,,other,-,841003003,0
2.0,,f,f,f,f,f,f,f,f,f,f,f,f,f,f,t,1.5,f,,f,,f,,f,,f,,STMW,-,841003010,0
62.0,M,f,f,f,f,f,f,f,f,f,f,f,f,f,f,t,65.0,t,0.7,t,22.0,t,1.03,t,21.0,f,,other,F,841003018,1
45.0,M,f,f,f,f,f,f,f,f,f,f,f,f,f,f,t,1.8,t,2.0,t,96.0,t,0.99,t,97.0,f,,other,-,841003030,0
33.0,F,t,f,f,f,f,f,f,t,f,f,f,f,f,f,t,1.0,t,1.8,t,83.0,t,0.77,t,108.0,f,,other,-,841003031,0
72.0,M,f,f,f,f,f,f,f,f,f,f,f,f,f,f,t,1.6,t,2.1,t,81.0,t,0.79,t,103.0,f,,SVI,-,841003032,0
72.0,F,f,f,f,f,f,f,f,f,f,f,f,f,f,f,t,0.5,t,1.8,t,126.0,t,1.1,t,115.0,f,,other,-,841003033,0
45.0,F,f,f,f,f,f,f,f,f,f,f,f,f,f,f,t,1.4,t,1.6,t,99.0,t,0.98,t,101.0,f,,other,-,841003035,0
45.0,F,f,f,f,f,f,f,f,f,f,f,f,f,f,f,t,1.9,t,2.0,t,82.0,f,,f,,f,,other,-,841003036,0
54.0,M,f,f,f,f,f,f,f,f,f,f,f,f,f,f,t,1.4,t,1.9,t,78.0,t,0.95,t,82.0,f,,other,-,841003037,0
54.0,M,f,f,f,f,f,f,f,f,f,f,f,f,f,f,t,0.9,t,2.1,t,119.0,t,1.13,t,105.0,f,,other,-,841003038,0
26.0,F,t,f,f,f,f,f,f,f,f,f,f,f,f,f,t,1.8,t,2.2,t,116.0,t,0.99,t,117.0,f,,other,-,841003047,0
26.0,,f,f,f,f,f,f,f,f,f,f,f,f,f,f,t,6.0,t,2.9,t,260.0,f,,f,,f,,other,I,841003048,1
26.0,,f,f,f,f,f,f,f,f,f,f,f,f,f,f,t,1.9,t,1.6,t,113.0,f,,f,,f,,other,-,841003049,0
55.0,F,f,f,f,f,f,f,f,f,f,f,f,t,f,f,f,,f,,t,91.0,t,0.96,t,95.0,f,,other,-,841003057,0
24.0,M,f,f,f,f,f,f,f,f,f,f,f,f,f,f,t,0.9,t,1.7,t,86.0,t,0.93,t,92.0,f,,SVHC,-,841004002,0
24.0,M,f,f,f,f,f,f,f,f,f,f,f,f,f,f,t,2.1,t,1.9,t,77.0,t,0.99,t,78.0,f,,other,-,841004003,0
53.0,F,f,f,f,f,f,f,f,f,f,f,f,f,f,f,t,2.0,t,2.3,t,79.0,t,0.96,t,82.0,f,,SVHC,-,841004004,0
37.0,F,f,f,f,f,f,f,f,f,f,f,f,f,f,f,t,3.0,t,2.3,t,84.0,t,0.84,t,100.0,f,,SVHC,-,841004005,0
37.0,F,f,f,f,f,f,f,f,t,f,f,f,f,f,f,t,6.5,t,1.1,t,152.0,t,0.97,t,157.0,f,,SVHC,R,841004007,1
39.0,F,t,f,f,f,f,f,f,f,f,f,f,f,f,f,t,2.5,t,2.6,t,159.0,t,1.19,t,134.0,f,,other,-,841004012,0
59.0,F,f,f,f,f,f,f,f,f,f,f,t,f,f,f,f,,t,2.1,t,79.0,t,0.63,t,125.0,f,,other,-,841004013,0
18.0,,f,f,f,f,f,f,f,t,t,f,f,f,f,f,f,,t,2.4,t,92.0,t,1.18,t,78.0,f,,other,-,841004014,0
27.0,F,f,f,f,f,f,f,f,f,f,f,f,f,f,f,t,30.0,t,3.3,t,80.0,t,1.71,t,41.0,f,,other,-,841004015,0
68.0,M,f,f,f,f,f,f,t,f,f,f,f,f,f,f,t,0.15,t,2.8,t,86.0,t,1.05,t,82.0,f,,other,-,841004016,0
57.0,F,f,f,f,f,f,f,f,f,f,f,f,f,f,f,t,0.8,t,2.4,t,120.0,t,1.07,t,112.0,f,,other,-,841004021,0
48.0,F,f,f,f,f,f,f,f,f,f,f,f,f,f,f,f,,f,,t,115.0,t,0.78,t,147.0,f,,other,-,841004032,0
59.0,F,f,f,f,f,f,f,f,f,f,f,f,f,f,f,t,1.0,f,,t,96.0,t,1.02,t,94.0,f,,other,-,841004035,0
31.0,F,f,f,f,f,f,f,f,f,f,f,f,f,f,f,f,,f,,t,54.0,t,1.06,t,51.0,t,29.0,other,-,841004036,0
45.0,F,f,f,f,f,f,f,f,f,f,f,f,f,f,f,f,,f,,f,,f,,f,,t,24.0,other,-,841004039,0
33.0,F,f,f,t,f,f,t,f,f,t,f,f,f,f,f,f,,f,,t,139.0,t,1.07,t,130.0,f,,other,-,841004040,0
38.0,F,f,f,f,f,f,f,f,f,t,f,f,f,f,f,t,0.9,t,2.4,t,101.0,t,0.96,t,105.0,f,,other,-,841004047,0
80.0,F,f,f,f,f,f,f,f,f,t,f,f,f,f,f,t,0.5,t,2.5,t,101.0,t,1.01,t,100.0,f,,other,-,841004059,0
58.0,F,f,f,f,f,f,f,f,f,f,f,f,f,f,f,t,2.5,t,2.6,t,120.0,t,1.15,t,104.0,f,,SVI,-,841004060,0
28.0,F,f,f,f,f,f,f,f,f,f,f,f,f,f,f,t,1.5,f,,t,151.0,t,1.45,t,104.0,f,,other,-,841004061,0
62.0,F,f,f,t,f,f,f,f,f,f,f,f,f,f,f,t,0.1,t,2.9,t,132.0,t,0.95,t,139.0,f,,other,-,841004062,0
62.0,,f,f,f,f,f,f,f,f,f,f,f,f,f,f,f,,f,,t,260.0,t,0.31,t,839.0,f,,other,A,841004063,1
62.0,,f,f,f,f,f,f,f,f,f,f,f,f,f,f,f,,f,,t,113.0,t,0.34,t,332.0,f,,other,A,841004064,1
43.0,F,f,f,f,f,f,f,f,f,t,f,f,f,f,f,t,2.7,t,1.7,t,103.0,t,1.1,t,94.0,f,,other,-,841004076,0
43.0,M,t,f,f,f,f,f,f,t,f,f,f,f,f,f,t,100.0,f,,t,93.0,t,0.87,t,107.0,f,,other,M,841004077,1
28.0,F,f,f,f,f,t,f,f,f,f,f,t,f,f,f,t,0.9,t,2.3,t,124.0,t,1.26,t,98.0,f,,other,-,841004082,0
28.0,F,f,f,f,f,f,f,f,f,f,f,f,f,f,f,t,0.1,t,1.7,t,116.0,t,0.77,t,151.0,f,,other,-,841005003,0
43.0,M,f,f,f,f,f,f,f,f,f,f,f,f,f,f,t,1.9,t,2.3,t,73.0,t,1.03,t,71.0,f,,other,-,841005004,0
57.0,M,f,f,f,f,f,t,f,f,f,f,f,f,f,f,t,4.4,t,1.7,t,89.0,t,1.05,t,85.0,f,,SVI,-,841005009,0
57.0,F,f,f,f,f,f,f,f,f,f,f,f,f,f,f,t,2.3,t,2.0,t,104.0,f,,f,,f,,other,-,841005010,0
42.0,M,f,f,f,f,f,f,f,f,f,f,f,f,f,t,t,0.8,t,2.4,t,106.0,t,1.05,t,101.0,f,,SVHC,-,841005011,0
42.0,,f,f,f,f,f,f,f,f,f,f,f,f,f,f,t,2.9,t,2.0,t,118.0,t,1.04,t,113.0,f,,SVI,-,841005012,0
53.0,F,f,f,f,f,f,f,f,f,f,f,f,f,f,f,t,1.8,f,,t,86.0,t,0.49,t,176.0,f,,other,-,841005014,0
80.0,F,f,f,f,f,f,f,f,f,f,f,f,f,f,f,t,0.7,t,1.7,t,119.0,t,0.87,t,137.0,f,,SVI,-,841005046,0
80.0,F,f,f,f,f,f,f,f,f,f,f,f,f,f,f,t,0.7,t,2.0,t,76.0,f,,f,,f,,other,-,841005047,0
53.0,F,f,f,f,f,f,f,f,f,f,f,f,f,f,f,t,0.1,t,1.1,t,287.0,t,0.94,t,305.0,f,,SVI,R,841005049,1
24.0,F,f,f,f,f,f,f,f,f,f,f,t,f,f,f,t,0.7,t,2.1,t,145.0,t,1.31,t,111.0,f,,other,-,841005055,0
69.0,F,f,f,f,f,f,f,t,f,f,f,f,f,f,f,t,0.5,f,,t,107.0,t,1.05,t,102.0,f,,other,-,841005056,0
55.0,F,f,f,f,f,f,f,f,f,f,f,f,f,f,f,t,1.4,t,2.0,t,83.0,t,1.01,t,82.0,f,,other,-,841008001,0
47.0,F,f,f,f,f,f,f,f,f,f,f,f,f,f,f,t,1.4,t,1.8,t,110.0,t,0.93,t,118.0,f,,other,-,841008002,0
64.0,M,f,f,f,f,f,f,f,f,f,f,f,f,f,f,t,1.6,t,1.6,t,67.0,t,0.9,t,74.0,f,,SVHC,-,841008004,0
67.0,M,f,f,f,f,f,f,f,f,f,f,f,f,f,f,t,1.5,t,2.1,t,99.0,t,0.99,t,100.0,f,,SVI,-,841008005,0
62.0,M,t,f,f,f,f,f,f,f,f,f,f,f,f,f,t,100.0,t,0.9,t,55.0,t,0.74,t,74.0,f,,other,MK,841008009,1
28.0,F,f,f,f,f,t,f,f,f,f,f,f,t,f,f,t,0.1,t,2.1,t,101.0,t,1.34,t,75.0,f,,STMW,-,841008011,0
64.0,F,f,f,t,f,f,f,f,f,f,f,f,f,f,f,t,2.6,t,2.0,t,103.0,t,1.01,t,102.0,f,,other,-,841008018,0
65.0,F,f,f,f,f,f,f,f,t,f,f,f,f,f,f,t,0.4,f,,t,135.0,t,1.28,t,105.0,f,,other,I,841008020,1
72.0,F,f,f,f,f,f,f,f,f,t,f,f,f,f,f,t,0.1,t,4.3,t,230.0,t,0.77,t,299.0,f,,other,A,841008034,1
39.0,F,f,f,f,f,f,f,f,f,f,f,f,f,f,f,t,0.7,t,2.1,t,120.0,t,1.08,t,111.0,f,,other,-,841008037,0
46.0,F,t,f,f,f,f,f,f,f,f,f,f,f,f,f,t,0.1,t,1.9,t,133.0,t,0.5,t,266.0,f,,other,-,841008045,0
21.0,F,f,f,f,f,f,f,f,f,f,f,f,f,f,f,t,0.9,t,1.4,t,97.0,t,0.85,t,114.0,f,,other,-,841008047,0
69.0,F,f,f,f,f,f,f,f,f,f,f,f,f,f,f,t,1.3,t,2.1,t,93.0,t,1.03,t,90.0,f,,SVI,-,841009002,0
68.0,M,f,f,f,f,f,f,f,f,f,f,f,f,f,f,t,0.6,t,1.3,t,86.0,t,0.93,t,92.0,f,,SVI,-,841009005,0
76.0,F,f,f,f,f,f,f,f,f,f,f,f,f,f,t,t,0.4,t,1.6,t,176.0,t,1.33,t,132.0,f,,SVHC,I,841009009,1
36.0,M,f,f,f,f,f,f,f,f,f,f,f,f,f,t,t,0.6,t,1.2,t,91.0,t,0.75,t,121.0,f,,SVHC,-,841009011,0
69.0,F,f,f,f,f,f,f,f,t,f,f,f,f,f,f,t,0.1,t,1.6,t,125.0,t,0.97,t,129.0,f,,SVI,-,841009012,0
72.0,F,f,f,f,f,f,f,f,f,f,f,f,f,f,f,t,1.6,t,1.4,t,136.0,t,0.93,t,146.0,f,,other,-,841009016,0
17.0,F,f,f,f,f,f,f,f,f,f,f,f,f,f,f,t,1.1,t,2.1,t,121.0,t,1.17,t,103.0,f,,STMW,-,841009021,0
60.0,F,t,f,f,f,f,f,f,f,f,f,f,f,f,f,t,0.7,f,,t,128.0,t,0.9,t,109.0,f,,other,-,841009022,0
71.0,F,f,f,f,f,f,f,f,f,f,f,f,f,f,f,t,0.8,t,1.7,t,122.0,t,0.99,t,123.0,f,,other,-,841009029,0
27.0,F,f,f,t,f,f,f,f,f,f,f,f,f,f,f,t,56.0,t,2.0,t,36.0,t,1.11,t,32.0,f,,other,O,841009031,1
67.0,F,f,f,f,f,f,f,f,f,t,f,f,t,f,f,f,,f,,t,55.0,t,1.04,t,53.0,t,23.0,other,-,841009042,0
60.0,F,f,f,f,f,f,f,f,f,f,f,f,f,f,f,f,,f,,t,172.0,t,1.12,t,154.0,t,23.0,other,-,841009045,0
56.0,F,t,f,f,f,f,f,f,f,t,f,f,f,f,f,f,,f,,t,296.0,t,0.8,t,370.0,t,9.299999,other,N,841009046,1
73.0,M,t,f,f,f,f,f,f,t,f,f,f,f,f,f,t,0.1,t,1.0,t,104.0,t,0.76,t,137.0,f,,other,K,841009050,1
73.0,F,f,f,f,f,f,f,f,f,f,f,f,f,f,f,t,2.0,t,1.5,t,80.0,t,0.83,t,96.0,f,,SVI,-,841009062,0
28.0,F,f,f,f,f,f,f,f,f,f,f,f,f,f,f,t,0.1,t,0.9,t,103.0,t,0.84,t,123.0,f,,SVI,K,841009063,1
88.0,F,f,f,f,f,f,f,f,f,f,f,f,f,f,f,t,5.5,t,1.4,t,96.0,t,0.86,t,112.0,f,,SVI,-,841009064,0
65.0,M,f,f,f,f,f,f,f,f,f,f,f,f,f,f,t,1.2,t,1.2,t,123.0,t,0.92,t,134.0,f,,SVI,-,841009065,0
74.0,F,f,f,f,f,f,f,f,f,f,f,f,f,f,f,t,5.0,t,0.9,t,95.0,t,0.78,t,122.0,f,,SVI,K,841009067,1
55.0,F,f,f,f,f,f,f,f,f,f,f,f,f,f,f,t,1.5,t,0.6,t,55.0,t,0.55,t,100.0,f,,other,J,841009070,1
55.0,,f,f,f,f,f,f,f,f,f,f,f,f,f,f,t,24.0,t,0.6,t,21.0,t,0.97,t,22.0,f,,other,F,841009071,1
55.0,,f,f,f,f,f,f,f,f,f,f,f,f,f,f,t,11.4,t,2.1,t,96.0,t,0.88,t,109.0,f,,other,G,841009072,1
41.0,F,t,f,f,f,f,f,f,f,f,f,f,f,f,f,t,100.0,f,,t,89.0,t,1.02,t,87.0,f,,other,M,841009079,1
64.0,F,f,f,f,f,f,f,f,t,f,f,f,f,f,f,t,0.9,f,,t,115.0,t,0.97,t,119.0,f,,other,-,841009080,0
71.0,F,f,f,f,f,f,f,f,t,f,f,f,f,f,f,t,3.1,t,1.6,t,87.0,t,0.98,t,89.0,f,,other,-,841009096,0
64.0,F,f,f,f,f,f,f,f,f,f,f,f,f,f,f,t,5.2,t,1.0,t,133.0,t,0.79,t,168.0,f,,SVHC,-,841009099,0
64.0,M,f,f,f,f,f,f,f,t,f,f,f,f,f,f,t,1.2,f,,t,100.0,t,1.09,t,92.0,f,,other,-,841009100,0
32.0,F,f,f,f,f,f,f,f,f,f,f,f,f,f,f,t,0.3,t,3.6,t,154.0,t,1.75,t,88.0,f,,STMW,I,841010001,1
84.0,F,f,f,f,f,f,f,f,f,f,f,f,f,f,f,t,3.3,t,1.5,t,106.0,t,1.05,t,101.0,f,,other,-,841010005,0
39.0,M,f,t,f,f,f,f,f,f,f,f,f,f,f,f,f,,f,,t,63.0,t,0.89,t,71.0,f,,other,-,841010007,0
24.0,F,f,f,f,f,f,f,f,t,t,f,f,f,f,f,f,,f,,t,119.0,t,1.17,t,102.0,f,,other,-,841010015,0
24.0,F,f,f,f,f,f,f,f,f,f,f,f,f,f,f,t,0.9,t,0.5,t,98.0,t,0.81,t,121.0,f,,SVI,K,841010017,1
56.0,M,f,f,f,f,f,f,f,f,f,f,f,f,f,f,t,0.6,t,1.8,t,81.0,t,0.92,t,88.0,f,,SVI,-,841010020,0
52.0,F,f,f,f,f,f,f,f,f,f,f,f,f,f,f,t,1.5,t,0.7,t,90.0,t,1.07,t,84.0,f,,SVI,K,841010021,1
55.0,F,f,t,f,f,f,f,f,f,f,f,f,f,f,f,f,,f,,t,147.0,t,1.07,t,137.0,f,,other,-,841010025,0
48.0,M,f,f,f,f,f,f,f,f,f,f,f,f,f,f,t,0.7,t,1.4,t,91.0,f,,f,,f,,other,-,841010028,0
48.0,F,f,f,f,f,f,f,f,f,f,f,f,f,f,f,t,0.4,t,1.5,t,63.0,t,1.05,t,60.0,f,,other,-,841010029,0
76.0,M,f,f,f,f,f,f,f,f,f,f,f,f,f,f,t,2.1,t,0.4,t,88.0,t,0.86,t,102.0,f,,SVI,K,841010030,1
60.0,M,f,f,f,f,f,f,f,f,f,f,f,f,f,f,t,1.4,t,1.4,t,90.0,t,0.7,t,126.0,f,,SVI,-,841010031,0
81.0,M,f,f,f,f,f,f,f,f,f,f,f,f,f,f,t,0.1,t,1.2,t,107.0,t,1.1,t,97.0,f,,SVI,-,841010032,0
33.0,M,f,f,f,f,f,f,f,f,f,f,f,f,f,t,t,0.1,t,1.8,t,93.0,t,0.97,t,96.0,f,,SVHC,-,841010033,0
77.0,M,f,f,f,f,f,f,f,f,f,f,f,f,f,f,t,3.3,t,0.9,t,108.0,t,0.91,t,119.0,f,,other,K,841010034,1
43.0,M,f,f,f,f,f,f,t,f,f,f,f,f,f,f,t,0.1,t,1.6,t,114.0,t,0.61,t,187.0,f,,other,R,841011002,1
32.0,F,f,f,f,f,f,f,f,f,f,f,f,f,f,f,t,0.1,t,2.1,t,183.0,t,0.93,t,197.0,f,,SVI,AK,841011004,1
43.0,M,f,f,f,f,f,f,f,f,f,f,f,f,f,f,t,1.3,t,1.6,t,89.0,t,0.93,t,96.0,f,,SVHC,-,841011005,0
66.0,M,f,f,f,f,f,f,f,f,f,f,f,f,f,f,t,11.0,t,1.4,t,68.0,t,0.97,t,70.0,f,,other,G,841011007,1
46.0,M,f,f,f,f,f,f,f,f,f,f,f,f,f,f,t,0.9,t,1.6,t,62.0,t,0.97,t,64.0,f,,SVHC,-,841011008,0
58.0,M,f,f,f,f,f,f,f,f,f,f,f,f,f,f,t,1.1,t,1.8,t,106.0,t,1.01,t,105.0,f,,SVHC,-,841011009,0
61.0,F,f,f,f,f,f,f,f,t,f,f,f,f,f,f,t,2.4,t,1.0,t,132.0,t,1.05,t,126.0,f,,other,-,841011010,0
23.0,F,f,f,f,f,f,f,f,f,f,f,f,f,f,f,t,0.8,t,1.7,t,107.0,f,,f,,f,,STMW,-,841011015,0
27.0,F,t,f,f,f,f,f,f,t,t,f,f,f,f,f,t,5.6,t,2.0,t,134.0,t,1.41,t,95.0,f,,other,-,841011018,0
60.0,F,t,f,f,f,f,f,t,t,f,f,f,f,f,f,t,0.9,t,1.4,t,138.0,t,0.92,t,150.0,f,,other,-,841011019,0
41.0,F,f,f,f,f,f,f,f,t,f,f,f,f,f,f,t,0.4,f,,f,,f,,f,,f,,other,-,841011021,0
58.0,F,t,t,f,f,f,f,f,f,f,f,f,f,f,f,t,0.1,t,2.2,t,157.0,t,0.92,t,171.0,f,,other,N,841011026,1
44.0,F,f,t,f,f,f,f,f,f,f,f,f,f,f,f,t,0.3,t,1.5,t,94.0,t,1.07,t,88.0,f,,other,-,841011027,0
61.0,F,t,t,f,f,f,f,f,f,f,f,f,f,f,f,t,0.1,t,1.9,t,198.0,t,0.9,t,220.0,f,,other,N,841011028,1
32.0,F,f,f,f,f,f,f,f,t,t,f,f,f,f,f,t,0.9,t,1.2,t,80.0,t,0.87,t,92.0,f,,other,-,841011031,0
23.0,M,f,f,f,f,f,f,f,f,f,f,f,t,f,f,t,0.6,t,2.1,t,105.0,t,1.05,t,100.0,f,,other,-,841011042,0
23.0,F,f,f,f,t,f,f,f,f,f,f,f,f,f,f,t,0.5,t,1.0,t,83.0,t,0.77,t,108.0,f,,SVI,K,841011062,1
27.0,F,f,f,f,f,f,f,f,f,f,f,f,f,f,f,t,3.3,t,1.2,t,87.0,t,1.28,t,68.0,f,,SVI,-,841011063,0
47.0,M,f,f,f,f,f,f,f,f,f,f,f,f,f,f,t,1.3,t,2.0,t,120.0,t,0.95,t,126.0,f,,SVI,-,841011064,0
66.0,M,f,f,f,f,f,f,f,f,f,f,f,f,f,f,t,0.3,t,1.8,t,101.0,t,1.13,t,89.0,f,,SVI,-,841011065,0
59.0,M,f,f,f,f,f,f,f,f,f,f,f,f,f,t,t,0.8,t,1.2,t,84.0,t,0.93,t,90.0,f,,SVHC,-,841011066,0
63.0,F,f,f,f,f,f,f,f,f,f,f,f,f,f,f,t,2.5,t,1.6,t,70.0,t,0.87,t,80.0,f,,SVI,-,841011067,0
66.0,F,f,f,f,f,f,f,f,t,f,f,f,f,f,f,t,3.7,t,0.3,t,88.0,t,0.83,t,106.0,f,,SVI,K,841011070,1
71.0,F,f,f,f,f,f,f,f,f,f,f,f,f,f,f,t,0.6,t,1.1,t,101.0,t,1.02,t,99.0,f,,other,K,841011079,1
71.0,M,t,t,f,f,f,f,f,f,f,f,f,f,f,f,t,0.2,t,0.9,t,96.0,t,0.81,t,119.0,f,,other,-,841011095,0
39.0,F,f,f,f,f,f,f,f,f,f,f,f,f,f,f,t,0.2,t,1.0,t,127.0,t,1.0,t,127.0,f,,other,-,841012001,0
28.0,F,t,f,f,f,f,f,f,f,f,f,f,f,f,f,f,,f,,t,166.0,t,0.98,t,169.0,f,,other,L,841012003,1
30.0,F,t,t,f,f,f,f,f,f,f,f,f,f,t,f,t,0.2,t,1.2,t,128.0,t,0.82,t,156.0,f,,other,L,841012004,1
62.0,M,f,f,f,f,f,f,f,f,f,f,f,f,f,f,f,,f,,t,145.0,t,1.36,t,107.0,f,,other,I,841012013,1
38.0,M,f,f,f,f,f,f,f,f,f,f,f,f,f,f,t,0.25,t,1.8,t,113.0,t,0.99,t,114.0,f,,other,-,841012014,0
59.0,F,f,f,f,f,f,t,f,t,f,f,f,f,f,f,t,0.2,t,1.2,t,119.0,t,1.1,t,108.0,f,,other,-,841012026,0
66.0,M,f,f,f,f,f,f,f,t,f,f,f,f,f,f,t,8.299999,t,1.1,t,82.0,t,0.98,t,84.0,f,,SVI,GK,841012041,1
43.0,M,f,f,f,f,f,f,f,f,f,f,f,f,f,f,t,0.2,t,0.7,t,104.0,t,0.92,t,113.0,f,,SVI,K,841012042,1
57.0,F,f,f,f,f,f,f,f,f,f,f,f,f,f,f,t,1.8,t,1.6,t,90.0,t,1.04,t,87.0,f,,other,-,841012046,0
57.0,F,f,f,f,t,f,f,f,f,f,f,f,f,f,f,t,0.2,t,2.1,t,174.0,t,0.75,t,232.0,f,,other,AK,841012061,1
61.0,M,f,f,f,f,f,f,f,f,f,f,f,f,f,f,t,0.2,t,2.2,t,208.0,t,0.82,t,254.0,f,,SVI,AK,841012064,1
66.0,F,f,f,f,f,f,f,f,f,f,f,f,f,f,f,t,0.7,t,1.1,t,115.0,t,0.84,t,137.0,f,,SVI,K,841012065,1
47.0,F,t,f,f,f,f,f,f,f,f,f,f,f,f,f,t,0.2,f,,t,245.0,t,0.71,t,345.0,f,,other,N,841012069,1
63.0,M,t,f,f,f,f,f,f,f,f,f,f,f,f,f,t,1.4,f,,t,76.0,t,0.78,t,97.0,f,,other,-,841012070,0
63.0,M,f,f,f,f,f,f,f,f,f,f,f,f,f,f,t,0.7,t,1.2,t,101.0,t,0.88,t,115.0,f,,other,-,841015004,0
44.0,F,f,f,f,f,f,f,f,f,f,f,f,f,f,f,t,3.3,t,1.2,t,87.0,f,,f,,f,,other,-,841015006,0
62.0,F,f,f,f,f,f,f,f,f,f,f,f,f,f,f,t,0.2,t,1.5,t,112.0,t,1.14,t,98.0,f,,other,-,841015007,0
62.0,F,f,f,f,f,f,f,f,f,t,f,f,f,f,f,t,0.2,t,1.4,t,107.0,t,0.88,t,122.0,f,,other,-,841015010,0
24.0,M,f,f,f,f,f,f,f,f,f,f,f,f,f,f,t,400.0,t,0.2,t,4.0,t,1.0,t,4.0,f,,other,F,841015014,1
65.0,M,t,f,f,f,f,f,f,f,f,f,f,f,f,f,t,0.2,f,,t,118.0,t,0.86,t,137.0,f,,other,-,841015025,0
35.0,F,f,f,f,f,f,f,f,f,f,f,f,f,f,f,t,1.0,f,,t,90.0,t,0.99,t,91.0,f,,other,-,841015026,0
35.0,F,f,f,f,f,f,f,f,f,f,f,f,f,f,f,t,0.2,t,2.1,t,151.0,t,1.02,t,148.0,f,,other,-,841015027,0
35.0,F,t,f,f,f,f,f,f,f,f,f,f,t,f,f,t,0.2,f,,t,184.0,t,0.95,t,194.0,f,,other,N,841015029,1
17.0,M,f,f,f,f,f,f,f,f,f,f,f,f,f,f,t,2.1,f,,t,119.0,t,1.23,t,97.0,f,,other,-,841015035,0
74.0,F,f,f,f,f,f,f,f,f,f,f,f,f,f,f,t,0.4,t,2.2,t,128.0,t,1.29,t,99.0,f,,other,-,841015038,0
30.0,F,f,f,f,f,f,f,f,f,f,f,t,f,f,f,t,1.0,t,1.2,t,85.0,t,0.93,t,91.0,f,,other,-,841015039,0
30.0,F,f,f,f,f,f,f,f,f,f,f,f,f,f,f,t,0.4,t,1.9,t,142.0,t,1.02,t,139.0,f,,SVI,-,841015048,0
81.0,F,f,f,f,f,f,f,f,f,f,f,f,f,f,f,t,1.2,t,0.8,t,109.0,t,0.9,t,121.0,f,,SVI,K,841015049,1
55.0,M,f,f,f,f,f,f,f,f,f,f,f,f,f,f,t,1.6,t,0.9,t,79.0,t,0.9,t,88.0,f,,SVI,K,841015050,1
62.0,M,f,f,f,f,f,f,f,f,f,f,f,f,f,f,t,0.4,t,0.8,t,110.0,t,1.06,t,104.0,f,,SVI,K,841015051,1
71.0,M,f,f,f,f,f,f,f,f,f,f,f,f,f,f,t,1.2,t,0.4,t,108.0,t,0.95,t,114.0,f,,SVI,K,841015053,1
22.0,M,f,f,t,f,f,f,f,f,t,f,f,f,f,f,t,1.5,t,1.3,t,85.0,t,1.02,t,82.0,f,,other,-,841015056,0
22.0,M,f,f,f,f,f,f,f,f,f,f,f,f,f,f,t,4.4,t,0.9,t,81.0,t,0.78,t,104.0,f,,SVI,K,841016004,1
70.0,M,f,f,f,f,f,f,f,f,f,f,f,f,f,f,t,0.8,t,0.3,t,90.0,t,0.9,t,100.0,f,,other,-,841016005,0
33.0,F,t,f,f,f,f,f,f,f,f,f,f,f,f,f,t,0.4,f,,t,217.0,t,1.22,t,178.0,f,,other,N,841016010,1
52.0,F,f,f,f,f,f,f,f,f,f,f,f,f,f,f,f,,f,,t,11.0,t,1.12,t,10.0,f,,other,-,841016019,0
52.0,M,f,f,f,t,f,f,f,f,f,f,f,f,f,f,t,1.1,t,1.5,t,136.0,t,1.08,t,126.0,f,,SVI,-,841016027,0
72.0,F,f,f,f,f,f,f,f,f,f,f,f,f,f,f,t,1.4,t,1.3,t,117.0,t,1.12,t,104.0,f,,SVI,-,841016029,0
29.0,M,f,f,f,f,f,f,f,f,f,f,f,f,f,f,t,1.3,t,1.1,t,83.0,t,0.92,t,90.0,f,,SVI,K,841016030,1
97.0,F,f,f,f,f,f,f,f,f,f,f,f,f,f,f,t,3.2,t,1.3,t,84.0,t,0.97,t,87.0,f,,SVI,-,841016031,0
51.0,M,f,f,f,f,f,f,f,f,f,f,f,f,f,f,t,1.6,t,0.9,t,94.0,t,0.94,t,100.0,f,,SVI,K,841016032,1
62.0,F,t,f,f,f,f,f,f,f,f,f,f,f,f,f,t,0.4,t,1.4,t,207.0,t,1.14,t,182.0,f,,SVI,N,841016033,1
62.0,M,f,f,f,f,f,f,f,f,f,f,f,f,f,f,t,80.0,t,0.4,t,42.0,t,0.8,t,53.0,f,,SVI,F,841016035,1
62.0,F,t,f,f,f,f,f,f,t,f,f,f,f,f,f,t,260.0,t,0.05,t,4.0,t,1.27,t,3.0,f,,SVI,F,841016036,1
56.0,M,f,f,f,f,f,f,f,f,f,f,f,f,f,f,t,0.4,t,1.3,t,89.0,t,0.83,t,107.0,f,,SVI,-,841016037,0
75.0,F,f,f,f,f,f,f,f,f,f,f,f,f,f,f,t,0.4,t,1.1,t,136.0,t,1.02,t,133.0,f,,SVI,K,841016038,1
75.0,F,f,f,f,f,f,f,f,f,f,f,f,f,f,f,t,1.5,t,2.3,t,136.0,t,1.11,t,123.0,f,,other,-,841016039,0
75.0,M,f,f,f,f,f,f,f,f,f,f,f,f,f,f,t,1.0,t,1.6,t,101.0,t,0.9,t,112.0,f,,other,-,841016040,0
75.0,F,f,f,f,f,f,f,f,f,f,f,f,f,f,t,t,1.0,t,2.0,t,136.0,t,1.18,t,115.0,f,,SVHC,-,841016041,0
54.0,F,f,f,f,f,f,f,f,f,f,f,f,f,f,f,t,0.4,f,,t,112.0,t,0.79,t,142.0,f,,SVI,-,841016042,0
63.0,M,f,f,f,f,f,f,f,f,f,f,f,f,f,f,f,,f,,t,135.0,t,0.64,t,211.0,f,,other,A,841016046,1
6.0,M,t,f,f,f,f,f,f,f,f,f,f,f,f,f,t,4.9,f,,t,139.0,t,0.99,t,140.0,f,,other,-,841016050,0
46.0,F,f,f,f,f,f,f,f,f,f,f,f,f,f,f,f,,f,,t,138.0,t,0.98,t,141.0,f,,other,-,841016052,0
80.0,F,t,f,f,f,f,t,f,f,f,f,f,f,f,f,t,0.4,t,0.8,t,137.0,t,0.81,t,169.0,f,,other,L,841016055,1
64.0,F,f,f,f,t,f,f,f,f,f,f,f,t,f,f,t,0.4,t,1.3,t,149.0,t,1.27,t,117.0,f,,other,-,841017001,0
71.0,M,f,f,f,f,f,f,f,f,f,f,f,f,f,f,t,0.4,t,1.1,t,137.0,t,1.11,t,123.0,f,,other,K,841017002,1
71.0,M,f,f,f,f,f,f,f,f,f,f,f,f,f,f,t,2.7,t,1.7,t,113.0,t,1.06,t,107.0,f,,SVHC,-,841017011,0
34.0,F,f,f,f,f,f,f,f,f,f,f,f,f,f,f,t,3.0,t,1.7,t,98.0,t,0.98,t,100.0,f,,SVHC,-,841017012,0
30.0,F,f,f,f,f,f,f,f,f,f,f,f,f,f,f,t,0.4,f,,t,141.0,t,1.2,t,118.0,f,,SVHC,-,841017013,0
65.0,F,f,f,f,f,f,f,f,f,f,f,f,f,f,f,t,0.4,t,1.2,t,103.0,t,0.98,t,105.0,f,,other,-,841017014,0
29.0,F,f,f,f,f,f,f,f,f,f,f,f,f,f,f,f,,f,,f,,f,,f,,t,21.0,other,-,841017033,0
45.0,F,f,f,f,f,f,f,f,f,f,f,f,f,f,f,t,0.4,t,1.6,t,107.0,t,1.12,t,96.0,f,,other,-,841017034,0
20.0,F,f,f,f,f,f,f,f,f,f,f,t,f,f,f,t,2.0,t,2.1,t,116.0,t,1.19,t,97.0,f,,SVI,-,841017043,0
20.0,F,t,f,f,f,f,f,f,f,f,f,f,f,f,f,t,0.05,f,,t,228.0,t,1.05,t,217.0,f,,SVI,N,841017044,1
66.0,M,f,f,f,f,f,f,f,f,f,f,f,f,f,f,t,5.4,t,0.3,t,70.0,t,0.98,t,71.0,f,,SVI,K,841017045,1
64.0,M,f,f,f,f,f,f,f,f,f,f,f,f,f,f,t,1.0,t,0.9,t,109.0,t,0.95,t,115.0,f,,SVI,K,841017047,1
72.0,F,f,f,f,f,f,f,f,f,f,f,f,f,f,f,t,0.3,t,1.3,t,118.0,t,1.16,t,102.0,f,,SVI,-,841017048,0
72.0,F,f,f,f,f,f,f,f,f,f,f,f,f,f,f,t,0.05,t,0.4,t,93.0,t,0.78,t,119.0,f,,other,-,841017049,0
47.0,M,f,f,f,f,f,f,f,f,f,f,f,f,f,f,t,0.4,t,1.0,t,46.0,t,0.81,t,57.0,f,,SVI,K,841017051,1
47.0,F,f,f,f,f,f,f,f,f,f,f,f,f,f,f,t,1.2,t,1.6,t,81.0,t,0.94,t,86.0,f,,SVI,-,841017052,0
47.0,F,f,f,f,f,f,f,f,f,f,f,f,f,f,f,t,0.2,t,2.0,t,148.0,t,0.99,t,149.0,f,,SVI,-,841017053,0
47.0,F,f,f,f,f,f,f,f,f,f,f,f,f,f,f,t,1.4,t,1.3,t,86.0,t,0.97,t,89.0,f,,SVI,-,841017054,0
47.0,,f,f,f,f,f,f,f,f,f,f,f,f,f,f,t,8.0,t,1.6,t,58.0,t,0.36,t,161.0,f,,other,-,841017055,0
47.0,,f,f,f,f,f,f,f,f,f,f,f,f,f,f,t,6.7,t,2.3,t,176.0,t,0.32,t,550.0,f,,other,R,841017056,1
56.0,F,f,f,f,f,f,f,f,f,f,f,f,f,f,f,f,,t,1.5,t,117.0,t,1.0,t,117.0,f,,other,-,841017061,0
56.0,F,f,f,f,f,f,f,f,f,f,f,f,f,f,f,t,1.0,t,1.7,t,132.0,t,1.09,t,121.0,f,,other,-,841018011,0
20.0,F,f,f,f,f,f,f,f,t,f,f,f,f,f,f,t,0.4,f,,t,148.0,t,1.2,t,123.0,f,,other,-,841018012,0
78.0,F,f,f,f,f,f,f,f,f,f,f,f,f,f,f,t,1.2,t,1.6,t,120.0,t,1.05,t,114.0,f,,other,-,841018013,0
78.0,F,f,f,f,f,f,f,f,f,f,f,f,f,f,f,t,0.8,t,2.3,t,117.0,t,1.03,t,114.0,f,,other,-,841018016,0
14.0,F,f,f,f,f,f,f,f,f,t,f,f,f,f,f,f,,f,,t,155.0,t,0.93,t,166.0,t,25.0,other,A,841018018,1
26.0,F,f,f,f,f,f,f,f,f,t,f,f,f,f,f,t,6.6,t,1.7,t,96.0,t,0.99,t,97.0,f,,other,G,841018024,1
68.0,M,t,f,f,f,f,f,t,f,f,f,f,f,f,f,t,1.6,t,2.1,t,120.0,t,1.1,t,109.0,f,,other,-,841018025,0
53.0,M,f,f,f,f,f,f,f,f,t,f,f,f,f,f,t,8.5,t,1.7,t,93.0,t,0.91,t,102.0,f,,other,G,841018026,1
12.0,M,f,f,f,f,f,f,f,f,f,f,f,f,f,f,f,,f,,t,93.0,t,1.18,t,79.0,f,,other,-,841018034,0
62.0,F,f,f,f,f,f,f,t,f,f,f,f,f,f,f,t,5.1,t,1.7,t,81.0,t,0.96,t,84.0,f,,other,-,841018035,0
74.0,F,t,f,f,f,f,f,f,f,f,f,f,f,f,f,t,0.5,t,1.2,t,92.0,t,1.0,t,92.0,f,,other,-,841018036,0
66.0,F,f,f,f,f,f,f,f,f,f,f,f,f,f,f,t,1.2,t,2.2,t,118.0,t,1.13,t,104.0,f,,other,-,841018041,0
55.0,M,f,f,f,f,f,f,f,f,t,f,f,f,f,f,t,1.7,t,1.7,t,74.0,t,0.99,t,75.0,f,,other,-,841018042,0
55.0,M,f,f,f,f,f,f,f,f,f,f,f,f,f,f,t,0.2,t,1.2,t,68.0,t,0.72,t,94.0,f,,SVI,-,841018045,0
55.0,M,f,f,f,f,f,f,f,f,f,f,f,f,f,f,t,0.3,t,1.0,t,142.0,t,0.98,t,145.0,f,,SVI,K,841018046,1
51.0,F,f,f,f,f,f,f,f,f,f,f,f,f,f,f,t,2.4,t,1.7,t,76.0,t,0.83,t,92.0,f,,SVI,-,841018056,0
78.0,F,f,f,f,f,f,f,f,f,t,f,f,f,f,f,t,0.05,t,1.7,t,106.0,t,1.03,t,99.0,f,,SVI,-,841018058,0
85.0,F,f,f,f,f,f,f,f,t,f,f,f,f,f,f,t,138.0,t,1.1,t,27.0,t,1.19,t,23.0,f,,SVI,F,841018063,1
59.0,F,f,f,f,f,f,f,t,f,f,f,f,f,f,f,t,1.4,f,,t,107.0,t,1.04,t,103.0,f,,other,-,841018066,0
23.0,F,t,f,f,f,f,f,f,f,f,f,f,f,f,f,t,42.0,f,,t,99.0,t,1.08,t,92.0,f,,other,M,841018067,1
35.0,F,f,f,f,f,f,f,f,f,f,f,f,t,f,f,f,,t,1.3,t,81.0,t,1.14,t,71.0,f,,other,-,841018068,0
14.0,M,f,f,f,f,f,f,f,f,f,f,f,f,f,f,f,,f,,f,,f,,f,,t,28.0,other,-,841018070,0
50.0,F,f,f,f,f,f,f,f,f,f,f,f,f,f,f,f,,f,,t,86.0,t,0.88,t,98.0,f,,other,-,841018073,0
77.0,M,f,f,f,f,f,f,f,f,f,f,f,f,f,f,t,1.2,t,0.6,t,71.0,t,0.68,t,104.0,f,,SVI,K,841018078,1
59.0,F,f,f,f,f,f,f,f,f,f,f,f,f,f,f,t,2.6,t,0.8,t,68.0,t,0.73,t,93.0,f,,SVI,K,841018079,1
50.0,F,f,f,f,f,f,f,f,f,f,f,f,f,f,f,f,,f,,t,106.0,t,1.16,t,91.0,f,,other,-,841018084,0
75.0,F,f,f,f,f,f,f,f,t,f,f,f,f,f,f,t,0.3,t,1.8,t,94.0,t,0.75,t,125.0,f,,other,-,841018091,0
58.0,F,t,f,f,f,f,f,f,f,f,f,f,f,f,f,t,1.5,f,,t,118.0,t,0.97,t,122.0,f,,other,-,841018093,0
60.0,F,f,f,f,f,f,f,f,t,f,f,f,f,f,f,t,0.5,t,1.6,t,95.0,t,0.73,t,130.0,f,,other,-,841018094,0
60.0,M,t,f,f,f,f,f,f,f,f,f,f,f,f,f,t,5.1,t,0.9,t,87.0,t,0.87,t,100.0,f,,other,-,841018095,0
59.0,F,f,f,f,f,f,f,f,f,f,f,f,f,f,f,f,,t,1.5,t,97.0,t,0.91,t,107.0,f,,other,-,841019002,0
42.0,M,t,f,f,f,f,f,f,f,f,f,f,f,f,f,t,0.1,t,1.7,t,59.0,t,0.71,t,83.0,f,,other,-,841019004,0
48.0,M,f,f,f,f,f,f,f,f,t,f,f,f,f,f,f,,t,1.9,t,104.0,t,1.0,t,104.0,f,,other,-,841019005,0
65.0,F,f,f,f,f,f,f,f,t,f,f,f,f,f,f,t,1.9,t,1.3,t,124.0,t,0.86,t,145.0,f,,other,-,841019009,0
77.0,F,f,f,f,f,f,f,f,t,f,f,f,f,f,f,t,9.799999,t,1.4,t,134.0,t,1.09,t,123.0,f,,other,G,841019012,1
23.0,F,f,f,f,f,t,f,f,f,f,f,f,t,f,f,t,0.1,t,2.8,t,201.0,t,1.14,t,176.0,f,,STMW,A,841019020,1
17.0,M,f,f,f,f,f,f,f,f,f,f,f,f,f,f,t,1.6,f,,t,95.0,t,1.02,t,93.0,f,,other,-,841019024,0
59.0,F,f,f,f,f,f,f,f,f,f,f,f,f,f,f,f,,t,1.9,f,,f,,f,,f,,other,-,841019047,0
59.0,M,f,f,f,f,f,f,f,f,t,f,f,f,f,f,t,0.1,t,1.1,t,70.0,t,0.73,t,96.0,f,,SVI,K,841019070,1
73.0,F,f,f,f,f,f,f,f,f,f,f,f,f,f,f,t,2.0,t,1.7,t,100.0,t,0.97,t,102.0,f,,other,-,841019071,0
58.0,M,f,f,f,f,f,f,f,f,f,f,f,f,f,f,t,2.1,t,2.5,t,140.0,t,1.3,t,108.0,f,,SVI,-,841019072,0
59.0,F,f,f,f,f,f,f,f,f,t,f,f,f,f,f,t,0.1,f,,t,140.0,t,1.04,t,134.0,f,,other,-,841019081,0
59.0,F,f,f,f,f,f,f,f,f,f,f,f,f,f,f,f,,f,,f,,f,,f,,t,53.0,other,S,841019084,1
27.0,F,t,f,f,f,f,f,f,t,f,f,f,f,f,f,t,1.4,t,2.2,t,149.0,t,1.29,t,115.0,f,,other,-,841019086,0
26.0,F,f,f,f,f,f,f,f,f,t,f,f,f,f,f,f,,f,,t,212.0,t,0.82,t,257.0,f,,other,A,841019089,1
73.0,F,t,f,f,f,f,f,f,f,f,f,f,f,f,f,t,3.3,t,1.5,t,115.0,t,1.08,t,106.0,f,,other,-,841019096,0
73.0,M,f,f,f,f,f,f,f,f,f,f,f,f,f,f,t,2.4,t,1.2,t,79.0,t,0.76,t,104.0,f,,other,-,841022003,0
73.0,M,f,f,f,f,f,f,f,f,f,f,f,f,f,f,t,0.9,t,1.7,t,102.0,f,,f,,f,,other,-,841022004,0
67.0,F,f,f,f,f,f,f,f,f,f,f,f,f,f,f,t,0.1,t,1.0,t,148.0,t,0.91,t,163.0,f,,other,-,841022005,0
30.0,F,f,f,f,f,f,f,f,f,f,f,f,f,f,f,t,1.2,t,2.1,t,115.0,f,,f,,f,,other,-,841022006,0
68.0,F,f,f,f,f,f,f,f,f,f,f,f,f,f,f,t,56.0,t,0.6,t,23.0,t,1.01,t,22.0,f,,other,F,841022007,1
27.0,F,f,f,f,f,f,f,f,f,f,f,f,f,f,t,t,2.7,t,1.8,t,102.0,t,1.09,t,94.0,f,,SVHC,-,841022009,0
72.0,F,f,f,f,f,f,f,f,f,t,f,f,f,f,f,t,0.1,t,3.2,t,333.0,t,0.74,t,450.0,f,,other,A,841022010,1
72.0,F,f,f,f,f,f,f,f,f,f,f,f,f,f,t,t,0.1,t,1.3,t,101.0,t,0.84,t,120.0,f,,SVHC,-,841022012,0
58.0,M,f,f,f,f,f,f,f,f,f,f,f,f,f,f,t,8.0,t,1.3,t,83.0,t,0.85,t,98.0,f,,other,G,841022013,1
29.0,F,f,f,f,f,f,f,f,f,f,f,f,f,f,f,t,2.5,t,2.0,t,91.0,t,1.42,t,64.0,f,,other,I,841022014,1
47.0,F,f,f,f,f,f,f,f,f,f,f,f,f,f,f,f,,t,1.8,t,117.0,t,0.88,t,134.0,f,,other,-,841022017,0
43.0,F,f,f,f,f,f,f,f,t,f,f,f,f,f,f,f,,t,1.5,t,98.0,t,1.05,t,93.0,f,,other,-,841022030,0
54.0,M,f,f,f,f,f,f,f,f,f,f,f,f,f,f,t,0.4,f,,t,90.0,t,0.93,t,97.0,f,,other,-,841022032,0
13.0,M,f,f,f,f,f,f,f,f,f,f,f,f,f,f,t,1.4,t,1.9,t,93.0,f,,f,,f,,other,-,841022039,0
13.0,,f,f,f,f,f,f,f,f,f,f,f,f,f,f,t,2.2,t,1.5,t,97.0,t,1.02,t,95.0,f,,SVI,-,841022041,0
52.0,F,f,f,f,f,f,f,f,f,f,f,f,f,f,f,t,0.15,t,0.8,t,115.0,t,0.91,t,126.0,f,,SVI,K,841022042,1
33.0,M,f,f,f,f,f,f,f,f,f,f,f,f,f,f,t,2.2,f,,t,104.0,t,0.93,t,112.0,f,,other,-,841022051,0
70.0,F,f,f,f,f,f,f,f,f,f,f,f,f,f,f,t,1.6,t,0.5,t,68.0,t,0.75,t,90.0,f,,SVI,K,841023002,1
34.0,F,f,f,f,f,t,f,f,f,f,f,f,f,f,f,t,0.9,t,2.9,t,202.0,t,1.51,t,134.0,f,,STMW,I,841023019,1
47.0,F,t,f,f,f,f,f,f,f,f,f,f,f,f,f,t,1.0,f,,t,120.0,t,1.0,t,120.0,f,,other,-,841023022,0
28.0,F,t,f,f,f,f,f,f,f,f,f,f,f,f,f,t,0.15,f,,t,139.0,t,0.96,t,145.0,f,,other,-,841023023,0
35.0,F,t,f,f,f,f,f,f,f,f,f,f,f,f,f,t,0.9,f,,t,113.0,t,0.91,t,124.0,f,,other,-,841023028,0
55.0,F,f,f,f,f,f,f,f,f,f,f,f,f,f,f,t,1.0,f,,t,150.0,t,1.29,t,117.0,f,,other,I,841023033,1
58.0,F,f,f,f,f,f,f,f,f,f,f,f,f,f,f,t,0.15,t,1.7,t,93.0,t,0.99,t,94.0,f,,other,-,841023037,0
85.0,F,f,f,f,f,f,f,f,t,f,f,f,f,f,f,t,44.0,t,2.0,t,38.0,t,1.03,t,37.0,f,,SVI,F,841023039,1
72.0,F,f,f,f,f,f,f,f,f,f,f,f,f,f,f,t,4.0,t,1.5,t,85.0,t,0.84,t,101.0,f,,SVI,-,841023040,0
72.0,M,f,f,f,f,f,f,f,f,f,f,f,f,f,f,t,1.1,t,1.9,t,119.0,t,0.96,t,124.0,f,,SVHC,-,841023041,0
72.0,M,f,f,f,f,f,f,f,f,f,f,f,f,f,f,t,0.15,t,1.6,t,113.0,t,0.87,t,130.0,f,,SVHC,-,841023042,0
72.0,F,f,f,f,f,f,f,f,f,f,f,f,f,f,f,t,1.4,t,1.6,t,72.0,t,1.05,t,69.0,f,,other,-,841023043,0
55.0,M,f,f,f,f,f,f,f,f,f,f,f,f,f,f,t,0.15,t,2.3,t,102.0,t,0.82,t,124.0,f,,SVI,-,841023044,0
55.0,M,f,f,f,f,f,f,f,f,f,f,f,f,f,f,t,0.15,t,1.7,t,136.0,t,0.96,t,142.0,f,,SVI,-,841023046,0
83.0,M,f,f,f,f,f,f,f,f,f,f,f,f,f,f,t,1.4,t,0.8,t,77.0,t,0.78,t,98.0,f,,SVI,K,841023048,1
31.0,F,f,f,f,f,f,f,f,f,f,f,f,f,f,f,t,0.15,t,0.4,t,94.0,t,0.8,t,118.0,f,,SVI,K,841023049,1
57.0,F,f,f,f,f,f,f,f,f,f,f,f,f,f,f,t,0.2,t,0.7,t,141.0,t,0.93,t,153.0,f,,SVI,K,841023050,1
25.0,F,f,f,f,f,f,f,f,f,f,f,f,f,f,f,t,1.0,t,1.9,t,106.0,t,1.03,t,103.0,f,,SVI,-,841023051,0
25.0,M,f,f,f,f,f,f,f,f,f,f,f,f,f,f,t,0.15,t,1.7,t,97.0,t,0.98,t,99.0,f,,other,-,841023057,0
53.0,F,f,f,f,f,f,f,f,f,f,f,f,f,f,f,t,1.3,t,1.9,t,104.0,t,1.04,t,100.0,f,,other,-,841024002,0
19.0,F,f,f,f,f,f,f,f,t,f,f,f,f,f,f,t,0.15,f,,t,106.0,t,1.0,t,106.0,f,,other,-,841024015,0
71.0,F,f,f,f,f,f,f,f,f,f,f,f,f,f,f,t,3.7,t,1.4,t,81.0,t,1.14,t,71.0,f,,other,-,841024017,0
72.0,F,f,f,f,t,f,f,f,f,f,f,f,f,f,f,t,0.7,t,1.7,t,97.0,t,0.99,t,98.0,f,,SVHD,-,841024018,0
31.0,M,f,f,f,f,f,f,f,f,f,f,f,f,f,f,t,0.7,t,1.7,t,106.0,f,,f,,f,,other,-,841024039,0
69.0,M,f,f,f,f,f,f,f,f,f,f,f,f,f,f,t,0.15,t,1.5,t,71.0,t,0.6,t,118.0,f,,SVI,-,841024040,0
75.0,M,f,f,f,f,f,f,f,f,f,f,f,f,f,f,t,1.0,t,0.2,t,47.0,t,0.6,t,77.0,f,,SVI,-,841024041,0
30.0,M,f,f,f,f,f,f,f,f,f,f,f,f,f,f,t,0.15,t,1.3,t,112.0,t,0.87,t,130.0,f,,SVI,-,841024044,0
74.0,M,f,f,f,f,f,f,f,f,f,f,f,f,f,f,t,0.6,t,0.7,t,68.0,t,0.77,t,89.0,f,,SVI,K,841024045,1
74.0,F,f,f,f,f,f,f,f,f,f,f,f,f,f,f,t,3.1,t,2.5,t,168.0,t,1.22,t,138.0,f,,SVHC,I,841024048,1
40.0,F,f,f,f,f,f,f,f,f,f,f,f,f,f,f,t,0.15,t,1.3,t,105.0,t,0.87,t,119.0,f,,SVI,-,841024049,0
40.0,F,f,f,f,f,f,f,f,f,f,f,f,f,f,f,t,0.15,t,0.7,t,128.0,t,0.83,t,154.0,f,,SVI,K,841024052,1
66.0,F,f,f,f,f,f,f,f,t,f,f,f,f,f,f,t,2.8,f,,f,,f,,f,,f,,other,-,841024054,0
65.0,F,f,f,f,f,f,f,f,t,f,f,f,f,f,f,t,10.0,t,1.1,f,,f,,f,,f,,other,F,841024055,1
66.0,F,t,f,f,f,f,f,f,f,f,f,f,f,f,f,t,0.25,f,,t,186.0,t,0.98,t,189.0,f,,other,N,841024066,1
50.0,F,f,f,f,f,f,f,f,f,f,f,f,f,f,f,t,0.25,t,1.8,t,128.0,t,0.95,t,134.0,f,,STMW,-,841024068,0
66.0,F,f,t,f,f,f,f,f,f,f,f,f,f,f,f,f,,f,,t,119.0,t,0.69,t,172.0,f,,other,L,841024069,1
66.0,F,f,f,f,f,f,t,f,f,f,f,f,f,f,f,t,1.2,t,1.5,t,142.0,t,1.08,t,131.0,f,,other,-,841025001,0
17.0,F,f,f,f,f,f,f,f,t,f,f,f,f,f,f,t,2.1,t,1.8,t,113.0,t,1.03,t,109.0,f,,other,-,841025003,0
77.0,F,f,f,f,f,f,f,f,f,f,f,f,f,f,f,t,1.4,t,1.7,t,114.0,t,0.96,t,119.0,f,,SVI,-,841025012,0
62.0,M,f,f,f,f,f,f,f,f,f,f,f,f,f,f,t,54.0,t,0.6,t,41.0,t,0.78,t,52.0,f,,other,F,841025013,1
62.0,M,t,f,f,f,f,f,f,f,f,f,f,f,f,f,t,0.25,t,2.0,t,122.0,t,0.99,t,123.0,f,,other,-,841025015,0
62.0,F,f,f,f,f,f,f,f,f,f,f,f,f,f,f,t,2.7,t,1.4,t,101.0,t,0.88,t,115.0,f,,other,-,841025024,0
70.0,F,t,f,f,f,f,f,f,f,f,f,f,f,f,f,t,1.6,t,1.8,t,175.0,t,1.18,t,148.0,f,,other,-,841025025,0
58.0,M,t,f,f,f,f,f,f,f,f,f,f,f,f,f,t,0.25,t,1.8,t,153.0,t,0.82,t,188.0,f,,other,N,841025026,1
55.0,F,t,f,f,f,f,f,f,f,f,f,f,f,f,f,t,0.25,t,1.7,t,155.0,t,1.03,t,150.0,f,,other,-,841025027,0
66.0,F,f,f,f,f,f,f,f,f,t,f,f,f,f,f,t,3.1,t,1.7,t,76.0,t,0.83,t,92.0,f,,other,-,841025030,0
20.0,F,f,f,f,f,f,f,f,f,f,f,t,f,f,f,t,1.1,t,2.6,t,137.0,t,1.3,t,103.0,f,,other,-,841025032,0
46.0,,t,f,f,f,f,f,f,f,f,f,f,f,f,f,t,0.2,t,2.3,t,175.0,t,0.91,t,192.0,f,,other,N,841025043,1
71.0,F,f,f,f,f,f,f,f,f,f,f,f,f,f,f,t,1.2,t,1.5,t,105.0,t,0.96,t,109.0,f,,SVI,-,841025045,0
73.0,M,f,f,f,f,f,f,f,f,f,f,f,f,f,f,t,0.25,t,1.0,t,96.0,t,0.89,t,108.0,f,,SVI,K,841025046,1
66.0,F,f,f,f,f,f,f,f,f,f,f,f,f,f,f,t,0.25,t,2.2,t,121.0,t,0.84,t,144.0,f,,other,-,841025048,0
61.0,M,f,f,f,f,f,f,f,f,f,f,f,f,f,f,t,0.25,t,1.7,t,103.0,t,0.98,t,105.0,f,,SVI,-,841025049,0
55.0,F,t,f,f,f,f,f,f,f,f,f,f,f,f,f,t,2.3,t,1.6,t,146.0,t,1.04,t,140.0,f,,other,-,841025051,0
55.0,M,f,f,f,f,f,f,f,f,f,f,f,f,f,t,t,1.2,t,0.8,t,103.0,t,0.91,t,113.0,f,,SVHC,K,841025052,1
55.0,M,f,f,f,f,f,f,f,f,f,f,f,f,f,t,t,0.25,t,0.9,t,108.0,t,0.96,t,112.0,f,,SVHC,K,841025053,1
57.0,M,f,f,f,f,f,f,t,f,f,f,f,f,f,f,t,0.25,t,1.1,t,65.0,t,0.83,t,78.0,f,,other,P,841025054,1
35.0,F,f,f,f,f,f,f,f,f,f,f,f,f,f,f,t,0.25,t,1.3,t,158.0,t,0.88,t,179.0,f,,other,AK,841025061,1
35.0,F,t,f,f,f,f,f,f,f,f,f,f,f,f,f,t,0.1,t,1.9,t,132.0,t,0.98,t,134.0,f,,other,-,841025072,0
76.0,F,f,f,f,f,f,f,f,f,f,f,f,f,f,f,f,,f,,t,81.0,t,1.05,t,80.0,f,,other,-,841025075,0
68.0,F,f,f,f,f,f,f,f,f,f,f,f,f,f,f,f,,f,,f,,f,,f,,t,36.0,other,S,841025076,1
56.0,F,f,f,f,f,f,f,f,f,f,f,f,f,f,f,f,,f,,t,77.0,t,1.08,t,71.0,f,,other,-,841025077,0
42.0,F,f,t,f,f,f,f,f,f,f,f,f,f,f,f,t,6.6,f,,t,89.0,t,0.95,t,94.0,f,,other,G,841025079,1
51.0,F,t,f,f,f,f,f,f,f,f,f,f,t,f,f,t,0.4,t,1.6,t,88.0,t,1.05,t,85.0,f,,other,-,841025080,0
46.0,F,f,f,f,f,f,f,f,f,f,f,f,t,f,f,t,0.7,t,1.6,t,107.0,t,1.08,t,107.0,f,,other,-,841026012,0
60.0,F,f,f,f,f,f,f,f,f,f,f,f,f,f,f,t,0.1,t,1.4,t,129.0,t,1.08,t,129.0,f,,other,-,841026013,0
65.0,F,f,f,f,f,f,f,f,f,f,f,f,f,f,f,t,5.9,t,1.8,t,98.0,t,1.16,t,98.0,f,,SVI,-,841026014,0
65.0,F,f,f,f,f,f,f,f,f,f,f,f,f,f,f,t,2.3,t,1.6,t,122.0,t,1.32,t,122.0,f,,SVHC,-,841026015,0
69.0,F,f,f,f,f,f,f,f,f,t,f,f,f,f,f,f,,f,,f,,f,,f,,t,23.0,other,-,841026035,0
41.0,F,t,f,f,f,f,f,f,t,f,f,f,f,f,f,t,3.9,t,1.6,t,79.0,t,1.11,t,79.0,f,,other,-,841026047,0
45.0,F,f,f,f,f,f,f,f,f,f,f,f,f,f,f,f,,t,1.6,t,77.0,t,0.89,t,77.0,f,,other,-,841026049,0
67.0,F,f,f,f,f,f,f,f,f,f,f,f,f,f,f,t,0.1,t,1.8,t,139.0,t,1.12,t,139.0,f,,other,-,841026051,0
68.0,F,t,f,f,f,f,f,f,f,f,f,f,f,f,f,t,5.1,f,,t,98.0,t,1.0,t,98.0,f,,other,-,841026061,0
41.0,F,t,f,f,f,f,f,f,f,f,f,f,f,f,f,t,0.1,f,,t,151.0,t,1.1,t,151.0,f,,other,-,841026062,0
39.0,F,f,f,f,f,f,f,f,f,f,f,f,f,f,f,f,,f,,f,,f,,f,,t,27.0,other,-,841026070,0
39.0,,f,f,f,t,f,f,f,f,f,f,f,f,f,f,t,1.6,t,1.9,t,140.0,t,1.31,t,140.0,f,,other,-,841026073,0
39.0,F,f,f,f,f,f,f,f,f,f,f,f,f,f,f,t,3.1,t,1.0,t,92.0,t,0.88,t,105.0,f,,SVI,K,841029006,1
58.0,F,f,f,f,f,f,f,f,f,f,f,f,f,f,f,t,1.4,t,1.1,t,114.0,t,0.92,t,124.0,f,,SVI,K,841029008,1
78.0,F,f,f,f,f,f,f,f,f,f,f,f,f,f,f,t,2.9,t,1.7,t,103.0,t,0.88,t,117.0,f,,SVI,-,841029009,0
78.0,M,f,f,f,f,f,f,f,f,f,f,f,f,f,t,t,0.1,t,1.8,t,93.0,t,0.78,t,120.0,f,,SVHC,-,841029010,0
64.0,F,f,f,f,f,f,f,f,f,f,f,f,f,f,f,t,0.4,t,1.5,t,77.0,t,0.88,t,88.0,f,,SVI,-,841029011,0
49.0,F,f,f,f,f,f,f,f,f,t,f,f,f,f,f,t,0.7,t,1.3,t,58.0,t,0.82,t,71.0,f,,SVI,-,841029013,0
62.0,F,f,f,f,f,f,f,f,f,f,f,f,f,f,f,t,0.1,t,1.3,t,211.0,t,0.97,t,218.0,f,,other,AK,841029016,1
19.0,F,f,f,f,f,f,f,f,f,t,f,f,f,f,f,t,0.7,t,3.1,t,181.0,t,1.33,t,136.0,f,,other,I,841029017,1
55.0,F,t,f,f,f,f,f,f,f,f,f,f,f,f,f,t,0.1,f,,t,196.0,t,0.94,t,208.0,f,,other,N,841029020,1
55.0,F,f,f,f,f,f,f,f,f,f,f,f,f,f,f,f,,f,,f,,f,,f,,t,25.0,other,-,841029022,0
32.0,M,f,f,f,f,f,f,f,f,f,f,f,f,f,f,t,150.0,t,0.4,t,16.0,t,0.95,t,17.0,f,,other,F,841029023,1
50.0,F,t,f,f,f,f,f,f,f,f,f,f,f,f,f,t,0.1,f,,t,153.0,t,1.01,t,150.0,f,,other,-,841029032,0
59.0,F,t,f,f,f,f,f,f,t,f,f,f,f,f,f,t,0.1,t,2.2,t,156.0,t,0.94,t,166.0,f,,other,L,841029040,1
67.0,F,f,f,f,f,f,f,f,f,f,f,f,f,f,f,t,0.1,t,1.2,t,111.0,t,0.94,t,118.0,f,,SVI,-,841029042,0
75.0,F,f,f,f,f,f,f,f,f,f,f,f,f,f,f,t,0.7,t,1.6,t,107.0,t,1.01,t,106.0,f,,STMW,-,841029049,0
30.0,F,t,f,f,f,f,f,f,f,f,f,f,f,f,f,t,0.1,t,3.1,t,202.0,t,1.74,t,116.0,f,,STMW,I,841029050,1
38.0,F,t,f,f,f,f,f,f,f,f,f,f,f,f,f,t,0.1,t,2.0,t,109.0,t,0.98,t,111.0,f,,STMW,-,841029051,0
17.0,F,f,f,f,f,t,f,f,f,f,f,f,f,f,f,t,0.5,t,3.4,t,143.0,t,1.43,t,100.0,f,,STMW,I,841029053,1
62.0,F,t,f,f,f,f,f,f,f,f,f,f,f,f,f,t,0.1,t,1.3,t,109.0,t,0.85,t,128.0,f,,other,-,841029054,0
89.0,F,t,f,f,f,f,f,f,f,f,f,f,f,f,f,f,,t,1.4,f,,f,,f,,f,,other,-,841030005,0
45.0,M,f,f,f,f,f,f,f,f,f,f,f,f,f,f,t,3.5,t,1.7,t,96.0,t,0.94,t,102.0,f,,other,-,841030028,0
84.0,M,f,f,f,f,f,f,f,f,f,f,f,f,f,f,t,0.6,t,1.5,t,83.0,t,0.95,t,88.0,f,,other,-,841030042,0
55.0,F,t,f,f,f,f,f,f,f,f,f,f,f,f,f,t,4.3,t,1.5,t,119.0,t,1.08,t,110.0,f,,other,-,841030043,0
68.0,F,f,f,f,f,f,f,f,f,f,f,f,f,f,f,t,0.1,t,1.1,t,116.0,t,0.81,t,142.0,f,,SVI,K,841030044,1
68.0,M,f,f,f,f,f,f,f,f,f,f,f,f,f,t,t,0.1,t,1.3,t,116.0,t,0.83,t,139.0,f,,SVHC,-,841030045,0
68.0,M,f,f,f,f,f,f,f,f,f,f,f,f,f,f,t,0.9,t,1.9,t,104.0,t,0.83,t,126.0,f,,SVHC,-,841030046,0
73.0,F,f,f,f,f,f,f,f,f,f,f,f,f,f,f,t,2.7,t,1.2,t,87.0,t,0.83,t,104.0,f,,SVI,-,841030048,0
62.0,F,f,f,f,f,f,f,f,f,f,f,f,f,f,f,t,0.1,t,1.5,t,198.0,t,0.94,t,211.0,f,,SVI,AK,841030049,1
69.0,F,f,f,f,t,f,f,f,f,f,f,f,f,f,f,t,0.1,t,0.9,t,86.0,t,0.98,t,88.0,f,,SVI,K,841030050,1
41.0,M,f,f,f,f,f,f,f,f,f,f,f,f,f,f,t,0.8,t,2.2,t,92.0,t,0.94,t,98.0,f,,other,-,841030051,0
48.0,M,f,f,f,f,f,f,f,f,f,f,f,f,f,f,t,2.1,t,1.0,t,128.0,t,1.02,t,125.0,f,,SVI,K,841030052,1
41.0,F,f,f,f,f,f,f,f,f,f,f,f,f,f,f,t,0.1,t,2.1,t,148.0,t,1.44,t,103.0,f,,STMW,-,841031002,0
41.0,F,f,f,f,f,f,f,f,f,f,f,f,f,f,f,t,53.0,t,0.4,t,9.7,t,1.46,t,6.6,f,,other,F,841031010,1
20.0,F,f,f,f,f,t,f,f,f,t,f,f,f,f,f,f,,f,,f,,f,,f,,t,30.0,other,-,841031030,0
20.0,F,f,f,f,f,f,f,f,f,f,f,f,f,f,f,t,0.1,t,0.8,t,201.0,t,0.84,t,240.0,f,,SVI,AK,841031031,1
73.0,F,f,f,f,f,f,f,f,f,f,f,f,f,f,f,t,3.3,t,1.2,t,85.0,t,0.9,t,94.0,f,,SVI,-,841031032,0
77.0,F,t,f,f,f,f,f,f,f,t,f,f,f,f,f,t,1.7,t,0.4,t,64.0,t,0.8,t,79.0,f,,SVI,K,841031033,1
65.0,F,f,f,f,f,f,f,f,t,f,f,f,f,f,f,t,0.7,f,,t,96.0,t,0.88,t,109.0,f,,other,-,841031035,0
65.0,M,f,f,f,f,f,f,f,f,f,f,f,f,f,t,t,0.1,t,1.8,t,132.0,t,0.83,t,158.0,f,,SVHC,R,841031036,1
55.0,F,f,f,t,f,f,f,f,f,f,f,f,f,f,f,t,8.4,t,1.4,t,44.0,t,1.03,t,43.0,f,,other,O,841031042,1
50.0,F,f,f,f,f,f,f,f,f,t,f,f,f,f,f,f,,t,1.2,t,106.0,t,1.41,t,75.0,f,,other,-,841031043,0
62.0,F,f,f,f,f,f,f,f,f,t,f,f,f,f,f,t,1.4,f,,t,104.0,t,1.12,t,93.0,f,,other,-,841031052,0
62.0,F,f,f,f,f,f,f,f,f,f,f,f,f,f,f,t,31.0,t,2.0,t,65.0,t,1.0,t,65.0,f,,other,G,841031053,1
66.0,F,f,f,f,f,f,f,f,f,f,f,f,f,f,f,t,0.15,t,1.3,t,134.0,t,0.99,t,135.0,f,,other,-,841101001,0
73.0,F,f,f,f,f,f,f,f,f,f,f,f,t,f,f,t,2.6,t,1.6,t,122.0,t,1.02,t,120.0,f,,other,-,841101006,0
73.0,M,f,f,t,f,f,f,f,f,f,f,f,f,f,f,t,0.15,t,3.0,t,125.0,t,0.81,t,154.0,f,,other,-,841101012,0
41.0,F,f,f,f,f,f,f,f,t,t,f,f,f,f,f,t,0.15,t,1.8,t,94.0,t,1.03,t,91.0,f,,other,-,841101013,0
28.0,F,f,f,f,f,f,f,f,f,f,f,f,f,f,f,t,0.8,t,1.4,t,141.0,t,1.12,t,126.0,f,,other,-,841101023,0
28.0,F,f,f,f,f,f,f,f,f,f,f,f,f,f,f,t,0.15,t,1.9,t,131.0,t,0.84,t,156.0,f,,other,R,841101024,1
64.0,F,t,f,f,f,f,f,f,f,f,f,f,f,f,f,t,0.15,t,1.3,t,141.0,t,0.89,t,158.0,f,,other,L,841101029,1
43.0,M,t,f,f,f,f,f,t,f,f,f,f,f,f,f,t,1.6,t,1.4,t,101.0,t,0.7,t,144.0,f,,other,-,841101031,0
35.0,M,f,f,f,f,f,f,f,f,t,f,f,f,f,f,t,0.25,t,4.6,t,275.0,t,1.06,t,259.0,f,,other,A,841101037,1
45.0,M,f,t,f,f,f,f,f,f,f,f,f,f,f,f,f,,t,1.5,t,122.0,t,0.93,t,131.0,f,,other,-,841101038,0
78.0,F,f,f,f,f,f,f,f,f,f,f,f,t,f,f,t,1.3,t,1.6,t,100.0,t,1.11,t,90.0,f,,other,-,841101039,0
54.0,M,f,f,f,f,f,f,f,f,f,f,f,f,f,f,t,0.65,t,1.3,t,75.0,t,0.69,t,109.0,f,,SVI,-,841101046,0
71.0,F,f,f,f,f,f,f,f,f,f,f,f,f,f,f,t,0.25,t,1.4,t,106.0,t,0.81,t,131.0,f,,other,-,841101047,0
71.0,,f,f,f,f,f,f,f,f,f,f,f,f,f,f,t,2.6,t,1.2,f,,f,,f,,f,,other,-,841101051,0
71.0,,f,f,f,f,f,f,f,f,f,f,f,f,f,f,t,4.3,t,0.7,f,,f,,f,,f,,other,K,841101052,1
61.0,F,f,f,f,f,f,f,f,f,t,f,f,f,f,f,t,0.25,t,1.3,t,135.0,t,1.15,t,117.0,f,,other,-,841101055,0
72.0,F,f,f,f,f,f,f,f,t,f,f,f,f,f,f,t,1.3,f,,t,96.0,t,0.98,t,99.0,f,,other,-,841102003,0
60.0,M,f,f,f,f,f,f,f,f,f,f,f,f,f,f,t,0.25,f,,t,102.0,t,0.83,t,123.0,f,,other,-,841102004,0
76.0,F,f,f,f,f,f,f,f,f,f,f,f,f,f,f,t,0.25,t,1.6,t,157.0,t,1.08,t,145.0,f,,other,-,841102005,0
76.0,F,f,f,f,f,f,f,f,f,f,f,f,f,f,f,t,0.25,t,1.1,t,142.0,t,0.96,t,148.0,f,,SVI,K,841102006,1
23.0,F,f,f,f,f,f,f,f,f,f,f,f,f,f,f,t,0.25,t,3.3,t,247.0,t,0.93,t,265.0,f,,other,A,841102007,1
23.0,M,f,f,f,f,f,f,f,f,f,f,f,f,f,f,t,0.8,t,1.3,t,119.0,t,0.94,t,126.0,f,,SVI,-,841102008,0
19.0,F,f,f,f,f,f,f,f,f,f,f,f,f,f,f,t,0.25,t,1.1,t,67.0,t,0.99,t,68.0,f,,other,-,841102009,0
56.0,F,f,f,f,f,f,f,f,f,f,f,f,f,f,f,t,0.25,t,3.2,t,268.0,t,1.01,t,266.0,f,,other,A,841102016,1
18.0,F,f,f,f,f,f,f,f,t,f,f,f,f,f,f,t,0.25,t,2.5,t,269.0,t,1.63,t,165.0,f,,STMW,-,841102030,0
34.0,F,f,f,f,f,f,f,f,f,f,f,f,f,f,f,t,0.9,t,2.3,t,122.0,t,1.1,t,111.0,f,,STMW,-,841102031,0
34.0,F,f,f,f,f,f,f,f,f,f,f,f,f,f,f,t,0.9,t,2.5,t,143.0,t,1.24,t,114.0,f,,other,-,841102034,0
67.0,F,t,f,f,f,f,f,t,f,f,f,f,f,f,f,t,3.8,f,,t,116.0,t,1.34,t,87.0,f,,other,I,841102035,1
65.0,M,f,f,f,f,f,f,f,f,f,f,f,f,f,f,t,0.25,t,0.9,t,78.0,t,0.67,t,116.0,f,,SVI,K,841102040,1
64.0,F,f,f,f,f,f,f,f,t,f,f,f,f,f,f,t,1.3,t,1.7,t,127.0,t,1.12,t,113.0,f,,other,-,841102041,0
30.0,F,f,f,f,f,f,f,f,f,f,f,f,t,f,f,t,0.25,t,1.5,t,108.0,t,1.06,t,102.0,f,,STMW,-,841105003,0
74.0,M,f,f,f,f,f,f,f,f,f,f,f,f,f,f,t,0.25,t,1.4,t,113.0,t,0.84,t,136.0,f,,SVI,-,841105007,0
79.0,F,f,f,f,f,f,f,f,t,f,f,f,f,f,f,t,200.0,t,0.4,t,10.0,t,1.19,t,9.0,f,,SVI,F,841105008,1
73.0,M,f,f,f,f,f,f,f,f,f,f,f,f,f,f,t,0.25,t,1.3,t,127.0,t,0.81,t,156.0,f,,SVI,R,841105009,1
74.0,F,f,f,f,f,f,f,f,f,f,f,f,f,f,f,t,0.25,t,2.3,t,176.0,t,1.36,t,129.0,f,,SVI,I,841105010,1
64.0,F,t,f,f,f,f,f,f,f,f,f,f,f,f,f,t,0.25,t,2.3,t,202.0,t,0.93,t,217.0,f,,other,N,841105011,1
62.0,F,f,f,f,f,f,f,f,f,f,f,f,f,f,f,t,0.25,t,1.2,t,186.0,t,0.88,t,212.0,f,,SVI,AK,841105012,1
62.0,F,f,f,f,f,f,f,f,f,f,f,f,f,f,f,t,0.25,t,1.7,t,93.0,t,0.96,t,97.0,f,,SVI,-,841105014,0
62.0,F,f,f,f,f,f,f,f,t,f,f,f,f,f,f,t,1.4,t,1.5,t,98.0,t,0.99,t,99.0,f,,other,-,841105017,0
66.0,F,f,f,f,f,f,f,f,f,f,f,f,f,f,f,t,0.25,t,1.2,t,112.0,t,0.85,t,132.0,f,,SVI,-,841105018,0
36.0,M,f,f,f,t,f,f,f,f,f,f,f,f,f,f,t,0.25,t,1.6,t,79.0,t,0.9,t,88.0,f,,SVI,-,841105019,0
36.0,,f,f,f,f,f,f,f,f,f,f,f,f,f,f,t,0.25,t,1.1,t,131.0,t,0.93,t,141.0,f,,SVI,K,841105020,1
35.0,F,f,f,f,f,f,f,f,f,f,f,f,f,f,f,f,,f,,t,101.0,t,1.06,t,96.0,f,,other,-,841105021,0
85.0,F,f,f,f,f,f,f,f,t,f,f,f,f,f,f,t,85.0,t,0.7,t,70.0,t,0.93,t,75.0,f,,SVI,GK,841105032,1
36.0,M,f,f,f,f,f,f,f,f,t,f,f,f,f,f,t,0.1,t,2.0,t,95.0,t,0.93,t,102.0,f,,other,-,841105045,0
33.0,F,t,f,f,f,f,f,f,f,f,f,f,f,f,f,f,,t,1.5,t,99.0,t,0.94,t,106.0,f,,other,-,841105051,0
62.0,F,f,f,f,f,f,f,f,f,t,f,f,t,f,f,t,0.15,t,1.4,t,64.0,t,0.97,t,66.0,f,,other,-,841105052,0
62.0,,f,f,f,f,f,f,f,f,f,f,f,f,f,f,f,,f,,t,97.0,t,0.28,t,347.0,f,,other,A,841105054,1
27.0,M,f,f,f,f,f,f,f,f,f,f,f,f,f,f,t,0.15,t,1.3,t,155.0,t,0.89,t,174.0,f,,other,AK,841105057,1
27.0,F,f,f,f,f,f,f,f,f,f,f,f,f,f,f,t,0.15,t,1.4,t,106.0,t,0.99,t,107.0,f,,SVI,-,841105061,0
70.0,F,f,f,f,f,f,f,f,f,f,f,f,f,f,f,t,5.9,t,0.4,t,48.0,t,0.71,t,68.0,f,,SVI,-,841105063,0
71.0,F,f,f,f,f,f,f,f,f,f,f,f,f,f,f,t,0.5,t,1.3,t,130.0,t,1.03,t,126.0,f,,SVI,-,841105065,0
67.0,F,f,f,f,f,f,f,f,f,f,f,f,f,f,f,t,0.5,t,2.2,t,117.0,t,0.95,t,124.0,f,,SVI,-,841105066,0
45.0,F,t,f,f,f,f,f,f,f,f,f,f,f,f,f,t,0.25,t,1.9,t,128.0,t,1.0,t,128.0,f,,other,-,841105070,0
70.0,M,f,f,f,f,f,f,t,f,f,f,f,f,f,f,t,3.2,f,,t,70.0,t,0.68,t,104.0,f,,other,-,841106009,0
30.0,F,t,f,f,f,f,t,f,f,f,f,f,f,f,f,t,0.15,t,2.7,t,216.0,t,1.68,t,128.0,f,,STMW,-,841106011,0
61.0,F,t,f,f,f,f,f,f,f,f,f,f,f,f,f,t,0.15,f,,t,183.0,t,0.93,t,197.0,f,,other,N,841106012,1
29.0,F,f,f,f,f,f,f,f,f,f,f,f,f,f,f,t,0.5,t,1.6,t,95.0,t,0.8,t,119.0,f,,other,-,841106014,0
40.0,F,f,f,f,f,f,f,f,f,f,f,f,f,f,f,t,0.7,t,1.7,t,127.0,t,0.93,t,136.0,f,,other,-,841106016,0
60.0,M,f,f,f,f,f,f,f,f,f,f,f,f,f,f,t,0.6,t,3.2,t,95.0,t,1.12,t,84.0,f,,other,R,841106018,1
56.0,F,f,f,f,f,f,f,f,f,t,f,f,f,f,f,f,,t,1.4,t,77.0,t,0.88,t,88.0,f,,other,-,841106026,0
22.0,F,f,f,f,f,f,f,f,f,f,f,f,f,f,f,t,0.15,t,1.9,t,93.0,t,0.78,t,119.0,f,,SVHC,-,841106028,0
64.0,F,t,f,f,f,f,f,f,f,f,f,f,f,f,f,t,3.4,f,,t,113.0,t,1.1,t,102.0,f,,other,-,841106036,0
75.0,F,f,f,f,f,f,f,f,f,f,f,f,f,f,f,t,0.2,t,1.3,t,115.0,t,1.04,t,110.0,f,,other,-,841106039,0
75.0,F,f,f,f,f,f,f,f,f,f,f,f,f,f,f,t,4.0,t,1.8,t,82.0,t,1.0,t,82.0,f,,SVI,-,841106041,0
59.0,F,t,f,f,f,f,f,f,f,f,f,f,f,f,f,t,0.15,t,1.9,t,143.0,t,1.0,t,143.0,f,,other,-,841106043,0
59.0,F,f,f,f,f,f,f,f,f,f,f,f,f,f,f,t,0.15,t,2.1,t,89.0,t,0.96,t,97.0,f,,other,-,841106044,0
59.0,M,f,f,f,f,f,f,f,f,f,f,f,f,f,f,t,0.15,t,1.6,t,123.0,t,0.99,t,124.0,f,,SVI,-,841106045,0
85.0,F,f,f,f,f,f,f,f,t,f,f,f,f,f,f,t,86.0,t,0.6,t,69.0,t,0.92,t,75.0,f,,SVI,GK,841106046,1
32.0,F,t,f,f,f,t,f,f,f,f,f,f,f,f,f,f,,f,,f,,f,,f,,t,50.0,other,S,841106050,1
59.0,F,f,f,f,t,f,f,f,f,f,f,f,f,f,f,t,0.15,t,2.4,t,113.0,t,1.23,t,91.0,f,,other,-,841107001,0
59.0,F,f,f,f,f,f,f,f,f,f,f,f,f,f,f,t,0.5,t,2.3,t,116.0,t,1.11,t,104.0,f,,other,-,841107019,0
59.0,F,f,f,f,f,f,f,f,f,f,f,f,f,f,f,f,,t,1.8,t,72.0,f,,f,,f,,SVI,-,841107020,0
66.0,F,f,f,f,f,f,f,f,f,f,f,f,f,f,f,t,0.15,t,2.3,t,105.0,t,0.96,t,110.0,f,,other,-,841107021,0
49.0,M,f,f,f,f,f,f,f,f,f,f,f,f,f,f,t,0.7,t,1.9,t,106.0,t,0.97,t,109.0,f,,SVI,-,841107052,0
79.0,F,f,f,f,f,f,f,f,f,f,f,f,f,f,f,t,19.0,t,1.3,t,69.0,t,0.99,t,70.0,f,,SVI,G,841107053,1
61.0,M,f,f,f,f,f,f,f,f,f,f,f,f,f,f,t,0.1,t,2.1,t,106.0,t,0.99,t,107.0,f,,SVI,-,841107054,0
32.0,F,t,f,f,f,f,f,f,f,f,f,f,t,f,f,t,0.1,f,,t,107.0,t,0.93,t,115.0,f,,other,-,841107061,0
52.0,F,f,f,f,t,f,f,f,f,f,f,f,f,f,f,t,0.1,t,2.0,t,98.0,t,1.15,t,85.0,f,,other,-,841107089,0
37.0,F,f,f,f,f,f,t,f,f,t,f,f,f,f,f,f,,f,,f,,f,,f,,t,18.0,other,-,841107091,0
37.0,F,f,f,f,f,f,f,f,t,f,f,f,f,f,f,t,2.3,t,2.2,t,126.0,t,1.28,t,99.0,f,,other,-,841108025,0
70.0,F,f,f,f,f,f,f,f,f,f,f,f,f,f,f,t,6.3,t,1.3,t,125.0,t,1.07,t,117.0,f,,other,G,841108026,1
70.0,F,f,f,f,f,f,f,f,f,f,f,f,f,f,f,t,0.15,f,,t,100.0,t,1.02,t,98.0,f,,other,-,841108027,0
70.0,M,f,f,f,f,f,f,f,f,f,f,f,f,f,f,t,0.15,t,2.1,t,89.0,t,1.01,t,88.0,f,,other,-,841108028,0
28.0,F,f,f,f,f,f,f,f,f,f,f,f,f,f,f,t,0.1,t,1.6,t,79.0,t,1.07,t,74.0,f,,other,-,841108029,0
28.0,F,f,f,f,f,f,f,f,f,f,f,f,f,f,f,t,0.9,f,,t,89.0,t,0.92,t,97.0,f,,other,-,841108030,0
28.0,F,f,f,f,f,f,f,f,f,f,f,f,f,f,f,t,0.6,t,2.4,t,112.0,t,1.26,t,88.0,f,,other,-,841108032,0
85.0,F,f,f,f,f,f,f,f,t,f,f,f,f,f,f,t,50.0,t,0.6,t,74.0,t,0.92,t,81.0,f,,SVI,GK,841108045,1
73.0,F,f,f,f,f,f,f,f,f,f,f,f,t,f,f,t,3.1,t,1.4,t,104.0,t,1.12,t,93.0,f,,SVI,-,841108046,0
59.0,M,f,f,f,f,f,f,f,f,f,f,f,f,f,f,t,0.1,t,1.8,t,126.0,t,1.29,t,98.0,f,,SVI,-,841108047,0
74.0,M,f,f,f,f,f,f,f,f,f,f,f,f,f,f,t,0.7,t,1.6,t,90.0,t,0.87,t,103.0,f,,SVI,-,841108048,0
36.0,M,f,f,f,f,f,f,f,f,f,f,f,f,f,f,t,0.1,t,2.2,t,111.0,t,1.16,t,96.0,f,,SVI,-,841108049,0
43.0,M,f,f,f,f,f,f,f,f,f,f,f,f,f,f,t,0.5,t,1.5,t,105.0,t,1.03,t,103.0,f,,SVI,-,841108051,0
22.0,F,f,f,f,f,f,f,f,f,f,f,f,f,f,f,t,0.5,t,1.8,t,109.0,t,0.97,t,113.0,f,,other,-,841108055,0
24.0,F,f,f,f,f,f,f,f,f,f,f,t,f,f,f,f,,f,,t,153.0,t,1.47,t,104.0,f,,other,-,841108056,0
28.0,F,f,f,f,f,f,f,f,t,f,f,f,f,f,f,t,0.1,t,1.9,t,95.0,t,1.01,t,94.0,f,,STMW,-,841108060,0
24.0,F,f,f,f,f,f,f,f,f,f,f,f,f,f,f,f,,f,,f,,f,,f,,t,32.0,other,S,841108072,1
68.0,M,f,f,f,f,f,f,f,f,f,f,f,f,f,f,t,2.5,t,2.1,t,88.0,t,1.11,t,79.0,f,,other,-,841108079,0
64.0,F,t,f,f,t,f,f,f,t,f,f,f,f,f,f,t,0.2,t,1.8,t,146.0,t,1.38,t,106.0,f,,other,-,841108080,0
46.0,F,f,f,f,f,f,f,f,f,f,f,f,f,f,f,t,0.6,t,2.3,t,121.0,t,1.25,t,97.0,f,,other,-,841108081,0
53.0,F,t,f,f,t,f,f,f,f,f,f,f,f,f,f,t,0.4,f,,t,99.0,t,1.01,t,99.0,f,,other,-,841108082,0
53.0,F,f,f,f,f,f,f,t,t,f,f,f,f,f,f,t,34.0,t,1.2,t,44.0,t,1.07,t,41.0,f,,other,P,841108085,1
75.0,F,t,f,f,f,f,f,f,f,f,f,f,f,f,f,t,0.7,t,1.8,t,122.0,t,1.09,t,116.0,f,,other,-,841108087,0
22.0,M,t,f,f,f,f,f,f,f,f,f,f,f,f,f,t,0.15,t,2.0,t,223.0,t,0.96,t,232.0,f,,SVI,N,841108088,1
58.0,F,f,f,f,f,f,f,f,f,f,f,f,f,f,f,t,0.1,f,,t,74.0,t,0.89,t,83.0,f,,other,-,841108089,0
85.0,F,f,f,f,f,f,f,f,f,f,f,f,f,f,f,t,0.4,t,1.1,t,101.0,t,0.88,t,116.0,f,,SVI,K,841108090,1
34.0,M,f,f,f,f,f,f,f,f,f,f,f,f,f,f,t,0.15,t,2.2,t,83.0,t,1.14,t,73.0,f,,SVI,-,841108091,0
58.0,F,f,f,f,f,f,f,f,f,f,f,f,f,f,t,t,0.15,t,1.6,t,97.0,t,1.96,t,101.0,f,,SVI,-,841108092,0
46.0,F,f,f,f,f,f,f,f,f,f,f,f,f,f,f,f,,f,,f,,f,,f,,t,20.0,other,-,841108094,0
62.0,F,f,f,f,t,f,f,f,f,f,f,f,t,f,f,f,,f,,f,,f,,f,,t,30.0,other,-,841108095,0
68.0,F,f,f,f,f,f,f,f,f,f,f,f,f,f,f,f,,f,,f,,f,,f,,t,31.0,other,S,841108100,1
51.0,F,f,f,f,f,f,f,f,f,f,f,f,f,f,f,f,,f,,f,,f,,f,,t,32.0,other,S,841108101,1
20.0,F,f,f,f,f,f,f,f,f,f,f,f,f,f,f,f,,f,,f,,f,,f,,t,41.0,other,S,841108102,1
36.0,F,f,f,f,f,f,f,f,t,f,f,f,t,f,f,f,,f,,f,,f,,f,,t,27.0,other,-,841108103,0
21.0,M,f,f,f,f,f,f,f,f,f,f,f,f,f,f,t,0.2,t,1.8,t,100.0,t,0.84,t,119.0,f,,other,-,841108111,0
43.0,M,f,f,f,f,f,f,t,f,f,f,f,f,f,f,t,16.0,t,1.9,t,63.0,t,1.08,t,57.0,f,,other,F,841108112,1
27.0,F,f,f,f,f,f,f,f,f,f,f,f,f,f,f,t,0.15,t,1.9,t,167.0,t,0.77,t,216.0,f,,other,AK,841108114,1
32.0,M,t,f,f,f,f,f,f,f,f,f,f,f,f,f,t,1.4,t,2.1,t,92.0,t,1.05,t,88.0,f,,other,-,841108116,0
16.0,F,f,f,f,f,f,f,f,f,f,f,f,f,f,f,t,0.15,t,2.0,t,123.0,t,1.18,t,105.0,f,,other,-,841108118,0
38.0,F,f,f,f,f,f,f,f,f,f,f,f,f,f,f,t,0.15,t,1.0,t,77.0,t,0.8,t,96.0,f,,other,-,841108119,0
66.0,F,f,f,f,f,f,f,f,t,f,f,f,f,f,f,t,2.5,f,,t,89.0,t,1.03,t,87.0,f,,other,-,841108121,0
78.0,F,f,f,f,f,f,f,f,f,f,f,f,f,f,f,t,0.15,t,0.7,t,74.0,t,0.74,t,100.0,f,,other,K,841109001,1
33.0,F,f,f,f,f,f,f,f,f,f,f,f,f,f,f,t,0.8,t,1.4,t,102.0,t,0.96,t,106.0,f,,other,-,841109002,0
58.0,F,f,f,f,f,f,f,f,f,f,f,f,f,f,f,t,0.15,f,,t,72.0,t,0.85,t,84.0,f,,other,-,841109003,0
66.0,F,f,f,f,f,f,f,f,f,f,f,f,f,f,f,t,0.15,t,1.6,t,100.0,t,1.06,t,94.0,f,,SVI,-,841109004,0
56.0,M,f,f,f,f,f,f,f,f,f,f,f,f,f,f,t,0.15,f,,t,100.0,t,1.0,t,100.0,f,,other,-,841109006,0
56.0,F,f,f,f,f,f,f,f,f,t,f,f,f,f,f,f,,t,2.2,f,,f,,f,,f,,other,-,841109013,0
56.0,F,f,f,f,f,f,f,f,f,f,f,f,f,f,f,t,0.15,t,1.4,t,118.0,t,0.96,t,122.0,f,,other,-,841109020,0
74.0,F,f,f,f,f,f,f,f,f,f,f,f,f,f,f,t,0.15,t,1.7,t,100.0,t,1.0,t,100.0,f,,SVI,-,841109023,0
31.0,M,f,f,f,f,f,f,f,f,f,f,t,f,f,f,t,0.15,t,1.7,t,132.0,t,1.3,t,101.0,f,,other,-,841109028,0
70.0,M,f,f,f,t,f,f,f,f,f,f,f,f,f,f,t,0.15,t,1.2,t,94.0,t,0.93,t,101.0,f,,SVI,-,841109055,0
70.0,F,f,f,f,f,f,f,f,f,f,f,f,f,f,f,t,3.8,t,1.7,t,79.0,t,0.92,t,85.0,f,,SVI,-,841109056,0
63.0,M,f,f,f,f,f,f,f,f,f,f,f,f,f,f,t,3.0,t,1.2,t,87.0,t,0.9,t,96.0,f,,SVI,-,841109057,0
63.0,F,f,f,f,f,f,f,f,f,f,f,f,f,f,f,t,0.9,t,1.3,t,101.0,t,0.89,t,114.0,f,,SVI,-,841109058,0
72.0,M,f,f,f,f,f,f,f,f,f,f,f,f,f,f,t,2.7,t,1.0,t,80.0,t,1.02,t,78.0,f,,SVI,K,841109059,1
1.0,M,f,f,f,f,f,f,f,f,f,f,f,f,f,f,t,0.8,t,1.5,t,100.0,t,0.93,t,107.0,f,,SVI,-,841109060,0
78.0,F,f,f,f,f,f,f,f,f,f,f,f,f,f,f,t,0.15,t,2.0,t,117.0,t,1.12,t,104.0,f,,SVI,-,841109061,0
54.0,F,f,f,f,f,f,f,f,f,f,f,f,t,f,f,f,,f,,f,,f,,f,,t,30.0,other,-,841109067,0
54.0,F,f,f,f,f,f,f,f,f,f,f,f,t,f,f,f,,f,,f,,f,,f,,t,43.0,other,S,841109068,1
17.0,F,f,f,f,f,f,f,f,f,f,f,f,f,f,f,f,,f,,t,92.0,t,0.96,t,96.0,f,,other,-,841109075,0
75.0,F,f,f,f,f,f,f,f,f,f,f,f,f,f,f,t,0.15,t,1.7,t,94.0,t,0.98,t,96.0,f,,STMW,-,841112001,0
24.0,F,f,f,f,f,t,f,f,f,f,f,f,f,f,f,t,0.15,t,2.8,t,159.0,t,1.39,t,114.0,f,,STMW,-,841112002,0
70.0,F,f,f,f,f,f,f,f,f,f,f,f,f,f,f,t,7.5,t,1.4,t,57.0,f,,f,,f,,other,F,841112005,1
54.0,M,f,f,f,f,f,f,f,f,f,f,f,f,f,f,t,0.15,t,1.7,t,95.0,t,0.89,t,107.0,f,,other,-,841112006,0
37.0,M,f,f,f,f,f,f,f,f,f,f,f,f,f,t,t,0.15,t,1.6,t,119.0,t,1.09,t,109.0,f,,SVHC,-,841112007,0
38.0,F,f,f,f,f,f,f,f,f,f,f,f,f,f,t,t,0.15,t,2.5,t,131.0,t,1.19,t,110.0,f,,SVHC,-,841112008,0
83.0,F,f,f,f,f,f,f,f,f,f,f,f,f,f,f,t,9.4,t,0.6,t,30.0,t,1.02,t,29.0,f,,other,FK,841112012,1
48.0,M,f,t,f,f,f,f,f,f,f,f,f,f,f,f,f,,f,,t,87.0,t,1.28,t,68.0,f,,other,I,841112013,1
59.0,M,f,f,t,f,f,f,f,f,f,f,f,f,f,f,t,0.15,t,4.9,t,116.0,t,0.94,t,123.0,f,,other,B,841112029,1
55.0,F,f,f,f,f,f,f,f,f,f,f,f,f,f,f,t,0.15,t,1.5,t,110.0,t,0.77,t,144.0,f,,SVI,-,841112040,0
72.0,F,f,f,f,f,f,f,f,f,f,f,t,f,f,f,t,0.15,t,2.6,t,110.0,t,1.02,t,107.0,f,,SVI,-,841112042,0
56.0,M,f,f,f,f,f,f,f,f,f,f,f,f,f,f,t,0.1,t,1.7,t,71.0,t,0.84,t,84.0,f,,SVI,-,841112043,0
71.0,F,f,f,f,f,f,f,f,f,f,f,f,f,f,f,t,2.6,t,1.0,t,87.0,t,0.89,t,97.0,f,,SVI,K,841112044,1
86.0,F,f,f,f,f,f,f,f,f,f,f,f,f,f,f,t,0.1,t,1.0,t,65.0,t,0.95,t,69.0,f,,SVI,K,841112045,1
36.0,F,t,f,f,f,f,f,f,f,f,f,f,f,f,f,t,0.1,t,2.2,t,160.0,t,1.43,t,111.0,f,,other,-,841112046,0
49.0,F,f,f,f,f,f,f,f,f,f,f,f,f,f,f,t,0.1,t,2.0,t,99.0,t,0.89,t,111.0,f,,other,-,841112051,0
49.0,M,f,f,f,f,f,f,f,f,f,f,f,f,f,f,f,,t,2.4,f,,f,,f,,f,,other,-,841112053,0
80.0,F,f,f,f,f,f,f,f,f,f,f,f,f,f,f,t,0.4,t,1.5,t,80.0,t,0.99,t,81.0,f,,SVI,-,841113002,0
31.0,M,f,f,f,f,f,f,f,f,f,f,f,f,f,f,t,14.299999,t,1.9,t,111.0,t,1.1,t,101.0,f,,other,G,841113006,1
26.0,M,f,f,f,f,f,f,f,f,f,f,f,f,f,f,t,0.6,t,2.2,t,111.0,t,1.08,t,103.0,f,,other,-,841113016,0
43.0,F,f,f,f,f,f,t,f,f,t,f,f,f,f,f,t,3.7,t,1.2,t,107.0,t,1.23,t,87.0,f,,STMW,-,841113019,0
67.0,F,t,f,f,f,f,f,f,f,f,f,f,f,f,f,t,0.1,f,,t,120.0,t,0.9,t,134.0,f,,other,-,841113030,0
25.0,M,f,f,f,f,f,f,f,f,t,f,f,f,f,f,t,0.1,t,3.3,t,164.0,t,0.95,t,172.0,f,,other,A,841113033,1
78.0,M,f,f,f,f,f,f,f,f,t,f,f,f,f,f,t,0.1,t,1.8,t,107.0,t,0.86,t,124.0,f,,other,-,841113034,0
58.0,M,f,f,f,f,f,f,f,f,f,f,f,f,f,f,t,0.1,t,2.1,t,111.0,t,1.03,t,108.0,f,,other,-,841113035,0
37.0,F,f,f,f,f,f,f,f,f,f,f,f,f,f,f,f,,t,2.6,f,,f,,f,,f,,other,-,841113044,0
37.0,F,f,f,f,f,f,f,f,f,t,f,f,f,f,f,f,,t,2.3,f,,f,,f,,f,,other,-,841113049,0
43.0,F,f,f,f,f,f,f,f,f,t,f,f,f,f,f,t,0.1,t,1.8,t,117.0,t,1.1,t,107.0,f,,other,-,841113051,0
62.0,M,f,t,f,f,f,f,f,f,f,f,f,f,f,f,t,4.6,f,,t,135.0,t,1.02,t,132.0,f,,other,-,841113052,0
16.0,M,f,f,f,f,f,f,f,f,f,f,f,f,f,f,t,0.7,t,1.1,t,99.0,t,0.75,t,133.0,f,,SVI,K,841113057,1
77.0,M,f,f,f,f,f,f,f,f,f,f,f,f,f,f,t,7.3,t,1.2,t,57.0,t,1.28,t,44.0,f,,SVI,F,841113058,1
77.0,M,f,f,f,f,f,f,f,f,f,f,f,f,f,f,t,0.9,t,1.5,t,86.0,t,0.98,t,88.0,f,,SVHC,-,841113059,0
77.0,M,f,f,f,f,f,f,f,f,f,f,f,f,f,f,t,0.1,t,1.8,t,98.0,t,1.0,t,98.0,f,,SVI,-,841113060,0
77.0,F,f,f,f,f,f,f,f,f,f,f,f,f,f,f,t,0.1,t,0.9,t,105.0,t,0.9,t,117.0,f,,SVI,K,841113061,1
60.0,F,f,f,f,f,f,f,f,f,f,f,f,f,f,f,t,1.5,t,2.1,t,74.0,t,1.11,t,67.0,f,,SVI,-,841113062,0
53.0,M,f,f,f,f,f,f,f,f,f,f,f,f,f,f,t,0.6,t,1.9,t,112.0,t,1.02,t,109.0,f,,other,-,841113063,0
53.0,,f,f,f,f,f,f,f,f,f,f,f,f,f,f,t,0.1,t,1.0,t,83.0,t,0.73,t,115.0,f,,SVI,K,841113064,1
56.0,M,f,f,f,f,f,f,f,f,f,f,f,f,f,f,t,0.1,t,1.7,t,80.0,t,0.96,t,83.0,f,,SVI,-,841113066,0
63.0,M,f,f,f,f,f,f,f,f,f,f,f,f,f,f,t,0.6,t,1.5,t,93.0,t,0.9,t,104.0,f,,SVI,-,841113067,0
37.0,M,t,f,f,f,f,f,f,f,f,f,f,f,f,f,t,0.1,t,2.1,t,118.0,t,0.76,t,155.0,f,,other,-,841113068,0
63.0,M,f,t,f,f,f,f,f,f,f,f,f,f,f,f,t,0.1,t,2.1,t,99.0,t,0.92,t,107.0,f,,other,-,841113071,0
63.0,F,f,f,f,t,f,f,f,f,f,f,f,f,f,f,t,5.5,t,1.7,t,103.0,t,0.96,t,107.0,f,,other,-,841114001,0
45.0,F,f,f,f,f,f,f,f,f,f,f,f,f,f,f,f,,t,1.7,t,102.0,t,0.9,t,113.0,f,,other,-,841114002,0
45.0,M,f,f,f,f,f,f,f,f,f,f,f,f,f,f,t,2.1,t,2.1,t,96.0,t,0.88,t,108.0,f,,other,-,841114006,0
83.0,M,f,f,f,f,f,f,f,f,f,f,f,f,f,f,t,0.1,t,1.3,t,100.0,t,0.91,t,110.0,f,,other,-,841114007,0
82.0,F,f,f,f,f,f,f,f,f,f,f,f,f,f,f,t,0.1,t,4.3,t,147.0,t,1.06,t,139.0,f,,other,B,841114008,1
86.0,F,f,f,f,f,f,f,f,f,f,f,f,f,f,f,t,0.1,t,1.5,t,144.0,t,0.8,t,178.0,f,,other,R,841114009,1
86.0,F,f,f,f,t,f,f,f,t,f,f,f,f,f,f,t,0.6,t,1.3,t,135.0,t,1.16,t,117.0,f,,other,-,841114010,0
87.0,F,f,f,f,f,f,f,f,f,f,f,f,f,f,f,t,0.1,t,1.1,t,105.0,t,1.02,t,103.0,f,,other,K,841114011,1
44.0,M,t,f,f,f,f,f,f,f,f,f,f,f,f,f,f,,f,,t,91.0,t,0.9,t,101.0,f,,other,-,841114016,0
34.0,F,f,f,f,f,f,f,f,f,f,f,f,f,f,f,t,49.0,t,0.4,t,9.0,t,1.05,t,9.0,f,,other,F,841114017,1
31.0,F,f,f,f,f,t,f,f,f,f,f,f,f,f,f,t,0.3,t,2.1,t,178.0,t,1.68,t,106.0,f,,STMW,-,841114019,0
17.0,F,f,f,f,t,f,f,f,f,t,f,f,f,f,f,t,0.3,t,2.8,t,147.0,t,1.28,t,116.0,f,,other,-,841114028,0
40.0,F,f,f,f,f,f,f,f,f,t,f,f,f,f,f,f,,f,,f,,f,,f,,t,28.0,other,-,841114059,0
80.0,M,f,f,f,f,f,f,f,f,f,f,f,f,f,f,t,0.1,t,1.0,t,141.0,t,0.91,t,154.0,f,,SVI,K,841114068,1
37.0,M,f,f,f,f,f,f,f,f,f,f,f,f,f,f,t,0.9,t,1.4,t,118.0,t,0.91,t,129.0,f,,SVHC,-,841114069,0
45.0,F,f,f,f,f,f,f,f,f,f,f,f,f,f,f,t,0.1,t,1.6,t,125.0,t,0.95,t,132.0,f,,SVHC,-,841114070,0
52.0,F,f,f,f,f,f,f,f,f,f,f,f,f,f,f,t,4.6,t,1.7,t,84.0,t,0.67,t,127.0,f,,SVI,-,841114071,0
52.0,F,f,f,f,f,f,f,f,f,f,f,f,f,f,f,t,1.8,t,1.4,t,83.0,t,0.99,t,84.0,f,,SVI,-,841114072,0
53.0,F,f,f,f,f,f,f,f,f,f,f,f,f,f,f,t,2.8,t,1.4,t,63.0,t,0.48,t,133.0,f,,SVI,-,841114073,0
59.0,F,f,f,f,f,f,f,f,f,f,f,f,f,f,f,t,3.8,t,1.8,t,91.0,t,0.83,t,111.0,f,,SVI,-,841114074,0
44.0,F,f,f,f,f,f,f,f,f,f,f,f,f,f,f,t,0.8,t,1.2,t,85.0,t,0.94,t,91.0,f,,SVI,-,841114075,0
37.0,F,f,f,f,f,f,f,f,f,f,f,f,f,f,f,t,1.1,t,2.2,t,103.0,t,0.98,t,105.0,f,,SVI,-,841114077,0
41.0,M,f,f,f,f,f,f,f,f,f,f,f,f,f,f,t,0.1,t,6.2,t,207.0,t,0.89,t,232.0,f,,other,A,841115003,1
46.0,F,t,f,f,f,f,f,f,t,f,f,f,f,f,f,t,0.1,t,2.0,t,197.0,t,1.19,t,165.0,f,,other,N,841115004,1
39.0,M,f,f,f,f,f,f,f,f,f,f,f,f,f,f,t,0.1,t,2.5,t,125.0,t,0.98,t,128.0,f,,other,-,841115006,0
27.0,F,f,f,f,f,f,f,f,f,f,f,f,f,f,f,t,1.5,f,,t,152.0,t,1.41,t,108.0,f,,other,-,841115007,0
50.0,M,t,f,f,f,f,f,f,f,f,f,f,f,f,f,t,6.2,t,1.8,t,118.0,t,1.09,t,109.0,f,,other,M,841115008,1
31.0,F,f,f,f,f,f,f,f,f,f,f,f,f,f,f,t,0.3,t,2.2,t,118.0,t,1.01,t,117.0,f,,other,-,841115009,0
68.0,F,t,f,f,f,f,f,f,f,f,f,f,f,f,f,t,0.1,f,,t,186.0,t,1.1,t,169.0,f,,other,L,841115010,1
51.0,F,t,f,f,f,f,f,f,t,f,f,f,f,f,f,t,2.5,t,1.9,t,116.0,t,1.09,t,106.0,f,,other,-,841115011,0
51.0,M,f,f,f,f,f,f,f,f,f,f,f,f,f,f,t,0.1,t,2.7,t,109.0,t,0.95,t,116.0,f,,SVI,-,841115013,0
40.0,F,t,f,f,f,f,f,f,f,f,f,f,f,f,f,t,0.1,f,,t,167.0,t,1.04,t,160.0,f,,other,L,841115014,1
14.0,F,f,f,f,f,f,f,f,f,t,f,f,f,f,f,f,,t,3.1,t,102.0,t,1.06,t,96.0,f,,other,-,841115015,0
39.0,M,f,f,f,f,f,f,f,f,t,f,f,f,f,f,t,0.2,f,,t,82.0,t,0.79,t,105.0,f,,other,-,841115016,0
51.0,M,f,f,f,f,f,f,t,f,t,f,f,f,f,f,t,0.1,t,1.7,t,90.0,t,0.7,t,129.0,f,,other,-,841115018,0
26.0,F,f,f,t,f,f,f,f,f,t,f,f,f,f,f,t,5.5,f,,t,124.0,t,1.02,t,121.0,f,,other,-,841115019,0
73.0,F,t,f,f,f,f,f,t,f,f,f,f,f,f,f,t,0.1,t,2.5,t,156.0,t,0.95,t,120.0,f,,other,-,841115020,0
73.0,M,f,f,f,f,f,f,f,f,f,f,f,f,f,f,t,2.5,t,1.3,t,108.0,t,0.73,t,147.0,f,,SVI,-,841115025,0
67.0,F,t,f,f,f,f,f,t,f,f,f,f,f,f,f,t,0.1,f,,t,113.0,t,1.15,t,98.0,f,,other,-,841115026,0
63.0,F,t,f,f,f,f,f,t,t,f,f,f,f,f,f,t,0.1,t,1.5,t,152.0,t,1.2,t,127.0,f,,other,-,841115028,0
27.0,F,f,f,t,f,f,f,f,f,t,f,f,f,f,f,t,2.3,t,2.5,t,70.0,t,1.02,t,68.0,f,,other,-,841115029,0
19.0,F,f,f,f,f,f,f,f,f,f,f,f,f,f,f,t,6.0,t,1.4,t,106.0,t,1.13,t,94.0,f,,other,-,841115033,0
64.0,F,t,f,f,f,f,f,f,f,f,f,f,f,f,f,t,0.8,t,1.2,t,129.0,t,1.03,t,125.0,f,,other,-,841115034,0
40.0,F,t,f,f,f,f,f,f,f,f,f,f,f,f,f,t,0.1,f,,t,194.0,t,1.04,t,186.0,f,,other,N,841115035,1
40.0,F,f,f,f,f,f,f,f,f,f,f,f,f,f,f,t,2.0,t,1.7,t,99.0,t,0.82,t,109.0,f,,SVI,-,841115036,0
59.0,F,f,f,f,f,f,f,f,f,f,f,f,f,f,f,t,0.1,t,1.6,t,117.0,t,1.04,t,113.0,f,,SVI,-,841115037,0
59.0,F,f,f,f,f,f,f,f,f,f,f,f,f,f,f,t,0.1,t,1.6,t,108.0,t,1.06,t,101.0,f,,SVI,-,841115038,0
36.0,F,f,f,f,t,f,f,f,f,f,f,f,f,f,f,t,0.6,t,0.9,t,87.0,t,0.59,t,148.0,f,,SVI,K,841115042,1
36.0,M,f,f,f,f,f,f,f,f,f,f,f,f,f,f,t,2.0,t,1.2,t,81.0,t,0.82,t,98.0,f,,SVI,-,841115043,0
38.0,F,f,f,f,f,f,f,f,f,f,f,f,f,f,f,t,0.6,t,1.9,t,95.0,f,,f,,f,,other,-,841115044,0
24.0,M,f,f,f,f,f,f,f,f,t,f,f,f,f,f,t,0.1,t,2.5,t,72.0,t,0.78,t,92.0,f,,other,-,841115074,0
68.0,F,f,f,f,f,f,f,f,f,f,f,f,f,f,f,f,,f,,f,,f,,f,,t,31.0,other,S,841115084,1
34.0,F,f,f,f,f,f,f,f,f,f,f,f,t,f,f,f,,f,,f,,f,,f,,t,21.0,other,-,841115085,0
77.0,F,t,f,f,f,f,f,f,f,f,f,f,f,f,f,t,5.0,t,1.9,t,116.0,t,1.08,t,108.0,f,,other,-,841115090,0
77.0,F,f,f,f,f,f,f,f,t,f,f,f,f,f,f,t,3.4,t,1.4,t,105.0,t,0.99,t,106.0,f,,other,-,841115095,0
59.0,F,f,f,f,f,f,f,f,f,f,f,f,f,f,f,f,,f,,t,160.0,t,0.85,t,188.0,f,,other,A,841115096,1
61.0,F,f,f,f,f,f,f,f,f,f,f,f,f,f,f,f,,f,,t,91.0,t,0.75,t,122.0,f,,other,-,841115099,0
39.0,F,f,f,f,f,f,f,f,f,f,f,f,f,f,f,f,,f,,f,,f,,f,,t,21.0,other,-,841115108,0
26.0,F,f,f,f,f,f,f,f,f,f,f,f,f,f,f,t,0.9,t,2.1,t,139.0,f,,f,,f,,other,-,841116017,0
47.0,F,f,f,f,t,f,f,f,f,f,f,f,f,f,f,t,0.7,t,1.4,t,76.0,t,0.76,t,99.0,f,,other,-,841116019,0
30.0,F,t,f,f,f,t,f,f,f,f,f,f,f,f,f,t,0.4,t,2.9,t,217.0,t,1.62,t,133.0,f,,STMW,I,841116020,1
50.0,F,f,t,f,f,f,f,f,f,f,f,f,f,f,f,f,,f,,t,122.0,t,0.75,t,162.0,f,,other,-,841116027,0
60.0,M,f,f,f,f,f,f,f,f,f,f,f,f,f,t,t,4.0,t,1.9,t,78.0,t,0.91,t,86.0,f,,SVHC,-,841116051,0
37.0,M,f,f,f,f,f,f,f,f,f,f,f,f,f,f,t,0.7,t,1.5,t,69.0,t,0.63,t,110.0,f,,SVHC,-,841116052,0
37.0,F,f,f,f,f,f,f,f,f,f,f,f,f,f,f,t,1.5,t,2.4,t,106.0,t,0.86,t,123.0,f,,SVHC,-,841116053,0
28.0,M,f,f,f,t,f,f,f,f,f,f,f,f,f,f,t,1.2,t,2.2,t,102.0,f,,f,,f,,other,-,841116055,0
64.0,F,f,f,f,f,f,f,f,f,f,f,f,f,f,f,t,0.9,t,1.8,t,94.0,t,0.93,t,101.0,f,,SVI,-,841116056,0
36.0,F,f,f,f,f,f,f,f,t,f,f,f,f,f,f,f,,t,1.9,t,161.0,f,,f,,f,,other,-,841116064,0
38.0,M,f,f,f,f,f,f,f,f,f,f,f,f,f,f,t,0.1,t,2.2,t,96.0,t,0.78,t,124.0,f,,SVI,-,841119005,0
38.0,M,f,f,f,f,f,f,f,f,f,f,f,f,f,f,t,0.6,t,1.9,t,98.0,t,1.1,t,89.0,f,,other,-,841119006,0
22.0,F,t,f,f,f,f,f,t,f,f,f,f,f,f,f,t,0.1,f,,t,129.0,t,0.83,t,155.0,f,,other,-,841119008,0
51.0,F,f,f,f,f,f,f,f,f,f,f,f,f,f,f,t,82.0,t,0.6,t,10.0,t,0.94,t,10.0,f,,other,F,841119012,1
36.0,F,f,f,f,f,f,f,t,f,f,f,f,f,f,f,t,4.4,f,,t,90.0,t,1.01,t,89.0,f,,other,-,841119027,0
29.0,F,f,f,f,f,f,f,f,f,f,f,f,f,f,f,f,,f,,t,100.0,t,1.04,t,97.0,f,,other,-,841119029,0
31.0,F,f,f,f,f,f,f,f,f,f,f,f,f,f,t,t,1.6,t,1.5,t,100.0,t,0.88,t,113.0,f,,SVHC,-,841119032,0
60.0,M,f,f,f,f,f,f,f,f,f,f,f,f,f,f,t,2.2,t,2.1,t,109.0,t,1.1,t,99.0,f,,SVI,-,841119033,0
80.0,F,f,f,f,f,f,f,f,f,f,f,f,f,f,f,t,0.4,t,1.0,t,101.0,t,1.01,t,100.0,f,,other,K,841119034,1
42.0,F,f,f,f,f,f,f,f,f,f,f,f,f,f,f,t,0.1,t,2.5,t,112.0,t,1.04,t,108.0,f,,SVI,-,841119035,0
42.0,M,f,f,f,f,f,f,f,f,f,f,f,f,f,f,t,1.0,t,2.0,t,113.0,t,0.9,t,125.0,f,,other,-,841119036,0
1.0,F,f,f,f,f,f,f,f,f,f,f,f,f,f,f,t,0.8,t,1.6,t,110.0,t,0.77,t,143.0,f,,SVI,-,841119049,0
71.0,F,f,f,f,f,f,t,f,f,f,f,f,f,f,f,t,2.3,t,1.8,t,111.0,t,1.03,t,108.0,f,,other,-,841119053,0
71.0,F,f,f,f,f,f,f,f,f,f,f,f,f,f,f,t,77.0,t,0.3,t,18.0,t,1.06,t,17.0,f,,other,F,841119054,1
76.0,F,f,f,f,f,f,f,f,t,f,f,f,f,f,f,t,34.0,t,1.7,t,61.0,t,0.88,t,70.0,f,,other,G,841120013,1
20.0,F,f,f,f,f,f,f,f,t,f,f,f,f,f,f,t,92.0,f,,t,39.0,t,1.21,t,32.0,f,,other,F,841120024,1
38.0,F,t,f,f,f,f,f,f,f,f,f,f,f,f,f,t,0.05,f,,t,90.0,t,0.95,t,95.0,f,,other,-,841120025,0
78.0,F,t,f,f,f,f,f,f,f,f,f,f,f,f,f,t,4.0,f,,t,84.0,t,0.89,t,95.0,f,,other,-,841120026,0
23.0,F,f,f,f,f,f,f,f,f,f,f,f,f,f,f,f,,f,,t,64.0,t,0.86,t,74.0,f,,other,-,841120042,0
43.0,F,f,f,f,f,f,f,f,f,f,f,f,f,f,f,t,0.9,t,2.1,t,94.0,t,1.0,t,94.0,f,,SVI,-,841120045,0
54.0,F,f,f,f,f,f,f,f,f,f,f,f,f,f,f,t,5.1,t,1.5,t,66.0,t,0.72,t,92.0,f,,other,-,841120046,0
73.0,M,f,f,f,f,f,f,f,f,f,f,f,f,f,f,t,0.05,t,1.0,t,135.0,t,0.87,t,154.0,f,,SVI,K,841120047,1
21.0,F,f,f,f,f,f,f,f,f,f,f,f,f,f,f,t,0.5,t,1.8,t,104.0,t,0.97,t,108.0,f,,other,-,841120049,0
78.0,M,f,f,f,f,f,f,f,f,f,f,f,f,f,f,t,2.4,t,1.4,t,65.0,t,0.87,t,75.0,f,,SVI,-,841120051,0
85.0,F,t,f,f,f,f,f,f,t,f,f,f,f,f,f,t,13.0,t,0.6,t,113.0,t,0.86,t,131.0,f,,SVI,MK,841120052,1
15.0,F,f,f,f,f,f,f,f,f,f,f,f,f,f,f,f,,f,,f,,f,,f,,t,23.0,other,-,841120069,0
22.0,F,f,f,f,f,t,f,f,f,f,f,f,f,f,f,t,0.15,t,2.0,t,87.0,t,0.9,t,98.0,f,,STMW,-,841121004,0
22.0,,f,f,f,f,f,f,f,f,f,f,f,f,f,f,t,0.1,t,1.6,t,88.0,t,0.8,t,111.0,f,,other,-,841121005,0
55.0,M,f,t,f,f,f,f,f,f,f,f,f,f,f,f,t,0.05,t,1.5,t,89.0,t,0.72,t,124.0,f,,other,-,841121006,0
33.0,F,f,f,f,f,f,f,f,f,f,f,f,f,f,f,t,0.05,t,1.7,t,109.0,t,0.8,t,137.0,f,,SVHC,-,841121007,0
33.0,M,f,f,f,f,f,f,f,f,f,f,f,f,f,f,t,0.3,t,1.6,t,104.0,f,,f,,f,,other,-,841121011,0
76.0,F,f,f,f,f,f,f,f,f,f,f,f,f,f,f,t,1.2,t,1.6,t,111.0,t,0.97,t,114.0,f,,other,-,841121017,0
18.0,M,t,f,f,f,f,f,f,t,f,f,f,f,f,f,t,2.5,t,2.7,t,131.0,t,0.89,t,149.0,f,,other,-,841121022,0
41.0,F,f,f,f,f,f,f,f,f,f,f,f,f,f,f,t,0.2,t,1.2,t,86.0,t,0.75,t,116.0,f,,other,-,841121028,0
57.0,M,f,f,f,f,f,f,f,f,f,f,f,f,f,f,t,0.05,t,3.7,t,244.0,t,0.95,t,256.0,f,,SVI,A,841121047,1
57.0,M,f,f,f,t,f,f,f,f,f,f,f,f,f,f,t,0.6,t,1.3,t,93.0,t,0.78,t,118.0,f,,SVI,-,841121050,0
89.0,M,f,f,f,f,f,f,f,f,f,f,f,f,f,f,t,1.3,t,0.9,t,82.0,t,0.8,t,103.0,f,,SVI,K,841121051,1
60.0,M,f,f,f,f,f,f,f,f,f,f,f,f,f,f,t,1.2,t,1.6,t,103.0,t,1.07,t,96.0,f,,SVI,-,841121053,0
50.0,M,f,f,f,f,f,f,f,f,f,f,f,f,f,f,t,0.7,t,1.4,t,71.0,t,0.79,t,91.0,f,,SVI,-,841121054,0
78.0,M,f,f,f,f,f,f,f,f,f,f,f,f,f,f,t,2.2,t,1.0,t,73.0,t,0.66,t,109.0,f,,SVI,K,841121055,1
38.0,M,f,f,f,f,f,f,f,f,f,f,f,f,f,f,t,1.6,t,1.8,t,84.0,t,0.95,t,89.0,f,,SVHC,-,841121056,0
50.0,F,f,f,f,f,f,f,f,f,f,f,f,f,f,t,t,0.2,t,1.4,t,109.0,t,0.82,t,134.0,f,,SVHC,-,841121058,0
76.0,F,f,f,f,f,f,f,f,f,f,f,f,f,f,t,t,0.3,t,0.9,t,80.0,t,0.56,t,144.0,f,,SVHC,K,841121059,1
79.0,F,f,f,f,f,f,f,f,f,f,f,f,f,f,t,t,1.3,t,1.6,t,94.0,t,0.84,t,112.0,f,,SVHC,-,841121060,0
37.0,M,f,f,f,f,f,f,f,f,f,f,f,f,f,f,t,0.3,t,2.1,t,110.0,t,0.92,t,120.0,f,,SVHC,-,841121061,0
37.0,F,f,f,f,f,f,f,f,f,f,f,f,f,f,f,t,0.05,t,1.4,t,154.0,t,0.99,t,156.0,f,,SVI,R,841121062,1
82.0,F,f,f,f,f,f,f,f,f,f,f,f,f,f,f,t,0.4,t,0.8,t,102.0,t,0.73,t,138.0,f,,SVI,K,841121063,1
85.0,F,f,f,f,f,f,f,f,f,f,f,f,f,f,f,t,13.0,t,0.7,t,106.0,t,0.87,t,122.0,f,,SVI,GK,841121067,1
63.0,F,f,f,f,f,f,f,f,f,f,f,f,f,f,f,f,,f,,f,,f,,f,,t,28.0,other,-,841121068,0
63.0,F,f,f,f,f,f,f,f,f,f,f,f,f,f,f,t,0.8,t,2.4,t,123.0,t,0.99,t,124.0,f,,SVI,-,841121079,0
64.0,M,f,f,f,f,f,f,f,f,f,f,f,f,f,f,t,4.7,t,2.0,t,76.0,t,1.0,t,77.0,f,,SVI,-,841121080,0
43.0,F,f,f,f,f,f,f,f,f,f,f,f,f,f,f,t,1.3,t,2.6,t,69.0,t,0.94,t,73.0,f,,SVI,-,841121081,0
43.0,M,f,f,f,f,f,f,f,f,f,f,f,f,f,f,t,0.3,t,2.1,t,86.0,t,0.84,t,103.0,f,,other,-,841121082,0
69.0,M,f,f,f,t,f,f,f,f,f,f,f,f,f,f,f,,t,2.3,t,151.0,t,1.11,t,137.0,f,,SVI,-,841121083,0
35.0,F,f,f,f,f,f,f,f,f,f,f,f,f,f,f,t,1.2,t,2.4,t,95.0,t,0.78,t,122.0,f,,STMW,-,841121088,0
39.0,F,f,f,f,f,f,f,f,f,t,f,f,f,f,f,f,,t,1.9,f,,f,,f,,f,,other,-,841122007,0
54.0,F,f,f,f,f,f,f,f,f,f,f,f,f,f,f,t,0.15,t,2.7,t,122.0,t,0.69,t,177.0,f,,other,R,841122013,1
54.0,M,f,f,f,f,f,f,f,f,f,f,f,f,f,f,t,1.1,t,2.4,t,70.0,t,0.96,t,73.0,f,,other,-,841122016,0
63.0,F,t,f,f,f,f,f,f,f,f,f,f,f,f,f,t,0.15,f,,t,156.0,t,1.01,t,154.0,f,,other,-,841122018,0
28.0,F,t,f,f,f,f,f,f,f,f,f,f,f,f,f,t,0.15,t,1.8,t,83.0,t,0.95,t,88.0,f,,other,-,841122022,0
51.0,M,t,f,f,f,f,f,f,f,f,f,f,f,f,f,t,0.15,t,1.5,t,72.0,t,0.68,t,106.0,f,,other,-,841122033,0
50.0,F,t,f,f,f,f,f,f,f,f,f,f,f,f,f,t,34.0,f,,t,55.0,t,0.93,t,60.0,f,,other,F,841122036,1
24.0,F,t,f,f,f,f,f,f,f,f,f,f,f,f,f,t,52.0,t,1.2,t,96.0,t,0.94,t,102.0,f,,other,M,841122038,1
40.0,F,f,f,f,f,f,f,t,f,f,f,f,f,f,f,t,0.15,t,3.5,t,126.0,t,0.78,t,162.0,f,,other,-,841122039,0
48.0,F,t,f,f,f,f,f,f,f,f,f,f,f,f,f,t,2.6,f,,t,103.0,t,1.05,t,99.0,f,,other,-,841122044,0
48.0,F,f,t,f,f,f,f,f,f,f,f,f,f,f,f,t,3.4,t,1.8,t,87.0,t,0.89,t,98.0,f,,other,-,841122045,0
15.0,F,t,f,f,f,f,f,f,f,f,f,f,t,f,f,t,35.0,t,2.0,t,19.0,t,0.95,t,20.0,f,,other,F,841122046,1
64.0,M,t,f,f,f,f,f,f,t,f,f,f,f,f,f,t,2.7,t,1.2,t,98.0,t,0.91,t,107.0,f,,other,-,841122047,0
37.0,M,f,f,f,f,f,f,f,f,f,f,f,f,f,f,t,0.15,t,1.0,t,61.0,t,0.67,t,90.0,f,,SVI,K,841122049,1
37.0,M,f,f,f,f,f,f,f,f,f,f,f,f,f,f,t,1.6,t,1.4,t,95.0,t,0.98,t,98.0,f,,SVI,-,841122050,0
75.0,F,f,f,f,f,f,f,f,f,f,f,f,f,f,f,t,3.3,t,2.8,t,169.0,t,1.36,t,124.0,f,,SVI,I,841122051,1
19.0,F,f,f,f,f,f,f,f,f,f,f,f,f,f,f,t,3.4,t,2.3,t,92.0,t,0.96,t,96.0,f,,SVI,-,841122052,0
47.0,M,t,f,f,f,f,f,f,f,f,f,f,f,f,f,f,,f,,t,83.0,t,0.85,t,97.0,f,,other,-,841122058,0
70.0,F,t,f,f,f,f,f,f,f,f,f,f,f,f,f,t,0.15,t,1.3,t,112.0,t,0.89,t,125.0,f,,other,-,841122060,0
56.0,F,t,f,f,f,f,f,f,f,f,f,f,f,f,f,t,10.0,f,,t,72.0,t,1.1,t,66.0,f,,other,M,841122061,1
20.0,M,t,f,f,f,f,f,f,f,f,f,f,f,f,f,f,,f,,t,149.0,t,0.99,t,150.0,f,,other,-,841122063,0
20.0,M,f,f,f,f,f,f,f,f,f,f,f,f,f,t,t,0.15,t,1.6,t,80.0,t,0.79,t,101.0,f,,SVHC,-,841122068,0
25.0,M,f,f,f,f,f,f,f,f,f,f,f,f,f,f,t,2.0,t,1.9,t,98.0,t,0.81,t,121.0,f,,SVHC,-,841122069,0
25.0,F,f,f,f,f,f,f,f,f,f,f,f,f,f,f,t,0.1,t,2.8,f,,f,,f,,f,,other,-,841122076,0
21.0,F,f,f,f,f,f,f,f,f,f,f,f,f,f,f,t,0.6,f,,f,,f,,f,,f,,other,-,841122079,0
24.0,F,f,f,f,f,f,f,f,f,f,f,f,f,f,f,f,,f,,f,,f,,f,,t,25.0,other,-,841122082,0
70.0,F,f,f,f,f,f,f,f,f,f,f,f,f,f,f,f,,f,,f,,f,,f,,t,29.0,other,-,841122083,0
54.0,F,f,t,f,f,f,f,f,f,f,f,f,f,f,f,t,0.1,t,2.7,t,134.0,t,0.9,t,149.0,f,,other,-,841122084,0
54.0,F,f,f,f,f,f,f,f,f,f,f,t,f,f,f,t,0.4,t,1.8,t,83.0,t,0.91,t,92.0,f,,other,-,841122085,0
47.0,M,f,f,f,f,f,f,f,f,f,f,f,t,f,f,t,0.7,f,,t,101.0,t,0.76,t,134.0,f,,other,-,841122088,0
28.0,F,t,f,f,f,t,f,f,f,f,f,f,f,f,f,t,2.6,t,4.6,t,170.0,t,1.55,t,110.0,f,,other,I,841122090,1
17.0,F,f,f,f,f,f,f,f,f,f,f,f,f,f,f,t,1.9,t,2.3,t,102.0,t,1.12,t,92.0,f,,other,-,841123002,0
34.0,F,f,f,f,f,f,f,f,f,f,f,f,f,f,f,t,30.0,t,3.3,t,89.0,t,1.24,t,71.0,f,,other,GI,841123004,1
34.0,F,f,f,f,f,f,f,f,f,f,f,f,f,f,f,t,4.0,t,0.1,t,31.0,t,0.93,t,33.0,f,,SVI,K,841123006,1
43.0,M,t,f,f,f,f,f,f,t,f,f,f,f,f,f,t,0.1,f,,t,129.0,t,0.89,t,145.0,f,,other,-,841123008,0
58.0,M,t,f,f,f,f,f,f,f,f,f,f,f,f,f,t,0.1,t,2.1,t,115.0,t,0.95,t,121.0,f,,other,-,841123009,0
33.0,F,t,f,f,f,f,f,f,f,f,f,f,f,f,f,t,0.1,t,2.2,t,153.0,t,0.81,t,188.0,f,,other,N,841123010,1
74.0,F,f,f,f,f,f,f,f,f,t,f,f,f,f,f,f,,t,2.3,f,,f,,f,,f,,other,-,841123015,0
52.0,F,f,f,f,f,f,f,f,f,f,f,f,f,f,f,t,27.0,t,1.6,t,76.0,t,1.09,t,70.0,f,,other,G,841123021,1
15.0,M,f,f,f,f,f,f,f,f,t,f,f,f,f,f,f,,f,,f,,f,,f,,t,12.0,other,-,841123035,0
46.0,F,f,f,f,f,f,f,f,f,f,f,f,t,f,f,t,0.1,t,2.5,t,145.0,t,1.36,t,107.0,f,,other,-,841123048,0
46.0,M,f,f,f,f,f,f,f,f,f,f,f,f,f,f,t,1.1,t,1.3,t,89.0,t,0.78,t,114.0,f,,SVI,-,841123052,0
79.0,F,f,f,f,f,f,f,f,f,f,f,f,f,f,f,t,0.9,t,1.2,t,109.0,t,0.85,t,128.0,f,,SVI,-,841123054,0
67.0,M,f,f,f,f,f,f,f,f,f,f,f,f,f,f,t,0.7,t,2.1,t,124.0,t,1.12,t,111.0,f,,SVI,-,841123055,0
28.0,F,f,f,f,f,f,f,f,f,f,f,f,f,f,f,t,0.1,t,3.0,t,235.0,t,1.38,t,171.0,f,,SVHC,A,841123056,1
28.0,,f,f,f,f,f,f,f,f,f,f,f,f,f,f,t,0.9,t,2.3,t,89.0,t,0.89,t,100.0,f,,SVI,-,841123057,0
57.0,M,f,f,f,f,f,f,f,f,f,f,f,f,f,f,t,0.1,t,1.9,t,121.0,t,0.97,t,126.0,f,,SVI,-,841123058,0
67.0,M,f,f,f,f,f,f,f,f,t,f,f,f,f,f,t,2.4,t,1.6,t,83.0,t,0.89,t,95.0,f,,SVI,-,841123059,0
62.0,M,f,f,f,f,f,f,f,f,f,f,f,f,f,f,t,1.8,t,2.2,t,75.0,t,0.95,t,79.0,f,,SVI,-,841123060,0
58.0,M,t,f,f,f,f,f,f,f,f,f,f,f,f,f,t,1.2,f,,t,119.0,t,0.86,t,139.0,f,,other,-,841123063,0
24.0,F,f,f,f,f,f,f,f,f,t,f,f,f,f,f,t,0.1,t,3.0,t,131.0,t,1.23,t,107.0,f,,other,B,841123065,1
23.0,F,f,f,f,f,f,f,f,f,f,f,f,f,f,f,f,,f,,t,116.0,t,1.07,t,108.0,f,,other,-,841123066,0
69.0,F,f,f,f,f,f,f,f,f,f,f,f,f,f,f,t,0.5,t,1.6,t,150.0,t,1.25,t,120.0,f,,SVI,-,841123070,0
53.0,F,f,f,f,f,f,f,f,f,f,f,f,f,f,t,t,1.5,t,1.5,t,72.0,t,1.06,t,69.0,f,,SVHC,-,841123071,0
57.0,F,f,f,f,f,f,f,t,f,f,f,f,f,f,f,t,0.1,t,6.6,t,190.0,t,0.86,t,222.0,f,,other,A,841126004,1
57.0,M,f,f,f,f,f,f,f,f,f,f,f,f,f,f,t,8.799999,t,1.8,t,86.0,f,,f,,f,,other,G,841126005,1
78.0,M,f,f,f,f,f,f,f,f,f,f,f,f,f,f,t,0.9,t,2.2,t,102.0,t,1.01,t,100.0,f,,other,-,841126006,0
42.0,M,f,f,f,f,f,f,f,f,f,f,f,f,f,f,t,0.1,t,1.9,t,80.0,t,0.67,t,119.0,f,,other,-,841126007,0
51.0,M,f,f,f,f,f,f,f,f,f,f,f,f,f,f,t,1.3,t,2.0,t,72.0,t,0.65,t,111.0,f,,SVI,-,841126008,0
34.0,F,f,f,f,f,f,f,f,f,t,f,f,f,f,f,t,1.2,t,2.0,t,83.0,t,1.0,t,83.0,f,,STMW,-,841126011,0
34.0,F,f,f,f,f,t,f,f,f,f,f,f,f,f,f,t,0.4,t,3.9,t,164.0,t,1.71,t,96.0,f,,STMW,I,841126012,1
78.0,F,t,f,f,f,f,f,f,f,f,f,f,f,f,f,t,1.3,t,1.4,t,116.0,t,0.93,t,124.0,f,,other,-,841126022,0
88.0,F,f,f,f,f,f,f,f,f,f,f,f,f,f,f,t,0.1,t,1.5,t,127.0,t,0.78,t,162.0,f,,SVI,R,841126036,1
88.0,M,f,f,f,f,f,f,f,f,f,f,f,f,f,f,t,2.2,t,2.4,t,105.0,t,1.06,t,100.0,f,,other,-,841126037,0
55.0,M,f,f,f,f,f,t,f,f,f,f,f,f,f,f,t,1.05,t,1.8,t,73.0,t,0.87,t,84.0,f,,SVI,-,841126038,0
56.0,F,t,f,f,f,f,f,f,f,f,f,f,f,f,f,t,0.1,f,,t,144.0,t,0.95,t,152.0,f,,other,-,841126043,0
62.0,F,t,f,f,f,f,f,f,f,f,f,f,f,f,f,t,0.1,f,,t,120.0,t,0.92,t,131.0,f,,other,-,841126044,0
65.0,F,f,f,f,f,f,f,f,t,f,f,f,f,f,f,t,0.1,t,2.2,t,94.0,t,0.89,t,106.0,f,,other,-,841126050,0
65.0,M,f,f,f,f,f,f,f,f,f,f,f,f,f,f,t,0.6,t,2.9,t,102.0,t,0.91,t,112.0,f,,SVI,-,841126051,0
24.0,M,f,f,f,f,f,f,f,f,f,f,f,f,f,f,t,0.1,t,1.7,t,95.0,t,0.8,t,119.0,f,,SVI,-,841126052,0
84.0,F,f,f,f,f,f,f,f,f,f,f,f,f,f,t,t,0.6,t,2.3,t,162.0,t,1.03,t,158.0,f,,SVI,R,841126053,1
68.0,M,f,f,f,f,f,f,f,f,f,f,f,f,f,f,t,1.0,t,1.5,t,71.0,t,0.8,t,88.0,f,,other,-,841127001,0
51.0,F,f,f,f,f,f,f,f,f,f,f,f,f,f,f,t,1.3,t,1.4,t,63.0,t,0.98,t,64.0,f,,SVHC,-,841127003,0
73.0,M,t,f,f,f,f,f,t,f,f,f,f,f,f,f,t,1.0,t,1.7,t,103.0,t,0.8,t,128.0,f,,other,-,841127022,0
36.0,F,f,f,f,f,f,f,f,t,f,f,f,f,f,f,t,0.3,t,2.2,t,163.0,t,1.06,t,153.0,f,,other,-,841127027,0
58.0,F,f,f,f,f,f,f,f,f,t,f,f,t,f,f,t,0.1,t,1.6,t,72.0,t,0.99,t,73.0,f,,other,-,841127029,0
29.0,F,f,f,f,f,f,f,f,f,t,f,f,f,f,f,f,,t,3.9,t,148.0,t,1.44,t,103.0,f,,other,B,841127030,1
70.0,F,f,f,f,f,f,f,f,f,f,f,f,f,f,f,t,0.1,f,,f,,f,,f,,f,,other,-,841127035,0
30.0,F,f,f,f,f,f,f,f,f,f,f,f,f,f,f,f,,f,,f,,f,,f,,t,39.0,other,S,841127037,1
42.0,F,f,f,f,f,f,f,f,f,f,f,f,f,f,f,t,0.1,t,3.1,f,,f,,f,,f,,other,-,841127042,0
42.0,,f,f,f,f,f,f,f,f,f,f,f,f,f,f,t,1.8,t,1.4,t,108.0,t,0.35,t,308.0,f,,other,R,841127045,1
42.0,,f,f,f,f,f,f,f,f,f,f,f,f,f,f,t,8.099999,t,3.5,t,134.0,t,0.28,t,482.0,f,,other,D,841127046,1
67.0,F,f,f,f,f,f,f,f,t,f,f,f,f,f,f,t,1.5,t,1.4,t,139.0,t,1.06,t,131.0,f,,SVI,-,841127048,0
67.0,F,f,f,f,f,f,f,f,f,f,f,f,f,f,f,t,0.1,t,1.3,t,108.0,t,0.93,t,116.0,f,,SVI,-,841127053,0
67.0,,f,f,f,f,f,f,f,f,f,f,f,f,f,f,t,0.9,t,2.3,t,121.0,t,1.07,t,113.0,f,,SVI,-,841127054,0
63.0,M,f,f,f,f,f,f,f,f,f,f,f,f,f,f,t,1.3,t,0.6,t,75.0,t,0.84,t,89.0,f,,SVI,K,841127055,1
45.0,M,f,f,f,f,f,f,f,f,f,f,f,f,f,f,t,1.3,t,1.8,t,62.0,t,0.71,t,88.0,f,,SVHC,-,841127057,0
81.0,M,f,f,f,f,f,f,f,f,f,f,f,f,f,f,t,1.9,t,1.5,t,79.0,t,0.93,t,85.0,f,,other,-,841127060,0
65.0,F,f,f,f,f,f,f,f,f,f,f,f,f,f,f,t,8.099999,t,1.5,t,108.0,t,1.03,t,105.0,f,,other,G,841127061,1
62.0,F,f,f,f,f,f,f,f,f,f,f,f,f,f,t,t,1.9,t,1.5,t,123.0,t,1.21,t,102.0,f,,SVHC,-,841127062,0
62.0,F,f,f,f,f,f,f,f,f,f,f,f,f,f,f,t,1.3,t,1.3,t,99.0,f,,f,,f,,other,-,841127063,0
60.0,F,t,f,f,t,f,f,f,t,f,f,f,f,f,f,t,0.1,t,2.6,t,206.0,t,1.12,t,184.0,f,,other,N,841127069,1
39.0,M,f,f,f,f,f,f,f,f,f,f,f,f,f,f,t,1.1,t,2.0,t,81.0,t,0.81,t,101.0,f,,other,-,841128002,0
73.0,F,f,f,f,f,f,f,f,f,f,f,f,f,f,f,t,13.0,t,0.9,t,114.0,t,1.07,t,106.0,f,,other,GK,841128015,1
19.0,F,f,f,f,f,f,f,f,f,f,f,f,f,f,f,t,8.0,t,1.6,t,110.0,t,0.91,t,121.0,f,,SVI,G,841128018,1
54.0,M,f,f,f,f,f,f,f,t,f,f,f,f,f,f,t,0.6,f,,t,107.0,t,1.01,t,106.0,f,,other,-,841128019,0
22.0,M,f,f,f,f,f,f,f,f,f,f,f,f,f,t,t,1.3,t,2.6,t,95.0,t,0.96,t,99.0,f,,other,-,841128022,0
77.0,F,f,f,f,f,f,f,f,f,f,f,f,f,f,f,t,2.0,t,2.4,t,95.0,t,1.01,t,94.0,f,,SVI,-,841128038,0
82.0,M,f,f,f,f,f,f,f,f,f,f,f,f,f,f,t,3.1,t,2.0,t,134.0,t,1.0,t,135.0,f,,SVI,-,841128039,0
57.0,M,f,f,f,f,f,f,f,f,f,f,f,f,f,f,t,1.5,t,1.9,t,92.0,t,0.92,t,100.0,f,,SVI,-,841128042,0
17.0,F,f,f,f,f,f,f,f,f,f,f,f,f,f,f,f,,t,2.0,t,105.0,t,1.12,t,94.0,f,,other,-,841128047,0
57.0,F,t,f,f,f,f,f,f,f,f,f,f,f,f,f,t,0.25,t,3.2,t,168.0,t,1.05,t,160.0,f,,other,N,841128061,1
16.0,F,f,f,f,f,f,f,f,f,f,f,f,f,f,f,t,1.3,t,1.8,t,72.0,t,0.9,t,80.0,f,,SVI,-,841128062,0
40.0,F,f,f,f,f,f,f,t,f,t,f,f,f,f,f,f,,f,,f,,f,,f,,t,33.0,other,S,841129020,1
40.0,F,f,f,f,f,f,f,f,f,f,f,f,f,f,f,t,0.25,t,1.6,t,103.0,t,0.9,t,115.0,f,,other,-,841129025,0
33.0,M,f,f,f,f,f,f,f,f,f,f,f,f,f,f,t,0.3,t,1.9,t,97.0,t,0.9,t,108.0,f,,SVHC,-,841129026,0
77.0,M,f,f,f,f,f,f,f,f,f,f,f,f,f,f,t,4.6,t,2.1,t,108.0,t,1.03,t,105.0,f,,other,-,841129028,0
77.0,F,f,f,f,f,f,f,f,f,f,f,f,f,f,f,t,13.299999,t,2.5,t,68.0,t,1.03,t,66.0,f,,other,G,841129029,1
77.0,F,f,f,f,f,f,f,f,f,f,f,f,f,f,f,t,2.1,t,2.6,t,91.0,t,1.02,t,87.0,f,,SVI,-,841129030,0
36.0,F,t,f,f,f,f,f,f,f,f,f,f,f,f,f,t,0.25,t,1.7,t,105.0,t,0.77,t,136.0,f,,other,-,841129033,0
40.0,F,f,f,f,f,t,f,f,f,f,f,f,f,f,f,t,0.3,t,3.1,t,141.0,t,1.43,t,99.0,f,,STMW,I,841129036,1
32.0,F,f,f,f,f,t,f,f,f,f,f,f,f,f,f,t,0.25,t,3.6,t,153.0,t,1.69,t,91.0,f,,STMW,I,841129037,1
49.0,F,t,f,f,f,f,f,f,t,f,f,f,f,f,f,t,0.8,t,2.1,t,144.0,t,0.98,t,147.0,f,,STMW,-,841129038,0
24.0,F,f,f,f,f,f,f,f,f,f,f,f,f,f,f,f,,f,,t,125.0,t,1.14,t,110.0,f,,STMW,-,841129039,0
25.0,M,f,f,f,f,f,f,f,f,f,f,f,f,f,f,t,0.25,t,2.8,t,109.0,t,0.99,t,111.0,f,,other,-,841129042,0
20.0,M,f,f,f,f,f,f,f,f,f,f,f,f,f,f,t,0.3,t,1.5,t,81.0,f,,f,,f,,other,-,841129048,0
66.0,F,t,f,f,f,f,f,f,f,f,f,f,f,f,f,t,0.25,t,1.6,t,153.0,t,0.86,t,176.0,f,,other,N,841129056,1
63.0,F,t,f,f,f,f,f,f,f,f,f,f,f,f,f,t,0.3,t,2.0,t,146.0,t,0.89,t,163.0,f,,other,L,841129057,1
24.0,F,f,f,f,f,f,f,f,f,f,f,f,f,f,f,t,0.25,t,1.8,t,73.0,t,0.89,t,82.0,f,,other,-,841129059,0
27.0,M,f,f,f,f,f,f,f,f,f,f,f,f,f,f,f,,t,2.2,t,105.0,t,0.98,t,107.0,f,,other,-,841129060,0
58.0,F,f,f,t,f,f,f,f,f,f,f,f,f,f,f,t,5.1,t,1.5,t,63.0,t,1.2,t,53.0,f,,other,-,841129066,0
74.0,F,t,f,f,f,f,f,f,f,f,f,f,f,f,f,t,0.25,t,1.6,t,111.0,t,0.96,t,116.0,f,,other,-,841129068,0
37.0,F,f,f,f,f,f,t,f,f,f,f,f,f,f,f,t,0.25,t,1.8,t,86.0,t,1.05,t,82.0,f,,other,-,841129069,0
70.0,F,f,f,f,f,f,f,f,t,f,f,f,f,f,f,t,14.0,t,1.6,t,68.0,f,,t,78.0,f,,other,G,841129070,1
75.0,F,t,f,f,f,f,f,f,f,f,f,f,f,f,f,t,0.25,f,,t,191.0,t,1.3,t,147.0,f,,other,-,841129072,0
52.0,F,t,f,f,f,f,f,f,f,f,f,f,f,f,f,t,1.8,f,,t,113.0,t,1.01,t,112.0,f,,other,-,841129078,0
56.0,F,t,f,f,f,f,f,f,f,f,f,f,f,f,f,t,0.3,f,,t,155.0,t,1.09,t,143.0,f,,other,-,841129080,0
50.0,M,f,f,f,f,f,f,f,f,f,f,f,f,f,f,t,0.9,t,1.2,t,98.0,t,1.03,t,95.0,f,,SVI,-,841129084,0
60.0,F,f,f,f,f,f,f,f,f,t,f,f,f,f,f,t,0.3,t,2.4,t,140.0,t,1.02,t,138.0,f,,SVI,-,841129086,0
60.0,F,f,f,f,f,f,f,f,t,f,f,f,f,f,f,t,0.3,t,1.0,t,80.0,t,0.85,t,94.0,f,,SVI,K,841129087,1
53.0,F,t,t,f,f,f,f,f,f,f,f,f,f,f,f,t,0.3,t,1.8,t,83.0,t,1.09,t,76.0,f,,other,-,841129092,0
70.0,F,f,f,f,t,f,f,f,f,f,f,f,f,f,f,t,3.1,t,2.1,t,69.0,t,1.14,t,61.0,f,,SVHC,-,841129094,0
35.0,F,f,f,f,f,f,f,f,f,t,f,f,f,f,f,t,0.3,t,2.8,t,107.0,t,1.09,t,99.0,f,,other,-,841129095,0
65.0,F,f,f,f,f,f,f,f,f,f,f,f,f,f,t,t,1.1,t,1.5,t,85.0,t,0.96,t,88.0,f,,SVHC,-,841129096,0
65.0,F,f,f,f,f,f,f,f,f,f,f,f,f,f,f,t,0.3,t,1.6,t,87.0,t,0.93,t,94.0,f,,other,-,841129097,0
62.0,M,f,f,f,f,f,f,f,f,f,f,f,f,f,f,t,0.3,t,1.7,t,120.0,t,1.07,t,112.0,f,,SVI,-,841129098,0
62.0,M,f,f,f,f,f,f,f,f,f,f,f,f,f,f,t,0.3,t,1.1,t,70.0,t,0.72,t,96.0,f,,other,-,841129099,0
62.0,F,f,f,f,f,f,f,f,f,f,f,f,f,f,f,t,2.2,t,1.4,t,106.0,t,1.16,t,91.0,f,,other,-,841129101,0
68.0,F,t,f,f,f,f,f,f,f,f,f,f,f,f,f,t,0.3,t,1.6,t,99.0,t,0.94,t,104.0,f,,other,-,841129102,0
68.0,F,t,f,f,f,f,f,f,f,f,f,f,f,f,f,t,0.3,f,,t,218.0,t,0.99,t,220.0,f,,other,N,841129103,1
40.0,F,t,f,f,f,f,f,f,f,f,f,f,f,f,f,t,0.3,f,,t,107.0,t,0.85,t,125.0,f,,other,-,841129104,0
40.0,M,f,f,f,f,f,f,t,t,f,f,f,f,f,f,t,0.3,t,1.5,t,117.0,t,0.83,t,141.0,f,,other,-,841129117,0
40.0,M,f,t,f,f,f,f,f,f,f,f,f,f,f,f,f,,f,,t,86.0,t,0.92,t,94.0,f,,other,-,841129118,0
38.0,F,t,f,f,f,f,f,f,f,f,f,f,f,f,f,t,0.3,t,1.8,t,140.0,t,1.08,t,129.0,f,,other,-,841129120,0
41.0,F,f,f,f,f,f,f,f,t,f,f,f,t,f,f,t,0.3,t,2.0,t,149.0,t,1.0,t,149.0,f,,other,-,841129121,0
69.0,F,t,f,f,f,f,f,f,f,f,f,f,f,f,f,t,0.8,t,1.2,t,60.0,t,1.11,t,54.0,f,,other,-,841129123,0
69.0,F,f,f,f,f,f,f,f,f,t,f,f,f,f,f,t,0.3,t,1.8,t,121.0,t,1.0,t,121.0,f,,other,-,841129124,0
78.0,F,f,f,f,f,f,f,f,f,f,f,f,f,f,f,t,28.0,t,0.2,t,17.0,t,1.01,t,16.0,f,,SVI,F,841130023,1
29.0,F,f,f,f,f,f,f,f,f,f,f,f,f,f,f,f,,t,1.7,f,,f,,f,,f,,other,-,841130030,0
89.0,M,f,f,f,f,f,f,f,f,f,f,f,f,f,f,t,0.8,t,0.8,t,111.0,t,0.68,t,165.0,f,,SVI,-,841130048,0
6.0,F,f,f,f,f,f,f,f,f,f,f,f,f,f,f,t,3.2,t,1.9,t,78.0,t,0.86,t,91.0,f,,SVI,-,841130049,0
22.0,F,f,f,f,f,f,f,f,f,f,f,f,f,f,f,t,0.3,t,1.8,t,92.0,f,,f,,f,,other,-,841130053,0
77.0,F,t,f,f,f,f,f,f,f,f,f,f,f,f,f,t,0.05,f,,t,163.0,t,0.81,t,202.0,f,,other,N,841130061,1
36.0,F,f,f,f,f,f,f,f,f,f,f,f,f,f,f,t,0.3,f,,t,118.0,t,1.03,t,114.0,f,,other,-,841130062,0
56.0,F,f,f,f,f,f,f,f,f,f,f,f,t,f,f,t,0.3,f,,t,108.0,t,1.33,t,82.0,f,,other,I,841130063,1
63.0,F,f,f,f,t,f,f,f,f,f,f,f,f,f,f,t,4.7,t,0.4,t,38.0,t,0.64,t,60.0,f,,SVI,-,841130065,0
70.0,F,f,f,f,f,f,f,f,t,f,f,f,f,f,f,t,0.3,t,2.0,t,108.0,t,1.05,t,103.0,f,,SVI,-,841130066,0
70.0,F,f,f,f,f,f,f,f,f,f,f,f,f,f,f,t,0.3,t,1.8,t,130.0,t,1.11,t,117.0,f,,SVHC,-,841130067,0
55.0,F,f,f,f,f,f,f,f,f,f,f,f,f,f,f,t,1.6,f,,t,112.0,t,0.84,t,134.0,f,,other,-,841130069,0
55.0,F,f,f,f,f,f,f,f,f,f,f,f,f,f,f,t,1.4,t,1.7,t,90.0,t,1.01,t,89.0,f,,other,-,841203001,0
78.0,F,f,f,f,f,f,f,f,f,f,f,f,f,f,f,t,0.9,t,2.1,t,102.0,t,1.0,t,101.0,f,,other,-,841203002,0
64.0,F,f,f,f,f,f,f,f,f,f,f,f,f,f,f,t,0.3,t,1.7,t,67.0,t,0.69,t,97.0,f,,SVI,-,841203003,0
57.0,M,f,f,f,f,f,f,f,f,t,f,f,f,f,f,t,0.3,t,1.9,t,129.0,t,0.85,t,151.0,f,,SVI,-,841203004,0
48.0,F,f,f,f,f,f,f,f,f,f,f,f,f,f,f,t,125.0,t,0.2,t,11.0,t,1.06,t,11.0,f,,other,F,841203005,1
29.0,F,f,f,f,f,t,f,f,f,f,f,f,f,f,f,t,0.3,t,4.3,t,209.0,t,1.64,t,128.0,f,,STMW,I,841203012,1
28.0,F,f,f,f,t,f,f,f,f,f,f,f,f,f,f,t,3.0,f,,t,82.0,t,0.88,t,93.0,f,,other,-,841203014,0
61.0,F,t,f,f,f,f,f,f,f,f,f,f,f,f,f,t,0.3,f,,t,148.0,t,1.07,t,138.0,f,,other,-,841203024,0
80.0,F,f,f,f,f,f,f,f,t,f,f,f,f,f,f,t,0.3,t,2.6,t,163.0,t,0.91,t,180.0,f,,other,AK,841203030,1
26.0,F,f,f,f,f,f,f,f,f,f,f,f,f,f,f,t,1.5,t,1.5,t,119.0,t,0.94,t,126.0,f,,SVI,-,841203040,0
35.0,F,f,f,f,f,f,f,f,f,f,f,f,f,f,f,t,0.3,t,2.0,t,125.0,t,0.94,t,133.0,f,,SVHC,-,841203043,0
27.0,M,f,f,f,f,f,f,f,f,f,f,f,f,f,t,t,0.3,t,2.1,t,148.0,t,1.08,t,137.0,f,,SVHC,-,841203044,0
27.0,M,f,f,f,f,f,f,f,f,f,f,f,f,f,f,t,0.3,t,2.0,t,108.0,t,1.01,t,107.0,f,,SVI,-,841203045,0
57.0,M,f,f,f,t,f,f,f,f,f,f,f,f,f,f,t,0.3,t,1.9,t,145.0,t,0.81,t,180.0,f,,SVI,R,841203047,1
72.0,F,f,f,f,f,f,f,f,f,f,f,f,f,f,f,t,0.15,t,1.5,t,66.0,t,0.97,t,69.0,f,,other,-,841203057,0
72.0,M,f,f,f,f,f,f,f,f,f,f,f,f,f,f,t,0.15,t,2.1,t,122.0,f,,f,,f,,other,-,841203059,0
69.0,F,f,f,f,f,f,f,f,f,f,f,f,f,f,f,t,0.15,t,2.7,t,101.0,t,1.06,t,96.0,f,,other,-,841203060,0
27.0,F,f,f,f,f,f,f,f,f,f,f,f,f,f,f,t,5.1,t,2.3,t,121.0,t,1.21,t,101.0,f,,other,-,841203061,0
76.0,M,f,f,f,f,f,f,f,f,f,f,f,f,f,f,t,0.15,t,1.5,t,125.0,t,0.75,t,165.0,f,,SVHC,R,841203064,1
37.0,F,f,f,f,f,f,f,f,f,f,f,f,f,f,f,t,1.4,t,1.7,t,91.0,t,0.98,t,93.0,f,,other,-,841203065,0
85.0,F,f,f,f,f,f,f,f,f,f,f,f,f,f,t,t,0.15,t,1.4,t,114.0,t,0.76,t,149.0,f,,SVHC,-,841204002,0
26.0,F,f,f,f,f,f,f,f,f,f,f,f,f,f,f,t,2.2,f,,t,124.0,t,1.27,t,98.0,f,,other,I,841204009,1
66.0,F,f,f,f,f,f,f,t,f,f,f,f,f,f,f,t,0.15,t,1.7,t,66.0,t,1.12,t,59.0,f,,other,-,841204023,0
58.0,F,t,f,f,f,f,f,f,f,f,f,f,f,f,f,t,16.0,f,,t,67.0,t,0.82,t,82.0,f,,other,M,841204024,1
54.0,M,f,f,f,f,f,f,f,f,f,f,f,f,f,f,t,0.15,t,2.3,t,88.0,t,0.97,t,91.0,f,,SVI,-,841204038,0
61.0,M,f,f,f,f,f,f,f,f,f,f,f,f,f,f,t,0.15,t,2.2,t,121.0,t,1.16,t,105.0,f,,SVI,-,841204039,0
71.0,M,f,f,f,f,f,f,f,f,f,f,f,f,f,f,t,0.8,t,2.0,t,70.0,t,0.95,t,74.0,f,,SVI,-,841204040,0
67.0,F,f,f,f,f,f,f,f,f,f,f,f,f,f,f,t,1.4,t,0.8,t,89.0,t,0.93,t,96.0,f,,SVI,K,841204042,1
67.0,M,f,f,f,f,f,f,f,f,f,f,f,f,f,f,t,18.0,t,1.7,t,72.0,t,0.82,t,88.0,f,,SVI,G,841204043,1
22.0,F,f,f,f,f,f,f,f,f,f,f,f,f,f,f,t,0.9,t,2.6,t,172.0,t,1.34,t,129.0,f,,other,I,841204045,1
71.0,F,f,f,f,f,f,f,f,f,f,f,f,f,f,f,t,0.2,t,2.2,t,119.0,t,0.98,t,121.0,f,,SVI,-,841204047,0
79.0,F,f,f,f,f,f,f,f,f,f,f,f,f,f,f,t,15.0,t,1.3,t,50.0,t,0.91,t,55.0,f,,SVI,F,841204049,1
59.0,F,f,f,f,f,f,f,f,f,t,f,f,f,f,f,t,0.9,t,2.6,t,118.0,t,1.13,t,105.0,f,,other,-,841204061,0
59.0,F,f,f,f,f,f,f,f,t,f,f,f,f,f,f,t,0.9,f,,t,74.0,t,0.85,t,88.0,f,,other,-,841204062,0
40.0,F,f,f,f,f,f,f,f,f,f,f,f,f,f,f,f,,f,,f,,f,,f,,t,20.0,other,-,841204072,0
39.0,F,f,f,f,f,f,f,f,f,t,f,f,f,f,f,t,1.01,t,1.7,t,84.0,t,0.85,t,99.0,f,,other,-,841205006,0
33.0,F,t,f,f,f,f,f,f,f,f,f,f,f,f,f,t,1.9,f,,t,88.0,t,0.8,t,110.0,f,,STMW,-,841205007,0
62.0,M,t,f,f,f,f,f,f,t,f,f,f,f,f,f,t,39.0,t,1.3,t,45.0,t,0.82,t,55.0,f,,other,F,841205014,1
53.0,M,f,f,f,f,f,f,f,f,f,f,f,f,f,f,t,1.4,t,1.9,t,77.0,t,0.76,t,100.0,f,,SVI,-,841205016,0
53.0,F,f,f,f,f,f,f,f,f,f,f,f,f,f,f,t,1.3,t,2.1,t,178.0,t,1.0,t,178.0,f,,SVI,R,841205019,1
45.0,F,f,t,f,f,f,f,f,t,f,f,f,f,f,f,t,0.9,t,1.8,t,126.0,t,0.92,t,136.0,f,,SVI,-,841205020,0
13.0,M,f,f,f,f,f,f,f,f,f,f,f,f,f,f,f,,f,,t,108.0,t,1.01,t,107.0,t,25.0,other,-,841205022,0
39.0,F,f,f,f,f,f,f,f,f,t,f,f,f,f,f,f,,f,,f,,f,,f,,t,29.0,other,-,841205026,0
39.0,M,f,f,f,f,f,f,f,f,f,f,f,f,f,f,t,8.799999,t,1.8,t,67.0,t,0.9,t,75.0,f,,other,G,841205028,1
54.0,M,t,f,f,f,f,f,f,f,f,f,f,f,f,f,t,0.15,f,,t,91.0,t,0.67,t,147.0,f,,other,-,841205036,0
61.0,F,f,f,f,f,f,f,f,f,f,f,f,f,f,f,t,0.15,t,1.1,t,94.0,t,0.91,t,103.0,f,,SVI,K,841205040,1
23.0,F,f,f,f,f,f,f,f,f,f,f,f,f,f,f,t,1.8,t,2.4,t,124.0,t,1.16,t,107.0,f,,SVHC,-,841205041,0
61.0,M,f,f,f,f,f,f,f,f,f,f,f,f,f,f,t,0.5,t,1.3,t,93.0,t,0.84,t,111.0,f,,SVI,-,841205042,0
61.0,F,f,f,f,f,f,f,f,f,f,f,f,f,f,f,t,288.0,t,0.7,t,14.0,t,1.13,t,12.0,f,,other,F,841206001,1
50.0,F,f,f,f,f,f,f,f,f,f,f,f,f,f,f,t,1.7,t,2.3,t,82.0,t,0.95,t,86.0,f,,SVI,-,841206002,0
41.0,F,f,f,f,f,f,f,f,f,f,f,f,f,f,f,t,2.8,t,1.9,t,78.0,f,,f,,f,,other,-,841206003,0
46.0,F,t,f,f,f,f,f,f,f,f,f,f,f,f,f,t,0.15,t,1.8,t,144.0,t,0.92,t,156.0,f,,other,L,841206012,1
33.0,F,f,f,f,f,f,f,f,f,f,f,f,f,f,f,t,0.6,t,1.7,t,115.0,t,0.95,t,122.0,f,,other,-,841206015,0
32.0,F,f,f,f,f,f,f,f,t,t,f,f,f,f,f,t,1.3,t,1.9,t,84.0,t,0.85,t,98.0,f,,other,-,841206017,0
56.0,F,t,f,f,f,f,f,f,f,f,f,f,f,f,f,t,0.1,t,2.2,t,125.0,t,0.89,t,140.0,f,,other,-,841206019,0
56.0,,f,f,f,f,f,f,f,f,f,f,f,f,f,f,t,7.5,t,1.2,t,37.0,t,1.06,t,35.0,f,,other,F,841206037,1
56.0,,f,f,f,f,f,f,f,f,f,f,f,f,f,f,t,14.0,t,4.7,t,117.0,t,0.96,t,122.0,f,,other,-,841206038,0
23.0,F,t,f,f,f,f,f,f,t,f,f,f,f,f,f,f,,f,,t,171.0,t,1.29,t,133.0,f,,WEST,-,841206041,0
59.0,F,f,f,f,f,f,f,f,f,t,f,f,f,f,f,f,,f,,t,139.0,t,0.98,t,141.0,f,,other,-,841206042,0
59.0,,f,f,f,f,f,f,f,f,f,f,f,f,f,f,t,24.0,t,8.9,t,218.0,t,0.83,t,264.0,f,,other,D,841206045,1
52.0,M,f,t,f,f,f,f,f,f,f,f,f,f,f,f,f,,f,,t,123.0,t,0.81,t,152.0,f,,other,-,841206047,0
58.0,M,t,f,f,f,f,f,f,f,f,f,f,f,f,f,t,2.3,t,2.3,t,98.0,t,0.91,t,108.0,f,,other,-,841206048,0
38.0,F,t,f,f,f,f,f,f,f,f,f,f,f,f,f,t,1.0,t,2.0,t,139.0,t,0.94,t,149.0,f,,other,-,841206049,0
20.0,F,f,f,f,f,f,f,f,f,f,f,f,f,f,f,t,0.5,t,1.8,t,68.0,t,0.99,t,68.0,f,,other,-,841206052,0
25.0,F,f,f,f,f,f,f,f,f,f,f,f,f,f,f,f,,t,2.6,t,143.0,t,1.24,t,115.0,f,,other,-,841206059,0
49.0,F,f,f,f,f,f,f,f,f,f,f,f,f,f,f,t,0.6,t,1.9,t,77.0,f,,f,,f,,other,-,841206060,0
53.0,F,f,f,f,t,f,f,f,f,f,f,f,f,f,f,t,2.0,t,1.6,t,103.0,t,0.89,t,116.0,f,,SVI,-,841206071,0
80.0,F,f,f,f,f,f,f,f,f,f,f,f,f,f,f,t,2.3,t,2.5,t,106.0,f,,f,,f,,other,-,841206073,0
84.0,F,f,f,f,f,f,f,f,f,f,f,f,f,f,f,t,4.1,t,1.8,t,100.0,t,0.99,t,101.0,f,,SVI,-,841206074,0
79.0,F,f,f,f,f,f,f,f,f,f,f,f,f,f,f,t,0.4,t,1.5,t,96.0,t,0.69,t,142.0,f,,SVI,-,841206075,0
79.0,F,f,f,f,f,f,f,f,f,f,f,f,f,f,f,t,2.1,t,2.2,t,122.0,t,1.13,t,108.0,f,,SVI,-,841206076,0
67.0,M,t,f,f,f,f,f,f,f,f,f,f,f,f,f,t,3.0,t,0.9,t,63.0,t,0.68,t,92.0,f,,SVI,K,841206077,1
35.0,F,t,f,f,f,f,f,f,f,f,f,f,f,f,f,t,0.4,f,,t,136.0,t,0.99,t,137.0,f,,other,-,841206079,0
57.0,F,f,f,f,f,f,f,t,f,f,f,f,f,f,f,t,1.9,t,2.3,t,111.0,t,1.18,t,94.0,f,,other,-,841206082,0
68.0,F,f,f,f,f,f,f,f,f,t,f,f,f,f,f,f,,t,2.0,f,,f,,f,,f,,other,-,841206086,0
58.0,M,f,f,f,t,f,f,f,f,f,f,f,f,f,f,t,1.8,f,,f,,f,,f,,f,,other,-,841206088,0
64.0,F,f,f,f,f,f,f,f,f,f,f,f,f,f,f,t,0.4,t,1.7,t,137.0,t,1.0,t,137.0,f,,other,-,841206089,0
69.0,F,f,f,f,f,f,f,f,t,f,f,f,f,f,f,t,2.2,f,,t,80.0,t,1.06,t,76.0,f,,other,-,841206090,0
64.0,F,t,f,f,f,f,f,f,f,f,f,f,f,f,f,f,,f,,t,141.0,t,1.15,t,124.0,f,,other,-,841206091,0
24.0,F,f,f,f,f,f,f,f,f,f,f,f,t,f,f,f,,f,,f,,f,,f,,t,108.0,other,S,841206096,1
75.0,F,f,f,f,f,f,f,f,f,f,f,f,t,f,f,f,,f,,f,,f,,f,,t,28.0,other,-,841206097,0
41.0,F,f,f,f,f,f,f,f,f,f,f,f,f,f,f,f,,f,,t,99.0,t,1.12,t,89.0,f,,other,-,841206109,0
65.0,F,f,f,f,f,f,f,f,f,f,f,f,f,f,f,t,0.5,t,2.2,t,112.0,t,1.05,t,107.0,f,,SVI,-,841207010,0
65.0,F,f,f,f,f,f,f,f,f,f,f,f,f,f,f,t,0.4,t,1.6,t,108.0,t,0.93,t,117.0,f,,other,-,841207011,0
56.0,F,t,f,f,f,f,f,f,f,f,f,f,f,f,f,t,0.4,t,1.8,t,139.0,t,0.97,t,143.0,f,,other,-,841207014,0
76.0,F,f,f,f,f,f,f,f,t,f,f,f,f,f,f,t,1.4,t,4.2,t,112.0,t,0.99,t,113.0,f,,other,-,841207015,0
75.0,F,f,f,f,f,f,f,f,f,f,f,f,f,f,t,t,1.7,t,1.8,t,106.0,t,0.93,t,114.0,f,,SVHC,-,841207016,0
64.0,,f,f,f,t,f,f,f,f,f,f,f,f,f,f,t,1.5,t,2.2,t,93.0,t,0.85,t,110.0,f,,SVI,-,841207018,0
64.0,M,f,f,f,f,f,f,f,t,f,f,f,f,f,f,t,0.4,f,,t,89.0,t,0.89,t,99.0,f,,other,-,841207019,0
84.0,F,f,f,f,f,f,f,f,f,f,f,f,f,f,f,t,0.4,t,0.9,t,90.0,t,0.88,t,102.0,f,,SVI,K,841207020,1
52.0,F,t,f,f,f,f,f,f,f,f,f,f,f,f,f,t,0.4,t,2.0,t,149.0,t,1.13,t,132.0,f,,other,-,841207029,0
57.0,F,f,f,f,f,f,f,f,f,f,f,f,f,f,f,t,0.4,t,2.4,t,102.0,t,0.83,t,123.0,f,,SVHC,-,841207030,0
57.0,F,f,f,f,f,f,f,f,f,t,f,f,f,f,f,f,,t,2.8,f,,f,,f,,f,,other,-,841207039,0
57.0,,f,f,f,f,f,f,f,f,f,f,f,f,f,f,t,1.5,t,1.7,t,75.0,t,0.84,t,89.0,f,,other,-,841207049,0
62.0,M,f,f,f,f,f,f,f,f,f,f,f,f,f,f,t,3.2,t,1.7,t,85.0,t,0.87,t,98.0,f,,SVHC,-,841207050,0
57.0,M,f,f,f,f,f,f,f,f,t,f,f,f,f,f,f,,f,,t,134.0,t,1.03,t,130.0,f,,SVI,-,841207051,0
32.0,M,f,f,f,f,f,f,f,f,f,f,f,f,f,t,t,2.1,t,2.0,t,111.0,t,0.94,t,118.0,f,,SVHC,-,841207052,0
32.0,F,f,f,f,f,f,f,f,f,f,f,f,f,f,f,t,2.7,t,2.6,t,113.0,t,1.03,t,110.0,f,,SVI,-,841207054,0
16.0,M,f,f,f,f,f,f,f,f,f,f,f,f,f,f,t,0.4,t,1.7,t,81.0,t,0.86,t,94.0,f,,SVI,-,841207055,0
53.0,F,f,f,f,f,f,f,f,f,f,f,f,f,f,f,t,0.4,t,1.7,t,77.0,t,0.8,t,97.0,f,,SVI,-,841207056,0
71.0,F,f,f,f,f,f,f,f,f,f,f,f,f,f,f,t,0.4,t,1.4,t,90.0,t,0.68,t,132.0,f,,SVI,-,841207057,0
38.0,F,f,f,f,f,f,f,f,f,f,f,f,f,f,f,t,0.4,t,1.9,t,99.0,t,0.9,t,111.0,f,,SVI,-,841207058,0
38.0,F,f,f,f,f,f,f,f,f,f,f,f,f,f,f,t,0.4,t,1.8,t,88.0,t,0.75,t,117.0,f,,SVI,-,841207059,0
47.0,F,f,f,f,f,f,f,f,f,f,f,f,f,f,f,t,0.4,t,1.7,t,105.0,t,0.99,t,105.0,f,,SVI,-,841207060,0
34.0,F,t,f,f,f,t,f,f,f,f,f,f,t,f,f,t,0.4,t,2.5,t,128.0,t,1.05,t,122.0,f,,STMW,-,841207062,0
52.0,M,f,f,f,f,f,f,f,t,f,f,f,f,f,f,t,0.4,t,1.7,t,107.0,t,0.76,t,140.0,f,,other,-,841207068,0
65.0,F,f,f,f,f,f,f,f,f,f,f,f,f,f,f,f,,f,,f,,f,,f,,t,30.0,other,-,841207078,0
52.0,F,f,t,f,f,f,f,f,f,f,f,f,f,f,f,t,0.15,t,1.2,t,99.0,t,0.77,t,128.0,f,,SVI,-,841210003,0
53.0,F,t,f,f,f,f,f,f,f,f,f,f,f,f,f,t,0.15,t,1.1,t,90.0,t,0.74,t,121.0,f,,SVI,K,841210005,1
46.0,F,f,f,f,f,f,f,f,f,f,f,f,f,f,f,t,0.15,t,1.2,t,122.0,t,1.02,t,120.0,f,,other,-,841210006,0
29.0,F,f,f,f,f,f,f,f,f,f,f,f,f,f,f,t,0.8,t,1.8,t,99.0,t,1.01,t,98.0,f,,SVI,-,841210009,0
14.0,F,f,f,f,f,f,f,f,f,f,f,f,f,f,f,t,15.0,t,1.8,t,56.0,t,0.95,t,59.0,f,,SVI,F,841210010,1
36.0,F,f,f,f,f,f,f,f,f,f,f,f,f,f,f,t,0.15,t,2.0,t,133.0,f,,f,,f,,other,-,841210015,0
36.0,F,f,f,f,f,f,f,f,f,f,f,f,f,f,f,t,7.3,t,1.4,t,95.0,t,0.96,t,98.0,f,,SVI,G,841210031,1
26.0,F,f,f,f,f,f,f,f,f,f,f,f,f,f,f,t,0.7,t,1.3,t,82.0,t,0.77,t,106.0,f,,other,-,841210034,0
61.0,M,f,f,f,f,f,f,f,f,f,f,f,f,f,f,t,1.5,t,1.3,t,107.0,t,0.65,t,165.0,f,,SVHC,R,841210035,1
61.0,M,f,f,f,f,f,f,f,f,f,f,f,f,f,f,t,0.15,t,2.2,t,101.0,t,0.84,t,119.0,f,,other,-,841210036,0
59.0,M,f,f,f,f,f,f,f,f,f,f,f,f,f,f,t,3.1,t,1.2,t,80.0,f,,f,,f,,SVI,-,841210039,0
82.0,M,f,f,f,f,f,f,f,f,f,f,f,f,f,f,t,1.3,t,1.2,t,90.0,t,0.94,t,96.0,f,,SVI,-,841210040,0
38.0,M,t,f,f,f,f,f,f,t,f,f,f,f,f,f,f,,t,2.0,f,,f,,f,,f,,other,-,841210041,0
28.0,M,f,f,f,f,f,f,f,f,f,f,f,f,f,f,t,1.9,t,2.5,t,93.0,t,0.84,t,111.0,f,,other,-,841210044,0
27.0,F,f,f,f,f,f,f,f,f,f,f,f,f,f,f,t,1.0,t,2.3,t,60.0,t,0.9,t,67.0,f,,other,-,841211030,0
40.0,F,f,f,f,f,f,f,f,f,f,f,t,f,f,f,t,0.15,t,1.6,t,114.0,t,0.81,t,141.0,f,,other,-,841211032,0
40.0,F,t,f,f,f,f,f,f,f,f,f,f,f,f,f,t,11.0,f,,t,92.0,t,0.99,t,93.0,f,,other,M,841211035,1
44.0,F,t,f,f,f,f,f,f,f,f,f,f,f,f,f,t,0.6,f,,t,117.0,t,0.93,t,126.0,f,,other,-,841211036,0
44.0,F,f,f,f,f,f,f,f,f,f,f,f,f,f,f,t,2.4,t,1.1,t,105.0,f,,f,,f,,other,-,841211037,0
78.0,F,t,f,f,f,f,f,f,t,f,f,f,f,f,f,t,21.0,t,0.7,t,42.0,t,0.96,t,43.0,f,,SVI,F,841211041,1
69.0,F,f,f,f,f,f,f,f,f,f,f,f,f,f,f,t,3.6,t,0.9,t,88.0,t,0.79,t,111.0,f,,SVI,K,841211042,1
45.0,F,f,f,f,f,f,f,f,f,f,f,f,f,f,f,t,1.9,t,1.0,t,82.0,t,0.73,t,112.0,f,,SVI,K,841211044,1
54.0,M,f,f,f,f,f,f,f,f,f,f,f,f,f,f,t,2.7,t,1.9,t,122.0,t,1.11,t,110.0,f,,SVI,-,841211045,0
73.0,M,f,f,f,f,f,f,f,f,f,f,f,f,f,f,t,1.0,t,0.7,t,92.0,t,0.61,t,150.0,f,,other,K,841211046,1
60.0,F,f,f,f,f,f,f,f,t,t,f,f,f,f,f,t,4.4,t,2.1,t,86.0,f,,f,,f,,SVI,-,841211047,0
57.0,M,f,f,f,f,f,f,f,f,f,f,f,f,f,f,t,24.0,t,1.3,t,52.0,t,0.79,t,66.0,f,,other,G,841211048,1
57.0,,f,f,f,f,f,f,f,f,f,f,f,f,f,f,t,7.5,t,1.6,t,62.0,t,0.32,t,192.0,f,,other,R,841211059,1
57.0,,f,f,f,f,f,f,f,f,f,f,f,f,f,f,t,4.4,t,2.8,t,252.0,t,0.29,t,881.0,f,,other,R,841211060,1
57.0,F,f,f,f,f,f,f,t,f,f,f,f,f,f,f,t,0.15,t,2.2,t,92.0,t,0.76,t,121.0,f,,other,-,841211062,0
60.0,M,t,f,f,f,f,f,f,f,f,f,f,f,f,f,f,,f,,f,,f,,f,,t,0.1,other,-,841211067,0
21.0,M,f,f,f,f,f,f,f,f,f,f,f,f,f,f,f,,f,,f,,f,,f,,t,8.4,other,-,841211073,0
54.0,F,t,f,f,f,f,f,f,f,f,f,f,f,f,f,t,0.45,f,,t,185.0,t,0.91,t,204.0,f,,other,N,841212009,1
51.0,M,f,f,f,f,f,f,f,f,f,f,f,f,f,t,t,1.9,t,1.9,t,76.0,t,0.76,t,100.0,f,,other,-,841212011,0
38.0,F,t,f,t,f,f,f,f,f,f,f,f,f,f,f,t,2.9,t,2.7,t,101.0,t,1.15,t,88.0,f,,other,-,841212013,0
24.0,M,f,f,f,f,f,f,f,f,f,f,f,f,f,t,t,0.8,t,2.0,t,112.0,t,0.87,t,128.0,f,,SVHC,-,841212015,0
40.0,F,t,f,f,f,f,f,f,f,f,f,f,f,f,t,t,0.15,t,1.7,t,106.0,t,0.75,t,141.0,f,,SVHC,-,841212016,0
33.0,F,f,f,f,f,f,f,f,f,f,f,f,f,f,t,t,0.15,t,1.8,t,106.0,t,0.92,t,115.0,f,,SVHC,-,841212017,0
38.0,M,f,f,f,f,f,f,f,f,f,f,f,f,f,t,t,0.6,t,2.5,t,131.0,t,1.01,t,129.0,f,,SVHC,-,841212018,0
37.0,F,f,f,f,f,f,f,f,f,f,f,f,f,f,f,t,0.15,t,1.5,t,95.0,t,0.97,t,99.0,f,,other,-,841212020,0
63.0,F,f,f,f,f,f,f,f,f,f,f,f,f,f,f,t,2.1,t,2.0,t,87.0,t,1.03,t,84.0,f,,other,-,841212027,0
72.0,F,f,f,f,f,f,f,f,f,f,f,f,f,f,f,t,143.0,t,0.4,t,15.0,t,0.98,t,15.0,f,,SVI,F,841212030,1
55.0,F,f,f,f,f,f,f,f,f,t,f,f,f,f,f,t,4.1,t,2.0,t,78.0,t,0.79,t,99.0,f,,STMW,-,841212037,0
46.0,F,f,f,f,f,f,f,f,f,f,f,f,f,f,f,t,0.5,t,0.9,t,113.0,t,0.79,t,142.0,f,,SVI,K,841212039,1
21.0,F,f,f,f,f,f,f,f,f,f,f,f,f,f,f,f,,f,,t,113.0,t,1.12,t,101.0,f,,other,-,841212047,0
62.0,F,f,f,f,f,f,f,f,f,f,f,f,f,f,f,t,1.4,t,1.9,t,106.0,t,1.08,t,98.0,f,,other,-,841212054,0
40.0,F,f,f,f,f,f,f,f,t,t,f,f,t,f,f,f,,f,,f,,f,,f,,t,27.0,other,-,841212063,0
61.0,M,f,f,f,f,f,f,f,f,f,f,f,f,f,f,t,0.2,t,1.8,t,90.0,t,0.7,t,128.0,f,,SVI,-,841212075,0
58.0,F,f,f,f,f,f,f,f,f,f,f,f,f,f,f,t,4.4,t,2.2,t,124.0,t,1.14,t,109.0,f,,SVI,-,841212076,0
69.0,F,f,f,f,f,f,f,f,f,f,f,f,f,f,f,t,2.6,t,1.7,t,117.0,t,0.9,t,129.0,f,,SVI,-,841212077,0
76.0,F,f,f,f,f,f,f,f,f,f,f,f,f,f,f,t,6.3,t,1.3,t,134.0,t,1.15,t,117.0,f,,SVI,G,841212078,1
76.0,F,f,f,f,f,f,f,f,f,t,f,f,f,f,f,t,2.3,t,2.1,t,101.0,t,1.13,t,90.0,f,,other,-,841212079,0
32.0,F,f,t,f,f,f,f,f,f,f,f,f,f,f,f,t,11.0,t,1.8,t,69.0,t,0.9,t,77.0,f,,other,G,841212082,1
74.0,F,f,f,f,f,f,f,f,f,f,f,f,f,f,f,f,,f,,f,,f,,f,,t,25.0,other,-,841212085,0
74.0,F,f,f,f,f,f,f,f,f,f,f,f,f,f,f,f,,f,,f,,f,,f,,t,33.0,other,S,841213008,1
73.0,F,f,f,f,f,f,f,f,f,f,f,f,f,f,f,f,,f,,f,,f,,f,,t,23.0,other,-,841213009,0
60.0,M,f,f,f,f,f,f,f,f,f,f,f,f,f,f,t,0.05,t,2.7,t,108.0,t,1.1,t,98.0,f,,other,-,841213010,0
33.0,M,f,f,f,f,f,f,f,f,f,f,f,f,f,t,t,0.7,t,2.1,t,97.0,t,1.02,t,95.0,f,,SVHC,-,841213011,0
72.0,F,f,f,f,f,f,f,f,f,f,f,f,f,f,f,t,0.8,t,2.2,t,83.0,t,1.05,t,79.0,f,,SVHC,-,841213012,0
28.0,F,f,f,f,f,f,f,f,f,f,f,f,f,f,f,t,0.05,t,1.8,t,97.0,t,1.01,t,92.0,f,,other,-,841213014,0
28.0,F,f,f,f,f,f,f,f,f,f,f,f,f,f,f,t,0.05,t,1.4,t,137.0,t,1.0,t,137.0,f,,other,-,841213015,0
62.0,F,f,f,f,f,f,f,f,f,f,f,f,f,f,f,t,150.0,t,1.6,t,34.0,t,1.07,t,32.0,f,,other,F,841213019,1
31.0,F,f,f,f,f,f,f,f,f,t,f,f,f,f,f,f,,t,3.0,t,169.0,t,0.96,t,176.0,f,,other,A,841213021,1
50.0,F,t,f,f,f,f,f,f,t,f,f,f,f,f,f,t,0.05,t,2.1,t,100.0,t,0.84,t,119.0,f,,other,-,841213031,0
42.0,M,f,f,f,f,f,f,f,f,f,f,f,f,f,f,t,235.0,t,0.5,t,2.0,t,1.24,t,1.4,f,,other,F,841213046,1
61.0,F,t,f,f,f,f,f,f,f,f,f,f,f,f,f,t,0.05,f,,t,184.0,t,1.09,t,169.0,f,,other,L,841213056,1
53.0,F,f,f,f,t,f,f,f,f,f,f,f,f,f,f,t,0.2,t,2.5,t,136.0,t,1.18,t,116.0,f,,other,-,841213057,0
69.0,F,f,f,f,f,f,f,f,t,f,f,f,f,f,f,t,6.6,t,1.5,t,50.0,t,0.83,t,60.0,f,,SVI,F,841213058,1
69.0,F,f,f,f,f,f,f,f,t,f,f,f,f,f,f,t,0.4,t,2.1,t,92.0,t,1.02,t,91.0,f,,other,-,841213060,0
68.0,M,f,f,f,f,f,f,f,f,f,f,f,f,f,f,t,0.05,t,2.0,t,103.0,t,0.91,t,113.0,f,,SVI,-,841213061,0
68.0,F,f,f,f,f,f,f,f,f,f,f,f,f,f,f,t,0.3,t,1.3,t,96.0,t,0.92,t,104.0,f,,SVI,-,841213062,0
65.0,F,f,f,f,f,f,f,f,f,f,f,f,f,f,f,t,18.0,t,1.3,t,72.0,f,,f,,f,,SVI,G,841213063,1
65.0,F,f,f,f,f,f,f,f,f,f,f,f,f,f,f,t,0.05,t,2.3,t,98.0,t,0.9,t,109.0,f,,SVI,-,841213067,0
65.0,F,f,f,f,f,f,f,f,f,f,f,f,f,f,f,t,0.1,f,,f,,f,,f,,f,,other,-,841213070,0
22.0,F,f,f,f,f,f,f,f,f,f,f,f,f,f,f,f,,f,,t,110.0,t,1.03,t,107.0,f,,other,-,841213073,0
13.0,F,f,f,f,f,f,f,f,f,f,f,f,f,f,f,t,2.2,t,2.4,t,62.0,t,1.03,t,60.0,f,,other,-,841213078,0
65.0,F,t,f,f,f,f,f,f,f,f,f,f,f,f,f,t,55.0,t,1.0,t,50.0,t,1.17,t,43.0,f,,other,F,841213082,1
41.0,F,f,f,f,f,f,f,f,f,f,f,f,f,f,f,t,0.1,t,2.1,t,72.0,t,0.86,t,84.0,f,,other,-,841213085,0
20.0,F,f,f,f,f,f,f,f,t,f,f,f,f,f,f,t,0.3,t,1.2,t,72.0,t,0.83,t,87.0,f,,other,-,841213089,0
61.0,F,f,f,f,f,f,f,f,f,f,f,f,f,f,f,t,0.4,t,1.8,t,96.0,t,0.69,t,140.0,f,,SVI,-,841214005,0
70.0,F,f,f,f,f,f,f,f,f,t,f,f,f,f,f,t,2.9,t,1.7,t,119.0,t,0.96,t,123.0,f,,other,-,841214006,0
37.0,F,f,f,f,f,f,f,f,f,f,f,f,f,f,f,t,0.15,t,1.8,t,92.0,f,,f,,f,,other,-,841214007,0
55.0,F,t,f,f,f,f,f,f,f,f,f,f,f,f,f,t,0.1,t,4.1,t,450.0,t,1.66,t,271.0,f,,other,N,841214008,1
44.0,F,t,f,f,f,f,f,f,f,f,f,f,f,f,f,f,,f,,t,154.0,t,1.06,t,146.0,f,,WEST,-,841214020,0
44.0,M,f,f,f,f,f,f,f,f,f,f,f,f,f,f,t,0.6,f,,f,,f,,f,,f,,other,-,841214046,0
63.0,M,f,f,f,t,f,f,f,f,f,f,f,f,f,f,t,5.6,t,1.4,t,56.0,t,0.96,t,58.0,f,,SVI,K,841214047,1
15.0,F,f,f,f,f,f,t,f,f,f,f,f,f,f,f,t,14.0,t,2.1,t,78.0,t,0.99,t,79.0,f,,SVI,Q,841214048,1
29.0,F,f,f,f,f,f,t,f,f,f,f,f,f,f,f,t,2.8,t,2.2,t,120.0,t,0.97,t,123.0,f,,SVI,-,841214049,0
78.0,M,f,f,f,f,f,f,f,f,f,f,f,f,f,f,t,0.3,t,1.2,t,118.0,t,0.76,t,154.0,f,,SVI,-,841214050,0
81.0,F,f,f,f,f,f,f,f,f,f,f,f,f,f,f,t,0.1,t,1.8,t,128.0,t,0.86,t,150.0,f,,SVI,-,841214051,0
57.0,M,t,f,f,f,f,f,f,f,f,f,t,f,f,f,t,0.1,t,4.5,t,159.0,t,1.04,t,153.0,f,,SVI,-,841214053,0
84.0,F,f,f,f,f,f,f,f,f,f,f,f,f,f,f,t,1.3,t,1.3,t,101.0,t,0.83,t,121.0,f,,SVI,-,841214054,0
84.0,,f,f,f,f,f,f,f,f,f,f,f,f,f,f,t,0.1,t,1.9,t,68.0,t,0.8,t,86.0,f,,SVI,-,841214055,0
84.0,M,f,f,f,t,f,f,f,f,f,f,f,f,f,f,t,5.8,t,1.9,t,52.0,t,0.64,t,81.0,f,,other,-,841214056,0
19.0,F,f,f,f,f,t,f,f,f,f,f,f,f,f,f,t,1.3,t,4.4,t,174.0,t,1.76,t,99.0,f,,SVI,I,841214057,1
82.0,F,f,f,f,f,f,f,f,f,f,f,f,f,f,f,t,0.4,t,2.4,t,117.0,t,0.9,t,131.0,f,,SVI,-,841214058,0
54.0,F,f,f,f,f,f,f,f,f,f,f,f,f,f,f,t,1.5,t,1.1,t,74.0,t,0.81,t,92.0,f,,SVI,K,841214059,1
54.0,,f,f,f,f,f,f,f,f,f,f,f,t,f,f,f,,f,,f,,f,,f,,t,16.0,other,-,841214060,0
28.0,F,f,f,f,f,f,f,f,f,f,f,f,f,f,f,f,,f,,f,,f,,f,,t,28.0,other,-,841214062,0
26.0,F,f,f,f,f,f,f,f,f,f,f,f,f,f,f,t,0.4,t,1.9,t,81.0,t,0.79,t,102.0,f,,other,-,841217004,0
34.0,F,f,f,f,f,f,f,f,f,t,f,f,f,f,f,f,,t,3.5,t,120.0,t,0.78,t,154.0,f,,other,B,841217006,1
18.0,F,t,f,f,f,t,f,f,t,f,f,f,f,f,f,t,1.0,t,3.0,t,224.0,t,1.65,t,136.0,f,,STMW,I,841217013,1
69.0,F,f,f,f,f,f,f,f,f,f,f,f,f,f,f,t,3.8,t,2.5,t,76.0,t,0.98,t,78.0,f,,SVI,-,841217017,0
53.0,M,f,f,f,f,f,f,f,f,f,f,f,f,f,t,t,1.0,t,1.9,t,86.0,t,0.89,t,97.0,f,,SVHC,-,841217018,0
54.0,F,f,f,f,f,f,f,f,f,f,f,t,f,f,f,t,1.4,t,1.4,t,79.0,t,0.81,t,98.0,f,,SVI,-,841217019,0
35.0,F,f,f,f,f,f,f,f,f,f,f,f,f,f,f,t,0.3,t,1.5,t,70.0,t,0.8,t,88.0,f,,other,-,841217020,0
85.0,M,f,f,f,f,f,f,f,f,f,f,f,f,f,f,t,0.1,t,0.8,t,80.0,t,0.64,t,125.0,f,,SVI,K,841217021,1
85.0,F,f,f,f,f,f,f,f,f,f,f,f,f,f,f,t,0.1,t,2.3,t,76.0,t,1.03,t,84.0,f,,other,-,841217022,0
43.0,F,f,f,t,f,f,f,f,f,t,f,f,f,f,f,t,0.7,t,1.9,t,104.0,t,0.99,t,104.0,f,,other,-,841217029,0
59.0,M,f,f,f,f,f,f,f,f,t,f,f,f,f,f,f,,t,3.1,t,198.0,t,0.59,t,334.0,f,,other,A,841217030,1
72.0,F,f,t,f,f,f,f,f,f,f,f,f,t,f,f,t,0.15,t,2.2,t,182.0,t,0.85,t,214.0,f,,SVI,-,841217032,0
49.0,M,f,f,f,f,f,f,f,f,f,f,f,f,f,f,t,1.8,t,2.2,t,94.0,t,0.92,t,103.0,f,,SVI,-,841217034,0
49.0,F,f,f,f,f,f,f,f,f,f,f,f,f,f,f,t,3.6,t,1.5,t,107.0,t,0.72,t,147.0,f,,SVI,-,841217035,0
74.0,F,t,f,f,f,f,f,f,f,f,f,f,f,f,f,t,7.6,t,1.6,t,122.0,t,1.12,t,108.0,f,,other,M,841217036,1
74.0,M,t,t,f,f,f,f,f,f,f,f,f,f,f,f,t,0.15,f,,t,123.0,t,0.76,t,162.0,f,,other,L,841217039,1
74.0,F,f,f,f,f,f,f,f,f,f,f,f,f,f,f,t,2.9,t,1.9,t,60.0,t,0.76,t,79.0,f,,other,-,841217040,0
60.0,M,f,f,f,f,f,f,f,f,f,f,f,f,f,f,t,0.5,t,2.3,t,108.0,t,0.67,t,161.0,f,,SVHC,R,841219010,1
59.0,F,f,f,f,f,f,t,f,f,f,f,f,f,f,f,t,4.3,t,2.2,t,65.0,t,0.83,t,79.0,f,,SVI,-,841219012,0
59.0,M,f,f,f,f,f,f,f,f,f,f,f,f,f,f,t,2.7,t,2.1,t,91.0,t,0.81,t,112.0,f,,other,-,841219013,0
23.0,M,f,f,f,f,f,f,f,f,f,f,f,f,f,f,t,0.15,t,1.9,t,99.0,f,,f,,f,,other,-,841219038,0
42.0,M,t,f,f,f,f,f,f,f,f,f,f,f,f,f,t,38.0,t,3.8,f,,f,,f,,f,,other,-,841219039,0
68.0,M,f,f,f,t,f,f,f,f,f,f,f,f,f,f,t,1.0,t,1.6,t,95.0,t,0.88,t,108.0,f,,SVI,-,841219046,0
73.0,F,f,f,f,f,f,f,f,f,f,f,f,f,f,f,t,3.4,t,2.5,t,96.0,t,0.97,t,99.0,f,,SVI,-,841219047,0
80.0,M,f,f,f,t,f,f,f,f,f,f,f,f,f,f,t,0.15,t,1.6,t,63.0,t,0.7,t,90.0,f,,SVI,-,841219048,0
35.0,M,f,f,f,f,f,f,f,f,f,f,f,f,f,f,t,0.15,t,1.7,t,106.0,t,0.76,t,140.0,f,,SVHC,-,841219049,0
72.0,F,f,f,f,f,f,f,f,f,f,f,f,f,f,f,t,1.3,t,1.5,t,58.0,t,0.53,t,109.0,f,,SVI,J,841219050,1
72.0,F,f,f,f,f,f,f,f,f,f,f,f,f,f,f,t,2.7,t,2.4,t,117.0,t,1.08,t,109.0,f,,SVI,-,841219051,0
57.0,F,f,f,f,f,f,f,f,f,f,f,f,t,f,f,t,0.15,f,,t,107.0,t,0.93,t,116.0,f,,other,-,841219055,0
65.0,F,f,f,f,f,f,f,f,f,f,f,f,f,f,f,t,1.6,t,1.7,t,74.0,t,1.02,t,73.0,f,,other,-,841219079,0
87.0,F,f,f,f,f,f,f,f,f,f,f,f,f,f,f,t,0.15,t,1.8,t,194.0,t,0.85,t,228.0,f,,other,AK,841219080,1
38.0,F,f,f,f,f,f,f,f,f,f,f,f,f,f,f,t,2.3,t,1.8,t,92.0,t,0.85,t,108.0,f,,STMW,-,841219086,0
70.0,F,f,f,f,f,f,f,f,f,f,f,f,f,f,f,t,0.15,t,2.2,t,98.0,t,0.93,t,105.0,f,,SVI,-,841219090,0
56.0,F,t,f,f,f,f,f,t,f,f,f,f,f,f,f,t,0.15,f,,t,181.0,t,0.96,t,187.0,f,,other,N,841219091,1
73.0,F,f,f,f,f,f,f,f,f,f,f,f,f,f,f,t,0.15,t,1.0,t,100.0,t,0.69,t,143.0,f,,SVI,K,841219106,1
73.0,F,t,f,f,f,f,f,f,f,f,f,f,f,f,f,t,0.15,t,1.9,t,162.0,t,0.79,t,205.0,f,,other,N,841219107,1
57.0,M,f,f,f,f,f,f,f,f,f,f,f,f,f,f,t,0.15,t,1.6,t,93.0,t,0.78,t,120.0,f,,SVI,-,841219109,0
74.0,F,f,f,f,f,f,f,f,f,f,f,f,f,f,f,t,0.6,t,1.7,t,112.0,t,1.01,t,111.0,f,,SVI,-,841219110,0
74.0,F,f,f,f,f,f,f,f,f,f,f,f,f,f,f,t,0.5,t,1.9,t,130.0,t,0.91,t,143.0,f,,SVI,-,841219111,0
69.0,M,f,f,f,f,f,f,f,f,f,f,f,f,f,f,t,0.15,t,1.9,t,73.0,t,0.78,t,94.0,f,,SVI,-,841219113,0
29.0,F,f,f,f,f,f,f,f,f,f,f,f,f,f,f,t,1.8,t,3.5,t,138.0,t,1.44,t,96.0,f,,SVI,I,841219114,1
28.0,F,f,f,f,f,f,f,f,f,f,f,f,f,f,f,t,0.15,t,8.099999,t,111.0,t,0.91,t,122.0,f,,SVI,I,841219115,1
20.0,F,f,f,f,f,f,f,f,f,f,f,f,f,f,t,t,0.5,t,2.9,t,138.0,t,1.32,t,105.0,f,,SVHC,-,841219116,0
77.0,F,f,f,f,f,f,f,f,t,f,f,f,f,f,f,f,,t,2.3,t,149.0,t,0.97,t,153.0,f,,SVI,-,841219124,0
33.0,F,f,f,f,f,f,f,f,f,t,f,f,f,f,f,t,1.7,t,2.1,t,107.0,t,0.96,t,109.0,f,,other,-,841219138,0
22.0,F,f,f,f,f,f,f,f,f,f,f,f,f,f,f,t,0.35,t,1.6,f,,f,,f,,f,,other,-,841220003,0
22.0,F,f,f,f,f,f,f,f,f,f,f,f,f,f,f,t,1.3,t,1.8,t,89.0,t,0.82,t,109.0,f,,other,-,841220017,0
30.0,F,f,f,f,f,f,f,f,f,f,f,f,f,f,t,t,0.35,t,2.0,t,106.0,t,0.97,t,109.0,f,,SVHC,-,841220018,0
59.0,M,f,f,f,f,f,f,f,f,f,f,f,f,f,t,t,0.35,t,2.2,t,172.0,t,1.28,t,134.0,f,,SVHC,I,841220019,1
44.0,F,f,f,f,f,f,f,f,f,f,f,f,f,f,t,t,0.35,t,1.1,t,62.0,t,0.73,t,85.0,f,,SVHC,K,841220020,1
24.0,M,f,f,f,f,f,f,f,f,t,f,f,f,f,f,t,0.3,t,3.8,t,54.0,f,,f,,f,,other,A,841220028,1
64.0,F,f,f,f,f,f,t,f,f,f,f,f,f,f,f,t,1.8,t,1.6,t,80.0,t,1.11,t,72.0,f,,other,-,841220042,0
19.0,F,f,f,f,f,f,f,f,f,t,f,f,f,f,f,t,0.3,t,7.6,t,221.0,t,0.86,t,256.0,f,,other,A,841220047,1
70.0,F,t,f,f,f,f,f,f,f,f,f,f,f,f,f,t,0.3,t,1.8,t,159.0,t,1.0,t,159.0,f,,other,L,841220048,1
50.0,F,t,f,f,f,f,f,f,f,f,f,f,f,f,f,t,0.3,f,,t,130.0,t,1.08,t,121.0,f,,other,-,841220050,0
50.0,F,t,f,f,f,f,f,f,f,f,f,f,f,f,f,t,0.3,t,1.7,t,125.0,t,0.96,t,130.0,f,,other,-,841220051,0
68.0,F,t,f,f,f,f,f,f,f,f,f,f,f,f,f,t,0.3,t,1.2,t,69.0,t,1.07,t,64.0,f,,other,-,841220052,0
58.0,F,f,f,f,f,f,f,f,f,t,f,f,f,f,f,t,1.2,t,1.9,t,90.0,t,1.06,t,85.0,f,,other,-,841220053,0
48.0,F,f,f,f,f,f,f,f,f,t,f,f,f,f,f,t,0.3,t,8.9,t,212.0,t,0.88,t,240.0,f,,other,A,841220058,1
62.0,M,t,f,f,f,f,f,f,f,f,f,f,f,f,f,t,1.2,t,2.5,t,102.0,t,1.11,t,92.0,f,,other,-,841220059,0
75.0,F,f,f,f,f,f,f,f,f,f,f,f,f,f,f,t,0.3,t,2.4,t,177.0,t,1.14,t,155.0,f,,SVI,-,841220066,0
57.0,F,f,f,f,f,f,f,f,f,f,f,f,f,f,f,t,1.1,t,1.8,t,81.0,t,1.38,t,59.0,f,,SVI,I,841220067,1
77.0,M,f,f,f,f,f,f,f,f,f,f,f,f,f,f,t,0.3,t,1.9,t,70.0,t,0.96,t,73.0,f,,SVI,-,841220069,0
80.0,M,f,f,f,f,f,f,f,f,f,f,f,f,f,f,t,2.1,t,1.8,t,104.0,t,0.89,t,117.0,f,,other,-,841220070,0
46.0,M,f,f,f,f,f,f,f,f,t,f,f,f,f,f,f,,f,,f,,f,,f,,t,16.0,other,-,841220076,0
66.0,F,t,f,f,f,f,f,f,f,f,f,f,f,f,f,t,0.25,t,5.0,t,215.0,t,1.17,t,183.0,f,,other,N,841220079,1
41.0,F,f,f,f,f,f,f,f,f,f,f,f,f,f,f,t,0.9,f,,t,69.0,t,0.86,t,80.0,f,,other,-,841220080,0
35.0,F,t,f,f,f,f,f,f,f,f,f,f,f,f,f,t,31.0,t,2.6,f,,f,,f,,f,,other,-,841220082,0
64.0,F,t,f,f,f,f,f,f,f,f,f,f,f,f,f,t,0.25,f,,t,115.0,t,0.81,t,142.0,f,,other,-,841220090,0
64.0,F,t,f,f,f,f,f,f,f,f,f,f,f,f,f,t,2.1,t,4.5,t,208.0,t,1.76,t,118.0,f,,other,-,841221005,0
61.0,F,f,f,f,f,f,f,f,f,t,f,f,f,f,f,t,1.5,t,1.8,t,113.0,t,1.01,t,112.0,f,,SVI,-,841221011,0
66.0,M,f,f,f,f,f,f,f,f,f,f,f,f,f,f,t,1.5,t,1.9,t,59.0,t,0.62,t,96.0,f,,SVI,-,841221013,0
39.0,M,f,f,f,f,f,f,f,f,f,f,f,f,f,f,t,0.25,t,3.1,t,85.0,t,0.88,t,97.0,f,,other,-,841221014,0
69.0,F,f,f,f,f,f,f,f,t,f,f,f,f,f,f,t,6.5,t,1.8,t,45.0,t,0.89,t,51.0,f,,SVI,F,841221016,1
69.0,F,f,f,f,f,f,f,f,f,f,f,f,f,f,f,t,0.25,t,2.7,t,93.0,f,,f,,f,,other,-,841221017,0
83.0,F,f,f,f,f,f,f,f,f,f,f,f,f,f,f,t,0.25,t,1.1,t,117.0,t,0.68,t,170.0,f,,SVI,-,841221032,0
59.0,M,f,f,f,f,f,f,f,f,f,f,f,f,f,f,t,0.7,t,1.9,t,96.0,t,0.94,t,101.0,f,,SVHC,-,841221033,0
59.0,F,f,f,f,f,f,f,f,f,f,f,f,f,f,f,t,1.2,t,1.9,t,89.0,t,1.0,t,89.0,f,,SVI,-,841221046,0
41.0,F,f,f,f,f,f,t,f,f,f,f,f,f,f,f,t,18.0,t,2.1,t,93.0,t,1.16,t,80.0,f,,SVI,Q,841221047,1
78.0,F,f,f,f,f,f,f,f,f,f,f,f,f,f,f,t,0.25,t,2.1,t,100.0,t,1.17,t,85.0,f,,SVI,-,841221048,0
80.0,F,f,f,f,f,f,f,f,f,f,f,f,f,f,f,t,0.25,t,1.0,t,86.0,t,0.64,t,134.0,f,,SVI,K,841221049,1
51.0,M,f,f,f,f,f,f,f,f,f,f,f,f,f,f,t,0.25,t,2.2,t,129.0,t,1.05,t,122.0,f,,SVI,-,841221050,0
61.0,F,f,f,f,f,f,f,f,f,f,f,f,f,f,f,t,0.25,t,1.8,t,102.0,t,0.76,t,135.0,f,,SVI,-,841221051,0
69.0,F,f,f,f,f,f,f,f,t,f,f,f,f,f,f,t,6.5,t,2.1,t,56.0,t,0.87,t,64.0,f,,SVI,F,841221052,1
69.0,F,f,f,f,f,f,f,f,f,f,f,f,f,f,f,t,0.3,t,1.9,t,94.0,t,1.04,t,90.0,f,,other,-,841221069,0
31.0,F,f,f,f,t,f,f,f,f,f,f,f,f,f,f,t,1.8,t,1.6,t,98.0,t,0.75,t,131.0,f,,other,-,841221070,0
37.0,F,f,f,f,f,f,f,f,f,f,f,f,f,f,f,t,0.25,t,2.0,t,107.0,t,1.08,t,99.0,f,,SVHC,-,841224002,0
75.0,F,f,f,f,f,f,f,f,f,f,f,f,f,f,f,t,0.25,t,2.2,t,111.0,t,1.0,t,111.0,f,,other,-,841224004,0
75.0,F,f,f,f,f,f,f,f,f,f,f,f,f,f,f,t,0.25,t,1.1,t,92.0,t,1.01,t,91.0,f,,SVI,K,841224008,1
75.0,F,f,f,f,t,f,f,f,f,f,f,f,f,f,f,t,0.25,t,1.2,t,115.0,t,1.0,t,115.0,f,,other,-,841224009,0
37.0,F,f,f,f,f,f,f,f,f,f,f,f,t,f,f,t,0.25,t,0.7,t,61.0,t,0.72,t,84.0,f,,SVI,K,841224010,1
47.0,M,f,f,f,f,f,f,f,f,f,f,f,f,f,f,t,1.0,t,1.3,t,78.0,t,0.81,t,96.0,f,,SVI,-,841224011,0
40.0,M,f,f,f,f,f,f,f,f,f,f,f,f,f,t,t,0.25,t,2.5,t,106.0,t,1.0,t,106.0,f,,SVHC,-,841227007,0
74.0,F,f,f,f,f,f,f,f,f,f,f,f,f,f,f,t,1.4,t,1.4,t,126.0,t,0.89,t,141.0,f,,SVHC,-,841227008,0
72.0,M,f,f,f,f,f,f,f,f,f,f,f,f,f,f,t,4.3,t,2.5,t,88.0,t,1.33,t,66.0,f,,SVI,-,841227019,0
72.0,F,f,f,f,f,f,f,f,f,f,f,f,f,f,f,t,0.25,t,2.6,t,92.0,t,0.94,t,98.0,f,,SVI,-,841228009,0
73.0,F,f,f,f,f,f,f,f,f,t,f,f,f,f,f,t,5.1,t,1.5,t,101.0,t,1.14,t,89.0,f,,SVI,-,841228010,0
73.0,F,t,f,f,f,f,f,t,f,f,f,f,f,f,f,t,0.6,t,1.5,t,120.0,t,0.82,t,146.0,f,,other,-,850102001,0
24.0,F,f,f,f,f,f,f,f,f,f,f,f,f,f,f,t,0.25,t,3.0,t,143.0,t,1.33,t,108.0,f,,SVHC,I,850102005,1
47.0,,f,f,f,f,f,f,f,f,f,f,f,f,f,f,t,1.9,t,2.4,t,102.0,t,1.31,t,78.0,f,,SVHC,-,850102006,0
64.0,M,f,f,f,f,f,f,f,f,f,f,f,f,f,f,t,0.9,t,1.7,t,77.0,t,0.9,t,85.0,f,,SVHC,-,850102007,0
23.0,F,f,f,f,f,f,f,f,f,f,f,f,f,f,f,t,0.25,t,2.6,t,139.0,t,0.9,t,153.0,f,,SVI,-,850102008,0
69.0,M,f,f,f,f,f,f,f,f,f,f,f,f,f,f,t,0.25,t,1.6,t,86.0,t,0.7,t,123.0,f,,SVI,-,850102010,0
85.0,M,f,f,f,f,f,f,f,f,f,f,f,f,f,f,t,0.25,t,2.3,t,128.0,t,1.06,t,121.0,f,,SVI,-,850102011,0
48.0,M,f,f,f,f,f,f,f,f,f,f,f,f,f,f,t,2.1,t,2.0,t,86.0,t,0.78,t,110.0,f,,SVI,-,850102017,0
67.0,F,t,f,f,f,f,f,f,f,f,f,f,f,f,f,t,1.3,t,2.4,t,87.0,t,1.09,t,80.0,f,,other,-,850102018,0
76.0,F,f,f,f,f,f,f,f,f,f,f,f,f,f,f,t,0.1,t,2.9,t,124.0,t,1.28,t,97.0,f,,other,I,850102019,1
62.0,F,f,f,f,t,f,f,f,f,f,f,f,f,f,f,t,11.0,t,0.8,t,73.0,t,0.74,t,98.0,f,,SVI,GK,850102020,1
18.0,M,f,f,f,f,f,f,f,f,f,f,f,f,f,t,t,0.1,t,2.3,t,98.0,t,0.85,t,115.0,f,,SVHC,-,850103007,0
59.0,F,f,f,f,f,f,f,f,f,f,f,f,f,f,f,t,0.8,t,2.3,t,94.0,f,,f,,f,,other,-,850103008,0
49.0,F,t,f,f,f,f,f,f,f,f,f,f,f,f,f,t,0.6,t,2.3,t,113.0,t,1.02,t,111.0,f,,SVHC,-,850103009,0
53.0,M,f,f,f,f,f,f,f,f,f,f,f,f,f,t,t,2.3,t,2.0,t,63.0,t,0.95,t,66.0,f,,SVHC,-,850103010,0
39.0,F,f,f,f,f,f,f,f,f,f,f,f,f,f,f,t,0.1,t,1.8,t,90.0,t,0.71,t,126.0,f,,other,-,850103011,0
39.0,,f,f,f,f,f,f,f,f,t,f,f,f,f,f,t,0.6,t,2.0,t,114.0,t,1.0,t,114.0,f,,SVI,-,850103012,0
65.0,M,f,f,f,f,f,f,f,f,f,f,f,f,f,t,t,1.6,t,1.8,t,78.0,t,0.92,t,85.0,f,,SVHC,-,850103013,0
64.0,F,t,f,f,f,f,f,f,f,f,f,f,f,f,f,t,32.0,t,1.4,t,85.0,t,1.18,t,71.0,f,,other,M,850103014,1
50.0,F,t,f,f,f,f,f,t,f,f,f,f,f,f,f,t,61.0,f,,t,13.0,t,1.18,t,11.0,f,,other,F,850103017,1
76.0,F,t,f,f,f,f,f,f,f,f,f,f,f,f,f,t,0.1,t,2.1,t,98.0,t,1.01,t,97.0,f,,other,-,850103025,0
62.0,F,f,f,f,f,f,f,f,f,f,f,f,f,f,f,t,3.7,f,,t,86.0,t,0.91,t,95.0,f,,other,-,850103026,0
63.0,F,f,f,f,f,f,f,f,f,f,f,f,t,f,f,f,,f,,f,,f,,f,,t,26.0,other,-,850103040,0
53.0,M,f,f,f,f,f,f,f,f,f,f,f,f,f,t,t,0.6,t,2.6,t,136.0,t,1.19,t,114.0,f,,SVHC,-,850103042,0
62.0,M,f,f,f,f,f,f,f,f,f,f,f,f,f,f,t,2.1,t,2.1,t,87.0,t,0.93,t,94.0,f,,SVI,-,850103043,0
77.0,M,f,f,f,f,f,f,f,f,f,f,f,f,f,f,t,0.9,t,2.4,t,100.0,t,0.8,t,124.0,f,,SVI,-,850103044,0
77.0,F,f,f,f,f,f,f,f,f,f,f,f,f,f,f,t,0.8,t,1.4,t,124.0,t,1.2,t,103.0,f,,SVI,-,850103046,0
78.0,F,f,f,f,f,f,f,f,t,f,f,f,f,f,f,t,25.0,t,0.9,t,50.0,t,0.84,t,60.0,f,,SVI,F,850103047,1
27.0,F,f,f,f,f,f,f,f,f,f,f,f,f,f,f,t,0.5,t,1.3,t,108.0,t,0.79,t,137.0,f,,SVI,-,850103048,0
57.0,F,f,f,f,f,f,f,f,f,f,f,f,f,f,f,f,,f,,f,,f,,f,,t,20.0,other,-,850103052,0
28.0,F,f,f,t,f,f,f,f,f,f,f,f,f,f,f,f,,f,,f,,f,,f,,t,39.0,other,S,850103056,1
72.0,M,f,f,f,f,f,f,f,f,f,f,f,f,f,f,t,0.3,t,0.6,t,120.0,t,1.06,t,113.0,f,,SVI,K,850104002,1
22.0,F,f,f,f,f,f,f,f,f,f,f,f,f,f,f,t,0.5,t,1.7,t,83.0,t,0.86,t,97.0,f,,other,-,850104011,0
22.0,F,f,f,f,f,f,f,f,f,f,f,f,f,f,f,t,0.9,t,2.5,t,110.0,t,1.0,t,110.0,f,,other,-,850104012,0
33.0,M,f,f,f,f,f,f,f,f,f,f,f,f,f,f,t,0.4,t,2.2,t,90.0,t,0.98,t,91.0,f,,other,-,850104013,0
44.0,F,f,f,f,f,f,f,f,f,f,f,f,f,f,f,t,0.9,t,1.8,t,119.0,t,0.98,t,120.0,f,,other,-,850104014,0
31.0,F,f,f,f,f,f,f,f,f,f,f,f,f,f,f,t,0.1,t,3.2,t,207.0,t,1.57,t,132.0,f,,STMW,I,850104016,1
38.0,F,f,f,f,f,f,f,f,f,f,f,f,f,f,f,t,1.3,t,2.8,t,122.0,t,1.1,t,111.0,f,,other,-,850104017,0
38.0,,f,f,f,f,f,f,f,f,f,f,f,f,f,f,t,9.599999,t,4.8,t,168.0,t,0.28,t,612.0,f,,other,D,850104023,1
38.0,,f,f,f,f,f,f,f,f,f,f,f,f,f,f,t,7.9,t,4.7,t,123.0,t,0.28,t,445.0,f,,other,D,850104024,1
20.0,F,t,f,f,f,f,f,f,f,f,f,f,f,f,f,f,,f,,f,,f,,f,,t,17.0,other,-,850104031,0
72.0,F,f,f,f,f,f,f,f,f,t,f,f,f,f,f,t,0.1,t,2.5,t,180.0,t,0.83,t,217.0,f,,SVI,AK,850104032,1
78.0,F,f,f,f,f,f,f,f,t,f,f,f,f,f,f,t,0.1,t,0.6,t,70.0,t,0.9,t,177.0,f,,SVI,-,850104033,0
61.0,F,f,f,f,t,f,f,f,f,f,f,f,f,f,f,t,9.799999,t,0.4,t,81.0,t,0.64,t,126.0,f,,SVI,GK,850104034,1
38.0,M,f,f,f,f,f,f,f,f,f,f,f,f,f,f,t,0.1,t,1.5,t,106.0,t,0.79,t,134.0,f,,SVI,-,850104035,0
83.0,F,f,f,f,f,f,f,f,f,f,f,f,f,f,f,t,2.9,t,1.4,t,95.0,t,0.81,t,118.0,f,,SVI,-,850104036,0
53.0,M,f,f,f,f,f,f,f,f,f,f,f,f,f,f,t,1.4,t,1.9,t,104.0,t,0.93,t,112.0,f,,SVI,-,850104037,0
66.0,F,f,f,f,f,f,f,f,f,f,f,f,f,f,f,t,0.1,t,1.8,t,108.0,t,0.71,t,151.0,f,,SVI,-,850104038,0
53.0,F,t,f,f,f,f,f,f,f,f,f,f,f,f,f,t,0.1,f,,t,129.0,t,1.08,t,119.0,f,,other,-,850104043,0
50.0,F,t,f,f,f,f,f,f,f,f,f,f,f,f,f,t,4.0,f,,t,120.0,t,0.8,t,150.0,f,,other,-,850104055,0
49.0,M,f,f,f,f,f,f,f,f,f,f,f,f,f,f,t,0.5,t,1.8,t,86.0,t,0.82,t,105.0,f,,SVHC,-,850104056,0
55.0,F,f,f,f,f,f,f,f,f,f,f,f,f,f,f,t,0.1,t,1.8,t,103.0,t,0.91,t,113.0,f,,SVHC,-,850104057,0
31.0,F,f,f,f,f,t,f,f,f,f,f,f,t,f,f,f,,t,3.0,t,158.0,t,1.01,t,156.0,f,,other,A,850104059,1
54.0,F,f,f,f,t,f,f,f,f,f,f,f,f,f,f,t,0.4,f,,t,60.0,t,0.87,t,69.0,f,,other,-,850104062,0
54.0,M,f,f,f,f,f,f,f,f,f,f,f,f,f,t,t,0.1,t,1.9,t,102.0,t,0.93,t,110.0,f,,SVHC,-,850107002,0
61.0,M,f,f,f,f,f,f,f,f,f,f,f,f,f,f,t,1.0,t,2.2,t,91.0,t,0.87,t,105.0,f,,other,-,850107003,0
49.0,M,f,t,f,f,f,f,f,f,f,f,f,f,f,f,t,0.1,t,1.3,t,82.0,t,1.0,t,82.0,f,,SVI,-,850107020,0
28.0,F,f,f,f,f,f,f,f,f,t,f,f,f,f,f,t,0.1,t,1.8,t,85.0,t,0.78,t,109.0,f,,other,-,850107032,0
55.0,F,t,f,f,f,f,f,f,f,f,f,f,f,f,f,t,0.05,t,2.8,t,189.0,t,1.66,t,114.0,f,,other,-,850107044,0
80.0,F,f,f,f,f,f,f,f,f,f,f,f,f,f,f,f,,t,2.8,t,103.0,t,1.0,t,103.0,f,,other,-,850108004,0
28.0,M,f,f,f,f,f,f,f,f,f,f,f,f,f,f,t,0.05,t,1.6,t,91.0,t,0.88,t,103.0,f,,SVHC,-,850108007,0
63.0,M,f,f,f,f,f,f,f,f,f,f,f,f,f,f,t,0.3,t,0.8,t,74.0,t,0.85,t,87.0,f,,other,-,850108009,0
59.0,F,f,f,f,f,f,f,f,f,f,f,f,t,f,f,t,0.05,t,3.6,t,94.0,t,1.02,t,92.0,f,,SVI,C,850108010,1
67.0,M,f,f,f,f,f,f,f,t,f,f,f,f,f,f,t,2.1,t,2.0,t,83.0,t,0.96,t,87.0,f,,SVI,-,850108011,0
86.0,F,f,f,f,f,f,f,f,f,f,f,f,f,f,f,t,0.05,t,2.0,t,79.0,t,0.62,t,126.0,f,,SVI,-,850108012,0
72.0,F,f,f,f,f,f,f,f,f,f,f,f,f,f,f,t,1.0,t,1.7,t,93.0,t,0.78,t,119.0,f,,SVI,-,850108013,0
78.0,M,f,f,f,f,f,f,f,f,f,f,f,f,f,f,t,2.4,t,1.3,t,87.0,t,0.89,t,97.0,f,,SVI,-,850108014,0
72.0,F,f,f,f,f,f,f,f,f,f,f,f,f,f,f,t,1.6,t,2.2,t,107.0,t,1.12,t,96.0,f,,other,-,850108015,0
72.0,F,t,f,f,f,f,f,f,f,f,f,f,t,f,f,f,,t,3.2,f,,f,,f,,f,,other,-,850108030,0
27.0,F,f,f,f,f,f,f,f,f,f,f,f,f,f,f,t,1.9,t,1.5,t,104.0,f,,f,,f,,other,-,850108042,0
62.0,F,f,f,f,f,f,f,f,f,f,f,f,f,f,f,t,2.6,t,2.1,t,79.0,t,0.89,t,90.0,f,,other,-,850108044,0
62.0,M,f,f,f,f,f,f,f,f,f,f,f,f,f,f,t,1.4,t,3.9,t,97.0,t,0.84,t,115.0,f,,other,R,850108054,1
65.0,F,f,f,f,f,f,f,f,f,f,f,f,f,f,f,t,2.0,t,2.6,t,134.0,t,0.99,t,136.0,f,,SVI,-,850108056,0
30.0,F,f,f,f,f,f,f,f,f,f,f,f,f,f,f,t,0.2,t,2.6,t,80.0,t,0.84,t,95.0,f,,SVHC,-,850108057,0
80.0,F,f,f,f,f,f,f,f,f,f,f,f,f,f,f,t,0.8,t,2.3,t,124.0,t,1.04,t,118.0,f,,SVI,-,850108058,0
70.0,F,f,f,f,f,f,f,f,f,f,f,f,f,f,f,t,2.3,t,1.8,t,122.0,t,0.85,t,144.0,f,,SVI,-,850108059,0
57.0,M,f,f,f,f,f,f,f,f,f,f,f,f,f,f,t,0.3,t,2.1,t,122.0,t,0.82,t,150.0,f,,SVI,-,850108060,0
57.0,M,f,f,f,f,f,f,f,f,f,f,f,f,f,f,t,1.0,t,2.2,t,79.0,t,0.7,t,114.0,f,,SVI,-,850108062,0
47.0,M,f,f,f,f,f,f,f,f,f,f,f,f,f,f,t,0.3,t,2.1,t,99.0,t,0.85,t,117.0,f,,SVI,-,850108063,0
58.0,F,f,f,f,f,f,f,f,f,f,f,f,f,f,f,t,0.8,t,2.2,t,96.0,t,0.86,t,111.0,f,,SVI,-,850108064,0
58.0,F,f,f,f,f,f,f,f,f,f,f,f,f,f,f,t,0.05,t,1.9,t,123.0,t,0.99,t,124.0,f,,SVI,-,850108065,0
36.0,M,f,f,f,f,f,f,f,f,f,f,f,f,f,f,t,0.3,t,1.1,t,69.0,t,0.6,t,114.0,f,,SVI,K,850108067,1
16.0,F,f,f,f,f,f,f,f,f,t,f,f,f,f,f,t,0.05,t,6.2,t,255.0,t,1.04,t,244.0,f,,other,A,850108069,1
28.0,F,t,f,f,f,t,f,f,f,f,f,f,f,f,f,t,2.5,t,2.6,t,179.0,t,1.55,t,115.0,f,,other,-,850108076,0
56.0,F,f,f,t,f,f,f,f,f,f,f,f,f,f,f,t,8.2,t,2.0,t,66.0,t,0.94,t,70.0,f,,other,G,850108077,1
31.0,M,f,f,f,f,f,f,f,f,f,f,f,f,f,f,t,0.8,t,2.6,t,113.0,t,0.91,t,123.0,f,,other,-,850109001,0
55.0,M,f,f,f,f,f,f,f,t,f,f,f,f,f,f,t,0.3,f,,t,76.0,t,1.01,t,76.0,f,,SVI,-,850109013,0
33.0,M,f,f,f,f,f,f,f,f,f,f,f,f,f,t,t,0.3,t,2.5,t,107.0,t,0.92,t,116.0,f,,SVHC,-,850109015,0
42.0,,t,f,f,f,f,f,f,f,f,f,f,f,f,f,t,0.05,t,2.0,t,129.0,t,1.02,t,126.0,f,,other,-,850109020,0
26.0,F,f,f,f,f,f,f,f,f,f,f,f,f,f,f,f,,f,,f,,f,,f,,t,23.0,other,-,850109039,0
69.0,M,f,f,f,f,f,f,f,f,f,f,f,f,f,f,f,,f,,t,109.0,t,1.03,t,106.0,f,,other,-,850228011,0
29.0,M,f,f,f,f,f,f,f,f,f,f,f,f,f,f,t,0.2,t,2.2,t,89.0,t,0.99,t,90.0,f,,other,-,850301001,0
55.0,F,f,f,f,f,f,f,f,f,f,f,f,f,f,f,t,0.2,t,3.6,t,301.0,t,1.75,t,172.0,f,,other,A,850301003,1
55.0,M,t,f,f,t,f,f,f,f,f,f,f,f,f,f,t,7.6,t,1.0,t,86.0,t,0.84,t,102.0,f,,other,MK,850301005,1
29.0,F,f,f,f,f,f,f,f,f,f,f,f,f,f,f,t,0.2,t,2.7,t,103.0,f,,f,,f,,other,-,850301007,0
38.0,F,f,f,f,f,f,f,f,f,f,f,f,f,f,t,t,4.8,t,2.4,t,114.0,t,0.84,t,135.0,f,,SVHC,-,850301009,0
40.0,M,f,f,f,f,f,f,f,f,f,f,f,f,f,f,t,0.2,t,1.6,t,95.0,t,0.99,t,96.0,f,,SVHC,-,850301010,0
27.0,F,f,f,f,f,f,f,f,f,f,f,f,f,f,t,t,1.7,t,1.9,t,146.0,t,1.19,t,123.0,f,,SVHC,-,850301011,0
50.0,F,f,f,f,f,f,f,f,f,f,f,f,f,f,f,t,0.2,t,2.0,t,121.0,t,1.04,t,116.0,f,,SVHC,-,850301013,0
67.0,F,f,f,f,f,f,f,f,f,f,f,f,f,f,f,t,2.1,t,1.4,t,119.0,t,0.98,t,121.0,f,,SVI,-,850301017,0
67.0,,f,f,f,t,f,f,f,f,f,f,f,f,f,f,t,0.2,t,0.9,t,75.0,t,0.73,t,102.0,f,,other,K,850301018,1
58.0,M,f,f,f,f,f,f,f,f,f,f,f,f,f,f,t,0.2,t,2.1,t,106.0,t,0.94,t,113.0,f,,other,-,850301019,0
16.0,F,f,f,f,f,f,f,f,f,f,f,f,f,f,f,f,,t,5.0,t,164.0,t,1.26,t,130.0,f,,other,-,850301020,0
32.0,F,f,f,f,f,t,f,f,f,f,f,f,f,f,f,t,0.25,t,2.5,t,105.0,t,1.05,t,100.0,f,,STMW,-,850301031,0
25.0,F,f,f,f,f,f,f,f,f,f,f,f,f,f,f,t,1.1,t,2.2,t,112.0,t,0.98,t,115.0,f,,STMW,-,850301032,0
73.0,F,f,f,f,f,f,f,f,f,f,f,f,f,f,f,t,47.0,t,1.1,t,52.0,t,0.9,t,58.0,f,,other,F,850301057,1
78.0,F,f,f,f,t,f,f,f,f,f,f,f,f,f,f,t,0.7,t,1.6,t,102.0,t,1.23,t,83.0,f,,SVI,-,850301059,0
65.0,M,f,f,f,f,f,f,f,f,f,f,f,f,f,f,t,1.2,t,0.6,t,61.0,t,0.59,t,105.0,f,,SVI,K,850301061,1
72.0,F,f,f,f,f,f,f,f,f,f,f,f,f,f,f,t,2.3,t,2.0,t,130.0,f,,f,,f,,other,-,850301063,0
74.0,F,f,f,f,f,f,f,f,t,f,f,f,f,f,f,t,1.3,t,1.2,t,89.0,t,0.94,t,95.0,f,,other,-,850301064,0
49.0,M,f,f,f,f,f,f,f,f,f,f,f,f,f,f,t,0.2,t,2.0,t,94.0,t,0.97,t,98.0,f,,SVHC,-,850304002,0
69.0,M,f,f,f,f,f,f,f,t,f,f,f,f,f,f,t,0.2,t,2.5,t,124.0,t,1.15,t,108.0,f,,other,-,850304003,0
22.0,F,f,f,f,f,f,f,f,f,f,f,f,f,f,f,t,0.2,t,1.8,t,157.0,t,0.9,t,175.0,f,,other,AK,850304005,1
38.0,M,f,f,f,f,f,f,f,t,f,f,f,f,f,f,t,3.9,t,2.2,t,61.0,t,0.76,t,80.0,f,,other,-,850304006,0
38.0,F,f,f,f,f,f,f,f,f,f,f,f,f,f,f,f,,f,,t,144.0,t,0.94,t,154.0,f,,other,-,850304009,0
43.0,F,f,f,f,f,f,f,f,f,f,f,f,f,f,f,t,70.0,t,0.5,t,2.9,t,1.05,t,2.8,f,,other,F,850304013,1
42.0,F,f,f,f,f,f,f,f,f,f,f,f,f,f,f,t,31.0,t,0.8,t,13.0,t,1.19,t,11.0,f,,other,F,850304014,1
70.0,F,f,f,f,f,f,f,f,t,f,f,f,f,f,f,t,3.7,f,,t,69.0,t,0.83,t,83.0,f,,other,-,850304027,0
70.0,F,f,f,f,f,f,f,t,f,f,f,f,f,f,f,t,0.9,f,,t,70.0,t,0.8,t,87.0,f,,other,-,850304029,0
30.0,M,f,f,f,f,f,f,f,f,f,f,f,f,f,f,t,0.2,t,1.9,t,86.0,t,0.9,t,96.0,f,,other,-,850304038,0
28.0,F,t,f,f,f,f,f,f,f,f,f,f,f,f,f,t,0.2,t,2.0,t,115.0,t,0.92,t,124.0,f,,other,-,850304045,0
58.0,F,f,f,f,f,f,f,f,t,t,f,f,f,f,f,t,0.2,f,,t,256.0,t,0.9,t,283.0,f,,other,A,850304049,1
65.0,M,f,f,f,f,f,f,f,f,f,f,f,f,f,f,t,0.2,t,1.9,t,134.0,t,0.98,t,137.0,f,,SVI,-,850305001,0
43.0,M,f,f,f,f,f,f,f,f,f,f,f,f,f,f,t,0.2,t,1.9,t,98.0,t,0.89,t,110.0,f,,SVHC,-,850305011,0
63.0,F,f,t,f,t,f,f,f,f,f,f,f,f,f,f,t,0.2,t,0.9,t,110.0,t,0.82,t,134.0,f,,SVI,K,850305013,1
63.0,F,f,f,f,f,f,f,f,f,f,f,f,f,f,f,t,0.9,t,2.1,t,153.0,t,1.22,t,126.0,f,,other,-,850305014,0
63.0,F,f,f,f,f,f,f,f,f,f,f,f,f,f,f,t,1.4,t,1.9,t,118.0,f,,f,,f,,other,-,850305015,0
36.0,F,t,f,f,f,f,f,f,f,f,f,f,f,f,f,t,2.1,t,2.4,t,179.0,t,1.36,t,131.0,f,,other,-,850305016,0
71.0,F,t,f,f,f,f,f,f,f,f,f,f,f,f,f,t,0.2,t,1.6,t,122.0,t,0.81,t,152.0,f,,other,-,850305020,0
43.0,F,t,f,f,f,f,f,f,f,f,f,f,f,f,f,t,0.2,f,,t,197.0,t,1.08,t,182.0,f,,other,N,850305032,1
43.0,F,t,f,f,f,f,f,f,t,f,f,f,f,f,f,t,2.6,t,1.8,t,137.0,t,1.02,t,134.0,f,,other,-,850305043,0
50.0,M,f,f,f,f,f,f,f,f,f,f,f,f,f,f,t,0.2,t,1.8,t,123.0,t,0.97,t,126.0,f,,other,-,850305044,0
42.0,F,f,f,f,f,f,f,f,f,f,f,f,f,f,f,t,2.3,t,1.1,t,93.0,t,0.73,t,127.0,f,,other,-,850305045,0
55.0,M,f,f,f,f,f,f,f,f,f,f,f,f,f,f,t,2.1,t,0.8,t,75.0,t,0.77,t,98.0,f,,SVI,K,850305046,1
53.0,F,f,f,f,f,f,f,f,f,f,f,f,f,f,f,t,3.1,t,2.4,t,87.0,t,0.94,t,93.0,f,,SVHC,-,850306007,0
61.0,F,f,f,f,t,f,f,f,f,f,f,f,f,f,f,t,0.2,t,3.8,t,252.0,t,1.13,t,222.0,f,,other,A,850306013,1
37.0,M,f,t,f,f,f,f,f,f,f,f,f,f,f,f,f,,f,,t,116.0,t,0.9,t,128.0,f,,other,-,850306015,0
45.0,F,f,f,f,f,f,f,f,f,f,f,f,f,f,f,t,0.2,t,2.0,t,87.0,f,,f,,f,,other,-,850306023,0
26.0,F,f,f,f,f,f,t,f,f,t,f,f,f,f,f,t,11.0,f,,t,89.0,t,1.04,t,86.0,f,,other,-,850306024,0
26.0,F,f,f,f,f,f,f,f,f,f,f,f,f,f,f,t,0.2,t,5.1,t,187.0,t,1.17,t,160.0,f,,other,A,850306048,1
84.0,F,t,f,f,f,f,f,f,f,f,f,f,f,f,f,t,0.2,t,0.7,t,137.0,t,0.84,t,164.0,f,,SVI,L,850306049,1
59.0,F,f,f,f,f,f,f,f,f,f,f,f,f,f,f,t,4.3,t,1.2,t,59.0,t,0.83,t,71.0,f,,SVI,-,850306050,0
62.0,F,f,f,f,f,f,f,f,f,t,f,f,f,f,f,t,0.2,t,0.8,t,124.0,t,0.9,t,137.0,f,,SVI,K,850306051,1
67.0,M,f,f,f,f,f,f,f,f,f,f,f,f,f,f,t,0.2,t,1.9,t,109.0,t,1.03,t,106.0,f,,SVI,-,850306052,0
67.0,,f,f,f,f,f,f,f,f,f,f,f,f,f,f,t,2.8,t,2.2,t,105.0,t,0.91,t,115.0,f,,other,-,850306053,0
78.0,F,f,f,f,f,f,f,f,f,f,f,f,f,f,f,t,6.3,t,1.1,t,56.0,t,0.86,t,65.0,f,,SVI,GK,850306054,1
85.0,F,f,f,f,f,f,f,f,f,f,f,f,f,f,f,t,0.2,t,1.3,t,111.0,t,0.94,t,118.0,f,,SVI,-,850306055,0
53.0,F,f,f,f,f,f,f,f,f,f,f,f,f,f,f,t,25.0,t,0.4,t,39.0,t,0.61,t,64.0,f,,SVI,F,850306061,1
49.0,F,f,f,f,t,f,f,f,f,f,f,f,f,f,f,t,1.0,t,1.6,t,93.0,t,0.94,t,99.0,f,,other,-,850306062,0
1.0,M,t,f,f,f,f,f,f,f,f,f,f,f,f,f,f,,f,,f,,f,,f,,t,3.1,other,-,850306065,0
20.0,F,f,f,f,f,f,f,f,f,f,f,f,f,f,f,t,0.9,t,3.3,t,156.0,t,1.67,t,93.0,f,,STMW,I,850307002,1
59.0,F,t,f,f,f,f,f,f,f,f,f,f,f,f,f,t,0.2,t,2.8,t,142.0,t,0.99,t,143.0,f,,other,-,850307015,0
56.0,F,t,f,f,f,f,f,t,t,f,f,f,f,f,f,t,2.2,t,1.4,t,88.0,t,0.77,t,114.0,f,,other,-,850307016,0
18.0,,t,f,f,f,f,f,f,f,f,f,f,f,f,f,t,0.2,t,2.1,t,120.0,t,1.12,t,107.0,f,,other,-,850307017,0
78.0,F,f,f,f,f,f,f,f,f,f,f,f,f,f,f,t,0.9,t,2.3,t,112.0,t,1.08,t,104.0,f,,other,-,850307018,0
69.0,F,f,f,f,f,f,f,f,f,f,f,f,f,f,f,t,6.8,t,2.2,t,77.0,f,,f,,f,,other,G,850307023,1
52.0,F,f,f,f,f,f,f,f,f,f,f,f,f,f,f,t,0.9,t,2.7,t,114.0,t,1.31,t,87.0,f,,other,-,850307024,0
46.0,M,f,f,f,f,f,f,f,f,f,f,f,f,f,f,t,0.8,t,2.1,t,108.0,t,0.91,t,119.0,f,,other,-,850307025,0
66.0,F,t,f,f,f,f,f,f,f,f,f,f,f,f,f,t,0.2,t,2.5,t,142.0,t,1.25,t,113.0,f,,other,-,850307031,0
66.0,F,f,f,f,f,f,f,f,f,f,f,f,f,f,f,t,0.2,t,1.6,t,137.0,t,0.95,t,144.0,f,,other,-,850307033,0
36.0,F,f,f,f,f,f,f,f,f,f,f,f,f,f,f,t,0.8,t,2.3,t,72.0,t,1.05,t,68.0,f,,other,-,850307034,0
63.0,M,f,t,f,f,f,f,f,f,f,f,f,f,f,f,f,,f,,t,52.0,t,0.85,t,61.0,f,,other,-,850307037,0
49.0,F,t,f,f,f,f,f,t,f,t,f,f,f,f,f,t,0.2,t,2.4,t,137.0,f,,f,,f,,other,-,850307040,0
68.0,M,f,f,f,f,f,f,f,f,f,f,f,f,f,f,f,,f,,f,,f,,f,,t,22.0,other,-,850307051,0
64.0,F,f,f,f,f,f,f,f,f,f,f,f,f,f,f,f,,f,,f,,f,,f,,t,29.0,other,-,850307053,0
68.0,F,f,f,f,f,f,f,t,f,f,f,f,f,f,f,t,1.6,t,2.5,t,99.0,t,1.09,t,90.0,f,,other,-,850307055,0
73.0,F,f,f,f,f,f,t,f,f,f,f,f,f,f,f,t,3.0,t,1.9,t,106.0,f,,f,,f,,other,-,850307056,0
57.0,F,f,f,f,f,f,f,t,f,f,f,f,f,f,f,t,0.1,t,2.4,t,81.0,t,0.89,t,91.0,f,,other,-,850307057,0
29.0,M,f,f,f,t,f,f,f,f,f,f,f,f,f,f,t,1.3,t,0.9,t,74.0,t,0.71,t,104.0,f,,SVI,K,850307058,1
29.0,F,f,f,f,t,f,f,f,f,f,f,f,f,f,f,t,0.2,t,0.9,t,54.0,t,0.76,t,72.0,f,,SVI,K,850307059,1
77.0,F,f,f,f,f,f,f,f,f,f,f,f,f,f,f,t,0.2,t,1.6,t,84.0,t,0.87,t,97.0,f,,SVI,-,850307060,0
65.0,F,f,f,f,f,f,f,f,f,f,f,f,f,f,f,t,0.2,t,2.4,t,129.0,t,0.98,t,131.0,f,,SVHC,-,850307062,0
62.0,M,f,f,f,f,f,f,f,f,f,f,f,f,f,f,t,1.1,t,1.7,t,105.0,t,1.02,t,103.0,f,,SVHC,-,850307063,0
35.0,M,f,f,f,f,f,f,f,f,t,f,f,f,f,f,f,,t,2.2,t,81.0,t,0.96,t,84.0,f,,other,-,850307064,0
43.0,M,f,f,f,f,f,f,f,f,f,f,f,f,f,f,t,0.1,f,,t,62.0,t,0.94,t,66.0,f,,other,-,850307070,0
38.0,F,f,f,f,f,f,f,f,f,f,f,f,f,f,f,t,0.4,t,2.4,t,102.0,t,1.12,t,92.0,f,,other,-,850307072,0
48.0,F,f,f,f,f,f,f,t,t,f,f,f,f,f,f,t,0.1,f,,t,119.0,t,0.91,t,131.0,f,,other,-,850307074,0
35.0,F,f,f,f,f,f,f,f,t,f,f,f,f,f,f,t,2.3,t,2.4,t,130.0,t,1.11,t,117.0,f,,other,-,850307077,0
78.0,F,f,f,f,t,f,f,f,f,f,f,f,f,f,f,f,,f,,f,,f,,f,,t,30.0,other,-,850307081,0
63.0,F,f,f,f,f,f,f,f,t,f,f,f,f,f,f,t,2.6,t,1.3,t,128.0,t,1.07,t,120.0,f,,SVI,-,850308002,0
52.0,M,f,f,f,f,f,f,f,f,f,f,f,f,f,f,t,1.1,t,2.7,t,159.0,t,1.19,t,134.0,f,,SVHC,-,850308039,0
68.0,M,f,f,f,f,f,f,f,f,f,f,f,f,f,f,t,0.1,t,1.8,t,80.0,t,0.77,t,104.0,f,,SVI,-,850308040,0
24.0,M,t,f,f,t,f,f,f,f,f,f,f,f,f,f,t,3.3,t,1.2,t,70.0,t,0.87,t,80.0,f,,SVI,-,850308042,0
63.0,M,f,f,f,f,f,f,f,f,f,f,f,f,f,f,t,0.4,t,1.4,t,115.0,t,1.02,t,113.0,f,,SVI,-,850308043,0
68.0,M,f,f,f,f,f,f,f,f,f,f,f,f,f,f,t,0.3,t,2.2,t,99.0,t,0.86,t,115.0,f,,SVI,-,850308044,0
61.0,F,f,f,f,f,f,f,f,f,f,f,f,f,f,f,t,1.5,t,1.7,t,111.0,t,0.94,t,118.0,f,,SVI,-,850308045,0
59.0,F,f,f,f,f,f,f,f,f,f,f,f,f,f,f,t,0.7,t,1.6,t,129.0,t,1.07,t,121.0,f,,SVI,-,850308046,0
57.0,M,f,f,f,t,f,f,f,f,f,f,f,f,f,f,t,1.0,t,1.6,t,73.0,t,0.97,t,75.0,f,,SVI,-,850308047,0
57.0,F,t,f,f,f,f,f,f,f,f,f,f,f,f,f,t,0.1,t,2.2,t,150.0,t,1.01,t,149.0,f,,SVI,-,850308048,0
59.0,M,f,f,f,f,f,f,f,f,f,f,f,f,f,f,t,2.3,t,2.0,t,74.0,t,0.69,t,107.0,f,,SVI,-,850308049,0
25.0,F,f,f,f,f,f,f,f,f,f,f,f,f,f,f,t,0.3,t,3.1,t,129.0,f,,f,,f,,other,I,850308052,1
25.0,M,f,f,f,f,f,f,f,f,f,f,f,f,f,f,t,0.4,t,2.3,t,107.0,t,0.94,t,114.0,f,,other,-,850308053,0
31.0,F,f,f,f,f,t,f,f,f,f,f,f,t,f,f,f,,t,2.9,t,159.0,t,1.43,t,111.0,f,,other,C|I,850308070,1
36.0,M,f,f,f,f,f,f,f,f,f,f,f,f,f,f,f,,f,,t,95.0,t,0.76,t,125.0,f,,other,-,850308071,0
72.0,F,t,f,t,f,f,f,f,f,f,f,f,f,f,f,t,0.4,f,,t,186.0,t,1.24,t,150.0,f,,other,-,850308074,0
49.0,F,f,f,f,f,f,f,f,f,f,f,f,f,f,f,t,0.1,t,2.5,t,109.0,t,1.08,t,100.0,f,,other,-,850311001,0
71.0,M,f,f,f,f,f,f,f,f,f,f,f,f,f,f,t,0.1,t,1.4,t,120.0,t,0.87,t,138.0,f,,other,-,850311003,0
34.0,F,t,f,f,f,f,f,f,f,f,f,f,f,f,f,t,0.1,t,3.9,t,200.0,t,1.36,t,147.0,f,,STMW,I,850311009,1
29.0,F,f,f,f,f,t,f,f,f,f,f,f,f,f,f,t,0.1,t,3.1,t,142.0,t,1.77,t,80.0,f,,STMW,I,850311010,1
69.0,F,f,f,f,f,f,f,f,f,f,f,f,f,f,f,t,0.8,t,2.4,t,73.0,t,0.97,t,75.0,f,,other,-,850311024,0
69.0,M,f,f,f,f,f,f,f,t,f,f,f,f,f,f,t,0.05,t,2.6,t,93.0,t,0.88,t,106.0,f,,other,-,850311028,0
52.0,F,f,f,f,f,f,f,f,f,f,f,f,f,f,f,t,0.7,t,2.0,t,85.0,t,0.89,t,96.0,f,,SVHC,-,850311029,0
32.0,F,f,f,f,f,t,f,f,f,f,f,f,f,f,t,t,0.5,t,3.0,t,167.0,t,1.82,t,92.0,f,,SVHC,I,850311036,1
32.0,F,f,f,f,f,f,f,f,f,t,f,f,f,f,f,t,0.1,t,1.9,t,126.0,t,0.76,t,163.0,f,,SVI,R,850311038,1
73.0,F,f,f,f,f,f,f,f,f,f,f,f,f,f,f,t,1.0,t,1.6,t,76.0,t,0.81,t,94.0,f,,SVI,-,850311039,0
73.0,F,f,f,f,f,f,f,f,f,f,f,f,f,f,f,t,0.1,t,1.8,t,137.0,t,0.98,t,140.0,f,,other,-,850311040,0
73.0,F,f,f,f,f,f,f,f,f,f,f,f,f,f,f,t,0.1,t,2.0,t,192.0,t,1.02,t,188.0,f,,SVI,AK,850311041,1
29.0,F,f,f,f,f,f,f,f,f,f,f,f,f,f,f,t,0.1,t,2.2,t,85.0,t,1.06,t,80.0,f,,SVHC,-,850311042,0
51.0,F,f,f,f,f,f,f,f,f,f,f,f,f,f,f,t,24.0,t,0.4,t,3.0,t,0.99,t,3.0,f,,other,F,850311047,1
67.0,F,f,f,f,f,f,f,f,f,f,f,f,f,f,f,t,1.9,f,,t,152.0,t,1.13,t,135.0,f,,other,-,850311048,0
25.0,F,f,f,f,f,f,t,f,f,f,f,f,f,f,f,t,4.9,f,,t,74.0,t,0.92,t,80.0,f,,other,-,850311053,0
32.0,F,f,f,f,f,f,f,f,f,f,f,f,f,f,f,t,2.4,f,,t,59.0,t,0.5,t,119.0,f,,other,J,850312001,1
32.0,F,f,f,f,f,f,f,f,f,f,f,f,f,f,f,t,0.05,t,1.4,t,139.0,t,0.88,t,157.0,f,,SVI,R,850312002,1
27.0,M,f,f,f,f,f,f,f,f,f,f,f,f,f,f,f,,t,2.3,t,100.0,t,0.88,t,113.0,f,,other,-,850312011,0
33.0,F,f,f,f,f,f,f,f,f,f,f,f,f,f,f,f,,f,,t,87.0,t,0.86,t,101.0,f,,other,-,850312032,0
33.0,F,f,f,f,f,f,f,f,t,f,f,f,f,f,f,t,16.0,t,1.7,t,75.0,f,,f,,f,,other,G,850312036,1
59.0,M,f,f,f,f,f,f,f,f,f,f,f,f,f,f,t,1.5,t,2.1,t,77.0,t,0.72,t,107.0,f,,SVI,-,850312037,0
78.0,F,f,f,f,t,f,f,f,f,f,f,f,f,f,f,t,1.0,t,2.3,t,96.0,t,1.05,t,92.0,f,,SVI,-,850312038,0
64.0,F,f,f,f,f,f,f,f,f,f,f,f,f,f,f,t,1.5,t,2.8,t,130.0,t,1.18,t,111.0,f,,SVI,-,850312039,0
71.0,M,f,f,f,f,f,f,f,f,f,f,f,f,f,f,t,1.9,t,1.2,t,61.0,t,0.8,t,76.0,f,,other,-,850312040,0
55.0,F,f,f,f,f,f,f,f,f,f,f,f,f,f,f,t,1.6,t,1.7,t,76.0,t,0.65,t,116.0,f,,SVHC,-,850312042,0
55.0,F,t,f,f,f,f,f,f,f,f,f,f,f,f,f,t,0.05,t,2.0,t,149.0,t,1.09,t,136.0,f,,other,-,850312056,0
62.0,F,f,f,f,f,f,f,f,f,f,f,f,f,f,f,t,0.4,t,2.2,t,85.0,t,1.07,t,79.0,f,,other,-,850313001,0
17.0,F,f,f,f,f,f,f,f,f,f,f,f,f,f,f,f,,f,,f,,f,,f,,t,20.0,other,-,850313014,0
35.0,F,f,f,f,f,f,f,f,f,f,f,f,f,f,f,f,,f,,f,,f,,f,,t,31.0,other,S,850313019,1
35.0,F,f,f,f,f,f,f,f,f,f,f,f,f,f,f,t,1.5,t,2.0,t,93.0,t,1.01,t,93.0,f,,other,-,850313024,0
56.0,F,f,f,f,f,f,f,f,f,f,f,f,f,f,f,f,,t,2.1,t,113.0,t,0.94,t,120.0,f,,other,-,850313039,0
26.0,F,f,f,f,t,f,f,f,f,f,f,f,f,f,f,t,1.3,t,2.5,t,132.0,t,1.24,t,107.0,f,,other,-,850313057,0
74.0,F,f,f,f,f,f,f,f,f,f,f,f,f,f,f,t,1.0,t,1.8,t,105.0,t,0.9,t,117.0,f,,other,-,850313058,0
92.0,F,t,f,f,f,f,f,f,f,f,f,f,t,f,f,t,0.3,f,,f,,f,,f,,f,,other,-,850313064,0
79.0,F,f,f,f,f,f,f,f,f,f,f,f,f,f,f,t,2.1,t,2.2,t,97.0,t,1.01,t,97.0,f,,other,-,850313071,0
70.0,F,f,f,f,f,f,f,f,f,f,f,f,f,f,f,t,0.9,t,1.8,t,94.0,t,0.82,t,115.0,f,,SVI,-,850313072,0
42.0,F,f,f,f,f,f,f,f,f,f,f,f,f,f,f,t,3.3,t,1.7,t,56.0,t,0.9,t,62.0,f,,SVI,K,850313073,1
76.0,M,f,f,f,f,f,f,f,f,f,f,f,f,f,f,t,0.3,t,2.3,t,146.0,t,1.0,t,146.0,f,,SVI,-,850313074,0
76.0,F,f,f,f,f,f,f,f,f,f,f,f,f,f,f,t,1.2,t,2.5,t,133.0,t,1.16,t,115.0,f,,other,-,850313075,0
59.0,F,f,f,f,f,f,f,f,f,f,f,f,f,f,f,t,0.3,t,2.1,t,82.0,t,0.88,t,93.0,f,,other,-,850313076,0
75.0,M,f,f,f,f,f,f,f,f,f,f,f,f,f,f,t,1.0,t,1.5,t,121.0,t,0.8,t,153.0,f,,SVI,-,850313077,0
53.0,M,f,f,f,f,f,f,f,f,f,f,f,f,f,f,t,0.3,t,1.2,t,105.0,t,0.91,t,115.0,f,,SVHC,-,850313078,0
46.0,M,f,f,f,f,f,f,f,f,f,f,f,f,f,t,t,1.1,t,2.9,t,125.0,t,1.02,t,122.0,f,,SVHC,-,850313079,0
70.0,F,f,f,f,t,f,f,f,f,f,f,f,f,f,f,t,0.3,t,1.8,t,98.0,t,0.93,t,105.0,f,,SVHD,-,850313080,0
75.0,M,f,f,f,f,f,f,f,f,f,f,f,f,f,f,t,1.8,t,2.0,t,84.0,t,0.9,t,93.0,f,,SVI,-,850313081,0
75.0,F,f,f,f,f,f,f,f,f,f,f,f,f,f,f,t,2.4,t,2.6,t,108.0,t,1.05,t,102.0,f,,SVI,-,850314001,0
75.0,F,f,f,f,f,f,f,f,f,f,f,f,f,f,f,t,0.3,t,2.1,t,117.0,t,0.95,t,123.0,f,,SVI,-,850314003,0
57.0,F,f,f,f,f,f,f,f,f,f,f,f,f,f,f,t,1.5,t,2.5,t,135.0,t,1.02,t,132.0,f,,other,-,850314007,0
41.0,F,f,f,f,f,f,f,t,f,f,f,f,f,f,f,t,0.3,t,2.3,t,111.0,t,0.83,t,134.0,f,,other,-,850314010,0
26.0,F,f,f,f,f,f,f,f,f,f,f,f,f,f,f,t,2.3,t,1.8,t,93.0,t,1.19,t,78.0,f,,other,-,850314011,0
23.0,F,f,f,f,f,f,f,f,f,f,f,f,f,f,f,t,0.7,t,1.9,t,116.0,t,0.89,t,130.0,f,,other,-,850314015,0
71.0,F,t,f,f,f,f,f,f,f,f,f,f,f,f,f,t,3.6,t,1.7,t,89.0,t,1.04,t,86.0,f,,other,-,850314016,0
32.0,F,t,f,f,f,t,f,f,f,t,f,f,f,f,f,t,0.3,t,3.0,t,101.0,t,1.14,t,89.0,f,,other,I,850314017,1
71.0,F,f,f,f,f,f,f,f,f,f,f,f,f,f,f,t,0.3,t,2.3,t,120.0,t,0.8,t,149.0,f,,other,-,850314032,0
71.0,F,f,f,f,f,f,f,f,f,f,f,f,f,f,f,t,0.3,t,2.1,t,119.0,t,1.03,t,116.0,f,,other,-,850314036,0
62.0,F,f,f,f,f,f,f,f,f,f,f,f,f,f,f,t,0.3,t,2.0,t,89.0,t,0.89,t,99.0,f,,other,-,850314037,0
54.0,F,t,f,f,f,f,f,f,f,f,f,f,f,f,f,t,0.3,t,2.3,t,134.0,t,0.82,t,163.0,f,,other,L,850314038,1
49.0,F,t,f,f,f,f,f,f,f,f,f,f,f,f,f,t,0.8,t,2.5,t,205.0,t,1.2,t,170.0,f,,other,L,850314040,1
54.0,F,f,f,f,f,f,f,f,f,f,f,f,t,f,f,f,,f,,t,96.0,t,1.28,t,75.0,f,,other,I,850314042,1
52.0,F,f,f,f,f,f,f,f,f,f,f,f,f,f,f,t,0.3,f,,t,129.0,t,0.19,t,142.0,f,,other,-,850314044,0
45.0,F,t,f,f,f,f,f,f,f,f,f,f,f,f,f,t,0.9,t,2.3,t,138.0,t,1.01,t,126.0,f,,other,-,850314045,0
60.0,M,f,f,f,f,f,f,f,f,f,f,f,f,f,f,t,0.3,t,1.8,t,114.0,t,1.0,t,114.0,f,,SVI,-,850314046,0
65.0,M,f,f,f,f,f,f,f,f,f,f,f,f,f,f,t,14.799999,t,1.5,t,61.0,t,0.85,t,72.0,f,,SVI,G,850314047,1
72.0,M,f,f,f,f,f,f,f,f,f,f,f,f,f,f,t,0.7,t,2.0,t,82.0,t,0.94,t,87.0,f,,SVI,-,850314048,0
54.0,F,t,f,f,f,f,f,f,f,f,f,f,f,f,f,t,7.0,f,,t,95.0,t,0.98,t,98.0,f,,other,M,850314056,1
21.0,F,f,f,f,f,f,f,f,f,f,f,f,f,f,f,f,,t,3.1,f,,f,,f,,f,,other,-,850314057,0
21.0,F,f,f,f,f,f,f,f,f,f,f,f,f,f,f,t,0.9,t,1.8,t,84.0,t,0.75,t,113.0,f,,other,-,850314065,0
21.0,F,f,f,f,f,f,f,f,f,f,f,f,f,f,f,t,0.3,t,2.6,t,106.0,t,1.06,t,101.0,f,,other,-,850314066,0
73.0,F,f,f,f,f,f,f,f,f,f,f,f,f,f,f,t,2.5,t,2.1,t,123.0,t,1.03,t,119.0,f,,SVI,-,850314068,0
58.0,F,f,f,f,f,f,f,f,t,f,f,f,f,f,f,t,1.3,t,1.9,t,66.0,t,0.96,t,68.0,f,,other,-,850314070,0
57.0,F,f,f,f,f,f,f,f,f,t,f,f,f,f,f,f,,f,,f,,f,,f,,t,23.0,other,-,850314076,0
35.0,F,f,f,f,f,f,f,f,f,f,f,f,f,f,f,f,,f,,f,,f,,f,,t,35.0,other,S,850314078,1
60.0,M,f,f,f,f,f,f,f,f,f,f,f,f,f,f,f,,f,,f,,f,,f,,t,17.0,other,-,850314079,0
56.0,M,f,f,f,f,f,f,f,f,f,f,f,f,f,f,f,,f,,f,,f,,f,,t,17.0,other,-,850314080,0
51.0,F,f,f,f,f,f,f,f,f,f,f,f,f,f,f,f,,f,,f,,f,,f,,t,49.0,other,S,850314081,1
55.0,F,f,f,f,f,f,f,f,f,f,f,f,f,f,f,f,,f,,f,,f,,f,,t,23.0,other,-,850314082,0
32.0,F,f,f,f,f,f,t,f,f,f,f,f,f,f,f,t,1.8,t,2.2,t,101.0,t,1.13,t,90.0,f,,other,-,850314085,0
52.0,M,f,f,f,f,f,f,f,f,f,f,f,f,f,f,t,0.25,f,,t,119.0,t,0.92,t,129.0,f,,other,-,850314086,0
60.0,F,f,f,f,f,f,f,t,t,f,f,f,f,f,f,t,5.9,f,,t,126.0,t,1.13,t,111.0,f,,other,-,850314087,0
77.0,M,t,f,f,f,f,f,f,f,f,f,f,f,f,f,t,0.9,f,,t,131.0,t,0.74,t,176.0,f,,other,-,850314089,0
38.0,F,f,f,f,f,f,f,f,f,f,f,f,f,f,f,t,0.9,t,2.4,t,91.0,f,,f,,f,,other,-,850315002,0
73.0,F,f,f,f,t,f,f,f,f,f,f,f,f,f,f,t,0.8,t,1.9,t,121.0,t,1.01,t,119.0,f,,other,-,850315007,0
80.0,F,f,f,f,f,f,f,f,f,f,f,f,f,f,f,t,2.1,t,1.4,t,111.0,t,0.97,t,115.0,f,,SVI,-,850315008,0
53.0,M,f,f,f,f,f,f,f,f,f,f,f,f,f,f,t,1.0,t,2.2,t,108.0,t,0.89,t,121.0,f,,other,-,850315010,0
39.0,F,f,f,f,f,f,f,f,f,f,f,f,f,f,f,t,1.5,t,1.9,t,102.0,t,0.87,t,118.0,f,,SVI,-,850315032,0
77.0,F,f,f,f,f,f,f,f,f,f,f,f,f,f,f,t,1.6,t,2.3,t,144.0,t,0.95,t,152.0,f,,SVI,-,850315033,0
20.0,M,f,f,f,f,f,f,f,f,f,f,f,f,f,t,t,1.6,t,2.4,t,93.0,t,0.92,t,101.0,f,,SVI,-,850315034,0
54.0,F,f,f,f,f,f,f,f,f,f,f,f,f,f,f,t,1.6,t,2.9,t,115.0,t,1.07,t,107.0,f,,other,-,850315038,0
77.0,F,f,f,f,f,f,f,f,f,f,f,f,f,f,f,f,,t,2.6,f,,f,,f,,f,,other,-,850315061,0
69.0,F,f,f,f,f,f,f,f,f,f,f,f,f,f,f,t,1.2,t,2.3,t,135.0,t,1.07,t,127.0,f,,other,-,850315062,0
46.0,F,f,f,f,f,f,f,f,f,f,f,f,f,f,f,t,2.5,f,,t,109.0,t,1.11,t,98.0,f,,other,-,850318010,0
51.0,F,t,f,f,f,f,f,f,f,f,f,f,f,f,f,t,1.4,f,,t,151.0,t,1.06,t,142.0,f,,other,-,850318013,0
44.0,M,f,f,f,f,f,f,f,f,f,f,f,f,f,f,f,,f,,t,118.0,t,0.95,t,124.0,f,,other,-,850318014,0
68.0,,f,f,f,f,f,f,f,f,f,f,f,f,f,f,t,26.0,t,0.3,t,6.0,t,0.8,t,7.6,f,,other,F,850318018,1
58.0,F,t,f,f,f,f,f,f,f,f,f,f,f,f,f,t,1.3,f,,t,123.0,t,0.93,t,132.0,f,,other,-,850318019,0
36.0,F,f,f,f,t,f,f,f,f,f,f,f,f,f,f,f,,t,1.8,t,82.0,f,,f,,f,,SVI,-,850318021,0
26.0,M,f,f,f,f,f,f,f,f,f,f,f,f,f,f,t,1.4,t,1.5,t,90.0,t,0.9,t,100.0,f,,SVHC,-,850318024,0
61.0,F,t,f,f,f,f,f,f,t,f,f,f,f,f,f,f,,t,2.0,t,147.0,f,,f,,f,,other,-,850318027,0
49.0,M,f,f,f,f,f,f,f,f,f,f,f,f,f,f,t,2.4,t,2.7,t,93.0,t,0.99,t,94.0,f,,SVHC,-,850318028,0
70.0,F,f,f,f,f,f,f,f,f,f,f,f,f,f,f,t,1.0,t,2.0,t,91.0,t,0.95,t,96.0,f,,SVI,-,850318031,0
62.0,F,f,f,f,f,f,f,f,f,t,f,f,f,f,f,t,1.2,f,,t,84.0,t,0.9,t,94.0,f,,other,-,850318032,0
56.0,F,f,f,f,f,f,f,f,f,f,f,f,f,f,f,t,1.9,f,,t,129.0,t,1.05,t,123.0,f,,other,-,850318033,0
67.0,M,f,f,f,f,f,f,f,f,f,f,f,f,f,f,t,0.8,t,2.3,t,104.0,t,1.04,t,100.0,f,,SVI,-,850318035,0
45.0,M,f,f,f,f,f,f,f,f,t,f,f,f,f,f,t,0.2,t,2.1,t,101.0,t,0.84,t,121.0,f,,SVI,-,850318036,0
32.0,F,f,f,f,f,f,f,f,f,f,f,f,f,f,f,f,,f,,f,,f,,f,,t,19.0,other,-,850318047,0
53.0,F,f,f,f,f,f,f,f,f,f,f,f,f,f,f,t,1.1,t,2.2,t,83.0,t,1.05,t,79.0,f,,other,-,850318055,0
45.0,F,t,f,f,f,f,f,f,f,f,f,f,f,f,f,t,0.2,t,2.0,t,133.0,t,0.98,t,136.0,f,,other,-,850318059,0
38.0,M,t,f,f,f,f,f,f,f,f,f,f,f,f,f,t,0.2,t,2.0,t,78.0,t,0.85,t,92.0,f,,SVI,-,850319004,0
73.0,F,f,f,f,f,f,f,f,f,t,f,f,f,f,f,t,0.2,t,2.5,t,136.0,t,0.89,t,153.0,f,,other,-,850319011,0
62.0,F,f,f,f,f,f,f,f,f,f,f,f,f,f,f,t,1.3,t,1.8,t,112.0,t,0.89,t,126.0,f,,SVI,-,850319014,0
37.0,F,f,f,f,f,f,t,f,f,f,f,f,f,f,f,t,27.0,t,1.7,t,87.0,f,,f,,f,,other,Q,850319024,1
35.0,F,f,f,f,f,f,f,f,f,f,f,f,f,f,t,t,1.2,t,1.9,t,95.0,t,1.1,t,87.0,f,,SVHC,-,850319045,0
35.0,F,f,f,f,f,f,f,f,f,f,f,f,f,f,f,t,1.2,t,2.0,t,89.0,f,,f,,f,,other,-,850319046,0
35.0,M,f,f,f,f,f,f,f,f,f,f,f,f,f,f,t,0.2,t,1.0,t,68.0,t,0.88,t,78.0,f,,SVI,K,850319047,1
81.0,M,f,f,f,f,f,f,f,f,f,f,f,f,f,f,t,1.4,t,2.0,t,97.0,t,1.2,t,81.0,f,,other,-,850319048,0
81.0,F,f,f,f,f,f,f,f,f,f,f,f,f,f,f,t,0.2,t,2.2,t,133.0,t,0.78,t,171.0,f,,other,R,850319049,1
62.0,F,f,f,f,f,f,f,f,f,f,f,f,f,f,f,t,0.8,t,1.3,t,110.0,t,1.12,t,98.0,f,,other,-,850319050,0
50.0,F,f,f,f,f,f,f,f,f,f,f,f,f,f,f,t,3.1,t,1.9,t,77.0,t,0.8,t,97.0,f,,SVI,-,850319053,0
62.0,M,t,f,f,f,f,f,f,f,f,f,f,f,f,f,f,,t,2.6,t,142.0,f,,f,,f,,other,-,850319057,0
27.0,F,f,f,t,f,f,f,f,f,f,f,f,f,f,f,t,2.3,t,2.6,t,100.0,f,,f,,f,,other,-,850319058,0
37.0,M,f,f,f,f,f,f,f,f,f,f,f,f,f,f,f,,t,4.3,t,187.0,t,0.96,t,194.0,f,,other,A,850319067,1
51.0,M,t,f,f,f,f,f,f,f,f,f,f,f,f,f,f,,f,,t,71.0,t,0.87,t,82.0,f,,other,-,850319068,0
70.0,F,f,f,f,f,f,f,f,f,f,f,f,t,f,f,t,1.6,t,1.8,t,107.0,t,1.11,t,97.0,f,,other,-,850320001,0
52.0,F,f,f,f,f,f,f,f,f,f,f,f,f,f,f,t,0.2,f,,t,105.0,t,0.97,t,108.0,f,,other,-,850320016,0
47.0,F,f,f,f,f,f,f,f,f,f,f,f,f,f,f,t,3.2,t,1.8,t,95.0,t,1.09,t,87.0,f,,SVHC,-,850320017,0
29.0,F,f,f,f,f,f,f,f,f,f,f,f,f,f,f,t,0.8,t,3.1,t,169.0,t,1.49,t,114.0,f,,STMW,I,850320024,1
27.0,F,f,f,f,f,f,f,f,f,f,f,f,f,f,f,f,,f,,f,,f,,f,,t,25.0,other,-,850320040,0
32.0,F,f,f,f,f,f,f,f,f,f,f,f,f,f,f,f,,f,,f,,f,,f,,t,24.0,other,-,850320048,0
52.0,F,f,f,f,f,f,f,f,f,f,f,f,f,f,f,f,,f,,f,,f,,f,,t,30.0,other,-,850320050,0
52.0,F,f,f,f,f,f,f,f,f,f,f,f,f,f,f,t,1.7,t,2.1,t,103.0,t,1.03,t,100.0,f,,other,-,850320061,0
52.0,F,f,f,f,f,f,f,f,f,f,f,f,f,f,f,t,2.9,t,2.0,t,73.0,t,1.04,t,70.0,f,,other,-,850320070,0
75.0,F,t,f,f,f,f,f,f,f,f,f,f,f,f,f,t,0.1,t,1.9,t,152.0,t,0.81,t,188.0,f,,other,N,850320071,1
25.0,F,f,f,f,t,f,f,f,f,f,f,f,t,f,f,t,0.1,t,1.7,t,92.0,t,0.89,t,103.0,f,,other,-,850320072,0
49.0,F,f,t,f,f,f,f,f,f,f,f,f,f,f,f,t,0.1,t,2.7,t,141.0,t,1.17,t,120.0,f,,SVI,-,850320076,0
30.0,F,f,f,f,f,f,f,f,f,f,f,f,f,f,f,t,2.6,t,2.1,t,97.0,f,,f,,f,,other,-,850320077,0
73.0,F,f,f,f,t,f,f,f,f,f,f,f,f,f,f,t,1.6,t,2.0,t,105.0,t,1.17,t,89.0,f,,SVI,-,850320079,0
12.0,M,f,f,f,f,f,f,f,f,f,f,f,f,f,f,t,2.1,t,2.7,t,93.0,f,,f,,f,,SVI,-,850320081,0
63.0,F,t,f,f,f,f,f,f,f,f,f,f,f,f,f,t,0.1,f,,t,117.0,t,0.98,t,120.0,f,,other,-,850320082,0
21.0,F,f,f,f,f,t,f,f,f,f,f,f,f,f,f,f,,f,,f,,f,,f,,t,100.0,other,S,850320090,1
43.0,F,f,f,f,f,f,f,f,f,f,f,f,f,f,f,f,,f,,f,,f,,f,,t,37.0,other,S,850320092,1
26.0,F,f,f,f,f,f,f,f,f,f,f,f,f,f,f,f,,f,,f,,f,,f,,t,22.0,other,-,850320093,0
58.0,F,f,f,f,f,f,f,f,f,f,f,f,f,f,f,t,0.1,t,2.0,t,101.0,t,1.2,t,84.0,f,,SVHC,-,850321001,0
42.0,F,f,f,f,f,f,f,f,f,f,f,f,f,f,f,t,1.8,t,2.0,t,66.0,t,0.93,t,71.0,f,,SVHC,-,850321002,0
42.0,F,f,f,f,f,f,f,f,f,f,f,f,f,f,f,t,0.1,t,1.5,t,87.0,t,0.8,t,109.0,f,,other,-,850321004,0
70.0,F,t,f,f,f,f,f,f,f,f,f,f,f,f,f,t,0.1,t,1.8,t,170.0,t,0.99,t,171.0,f,,SVHD,N,850321005,1
57.0,F,f,f,f,t,f,f,f,f,f,f,f,f,f,f,t,1.2,t,1.4,t,118.0,t,1.02,t,116.0,f,,SVI,-,850321006,0
43.0,M,f,f,f,f,f,f,f,f,f,f,f,f,f,f,t,1.5,t,1.2,t,78.0,t,0.72,t,108.0,f,,other,-,850321007,0
37.0,F,f,f,f,f,f,f,f,f,f,f,f,f,f,f,t,18.0,t,1.5,t,98.0,t,0.88,t,112.0,f,,other,G,850321008,1
63.0,M,f,f,f,f,f,f,f,f,f,f,f,f,f,f,t,1.1,t,2.3,t,90.0,t,0.88,t,102.0,f,,other,-,850321014,0
49.0,F,f,f,f,f,f,f,f,f,f,f,f,f,f,f,t,0.1,t,0.3,t,32.0,t,0.53,t,60.0,f,,SVI,K,850321018,1
37.0,F,f,f,f,f,f,f,f,f,f,f,f,f,f,f,t,1.2,t,2.0,t,103.0,t,1.09,t,95.0,f,,SVI,-,850321020,0
21.0,F,f,f,f,f,f,f,f,f,t,f,f,f,f,f,t,0.4,t,3.4,t,189.0,t,1.35,t,140.0,f,,other,I,850321022,1
19.0,F,f,f,t,f,f,f,f,f,f,f,f,f,f,f,t,0.1,t,4.2,t,128.0,t,0.98,t,130.0,f,,other,-,850321023,0
75.0,F,t,f,f,f,f,f,f,f,f,f,f,f,f,f,t,0.1,t,3.1,t,141.0,t,0.95,t,149.0,f,,other,-,850321026,0
29.0,F,f,f,f,f,f,f,f,f,f,f,f,f,f,f,f,,f,,t,90.0,t,1.0,t,90.0,f,,other,-,850321027,0
74.0,F,f,f,f,f,f,f,f,f,f,f,f,f,f,f,t,2.2,t,2.6,t,84.0,t,0.98,t,86.0,f,,other,-,850321029,0
26.0,F,f,f,f,f,f,f,f,f,f,f,f,f,f,f,t,2.0,f,,t,137.0,t,1.63,t,84.0,f,,other,I,850321047,1
73.0,M,f,f,f,f,f,f,f,f,f,f,f,f,f,f,t,0.4,t,2.3,t,94.0,t,0.9,t,105.0,f,,SVI,-,850321048,0
53.0,M,f,f,f,f,f,f,f,f,f,f,f,f,f,f,t,0.4,f,,t,115.0,t,0.9,t,128.0,f,,SVI,-,850321050,0
53.0,F,f,f,f,f,f,f,f,f,f,f,f,f,f,f,t,0.1,f,,t,184.0,t,1.21,t,153.0,f,,other,-,850321051,0
70.0,F,f,f,f,f,f,f,f,f,f,f,f,f,f,f,t,0.8,t,1.8,t,82.0,t,0.77,t,107.0,f,,other,-,850321053,0
58.0,F,t,f,f,f,f,t,f,f,f,f,f,f,f,f,t,0.5,t,2.3,t,115.0,t,1.0,t,115.0,f,,other,-,850322013,0
78.0,F,f,f,f,f,f,f,f,f,f,f,f,f,f,f,t,10.0,t,2.0,t,69.0,t,0.96,t,71.0,f,,SVI,G,850322014,1
33.0,M,f,f,f,f,f,f,f,f,f,f,f,f,f,f,t,1.0,t,2.4,t,120.0,t,0.98,t,123.0,f,,SVHC,-,850322036,0
65.0,F,f,f,f,f,f,f,f,f,f,f,f,f,f,f,t,0.6,t,2.0,t,144.0,t,1.0,t,145.0,f,,SVHC,-,850322037,0
63.0,F,f,f,f,f,f,f,f,f,f,f,f,f,f,f,t,2.0,t,1.8,t,133.0,t,1.16,t,115.0,f,,SVI,-,850322038,0
60.0,M,f,f,f,f,f,f,f,f,f,f,f,f,f,f,t,0.4,t,2.4,t,77.0,t,0.99,t,78.0,f,,SVI,-,850322039,0
53.0,M,f,f,f,f,f,f,f,f,f,f,f,f,f,f,t,1.0,t,2.1,t,74.0,t,0.9,t,83.0,f,,SVI,-,850322040,0
77.0,F,f,f,f,f,f,f,f,f,f,f,f,f,f,f,t,1.0,t,2.4,t,101.0,t,1.17,t,87.0,f,,other,-,850322041,0
77.0,M,f,f,f,f,f,f,f,f,f,f,f,f,f,f,t,0.6,t,1.2,t,146.0,t,0.93,t,157.0,f,,SVI,R,850322042,1
77.0,M,f,f,f,f,f,f,f,f,f,f,f,f,f,f,t,3.9,t,2.0,t,105.0,t,1.05,t,100.0,f,,SVI,-,850322043,0
39.0,M,f,f,f,f,f,f,f,f,f,f,f,f,f,f,t,1.4,t,2.4,t,112.0,t,1.03,t,109.0,f,,other,-,850322053,0
56.0,F,f,f,f,f,f,f,f,f,f,f,f,f,f,f,t,0.05,f,,t,230.0,t,1.06,t,217.0,f,,other,A,850325001,1
19.0,F,f,f,f,f,f,f,f,f,f,f,f,f,f,f,t,1.3,t,2.5,t,151.0,t,1.21,t,125.0,f,,other,-,850325008,0
84.0,F,f,f,f,f,f,f,f,f,f,f,f,f,f,f,t,2.2,t,0.3,t,73.0,t,0.85,t,86.0,f,,other,K,850325009,1
67.0,M,f,t,f,f,f,f,f,f,f,f,f,f,f,f,f,,f,,t,106.0,t,0.92,t,115.0,f,,other,-,850325029,0
67.0,F,f,f,f,f,f,f,f,f,f,f,f,f,f,f,t,1.7,t,2.3,t,104.0,f,,f,,f,,SVI,-,850325045,0
49.0,M,f,f,f,f,f,f,f,f,f,f,f,f,f,f,t,0.5,t,1.8,t,128.0,t,1.0,t,128.0,f,,SVI,-,850325047,0
70.0,F,f,f,f,f,f,f,f,f,f,f,f,f,f,f,t,1.8,t,1.8,t,85.0,t,0.92,t,92.0,f,,SVHC,-,850325048,0
74.0,F,f,f,f,t,f,f,f,f,f,f,f,f,f,f,t,3.0,t,1.2,t,96.0,t,0.93,t,103.0,f,,SVI,-,850325050,0
66.0,F,f,f,f,t,f,f,f,f,f,f,f,f,f,f,t,0.1,t,0.6,t,121.0,t,0.85,t,143.0,f,,SVI,K,850325051,1
33.0,F,f,f,f,f,f,f,f,f,f,f,f,f,f,f,t,0.5,t,1.9,t,92.0,t,0.92,t,101.0,f,,other,-,850326014,0
89.0,F,f,f,f,f,f,f,f,f,f,f,f,f,f,f,t,0.7,t,1.5,t,120.0,t,0.92,t,130.0,f,,SVI,-,850326016,0
39.0,F,f,f,f,f,f,t,f,f,t,f,f,f,f,f,t,4.0,t,1.7,t,63.0,f,,f,,f,,other,-,850326034,0
39.0,F,f,f,f,f,f,f,f,f,f,f,f,t,f,f,f,,f,,f,,f,,f,,t,23.0,other,-,850326047,0
50.0,M,f,f,f,f,f,f,f,f,f,f,f,f,f,f,t,0.4,t,2.8,t,94.0,t,0.88,t,106.0,f,,SVHC,-,850327018,0
61.0,F,f,f,f,f,f,f,f,t,f,f,f,f,f,f,t,0.4,f,,t,113.0,t,1.06,t,106.0,f,,other,-,850327019,0
41.0,M,f,f,f,f,f,f,f,t,f,f,f,f,f,f,t,0.4,f,,t,91.0,t,0.96,t,95.0,f,,other,-,850327020,0
41.0,F,f,f,f,f,f,f,f,f,f,f,f,f,f,f,t,0.4,t,2.5,t,98.0,t,1.01,t,96.0,f,,other,-,850327021,0
72.0,M,f,f,f,f,f,f,f,f,f,f,f,f,f,f,t,0.3,t,1.9,t,104.0,t,1.01,t,104.0,f,,SVI,-,850327023,0
37.0,M,f,f,f,f,f,f,f,f,f,f,f,f,f,f,t,0.7,t,2.1,t,98.0,t,0.99,t,100.0,f,,SVI,-,850327024,0
40.0,F,f,f,f,f,f,f,f,f,f,f,f,f,f,f,t,42.0,t,0.2,t,4.8,t,0.9,t,5.4,f,,other,F,850327028,1
32.0,F,f,f,f,f,f,f,f,f,f,f,f,f,f,f,f,,f,,f,,f,,f,,t,24.0,other,-,850327034,0
79.0,M,f,f,f,f,f,f,f,f,f,f,f,f,f,f,t,0.2,t,1.6,t,82.0,t,0.8,t,104.0,f,,other,-,850327044,0
56.0,F,f,f,f,f,f,f,f,f,f,f,f,f,f,f,t,0.6,t,2.4,t,142.0,t,1.12,t,127.0,f,,other,-,850327045,0
65.0,F,t,f,f,f,f,f,f,f,f,f,f,f,f,f,t,0.05,t,3.4,t,210.0,t,1.05,t,199.0,f,,other,N,850327046,1
56.0,M,f,f,f,f,f,f,f,t,f,f,f,f,f,f,t,0.05,t,1.9,t,137.0,t,1.09,t,126.0,f,,SVI,-,850327048,0
39.0,M,f,f,f,f,f,f,f,f,f,f,f,f,f,t,t,0.05,t,2.3,t,95.0,t,0.89,t,106.0,f,,SVHC,-,850327049,0
85.0,M,f,f,f,f,f,f,f,f,f,f,f,f,f,f,t,0.5,t,1.2,t,93.0,t,0.79,t,117.0,f,,SVI,-,850327050,0
83.0,M,f,f,f,f,f,f,f,f,f,f,f,f,f,f,t,0.2,t,1.1,t,95.0,t,0.73,t,129.0,f,,SVI,K,850327051,1
83.0,F,f,f,f,f,f,f,f,f,f,f,f,f,f,f,t,1.9,t,2.6,t,119.0,t,1.22,t,97.0,f,,other,-,850327052,0
16.0,M,f,f,f,f,f,f,f,f,f,f,t,f,f,f,t,0.5,t,3.2,t,137.0,t,1.16,t,119.0,f,,SVI,-,850327053,0
73.0,M,f,f,f,f,f,f,f,f,f,f,f,f,f,f,t,0.1,t,1.5,t,77.0,t,0.79,t,97.0,f,,SVI,-,850327055,0
72.0,M,f,f,f,f,f,f,f,f,f,f,f,f,f,f,t,0.05,t,1.1,t,108.0,t,0.66,t,165.0,f,,SVI,-,850327056,0
35.0,M,f,f,f,f,f,f,f,f,f,f,f,f,f,f,t,0.05,t,2.3,t,112.0,t,1.0,t,112.0,f,,SVI,-,850327057,0
54.0,F,f,t,f,t,f,f,f,f,f,f,f,f,f,f,t,0.05,t,1.2,t,112.0,t,0.77,t,145.0,f,,SVI,-,850327058,0
34.0,F,f,f,f,f,f,f,f,f,f,f,f,f,f,f,f,,f,,f,,f,,f,,t,27.0,other,-,850327067,0
68.0,M,f,f,f,f,f,f,f,f,f,f,f,f,f,f,t,0.6,f,,f,,f,,f,,f,,other,-,850327076,0
84.0,F,t,f,f,f,f,f,f,f,f,f,f,f,f,f,t,0.3,f,,t,154.0,t,0.97,t,159.0,f,,other,L,850327077,1
28.0,F,f,f,t,f,f,f,f,f,f,f,f,f,f,f,t,0.3,t,2.9,t,171.0,t,1.2,t,143.0,f,,other,-,850327081,0
60.0,F,f,f,f,f,f,f,f,f,f,f,f,f,f,f,t,8.099999,t,1.8,t,59.0,t,0.96,t,61.0,f,,other,F,850328002,1
57.0,M,f,f,f,t,f,f,f,f,f,f,f,f,f,f,t,0.9,t,1.5,t,91.0,t,0.78,t,116.0,f,,other,-,850328003,0
25.0,F,f,f,f,f,f,f,f,f,f,f,f,f,f,f,t,4.6,t,2.4,t,61.0,t,0.82,t,75.0,f,,SVHD,-,850328004,0
25.0,F,f,f,f,f,f,f,f,f,f,f,f,f,f,f,t,0.3,t,4.1,t,158.0,t,1.42,t,111.0,f,,other,I,850328005,1
31.0,F,f,f,f,f,f,f,f,f,f,f,f,f,f,f,t,0.3,t,2.7,t,108.0,t,1.05,t,103.0,f,,SVHC,-,850328007,0
64.0,F,f,f,f,f,f,f,f,f,f,f,f,f,f,f,t,0.3,t,2.8,t,123.0,t,1.23,t,100.0,f,,SVHC,-,850328008,0
38.0,F,f,f,f,f,f,f,f,f,f,f,f,f,f,f,t,0.5,t,2.2,t,88.0,t,0.96,t,92.0,f,,SVI,-,850328009,0
38.0,F,f,f,f,f,f,f,f,f,f,f,f,f,f,f,t,0.3,t,2.5,t,88.0,t,0.95,t,93.0,f,,other,-,850328011,0
64.0,F,f,t,f,f,f,f,f,f,f,f,f,f,f,f,f,,f,,t,145.0,t,0.93,t,155.0,f,,other,-,850328012,0
66.0,F,t,f,f,f,f,f,f,f,f,f,f,f,f,f,t,0.3,t,1.6,t,120.0,t,0.91,t,132.0,f,,other,-,850328016,0
57.0,M,f,f,f,f,f,f,f,f,f,f,t,f,f,f,f,,f,,t,88.0,t,0.86,t,102.0,f,,other,-,850328023,0
69.0,M,t,f,f,f,f,f,t,f,t,f,f,f,f,f,t,0.3,t,2.6,t,89.0,t,1.1,t,81.0,f,,other,-,850328024,0
68.0,F,t,f,f,f,f,f,f,f,f,f,f,f,f,f,t,0.3,t,1.7,t,144.0,t,0.96,t,150.0,f,,other,-,850328025,0
32.0,F,f,f,f,f,f,f,f,f,f,f,f,f,f,f,f,,f,,f,,f,,f,,t,27.0,other,-,850328029,0
57.0,M,f,f,f,f,f,f,f,f,f,f,f,f,f,f,t,0.9,t,1.5,t,91.0,t,0.79,t,115.0,f,,SVHD,-,850328036,0
75.0,F,f,f,f,f,f,f,f,f,f,f,f,f,f,f,t,1.6,t,1.5,t,85.0,t,0.94,t,90.0,f,,SVI,-,850328038,0
70.0,F,f,f,f,f,f,f,f,f,f,f,f,f,f,f,t,0.15,t,1.1,t,171.0,t,1.09,t,157.0,f,,other,R,850328039,1
70.0,F,f,f,f,f,f,f,f,f,f,f,f,f,f,f,t,2.0,t,2.2,t,138.0,t,1.24,t,111.0,f,,other,-,850328041,0
31.0,F,f,f,f,f,f,f,f,f,f,f,f,f,f,f,f,,f,,t,196.0,t,0.94,t,209.0,f,,other,A,850328042,1
55.0,M,f,f,f,f,f,f,f,f,f,f,f,f,f,f,t,2.7,t,2.4,t,133.0,t,1.0,t,132.0,f,,other,-,850328045,0
72.0,M,f,f,f,f,f,f,f,f,f,f,f,f,f,f,t,0.8,t,1.8,t,93.0,t,0.79,t,117.0,f,,SVHC,-,850328046,0
49.0,F,f,t,f,f,f,f,f,f,f,f,f,f,f,f,t,2.2,t,1.2,t,89.0,t,1.09,t,82.0,f,,SVI,-,850328047,0
59.0,F,f,f,f,t,f,f,f,f,f,f,f,f,f,f,t,0.6,t,1.5,t,133.0,t,1.19,t,112.0,f,,SVI,-,850328048,0
69.0,F,f,f,f,f,f,f,f,f,f,f,f,f,f,f,t,20.0,t,1.0,t,51.0,t,0.84,t,61.0,f,,SVI,F,850328053,1
69.0,F,f,f,f,f,f,f,f,f,f,f,f,f,f,f,t,0.5,t,0.8,t,87.0,t,0.89,t,98.0,f,,SVI,K,850328054,1
58.0,M,f,f,f,f,f,f,f,f,f,f,f,f,f,f,t,0.9,t,1.6,t,91.0,t,1.06,t,86.0,f,,SVI,-,850328055,0
65.0,F,t,f,f,f,f,f,f,f,f,f,f,f,f,f,t,0.4,f,,t,175.0,t,1.12,t,156.0,f,,other,L,850328059,1
74.0,F,f,f,f,f,f,f,f,f,f,f,f,f,f,f,t,1.3,t,1.9,t,99.0,t,1.12,t,88.0,f,,other,-,850328063,0
40.0,F,t,f,f,f,f,f,f,f,t,f,f,f,f,f,f,,f,,f,,f,,f,,t,27.0,other,-,850328068,0
32.0,F,t,f,f,t,f,f,f,f,f,f,f,f,f,f,t,0.15,t,2.4,t,135.0,t,1.15,t,118.0,f,,other,-,850329014,0
56.0,F,f,f,f,f,f,f,f,f,f,f,f,f,f,f,t,0.6,t,2.7,t,100.0,t,1.04,t,96.0,f,,other,-,850329015,0
68.0,M,f,f,f,f,f,f,f,f,f,f,f,f,f,f,t,0.5,t,2.3,t,81.0,t,0.92,t,88.0,f,,SVI,-,850329017,0
79.0,F,f,f,f,f,f,f,f,f,f,f,f,f,f,f,t,0.4,t,2.0,t,143.0,t,1.28,t,112.0,f,,other,-,850329018,0
57.0,F,f,f,f,f,f,f,f,f,t,f,f,f,f,f,f,,f,,f,,f,,f,,t,23.0,other,-,850329036,0
39.0,F,f,f,f,f,f,f,f,f,f,f,f,f,f,f,f,,f,,f,,f,,f,,t,26.0,other,-,850329040,0
59.0,F,f,f,f,f,f,f,f,f,f,f,f,f,f,t,t,1.3,t,3.2,t,149.0,t,1.17,t,127.0,f,,SVHC,-,850329070,0
68.0,M,t,f,f,f,f,f,f,f,f,f,f,f,f,f,t,1.3,t,1.5,t,74.0,t,0.72,t,103.0,f,,SVI,-,850329071,0
89.0,M,f,f,f,f,f,f,f,f,f,f,f,f,f,f,t,0.8,t,0.6,t,101.0,t,0.73,t,138.0,f,,SVI,K,850329072,1
89.0,F,f,f,f,f,f,f,f,f,f,f,f,f,f,f,f,,f,,f,,f,,f,,t,20.0,other,-,850329073,0
40.0,F,f,f,f,f,t,f,f,f,f,f,f,f,f,f,t,0.15,t,3.0,t,210.0,t,1.48,t,142.0,f,,other,I,850329076,1
70.0,F,f,f,f,f,f,f,f,f,f,f,f,f,f,f,f,,f,,f,,f,,f,,t,20.0,other,-,850329077,0
70.0,F,f,f,f,f,f,f,f,f,f,f,f,f,f,f,f,,f,,f,,f,,f,,t,23.0,other,-,850329079,0
57.0,F,f,f,f,f,f,f,f,f,f,f,f,f,f,f,f,,f,,f,,f,,f,,t,18.0,other,-,850329083,0
45.0,M,f,f,f,f,f,f,f,f,f,f,f,f,f,f,t,0.9,t,2.6,t,92.0,t,0.9,t,102.0,f,,other,-,850401001,0
73.0,M,f,f,f,f,f,f,f,f,f,f,f,f,f,f,t,0.1,t,1.7,t,107.0,t,0.94,t,113.0,f,,other,-,850401002,0
74.0,M,f,f,f,f,f,f,f,f,f,f,f,f,f,f,t,0.1,t,2.0,t,113.0,t,0.97,t,116.0,f,,SVI,-,850401003,0
51.0,M,f,f,f,f,f,t,f,f,f,f,f,f,f,f,t,1.9,t,2.2,t,74.0,t,0.91,t,81.0,f,,other,-,850401005,0
46.0,F,f,f,f,f,f,f,f,f,f,f,f,f,f,f,t,0.6,t,2.3,t,101.0,t,0.99,t,102.0,f,,SVHC,-,850401006,0
46.0,F,f,f,f,f,f,f,f,f,f,f,f,f,f,f,t,0.3,t,2.2,t,85.0,t,1.13,t,75.0,f,,other,-,850401009,0
56.0,F,f,f,f,f,f,f,f,f,f,f,f,f,f,f,t,0.6,f,,t,117.0,t,1.11,t,105.0,f,,other,-,850401013,0
12.0,M,t,f,f,f,f,f,f,f,f,f,f,f,f,f,t,0.1,t,3.0,t,176.0,t,0.89,t,197.0,f,,other,N,850401018,1
15.0,F,t,f,f,f,f,f,f,f,f,f,f,f,f,f,t,0.1,t,2.3,t,183.0,t,0.89,t,205.0,f,,other,N,850401019,1
58.0,F,t,f,f,f,f,f,f,t,f,f,f,f,f,f,t,3.2,t,2.1,t,75.0,t,1.04,t,72.0,f,,other,-,850401020,0
66.0,M,f,f,f,f,f,f,f,f,f,f,f,f,f,f,t,0.9,t,1.9,t,72.0,t,0.84,t,86.0,f,,other,-,850401021,0
20.0,F,f,f,f,f,f,f,f,f,t,f,f,f,f,f,t,0.9,t,2.4,t,123.0,t,0.99,t,125.0,f,,other,-,850401049,0
58.0,M,f,f,f,f,f,f,f,f,f,f,f,f,f,f,t,1.1,t,0.9,t,83.0,t,0.78,t,106.0,f,,SVI,K,850401053,1
62.0,M,f,f,f,t,f,f,f,f,f,f,f,f,f,f,t,12.0,t,1.5,t,105.0,t,0.86,t,122.0,f,,other,G,850401054,1
74.0,F,f,f,f,f,f,f,f,t,f,f,f,f,f,f,t,0.6,t,1.6,t,95.0,t,1.07,t,89.0,f,,SVI,-,850401056,0
67.0,M,f,f,f,f,f,f,f,f,f,f,f,f,f,f,t,0.1,t,2.1,t,96.0,t,1.01,t,95.0,f,,SVI,-,850402011,0
46.0,F,f,f,f,f,f,f,f,f,f,f,f,f,f,f,t,0.1,t,0.7,t,69.0,t,0.77,t,89.0,f,,SVI,K,850402012,1
41.0,F,f,f,f,f,f,f,f,f,f,f,f,f,f,t,t,0.3,t,1.9,t,117.0,t,1.08,t,108.0,f,,SVHC,-,850402013,0
32.0,M,f,f,f,f,f,f,f,f,f,f,f,f,f,f,t,1.0,t,2.9,t,152.0,t,1.17,t,130.0,f,,SVHC,I,850402014,1
28.0,M,f,f,f,f,f,f,f,f,f,f,f,f,f,f,t,0.5,t,2.2,t,107.0,t,0.94,t,113.0,f,,SVHC,-,850402015,0
28.0,M,f,f,f,f,f,f,f,f,f,f,f,f,f,f,t,2.2,t,2.2,t,82.0,t,0.94,t,87.0,f,,SVHC,-,850402016,0
25.0,F,f,f,f,f,f,f,f,f,f,f,f,f,f,f,t,0.9,t,2.6,t,120.0,t,1.24,t,96.0,f,,other,-,850402017,0
54.0,M,f,f,f,f,f,f,f,f,f,f,f,f,f,f,t,1.0,t,2.4,t,107.0,t,1.06,t,101.0,f,,other,-,850402018,0
54.0,F,f,f,f,f,f,f,f,f,f,f,f,f,f,f,t,1.2,t,1.7,t,81.0,t,0.87,t,94.0,f,,other,-,850402019,0
64.0,F,t,f,f,f,f,f,f,f,f,f,f,f,f,f,t,0.1,f,,t,123.0,t,0.74,t,166.0,f,,other,L,850402026,1
57.0,M,f,f,f,f,f,f,f,f,t,f,f,f,f,f,f,,t,1.8,t,71.0,t,0.72,t,99.0,f,,other,-,850402027,0
84.0,F,t,f,f,f,f,f,f,f,f,f,f,f,f,f,t,26.0,f,,t,73.0,t,1.03,t,72.0,f,,other,M,850402032,1
68.0,M,f,f,f,t,f,f,f,f,f,f,f,f,f,f,t,1.1,t,1.8,t,89.0,t,0.83,t,105.0,f,,other,-,850402042,0
56.0,M,f,f,f,f,f,f,f,f,f,f,f,f,f,f,t,5.4,t,1.7,t,104.0,t,1.01,t,103.0,f,,SVI,-,850402043,0
27.0,M,f,f,f,f,f,f,f,f,f,f,f,f,f,f,f,,f,,t,79.0,t,0.79,t,100.0,f,,other,-,850402046,0
26.0,M,f,f,f,f,f,f,f,f,f,f,f,f,f,f,t,1.4,t,2.5,t,98.0,t,0.92,t,107.0,f,,other,-,850402062,0
38.0,F,f,f,f,f,f,f,f,f,f,f,f,t,f,f,f,,f,,f,,f,,f,,t,22.0,other,-,850402066,0
37.0,F,f,f,f,f,f,f,f,f,f,f,f,f,f,f,f,,f,,f,,f,,f,,t,28.0,other,-,850402072,0
26.0,F,f,f,f,f,f,f,f,f,f,f,f,f,f,f,f,,f,,f,,f,,f,,t,24.0,other,-,850402077,0
26.0,F,f,f,f,f,f,f,f,f,f,f,f,f,f,f,f,,f,,f,,f,,f,,t,38.0,other,S,850402078,1
35.0,F,f,f,f,f,f,f,f,f,f,f,f,f,f,f,t,3.0,t,2.9,t,87.0,t,1.1,t,79.0,f,,SVHC,I,850403003,1
19.0,F,f,f,f,f,f,f,f,f,f,f,f,f,f,t,t,1.6,t,2.2,t,96.0,t,0.94,t,102.0,f,,SVHC,-,850403008,0
19.0,F,f,f,f,f,f,f,f,f,f,f,f,f,f,t,t,1.7,t,1.9,t,89.0,t,0.88,t,102.0,f,,SVHC,-,850403009,0
28.0,F,f,f,f,f,f,f,f,f,f,f,f,f,f,f,t,9.0,t,3.1,t,131.0,t,1.23,t,106.0,f,,other,GI,850403018,1
39.0,F,f,f,f,f,f,f,f,f,f,f,f,f,f,f,f,,f,,f,,f,,f,,t,23.0,other,-,850403038,0
51.0,F,f,f,f,f,f,f,f,f,f,f,f,f,f,f,t,1.5,t,2.4,t,103.0,t,1.14,t,90.0,f,,other,-,850403046,0
56.0,M,f,f,f,f,f,f,f,f,f,f,f,f,f,f,t,0.2,t,2.1,t,69.0,t,0.81,t,86.0,f,,other,-,850403047,0
60.0,F,f,f,f,t,f,f,f,f,f,f,f,f,f,f,t,1.0,t,2.1,t,97.0,t,1.1,t,90.0,f,,SVI,-,850403048,0
62.0,M,f,f,f,f,f,f,f,f,f,f,f,f,f,f,t,0.1,t,0.7,t,71.0,t,0.74,t,96.0,f,,other,-,850403049,0
73.0,F,f,f,f,f,f,f,f,f,f,f,f,f,f,f,t,1.8,t,1.6,t,110.0,t,0.98,t,112.0,f,,SVI,-,850403050,0
73.0,F,f,f,f,f,f,f,f,f,f,f,f,f,f,f,t,0.1,t,0.6,t,113.0,t,0.89,t,127.0,f,,SVI,K,850403052,1
28.0,F,f,f,f,f,f,f,f,f,f,f,f,f,f,f,t,1.0,t,2.5,t,134.0,t,1.13,t,119.0,f,,other,-,850403053,0
28.0,F,f,f,f,f,f,f,f,f,f,f,f,f,f,f,t,4.4,t,2.8,t,103.0,t,1.1,t,94.0,f,,other,-,850403067,0
77.0,F,f,f,f,f,f,f,f,t,f,f,f,f,f,f,t,12.0,f,,t,77.0,t,1.06,t,73.0,f,,other,G,850404001,1
75.0,M,f,f,f,f,f,f,f,f,f,f,f,f,f,f,t,1.3,t,2.2,t,100.0,t,0.97,t,104.0,f,,SVI,-,850404003,0
47.0,M,f,f,f,f,f,f,f,f,f,f,f,f,f,f,t,0.6,t,2.9,t,113.0,t,1.13,t,100.0,f,,other,-,850404004,0
47.0,M,f,f,f,f,f,f,f,f,f,f,f,f,f,f,t,0.7,t,1.9,t,99.0,t,0.79,t,125.0,f,,SVHC,-,850404005,0
47.0,F,f,f,f,f,f,f,f,f,f,f,f,f,f,f,t,0.5,t,2.1,t,56.0,t,0.96,t,58.0,f,,other,R,850404006,1
47.0,M,f,f,f,f,f,f,f,f,f,f,f,f,f,f,t,0.9,t,2.1,t,91.0,t,0.98,t,92.0,f,,SVHC,-,850404007,0
56.0,F,f,f,f,f,f,f,f,t,f,f,f,f,f,f,t,1.4,t,2.3,t,111.0,t,0.97,t,115.0,f,,other,-,850404015,0
60.0,,f,f,f,f,f,f,f,f,f,f,f,f,f,f,t,0.9,t,2.4,t,111.0,t,1.12,t,99.0,f,,other,-,850404023,0
32.0,F,f,f,f,f,f,f,f,f,f,f,f,f,f,f,t,1.6,t,1.3,t,119.0,t,0.9,t,133.0,f,,SVI,-,850404031,0
29.0,F,f,f,f,f,f,f,f,f,f,f,f,f,f,f,t,1.3,t,1.6,t,90.0,t,0.97,t,93.0,f,,other,-,850404032,0
45.0,M,f,f,f,f,f,f,f,f,f,f,f,f,f,f,t,1.7,t,2.0,t,71.0,t,0.93,t,76.0,f,,other,-,850404033,0
75.0,F,f,f,t,f,f,f,f,f,t,f,f,f,f,f,t,0.2,t,3.4,t,103.0,t,1.32,t,78.0,f,,other,I,850404050,1
56.0,M,f,f,f,f,f,f,f,f,f,f,f,f,f,f,t,0.8,t,1.8,t,76.0,t,0.8,t,95.0,f,,SVI,-,850404054,0
56.0,F,f,f,f,f,f,f,f,f,f,f,f,f,f,f,t,0.2,t,2.2,t,108.0,t,0.88,t,122.0,f,,SVI,-,850404055,0
68.0,M,f,f,f,f,f,f,f,f,f,f,f,f,f,f,t,1.2,t,1.2,t,84.0,t,0.78,t,107.0,f,,SVI,-,850404059,0
17.0,F,f,f,f,f,f,f,f,f,f,f,f,t,f,f,t,0.6,t,2.6,t,102.0,t,0.97,t,106.0,f,,other,-,850404061,0
22.0,F,t,f,f,f,f,f,f,f,t,f,f,f,f,f,t,0.2,t,2.3,t,147.0,t,1.01,t,145.0,f,,other,-,850404063,0
26.0,M,f,f,f,f,f,f,f,f,f,f,t,f,f,f,t,2.2,t,2.9,t,85.0,t,1.08,t,79.0,f,,other,-,850404066,0
42.0,F,t,f,f,f,f,f,f,f,f,f,f,f,f,f,t,0.4,f,,t,258.0,t,1.14,t,227.0,f,,other,L,850404070,1
18.0,F,f,f,f,f,f,f,f,t,f,f,f,f,f,f,t,9.599999,t,2.4,t,220.0,t,1.68,t,131.0,f,,STMW,-,850409004,0
48.0,F,f,f,f,f,f,f,f,t,f,f,f,f,f,f,t,98.0,t,1.9,t,29.0,t,1.11,t,26.0,f,,other,F,850409005,1
41.0,F,t,f,f,f,f,f,f,f,f,f,f,f,f,f,t,1.8,t,2.4,t,115.0,t,1.11,t,104.0,f,,other,-,850409006,0
69.0,F,f,f,f,f,f,f,f,f,f,f,f,f,f,f,t,21.0,t,0.8,t,53.0,t,0.86,t,61.0,f,,SVI,F,850409007,1
69.0,F,t,f,f,f,f,f,f,f,f,f,f,f,f,f,t,3.3,t,1.5,t,130.0,t,0.86,t,151.0,f,,other,-,850409011,0
26.0,F,t,f,f,f,t,f,f,f,f,f,f,f,f,f,t,0.2,t,3.9,t,122.0,t,1.28,t,96.0,f,,other,I,850409012,1
33.0,F,f,f,f,f,f,f,f,f,t,f,f,f,f,f,f,,t,2.3,t,110.0,t,1.01,t,109.0,f,,other,-,850409026,0
78.0,F,f,f,f,f,f,f,f,f,f,f,f,f,f,f,t,2.5,t,1.1,t,70.0,t,0.92,t,76.0,f,,other,K,850409037,1
78.0,,f,f,f,f,f,f,f,f,f,f,f,f,f,f,t,0.3,t,1.7,t,76.0,t,0.86,t,88.0,f,,SVHC,-,850409044,0
78.0,F,f,f,f,f,f,f,f,f,f,f,f,f,f,f,t,1.9,t,2.4,t,109.0,f,,f,,f,,other,-,850409046,0
30.0,F,f,f,f,f,f,f,f,f,f,f,f,t,f,f,t,0.3,t,1.8,t,117.0,t,0.97,t,121.0,f,,SVI,-,850409047,0
66.0,M,f,f,f,f,f,f,f,f,f,f,f,f,f,f,t,1.3,t,1.7,t,86.0,t,0.91,t,94.0,f,,other,-,850409048,0
34.0,F,f,f,f,f,f,f,f,f,t,f,f,f,f,f,f,,t,5.3,t,181.0,t,1.04,t,174.0,f,,other,A,850409049,1
39.0,F,t,f,t,f,f,f,f,f,f,f,f,f,f,f,t,1.5,t,2.8,t,131.0,t,1.26,t,104.0,f,,other,-,850410004,0
59.0,M,t,f,f,f,f,f,f,f,f,f,f,f,f,f,t,0.3,t,1.9,t,144.0,t,0.93,t,156.0,f,,other,L,850410009,1
59.0,M,f,f,f,f,f,f,f,f,f,f,f,f,f,f,t,1.2,t,1.2,t,70.0,t,0.71,t,99.0,f,,other,-,850410010,0
59.0,M,f,f,f,f,f,f,f,f,f,f,f,f,f,t,t,1.0,t,1.4,t,83.0,t,0.86,t,96.0,f,,SVHC,-,850410011,0
55.0,M,f,f,f,f,f,f,f,f,f,f,f,f,f,t,t,0.3,t,2.1,t,100.0,t,1.05,t,96.0,f,,SVHC,-,850410012,0
42.0,F,f,f,f,f,f,f,f,f,f,f,f,f,f,f,t,0.7,t,1.5,t,90.0,t,1.14,t,79.0,f,,other,-,850410013,0
51.0,M,f,f,f,f,f,f,f,f,f,f,f,f,f,f,t,1.2,t,2.3,t,72.0,t,0.84,t,85.0,f,,SVI,-,850410014,0
33.0,M,f,f,f,f,f,f,f,f,f,f,f,f,f,t,t,1.0,t,2.2,t,84.0,t,0.84,t,100.0,f,,SVHC,-,850410015,0
51.0,F,f,f,f,f,f,f,f,f,f,f,f,f,f,t,t,0.9,t,1.7,t,95.0,t,0.95,t,100.0,f,,SVHC,-,850410016,0
59.0,M,f,f,f,f,f,f,t,f,f,f,f,f,f,f,t,0.3,t,1.6,t,112.0,t,0.75,t,148.0,f,,other,-,850410023,0
65.0,F,f,f,f,f,f,f,f,f,f,f,f,f,f,f,t,1.6,t,1.9,t,99.0,t,1.03,t,97.0,f,,SVI,-,850410039,0
60.0,F,f,f,f,f,f,f,f,f,f,f,f,f,f,f,t,2.4,t,2.1,t,93.0,t,0.96,t,97.0,f,,SVI,-,850410040,0
66.0,F,f,f,f,f,f,f,f,f,f,f,f,t,f,f,t,0.6,t,2.2,t,123.0,t,0.93,t,132.0,f,,SVI,-,850410041,0
37.0,F,f,f,f,f,f,f,f,f,f,f,f,f,f,f,t,1.0,t,2.3,t,89.0,t,0.94,t,95.0,f,,other,-,850410042,0
28.0,F,t,f,f,f,f,f,f,f,f,f,f,f,f,f,t,0.3,f,,t,209.0,t,1.08,t,194.0,f,,other,N,850410043,1
79.0,F,f,f,f,f,f,f,f,f,f,f,f,f,f,f,t,29.0,t,1.6,t,47.0,t,0.97,t,48.0,f,,other,F,850410045,1
48.0,F,f,f,f,f,f,f,f,f,f,f,f,f,f,f,t,0.3,t,2.4,t,117.0,t,1.02,t,115.0,f,,other,-,850410050,0
70.0,F,f,f,f,f,f,f,f,f,f,f,f,f,f,f,f,,f,,f,,f,,f,,t,30.0,other,-,850410052,0
53.0,F,f,f,f,f,f,f,f,f,f,f,f,f,f,f,f,,f,,f,,f,,f,,t,63.0,other,S,850410056,1
56.0,F,f,f,f,f,f,f,f,f,f,f,f,f,f,f,f,,f,,f,,f,,f,,t,24.0,other,-,850410059,0
57.0,F,f,f,f,f,f,f,f,f,f,f,f,f,f,f,f,,f,,f,,f,,f,,t,22.0,other,-,850410060,0
17.0,F,f,f,f,f,f,f,f,f,f,f,f,f,f,f,f,,f,,t,83.0,t,0.99,t,84.0,f,,other,-,850410063,0
17.0,F,f,f,f,f,f,f,f,t,f,f,f,f,f,f,t,0.9,t,1.4,t,111.0,t,1.02,t,109.0,f,,other,-,850411001,0
17.0,F,f,f,f,f,f,f,f,t,t,f,f,f,f,f,t,0.3,t,1.5,t,101.0,t,0.81,t,125.0,f,,other,-,850411003,0
33.0,F,f,f,f,f,f,f,f,f,f,f,f,f,f,f,t,0.3,t,2.1,t,112.0,f,,f,,f,,other,-,850411004,0
18.0,F,f,f,f,f,f,f,f,f,f,f,f,f,f,f,t,0.9,t,3.0,t,143.0,t,1.32,t,108.0,f,,other,I,850411006,1
74.0,F,t,f,f,f,f,f,f,t,f,f,f,f,f,f,t,21.0,t,1.8,t,126.0,t,1.18,t,107.0,f,,other,M,850411008,1
34.0,F,t,f,f,f,f,f,f,f,f,f,t,f,f,f,f,,f,,t,103.0,t,1.38,t,75.0,f,,other,I,850411018,1
48.0,M,f,f,f,f,f,f,f,f,f,f,f,f,f,f,f,,f,,t,82.0,t,0.93,t,88.0,f,,other,-,850411019,0
46.0,F,t,f,f,f,f,f,f,f,f,f,f,f,f,f,t,0.3,t,2.2,t,187.0,t,1.1,t,170.0,f,,other,N,850411020,1
46.0,F,f,f,f,f,f,f,f,f,f,f,f,f,f,f,t,6.4,t,2.3,t,64.0,t,0.98,t,65.0,f,,other,G,850411027,1
36.0,M,f,f,f,t,f,f,f,f,f,f,f,f,f,f,f,,f,,f,,f,,f,,t,26.0,other,-,850411029,0
22.0,F,f,f,f,f,f,f,f,f,f,f,f,f,f,f,t,1.3,f,,t,110.0,t,0.94,t,117.0,f,,other,-,850411046,0
70.0,F,t,f,f,f,f,f,f,f,f,f,f,f,f,f,t,0.15,f,,t,162.0,t,1.12,t,146.0,f,,other,-,850411051,0
48.0,M,f,f,f,f,f,f,f,f,f,f,f,f,f,f,t,0.3,t,2.6,t,119.0,t,1.2,t,100.0,f,,other,-,850411052,0
59.0,M,t,f,f,f,f,f,f,f,f,f,f,f,f,f,t,0.15,t,2.5,t,90.0,t,0.85,t,106.0,f,,other,-,850411053,0
59.0,M,f,f,f,f,f,f,f,f,f,f,f,f,f,f,t,0.5,t,2.1,t,86.0,t,0.81,t,107.0,f,,other,-,850411061,0
39.0,F,f,f,f,f,f,f,f,f,f,f,f,f,f,f,t,0.5,t,2.2,t,121.0,t,1.01,t,121.0,f,,other,-,850411062,0
62.0,M,f,f,f,f,f,f,f,f,f,f,f,f,f,f,t,17.0,t,1.7,t,65.0,t,0.68,t,97.0,f,,other,G,850412003,1
77.0,F,f,f,f,f,f,f,f,f,f,f,f,f,f,f,t,23.0,t,0.5,t,33.0,t,0.67,t,49.0,f,,SVI,F,850412005,1
77.0,F,f,f,f,f,f,f,f,f,f,f,f,f,f,f,t,18.0,t,0.3,t,44.0,t,0.56,t,77.0,f,,SVI,GKJ,850412006,1
85.0,F,f,f,f,f,f,f,f,t,f,f,f,f,f,f,t,7.3,t,2.4,t,66.0,t,1.09,t,61.0,f,,other,-,850412011,0
41.0,F,f,f,f,f,f,f,f,f,f,f,f,t,f,f,f,,f,,f,,f,,f,,t,8.799999,other,-,850412019,0
38.0,F,f,f,f,f,f,f,f,f,f,f,f,f,f,f,f,,f,,f,,f,,f,,t,33.0,other,S,850412021,1
37.0,F,t,f,f,f,f,f,f,f,f,f,f,f,f,f,f,,f,,f,,f,,f,,t,24.0,other,-,850412022,0
55.0,F,f,f,f,f,f,f,f,f,f,f,f,f,f,f,t,0.15,t,2.0,t,98.0,t,0.67,t,131.0,f,,other,-,850412026,0
15.0,F,f,f,t,f,f,f,f,f,t,f,f,f,f,f,f,,f,,f,,f,,f,,t,24.0,other,-,850412027,0
65.0,F,f,f,f,f,f,f,f,f,f,f,f,f,f,f,f,,f,,f,,f,,f,,t,30.0,other,-,850412028,0
64.0,F,f,f,f,f,f,f,f,f,f,f,f,f,f,f,f,,f,,f,,f,,f,,t,43.0,other,S,850412029,1
15.0,M,f,f,f,f,f,f,f,f,f,f,f,f,f,f,f,,f,,f,,f,,f,,t,19.0,other,-,850412030,0
34.0,F,f,f,f,f,f,f,f,f,f,f,f,f,f,f,t,0.15,t,2.7,t,96.0,t,1.05,t,91.0,f,,other,-,850412044,0
35.0,M,f,f,f,f,f,f,f,f,f,f,t,f,f,f,t,0.3,t,2.0,t,75.0,t,1.21,t,62.0,f,,SVI,-,850412062,0
73.0,F,f,f,f,t,f,f,f,f,f,f,f,f,f,f,t,2.1,t,2.8,t,109.0,t,1.32,t,83.0,f,,other,-,850412067,0
65.0,F,f,f,f,f,f,f,f,f,t,f,f,f,f,f,t,0.15,t,3.5,t,217.0,t,0.98,t,221.0,f,,other,A,850412068,1
35.0,F,f,f,f,f,f,f,f,f,f,f,f,f,f,f,t,0.15,t,5.1,t,167.0,t,1.0,t,168.0,f,,other,A,850412069,1
68.0,F,f,f,f,f,f,f,f,f,f,f,f,f,f,f,t,1.4,t,2.4,t,149.0,t,1.18,t,126.0,f,,other,-,850412071,0
81.0,F,f,f,f,f,f,f,f,t,f,f,f,f,f,f,t,0.5,t,2.2,t,102.0,t,0.85,t,119.0,f,,SVI,-,850412073,0
90.0,M,f,f,f,f,f,f,f,f,f,f,f,f,f,f,t,0.15,t,1.7,t,118.0,t,0.82,t,144.0,f,,SVI,-,850412074,0
47.0,F,f,f,f,f,f,f,f,f,t,f,f,f,f,f,t,0.15,t,4.3,t,189.0,t,1.07,t,176.0,f,,other,A,850412085,1
63.0,M,t,f,f,f,f,f,f,f,f,f,f,f,f,f,t,0.15,f,,t,79.0,t,0.81,t,97.0,f,,other,-,850412086,0
32.0,M,f,f,f,f,f,f,f,f,f,f,t,f,f,f,t,1.0,t,2.4,t,121.0,t,1.2,t,101.0,f,,other,-,850412087,0
59.0,M,f,f,f,f,f,f,f,f,f,f,f,f,f,f,t,0.9,t,2.0,t,88.0,f,,f,,f,,other,-,850415001,0
48.0,F,f,f,f,f,f,f,f,f,f,f,f,f,f,f,t,0.15,t,2.7,t,119.0,t,1.12,t,106.0,f,,SVI,-,850415003,0
28.0,F,f,f,f,f,f,f,f,f,f,f,f,f,f,t,t,2.5,t,2.9,t,86.0,t,1.19,t,72.0,f,,SVHC,-,850415004,0
47.0,M,f,f,f,f,f,f,f,f,f,f,f,f,f,f,t,0.6,t,1.7,t,94.0,f,,f,,f,,other,-,850415005,0
59.0,M,f,f,f,f,f,f,f,f,f,f,f,f,f,f,t,0.15,t,2.8,t,84.0,t,0.99,t,86.0,f,,other,-,850415006,0
67.0,M,f,f,f,f,f,f,f,f,f,f,f,f,f,t,t,0.15,t,1.6,t,94.0,t,0.87,t,108.0,f,,SVHC,-,850415007,0
39.0,F,f,f,f,f,f,f,f,f,f,f,f,f,f,f,t,0.3,f,,f,,f,,f,,f,,SVI,-,850415008,0
46.0,F,f,f,f,f,f,f,f,f,f,f,f,f,f,t,t,1.4,t,1.6,t,86.0,t,0.74,t,111.0,f,,SVHC,-,850415010,0
54.0,M,f,f,f,f,f,f,f,t,f,f,f,f,f,f,t,0.6,t,1.8,t,100.0,t,0.77,t,130.0,f,,other,-,850415011,0
39.0,M,f,t,f,f,f,f,f,f,f,f,f,f,f,f,f,,f,,t,63.0,t,0.87,t,72.0,f,,other,-,850415013,0
24.0,F,f,f,f,f,f,f,f,f,f,f,f,f,f,f,t,65.0,t,0.7,t,28.0,t,1.0,t,28.0,f,,other,F,850415021,1
24.0,M,f,f,f,f,f,f,f,f,t,f,f,f,f,f,t,0.15,t,2.7,t,116.0,t,0.82,t,143.0,f,,other,-,850415027,0
27.0,M,f,f,f,f,f,f,f,f,f,f,f,f,f,f,t,0.2,t,2.2,t,99.0,t,0.82,t,120.0,f,,SVHC,-,850415041,0
46.0,F,f,f,f,f,f,f,f,f,f,f,f,f,f,f,t,0.15,t,3.0,t,161.0,t,0.93,t,174.0,f,,other,A,850415052,1
55.0,M,f,f,f,f,f,f,f,f,f,f,f,t,f,f,t,10.0,t,2.1,t,65.0,f,,f,,f,,other,G,850415053,1
55.0,M,f,f,f,f,f,f,f,f,f,f,f,f,f,f,t,0.15,t,2.5,t,109.0,t,0.75,t,145.0,f,,SVHC,-,850415061,0
22.0,M,f,f,f,f,f,f,f,f,t,f,f,f,f,f,t,1.0,t,2.3,t,87.0,t,0.89,t,98.0,f,,other,-,850415062,0
22.0,M,f,f,f,f,f,f,f,f,f,f,f,f,f,f,t,2.1,t,2.3,t,81.0,t,1.01,t,80.0,f,,SVHC,-,850416008,0
39.0,F,f,f,f,f,f,f,f,f,f,f,f,f,f,f,t,24.0,t,1.9,t,65.0,f,,f,,f,,other,G,850416014,1
27.0,F,f,f,f,f,f,f,f,f,f,f,f,f,f,f,t,0.15,t,2.8,t,199.0,t,1.46,t,137.0,f,,STMW,-,850416015,0
29.0,F,f,f,f,f,t,f,f,f,f,f,f,f,f,f,t,0.15,t,3.6,t,144.0,t,1.76,t,82.0,f,,STMW,I,850416017,1
29.0,M,f,f,f,f,f,f,f,f,f,f,f,f,f,f,f,,f,,f,,f,,f,,t,27.0,other,-,850416039,0
29.0,F,f,f,f,f,f,f,f,f,f,f,f,f,f,f,f,,f,,f,,f,,f,,t,16.0,other,-,850416040,0
51.0,F,f,f,f,f,f,f,f,f,t,f,f,f,f,f,f,,t,2.6,f,,f,,f,,f,,other,-,850416045,0
59.0,F,f,f,f,f,f,f,f,f,t,f,f,f,f,f,t,0.1,t,2.5,t,100.0,t,0.98,t,103.0,f,,other,-,850416046,0
41.0,F,t,f,f,f,f,f,f,f,f,f,f,f,f,f,t,6.0,t,1.9,t,114.0,t,1.0,t,114.0,f,,other,-,850416049,0
74.0,F,f,f,f,f,f,f,f,f,f,f,f,f,f,f,t,1.7,t,1.4,t,75.0,t,0.74,t,101.0,f,,SVI,-,850416053,0
39.0,F,f,f,f,f,f,f,f,f,f,f,f,f,f,f,t,0.15,t,1.6,t,74.0,t,0.89,t,83.0,f,,SVI,-,850416055,0
32.0,M,f,f,f,f,f,f,f,f,f,f,f,f,f,t,t,0.15,t,2.9,t,132.0,t,1.14,t,116.0,f,,SVHC,-,850416056,0
66.0,F,f,f,f,f,f,f,f,f,f,f,f,f,f,f,t,0.15,t,0.8,t,90.0,t,0.77,t,117.0,f,,SVI,K,850416058,1
50.0,F,t,f,f,f,f,f,f,f,f,f,f,f,f,f,t,0.15,f,,t,248.0,t,1.5,t,165.0,f,,other,L,850416060,1
50.0,F,t,f,f,f,f,f,f,f,f,f,f,f,f,f,t,0.15,t,2.2,t,151.0,t,0.91,t,166.0,f,,other,L,850416082,1
50.0,F,f,f,f,f,f,f,f,f,f,f,f,f,f,f,t,0.8,t,2.1,t,105.0,t,1.02,t,100.0,f,,other,-,850416083,0
59.0,F,f,f,f,f,f,f,f,f,f,f,f,f,f,f,f,,f,,f,,f,,f,,t,29.0,other,-,850416085,0
38.0,F,f,f,f,f,f,f,f,f,f,f,f,f,f,f,t,0.15,t,4.3,t,144.0,t,1.62,t,89.0,f,,STMW,I,850417005,1
62.0,M,f,f,f,f,f,f,f,f,f,f,f,f,f,f,t,1.1,t,2.3,t,130.0,t,1.24,t,105.0,f,,other,-,850417007,0
56.0,F,f,f,f,f,f,f,f,f,f,f,f,f,f,f,t,0.4,t,2.3,t,120.0,t,1.03,t,117.0,f,,other,-,850417008,0
28.0,,t,f,f,f,f,f,f,f,f,f,f,f,f,f,t,1.7,f,,t,138.0,t,1.21,t,115.0,f,,other,-,850417009,0
15.0,M,f,f,f,f,f,f,f,f,f,f,f,f,f,f,t,1.1,f,,t,67.0,t,0.93,t,73.0,f,,other,-,850417019,0
89.0,M,f,f,f,f,f,f,f,f,f,f,f,f,f,f,t,0.9,t,2.4,t,105.0,t,0.95,t,110.0,f,,SVI,-,850417020,0
41.0,F,f,f,f,f,f,f,f,f,f,f,f,f,f,f,t,0.7,t,2.2,t,104.0,t,1.02,t,102.0,f,,SVHC,-,850417029,0
87.0,F,f,f,f,f,f,f,f,f,f,f,f,f,f,f,t,0.15,t,1.7,t,162.0,t,0.87,t,186.0,f,,SVI,AK,850417031,1
45.0,F,f,f,f,f,f,f,f,f,f,f,f,f,f,f,t,0.6,t,1.9,t,121.0,t,1.04,t,116.0,f,,SVI,-,850417032,0
85.0,F,f,f,f,f,f,f,f,f,f,f,f,f,f,f,t,0.8,t,2.1,t,100.0,t,1.06,t,95.0,f,,SVI,-,850417033,0
30.0,M,f,t,f,f,f,f,f,f,f,f,f,f,f,f,f,,t,1.8,t,96.0,t,0.93,t,103.0,f,,other,-,850417038,0
30.0,F,f,f,f,f,f,f,f,f,f,f,f,f,f,f,t,1.2,t,3.5,t,120.0,t,1.22,t,98.0,f,,other,I,850417066,1
70.0,F,f,f,f,f,f,f,f,f,f,f,f,t,f,f,t,0.2,t,2.7,t,79.0,t,0.98,t,81.0,f,,other,-,850417067,0
71.0,F,f,f,f,f,f,f,f,f,f,f,f,f,f,f,t,0.6,t,1.0,t,88.0,t,0.94,t,94.0,f,,SVHC,K,850417071,1
62.0,F,f,f,f,f,f,f,f,f,f,f,f,f,f,f,t,1.6,t,1.9,t,66.0,t,0.71,t,93.0,f,,other,-,850417072,0
60.0,F,f,f,f,f,f,f,f,f,f,f,f,t,f,f,t,12.0,t,2.2,t,71.0,t,1.4,t,51.0,f,,SVI,F,850417074,1
74.0,F,f,f,f,f,f,f,f,f,f,f,f,f,f,f,t,1.6,t,0.7,t,82.0,t,0.88,t,93.0,f,,SVI,K,850417075,1
32.0,F,f,f,f,f,f,f,f,f,f,f,f,f,f,f,t,0.6,t,1.6,t,134.0,t,1.2,t,112.0,f,,other,-,850417076,0
68.0,M,f,f,f,f,f,f,f,f,f,f,f,f,f,f,t,0.2,t,0.9,t,72.0,t,0.77,t,94.0,f,,SVI,K,850417077,1
71.0,M,f,f,f,f,f,f,f,f,f,f,f,f,f,f,t,0.2,t,2.2,t,140.0,t,1.14,t,123.0,f,,SVI,-,850417080,0
64.0,M,f,f,f,f,f,f,f,f,f,f,f,f,f,f,t,1.0,t,0.7,t,91.0,t,0.83,t,110.0,f,,SVI,K,850417081,1
64.0,F,t,f,f,f,f,f,f,f,f,f,f,f,f,f,t,6.7,t,2.0,t,110.0,t,1.17,t,94.0,f,,other,M,850417082,1
21.0,F,f,f,f,f,t,f,f,f,f,f,f,t,f,f,t,0.2,t,2.5,t,108.0,t,1.13,t,96.0,f,,STMW,-,850418008,0
54.0,M,t,f,f,f,f,f,f,f,f,f,f,f,f,f,t,0.2,f,,t,101.0,t,0.64,t,158.0,f,,other,L,850418010,1
21.0,F,f,f,t,f,f,f,f,f,f,f,f,f,f,f,t,1.3,t,1.8,t,95.0,t,0.96,t,99.0,f,,other,-,850418015,0
59.0,M,f,f,f,f,f,f,f,f,f,f,f,f,f,f,t,2.7,t,2.1,t,86.0,t,0.92,t,93.0,f,,other,-,850418017,0
66.0,F,f,f,f,f,f,f,t,f,f,f,f,f,f,f,t,3.8,t,2.1,t,79.0,t,1.07,t,74.0,f,,other,-,850418019,0
57.0,M,t,f,f,f,f,f,f,f,f,f,f,f,f,f,t,0.2,t,1.6,t,141.0,t,0.89,t,158.0,f,,other,L,850418020,1
57.0,F,t,f,f,f,f,f,f,f,f,f,f,f,f,f,t,0.2,f,,t,121.0,t,0.79,t,153.0,f,,other,-,850418027,0
41.0,F,t,f,f,f,f,f,f,f,f,f,f,f,f,f,t,0.2,t,2.6,t,197.0,t,1.01,t,195.0,f,,other,N,850418029,1
57.0,M,f,t,f,f,f,f,f,f,f,f,f,f,f,f,f,,t,2.2,t,104.0,t,1.07,t,97.0,f,,other,-,850418032,0
28.0,F,f,f,f,f,f,f,f,t,f,f,f,f,f,f,t,1.0,t,2.3,t,116.0,t,1.13,t,103.0,f,,other,-,850418042,0
62.0,F,f,f,f,f,f,f,f,f,f,f,f,f,f,f,f,,f,,t,91.0,t,1.01,t,90.0,f,,other,-,850418048,0
21.0,F,f,f,f,f,f,f,f,f,t,f,f,f,f,f,f,,f,,f,,f,,f,,t,200.0,other,S,850418049,1
19.0,F,f,f,f,f,f,f,f,f,f,f,f,f,f,f,f,,f,,f,,f,,f,,t,65.0,other,S,850418051,1
19.0,F,f,f,f,f,f,f,f,f,f,f,f,f,f,f,f,,f,,f,,f,,f,,t,24.0,other,-,850418052,0
62.0,F,f,f,f,f,f,f,f,f,f,f,f,f,f,f,f,,f,,f,,f,,f,,f,,other,-,850418054,0
67.0,F,f,f,f,f,f,f,f,f,f,f,f,f,f,f,f,,f,,f,,f,,f,,t,24.0,other,-,850418057,0
65.0,F,f,f,f,f,f,f,f,f,f,f,f,f,f,f,t,21.0,t,1.2,t,72.0,f,,f,,f,,other,G,850418060,1
43.0,F,f,f,f,f,f,f,t,f,t,f,f,f,f,f,t,3.5,t,1.7,t,99.0,t,1.14,t,87.0,f,,other,-,850418066,0
51.0,F,t,f,f,f,f,f,f,f,f,f,f,f,f,f,t,0.25,t,1.9,t,101.0,t,1.08,t,94.0,f,,other,-,850418068,0
60.0,F,f,f,f,f,f,f,f,f,f,f,f,f,f,f,f,,f,,f,,f,,f,,t,24.0,other,-,850418073,0
14.0,M,f,f,f,f,f,f,f,f,f,f,f,f,f,f,t,1.4,f,,t,91.0,t,0.93,t,98.0,f,,other,-,850418077,0
41.0,M,f,f,f,f,f,f,f,f,f,f,f,f,f,f,t,0.25,t,3.1,t,134.0,t,1.0,t,134.0,f,,other,-,850418079,0
68.0,F,f,f,f,f,f,f,f,f,f,f,f,f,f,f,t,1.4,t,1.3,t,119.0,t,1.11,t,107.0,f,,SVI,-,850419010,0
65.0,F,f,f,f,f,f,f,f,t,f,f,f,f,f,f,t,0.5,f,,t,90.0,t,1.09,t,83.0,f,,other,-,850419011,0
53.0,F,f,f,f,f,f,f,f,t,f,f,f,f,f,f,t,0.25,t,2.1,t,145.0,t,1.03,t,141.0,f,,other,-,850419012,0
36.0,F,f,f,f,f,f,f,f,f,f,f,f,f,f,t,t,0.25,t,1.7,t,83.0,t,0.92,t,90.0,f,,SVHC,-,850419015,0
50.0,F,f,f,f,f,f,f,f,f,f,f,f,f,f,f,t,0.25,t,2.0,t,77.0,t,0.75,t,103.0,f,,other,-,850419016,0
58.0,M,f,f,f,f,f,f,f,f,f,f,f,f,f,f,t,1.3,t,2.3,t,77.0,f,,f,,f,,other,-,850419017,0
34.0,F,t,f,f,f,f,f,f,t,f,f,f,f,f,f,t,0.25,t,6.7,t,230.0,t,1.73,t,133.0,f,,STMW,I,850419021,1
84.0,F,f,f,f,f,f,f,f,f,f,f,f,f,f,f,t,0.25,t,2.0,t,134.0,t,0.79,t,170.0,f,,SVI,R,850419048,1
35.0,M,f,f,f,f,f,f,f,f,f,f,f,f,f,f,t,0.25,t,0.4,t,38.0,t,1.08,t,35.0,f,,SVI,K,850419049,1
35.0,F,f,f,f,f,f,f,f,f,f,f,f,f,f,f,t,0.5,t,2.2,t,89.0,f,,f,,f,,other,-,850419051,0
37.0,F,t,f,f,f,f,f,f,f,f,f,f,f,f,f,t,0.25,f,,t,133.0,t,0.98,t,136.0,f,,other,-,850419062,0
58.0,F,t,f,f,f,f,f,f,f,f,f,f,f,f,f,t,1.5,t,1.6,t,103.0,t,0.9,t,114.0,f,,other,-,850419064,0
34.0,F,f,f,f,f,f,f,f,t,f,f,f,f,f,f,t,0.6,t,2.3,t,76.0,t,1.05,t,73.0,f,,other,-,850419066,0
49.0,M,f,f,f,f,f,f,f,f,f,f,f,f,f,f,t,1.7,t,2.3,t,123.0,t,1.15,t,106.0,f,,SVI,-,850422005,0
22.0,F,f,f,f,f,f,f,f,f,f,f,f,f,f,f,t,1.3,t,2.3,t,83.0,t,0.97,t,85.0,f,,SVHC,-,850422006,0
56.0,F,f,f,f,f,f,f,f,f,f,f,f,f,f,f,t,0.25,t,2.0,t,83.0,t,0.87,t,96.0,f,,SVHC,-,850422007,0
63.0,F,f,f,f,f,f,f,f,f,f,t,f,f,f,f,t,2.8,t,2.0,t,93.0,t,1.04,t,89.0,f,,SVHC,-,850422008,0
75.0,F,f,f,f,f,f,f,f,t,f,f,f,f,f,f,t,2.3,t,1.3,t,88.0,t,0.85,t,103.0,f,,SVI,-,850422009,0
62.0,M,f,f,f,f,f,f,f,f,f,f,f,f,f,f,t,100.0,t,0.4,t,10.0,t,1.0,t,10.0,f,,SVI,F,850422012,1
54.0,M,f,t,f,f,f,f,f,f,f,f,f,f,f,f,f,,t,1.9,t,95.0,t,0.88,t,109.0,f,,other,-,850422019,0
30.0,,f,f,f,f,f,f,f,f,f,f,f,f,f,f,t,0.9,t,1.9,t,76.0,t,0.83,t,92.0,f,,other,-,850422020,0
34.0,M,f,f,f,f,f,f,f,f,f,f,f,f,f,f,t,1.1,t,1.8,t,93.0,t,0.9,t,103.0,f,,other,-,850422021,0
34.0,F,f,f,f,f,f,f,f,f,f,f,f,f,f,f,t,35.0,t,1.4,t,78.0,t,0.98,t,80.0,f,,other,G,850422023,1
39.0,F,t,f,f,f,f,f,f,f,f,f,f,f,f,f,t,0.25,t,1.9,t,94.0,t,0.93,t,101.0,f,,other,-,850422024,0
49.0,M,f,f,f,f,f,f,f,f,f,f,f,f,f,f,t,2.1,t,1.3,t,120.0,t,1.43,t,83.0,f,,SVI,-,850422031,0
55.0,M,f,f,f,f,f,f,f,f,f,f,f,f,f,f,t,0.2,t,1.8,t,134.0,t,1.02,t,131.0,f,,SVI,-,850422032,0
39.0,F,f,f,f,f,f,f,f,f,f,f,f,f,f,f,t,0.7,t,1.2,t,81.0,t,0.99,t,82.0,f,,SVI,-,850422033,0
76.0,F,f,f,f,f,f,f,f,f,f,f,f,f,f,f,t,11.0,t,1.2,t,86.0,t,0.85,t,101.0,f,,SVI,G,850422034,1
59.0,F,f,f,f,f,f,f,f,f,f,f,f,f,f,f,t,0.2,f,,t,82.0,t,0.73,t,112.0,f,,other,-,850422046,0
59.0,F,f,f,f,f,f,f,f,f,f,f,f,f,f,f,t,0.4,t,2.1,t,78.0,t,0.82,t,95.0,f,,other,-,850422047,0
72.0,F,f,f,f,f,f,f,f,f,f,f,f,f,f,f,t,0.2,t,2.3,t,87.0,t,0.94,t,93.0,f,,other,-,850422048,0
72.0,F,f,f,f,f,f,f,f,f,f,f,f,f,f,f,t,1.4,t,1.4,t,115.0,t,0.97,t,118.0,f,,SVHC,-,850423010,0
72.0,F,f,f,f,f,f,f,f,f,f,f,f,f,f,f,t,0.6,t,2.0,t,106.0,t,1.05,t,101.0,f,,SVHC,-,850423011,0
62.0,M,f,f,f,f,f,f,f,f,f,f,f,f,f,f,t,1.2,f,,t,90.0,t,1.16,t,77.0,f,,other,-,850423012,0
73.0,F,f,f,f,f,f,f,f,f,f,f,f,f,f,f,t,0.7,t,2.0,t,116.0,t,0.99,t,117.0,f,,other,-,850423014,0
58.0,F,f,f,f,f,f,f,f,f,f,f,f,f,f,f,t,0.8,f,,t,98.0,t,1.02,t,96.0,f,,other,-,850423015,0
41.0,F,f,f,f,f,t,f,f,f,t,f,f,f,f,f,t,0.2,f,,t,430.0,t,1.09,t,395.0,f,,STMW,A,850423016,1
47.0,M,f,f,f,f,f,f,f,f,f,f,f,f,f,f,t,0.2,t,1.5,t,61.0,t,0.91,t,67.0,f,,other,-,850423023,0
35.0,F,f,f,f,f,f,f,f,f,f,f,f,f,f,f,t,0.2,t,2.1,t,139.0,t,1.0,t,139.0,f,,SVI,-,850423025,0
38.0,M,f,f,f,f,f,f,f,f,f,f,f,f,f,f,t,0.2,t,1.5,t,48.0,t,0.71,t,67.0,f,,other,J,850423027,1
56.0,M,f,f,f,f,f,f,f,f,f,f,f,f,f,f,t,1.0,t,2.3,t,103.0,t,1.08,t,95.0,f,,SVI,-,850423030,0
49.0,M,f,f,f,f,f,f,f,f,f,f,f,f,f,f,t,0.7,t,2.1,t,102.0,t,0.93,t,110.0,f,,SVI,-,850423031,0
75.0,F,f,f,f,f,f,f,f,f,f,f,f,f,f,f,t,0.6,t,1.8,t,99.0,t,1.03,t,96.0,f,,SVI,-,850423032,0
82.0,F,f,f,f,t,f,f,f,f,f,f,f,f,f,f,t,0.2,t,1.4,t,113.0,t,0.85,t,132.0,f,,SVI,-,850423034,0
20.0,F,f,f,f,f,f,f,f,f,f,f,t,f,f,f,t,0.2,t,3.0,t,135.0,t,1.29,t,105.0,f,,other,-,850423035,0
58.0,F,f,f,f,f,f,f,f,f,f,f,f,f,f,f,f,,f,,f,,f,,f,,t,21.0,other,-,850423047,0
11.0,F,f,f,f,f,f,f,f,f,f,f,f,f,f,f,f,,f,,t,89.0,t,0.89,t,100.0,f,,other,-,850423050,0
13.0,F,f,f,f,f,f,f,f,f,f,f,f,f,f,f,f,,f,,t,94.0,t,0.91,t,103.0,f,,other,-,850423051,0
25.0,F,f,f,f,f,f,f,f,f,f,f,f,f,f,f,f,,f,,f,,f,,f,,t,29.0,other,-,850424003,0
33.0,F,f,f,f,f,f,f,f,f,f,f,f,f,f,f,f,,f,,f,,f,,f,,t,31.0,other,S,850424007,1
61.0,F,f,f,f,f,f,f,f,f,f,f,t,f,f,f,t,0.15,t,2.1,t,97.0,t,1.03,t,95.0,f,,other,-,850424020,0
38.0,,f,f,f,f,f,f,f,f,f,f,f,f,f,f,t,2.9,t,1.8,t,93.0,t,0.95,t,98.0,f,,other,-,850424026,0
38.0,,f,f,f,f,f,f,f,f,f,f,f,f,f,f,t,1.2,t,2.0,t,101.0,t,1.01,t,100.0,f,,SVHC,-,850424027,0
82.0,F,f,f,f,f,f,f,f,f,f,f,f,f,f,f,t,0.2,t,0.1,t,50.0,t,0.31,t,161.0,f,,SVI,-,850424028,0
77.0,F,f,f,f,f,f,f,f,f,f,f,f,f,f,f,t,0.7,t,2.2,t,72.0,t,1.18,t,62.0,f,,SVI,-,850424029,0
58.0,F,f,f,f,f,f,f,f,f,f,f,f,f,f,f,t,1.6,t,2.0,t,109.0,t,1.09,t,100.0,f,,SVHC,-,850424031,0
27.0,F,f,f,f,f,f,f,f,f,f,f,f,f,f,f,t,0.15,t,1.6,t,101.0,t,1.09,t,92.0,f,,SVHC,-,850424069,0
27.0,F,f,f,f,f,f,f,f,f,f,f,f,f,f,f,f,,f,,t,103.0,t,1.14,t,91.0,f,,other,-,850426002,0
73.0,F,f,f,f,f,f,f,f,f,f,f,f,f,f,f,t,1.9,t,1.5,t,113.0,t,1.06,t,106.0,f,,SVI,-,850426006,0
45.0,M,f,f,f,f,f,f,f,f,f,f,f,f,f,f,t,0.9,t,1.9,t,83.0,t,0.67,t,124.0,f,,SVI,-,850426008,0
48.0,M,f,f,f,f,f,f,f,f,f,f,f,f,f,f,t,2.2,t,2.1,t,55.0,t,0.85,t,65.0,f,,SVHC,-,850426009,0
28.0,M,f,f,f,f,f,f,f,f,f,f,f,f,f,f,t,1.0,t,3.1,t,107.0,t,1.05,t,103.0,f,,SVHC,-,850426010,0
31.0,M,f,f,f,f,f,f,f,f,f,f,f,f,f,f,t,1.4,t,2.3,t,150.0,t,1.42,t,106.0,f,,SVHC,-,850426012,0
35.0,M,f,f,f,f,f,f,f,f,f,f,f,f,f,t,t,0.1,t,2.8,t,138.0,t,1.13,t,122.0,f,,SVHC,-,850426013,0
60.0,M,f,f,f,f,f,f,f,f,f,f,f,f,f,f,t,26.0,t,2.0,t,69.0,t,0.97,t,71.0,f,,other,G,850426014,1
60.0,M,f,f,f,f,f,f,f,f,f,f,f,f,f,f,t,2.1,t,1.4,t,89.0,t,0.99,t,90.0,f,,other,-,850426015,0
75.0,F,f,f,f,f,f,f,f,f,f,f,f,f,f,f,t,1.0,t,2.2,t,120.0,t,1.03,t,117.0,f,,other,-,850426021,0
58.0,F,f,f,f,f,f,f,f,f,f,f,f,f,f,f,t,0.15,t,2.5,t,87.0,t,0.79,t,109.0,f,,other,-,850426024,0
73.0,F,t,f,f,f,f,f,f,t,f,f,f,f,f,f,t,2.6,t,1.6,t,89.0,t,0.94,t,95.0,f,,SVI,-,850426038,0
54.0,F,f,f,f,f,f,f,f,f,f,f,f,f,f,f,t,0.6,t,2.2,t,98.0,t,1.03,t,96.0,f,,SVI,-,850426043,0
60.0,F,f,f,f,f,f,f,f,f,f,f,f,f,f,f,t,0.5,t,1.0,t,73.0,t,0.82,t,89.0,f,,SVHC,K,850426044,1
37.0,M,f,f,f,f,f,f,f,f,f,f,f,f,f,f,t,0.7,t,2.6,t,98.0,t,0.95,t,103.0,f,,SVI,-,850426047,0
60.0,M,f,f,f,f,f,f,f,f,f,f,f,f,f,f,t,0.4,t,1.9,t,106.0,t,1.06,t,100.0,f,,SVI,-,850426048,0
82.0,M,f,t,f,f,f,f,f,f,f,f,f,f,f,f,t,0.15,t,1.4,t,133.0,t,1.0,t,134.0,f,,SVI,-,850426049,0
41.0,F,f,f,f,f,f,f,f,f,t,f,f,f,f,f,t,0.15,t,7.3,t,430.0,t,1.09,t,395.0,f,,STMW,A,850426056,1
20.0,F,f,f,t,f,f,f,f,f,f,f,f,f,f,f,t,0.15,t,2.5,t,93.0,t,1.0,t,93.0,f,,other,-,850426057,0
46.0,F,f,f,f,f,f,f,f,f,f,f,f,f,f,f,t,4.0,t,1.9,t,69.0,f,,f,,f,,other,-,850429002,0
19.0,M,f,f,f,f,f,f,f,f,f,f,f,f,f,f,t,18.4,t,2.0,t,105.0,f,,f,,f,,other,G,850429006,1
51.0,M,f,f,f,f,f,f,f,f,f,f,f,f,f,f,t,0.2,t,2.0,t,113.0,t,0.84,t,134.0,f,,SVI,-,850429007,0
60.0,M,f,f,f,f,f,f,f,f,f,f,f,f,f,f,t,0.5,t,2.4,t,93.0,t,1.04,t,89.0,f,,other,-,850429009,0
44.0,M,f,f,f,f,f,f,f,f,f,f,f,f,f,f,t,0.1,t,2.5,t,87.0,t,0.98,t,88.0,f,,SVHC,-,850429010,0
75.0,F,f,f,f,f,f,f,f,f,f,f,f,f,f,f,t,0.8,t,2.5,t,141.0,t,1.28,t,110.0,f,,SVHD,-,850429028,0
16.0,M,f,f,f,f,f,f,f,f,f,f,f,f,f,f,t,0.4,t,1.7,t,88.0,t,0.89,t,99.0,f,,SVI,-,850429031,0
87.0,F,f,f,f,f,f,f,f,t,f,f,f,f,f,f,t,0.2,t,1.5,t,132.0,t,0.86,t,153.0,f,,SVI,-,850429034,0
87.0,F,f,f,f,f,f,f,f,f,f,f,f,f,f,f,f,,f,,f,,f,,f,,t,18.0,other,-,850429038,0
25.0,F,f,f,f,f,f,f,f,f,f,f,f,f,f,f,t,0.7,t,1.6,t,94.0,t,0.93,t,101.0,f,,SVI,-,850429040,0
84.0,F,f,f,f,f,f,f,f,f,f,f,f,f,f,f,t,0.7,t,1.6,t,70.0,t,0.93,t,75.0,f,,SVI,-,850429041,0
75.0,F,f,f,f,f,f,f,f,f,f,f,f,f,f,f,t,2.3,t,0.7,t,78.0,t,0.82,t,95.0,f,,SVI,K,850429042,1
52.0,F,f,f,f,f,f,f,f,f,f,f,f,f,f,f,t,1.7,t,1.8,t,102.0,t,0.99,t,103.0,f,,SVI,-,850429043,0
64.0,F,f,f,f,f,f,f,f,f,t,f,f,t,f,f,f,,t,6.1,t,214.0,t,0.94,t,228.0,f,,other,A,850429047,1
60.0,F,f,f,f,f,f,f,f,f,f,f,f,f,f,f,t,1.5,t,1.9,t,72.0,t,1.06,t,68.0,f,,SVHC,-,850429051,0
58.0,F,f,f,f,f,f,f,f,f,f,f,f,f,f,f,t,0.3,t,3.1,t,151.0,t,1.4,t,108.0,f,,SVHC,I,850429053,1
36.0,F,f,f,f,f,f,f,f,f,f,f,f,f,f,f,t,0.2,t,2.7,t,120.0,t,0.97,t,123.0,f,,other,-,850430002,0
43.0,M,f,f,f,f,f,f,f,f,f,f,f,f,f,f,f,,f,,t,65.0,t,0.93,t,70.0,f,,other,-,850430021,0
52.0,M,f,f,f,f,f,f,f,f,f,f,f,f,f,f,f,,f,,t,52.0,t,1.06,t,49.0,f,,other,-,850430024,0
41.0,F,f,f,f,f,f,f,f,f,t,f,f,f,f,f,t,0.2,t,3.8,t,253.0,t,1.24,t,204.0,f,,STMW,A,850430034,1
34.0,F,f,f,t,f,f,f,f,f,f,f,f,f,f,f,t,0.2,t,2.8,t,160.0,t,1.51,t,106.0,f,,STMW,-,850430035,0
63.0,F,f,f,f,f,f,f,f,t,f,f,f,f,f,t,t,0.2,t,1.1,t,187.0,t,0.95,t,197.0,f,,other,-,850430043,0
42.0,F,f,f,f,f,f,f,f,f,t,f,f,f,f,f,t,6.2,t,1.7,t,72.0,t,0.89,t,81.0,f,,other,G,850430048,1
48.0,F,f,f,f,f,f,f,f,f,t,f,f,f,f,f,t,3.0,f,,t,90.0,t,1.14,t,79.0,f,,other,-,850430049,0
32.0,M,f,f,f,f,f,f,f,f,f,f,f,f,f,f,t,0.7,t,2.9,t,90.0,t,1.02,t,88.0,f,,SVHC,-,850430078,0
64.0,F,f,f,f,f,f,f,f,f,f,f,f,f,f,f,t,1.0,t,2.2,t,99.0,t,1.07,t,92.0,f,,other,-,850430079,0
64.0,M,f,f,f,f,f,f,f,f,f,f,f,f,f,f,t,2.0,t,1.8,t,80.0,t,0.91,t,88.0,f,,SVHC,-,850430080,0
64.0,,f,f,f,f,f,f,f,f,f,f,f,f,f,f,t,1.4,t,1.2,t,119.0,t,0.98,t,121.0,f,,other,-,850430081,0
59.0,F,f,f,f,f,f,f,f,f,f,f,f,f,f,f,t,11.0,t,1.5,t,89.0,t,1.12,t,79.0,f,,SVI,G,850430083,1
56.0,F,f,f,f,t,f,f,f,f,f,f,f,t,f,f,t,0.2,t,2.5,t,138.0,t,1.15,t,119.0,f,,SVI,-,850430085,0
70.0,F,f,f,f,f,f,f,f,f,f,f,f,f,f,f,t,3.8,t,3.1,t,110.0,t,1.08,t,102.0,f,,SVHC,-,850430087,0
66.0,F,f,f,f,f,f,f,t,f,t,f,f,f,f,f,t,0.2,t,1.8,t,91.0,t,1.12,t,81.0,f,,other,-,850430088,0
51.0,F,t,f,f,f,f,f,f,f,f,f,f,f,f,f,t,0.7,f,,t,127.0,t,1.19,t,107.0,f,,other,-,850430089,0
37.0,F,f,f,f,f,f,f,f,t,f,f,f,f,f,f,t,27.0,t,0.9,t,87.0,t,0.84,t,105.0,f,,other,GK,850430097,1
22.0,M,f,f,f,f,f,f,f,f,f,f,f,f,f,f,t,0.2,t,2.9,t,107.0,t,1.01,t,106.0,f,,other,-,850501003,0
22.0,F,f,f,f,f,f,f,f,f,f,f,f,f,f,f,f,,f,,f,,f,,f,,t,22.0,other,-,850501011,0
43.0,M,f,f,f,f,f,f,f,f,f,f,f,f,f,f,t,0.9,t,2.7,t,109.0,t,1.1,t,99.0,f,,other,-,850501029,0
60.0,M,f,f,f,f,f,f,f,f,f,f,f,f,f,f,t,12.0,t,1.7,t,67.0,t,0.87,t,77.0,f,,other,G,850501030,1
54.0,M,f,f,f,f,f,f,f,f,f,f,f,f,f,f,t,0.7,t,2.0,t,101.0,t,1.09,t,92.0,f,,SVI,-,850501037,0
34.0,M,f,f,f,f,f,f,f,f,f,f,f,f,f,f,t,1.1,t,1.8,t,60.0,t,0.75,t,80.0,f,,SVI,-,850501038,0
33.0,F,f,f,f,f,f,f,f,f,t,f,f,f,f,f,t,0.2,t,1.5,t,157.0,t,0.91,t,172.0,f,,other,AK,850501039,1
26.0,F,f,f,f,f,t,f,f,f,f,f,f,f,f,f,t,0.3,f,,t,151.0,t,1.97,t,76.0,f,,other,I,850501047,1
72.0,F,t,f,f,t,f,f,f,f,f,f,f,f,f,f,t,6.3,t,1.5,t,94.0,t,0.92,t,102.0,f,,SVHD,M,850501048,1
58.0,F,f,f,f,f,f,f,f,f,f,f,f,f,f,f,t,7.5,t,1.6,t,82.0,t,1.08,t,77.0,f,,other,G,850501049,1
65.0,F,f,f,f,f,f,f,f,f,f,f,f,f,f,f,t,1.8,t,2.6,t,121.0,t,1.05,t,115.0,f,,other,-,850501050,0
54.0,F,f,f,f,f,f,f,f,f,f,f,f,f,f,f,f,,f,,f,,f,,f,,t,28.0,other,-,850501065,0
58.0,F,f,f,f,f,f,f,f,f,f,f,f,f,f,f,f,,f,,f,,f,,f,,t,33.0,other,S,850501066,1
60.0,M,f,f,f,f,f,f,f,f,f,f,f,f,f,f,f,,f,,f,,f,,f,,t,19.0,other,-,850501072,0
49.0,F,f,f,f,f,f,f,f,f,f,f,f,f,f,f,f,,f,,f,,f,,f,,t,20.0,other,-,850501073,0
36.0,M,f,f,f,f,f,f,f,f,f,f,f,f,f,f,t,1.3,t,1.9,t,62.0,t,0.77,t,81.0,f,,SVI,-,850501080,0
60.0,M,f,f,f,f,f,f,f,f,f,f,f,f,f,f,t,36.0,t,0.6,t,23.0,t,0.68,t,34.0,f,,SVI,F,850501081,1
56.0,F,f,f,f,f,f,f,f,f,f,f,f,f,f,f,t,0.5,t,2.3,t,85.0,t,0.81,t,105.0,f,,SVI,-,850501082,0
84.0,M,f,f,f,f,f,f,f,f,f,f,f,f,f,f,t,1.6,t,1.5,t,96.0,t,0.82,t,117.0,f,,SVI,-,850501083,0
58.0,M,f,f,f,f,f,f,f,f,f,f,f,f,f,f,t,2.1,t,2.4,t,95.0,t,0.95,t,100.0,f,,other,-,850501084,0
56.0,F,f,f,f,f,f,f,f,f,f,f,f,t,f,f,t,0.6,t,2.5,t,122.0,t,1.05,t,116.0,f,,SVI,-,850501085,0
65.0,M,f,f,f,f,f,f,f,f,f,f,f,f,f,f,t,1.1,t,1.4,t,121.0,t,0.81,t,149.0,f,,SVI,-,850501086,0
89.0,F,f,f,f,f,f,f,f,f,f,f,f,f,f,f,t,0.25,t,1.2,t,70.0,t,1.06,t,66.0,f,,SVI,-,850501088,0
66.0,F,f,f,f,f,f,f,f,f,f,f,f,f,f,f,t,0.25,t,0.6,t,110.0,t,0.83,t,133.0,f,,SVI,K,850501089,1
66.0,F,f,f,f,f,f,f,f,f,f,f,f,f,f,f,f,,f,,t,64.0,t,0.78,t,82.0,f,,other,-,850501096,0
55.0,F,f,f,f,f,f,f,f,f,f,f,f,t,f,f,t,0.9,t,2.3,t,117.0,t,0.95,t,123.0,f,,SVI,-,850502004,0
67.0,M,f,f,f,f,f,f,f,f,f,f,f,f,f,f,f,,f,,t,97.0,t,0.95,t,102.0,f,,other,-,850502005,0
29.0,F,f,f,f,f,f,f,f,f,t,f,f,t,f,f,f,,t,1.6,t,86.0,t,0.78,t,111.0,f,,other,-,850502011,0
58.0,M,f,f,f,f,f,f,f,f,f,f,f,f,f,f,t,0.8,t,1.4,t,129.0,t,1.07,t,120.0,f,,SVHC,-,850502013,0
22.0,F,f,f,f,f,f,f,f,f,f,f,f,f,f,f,t,1.7,t,1.5,t,133.0,t,0.84,t,159.0,f,,SVI,R,850502014,1
84.0,F,f,f,f,f,f,f,f,f,f,f,f,f,f,f,t,0.25,t,2.2,t,138.0,t,0.97,t,143.0,f,,other,-,850502018,0
58.0,M,t,f,f,f,f,f,f,f,f,f,f,f,f,f,f,,f,,t,74.0,t,0.82,t,90.0,f,,other,-,850502019,0
44.0,M,f,f,f,f,f,f,f,f,f,f,f,f,f,f,t,0.2,t,1.5,t,107.0,t,0.79,t,135.0,f,,other,-,850502021,0
75.0,F,f,f,f,f,f,f,t,f,f,f,f,f,f,f,t,0.25,t,3.4,t,151.0,t,1.13,t,134.0,f,,other,I,850502033,1
54.0,F,f,f,f,f,f,f,f,f,f,f,f,f,f,f,t,0.25,t,2.9,t,101.0,t,1.0,t,100.0,f,,other,-,850502034,0
54.0,F,f,f,f,f,f,f,f,f,f,f,t,f,f,f,t,2.3,t,2.0,t,78.0,t,1.04,t,75.0,f,,other,-,850502036,0
76.0,F,f,f,f,f,f,f,f,t,f,f,f,f,f,f,t,0.25,t,0.8,t,78.0,t,0.75,t,104.0,f,,other,K,850502039,1
70.0,F,f,f,f,t,f,f,f,f,f,f,f,f,f,f,t,1.8,t,1.5,t,70.0,t,0.86,t,81.0,f,,SVHD,-,850502041,0
33.0,F,f,f,f,f,f,f,f,f,f,f,t,f,f,f,f,,f,,f,,f,,f,,t,22.0,other,-,850502049,0
69.0,F,f,f,f,t,f,f,f,f,f,f,f,t,f,f,f,,f,,f,,f,,f,,t,29.0,other,-,850502053,0
16.0,F,f,f,f,f,f,t,f,f,f,f,f,f,f,f,t,30.0,t,1.2,t,30.0,t,1.45,t,21.0,f,,other,Q,850502059,1
72.0,F,f,t,f,f,f,f,f,f,f,f,f,f,f,f,f,,f,,t,75.0,t,1.01,t,74.0,f,,other,-,850502060,0
75.0,F,t,f,f,f,f,f,f,f,f,f,f,f,f,f,t,0.25,t,2.1,t,172.0,t,1.01,t,171.0,f,,other,N,850502061,1
63.0,F,f,f,f,f,f,f,f,f,f,f,f,f,f,f,t,8.2,t,2.1,t,80.0,t,1.02,t,78.0,f,,other,G,850502064,1
49.0,F,t,f,f,f,f,f,f,f,f,f,f,f,f,f,t,0.25,f,,t,184.0,t,0.86,t,214.0,f,,other,N,850502065,1
51.0,F,f,f,f,f,f,f,f,f,f,f,f,f,f,f,f,,f,,f,,f,,f,,t,30.0,other,-,850502068,0
29.0,F,t,f,f,f,f,f,f,f,f,f,f,f,f,f,t,0.05,t,2.0,t,127.0,t,0.92,t,138.0,f,,other,-,850502070,0
92.0,F,f,f,f,f,f,f,f,f,f,f,f,f,f,f,t,0.7,t,1.3,t,120.0,t,0.84,t,143.0,f,,SVI,-,850502074,0
36.0,F,f,f,f,f,f,f,f,f,f,f,f,f,f,f,t,2.9,t,1.4,t,92.0,t,0.92,t,101.0,f,,SVI,-,850502076,0
36.0,M,f,t,f,f,f,f,f,f,f,f,f,f,f,f,t,0.25,t,1.8,t,124.0,t,0.75,t,166.0,f,,SVI,-,850502078,0
23.0,M,t,f,f,f,f,f,f,t,f,f,f,f,f,f,t,0.05,t,3.3,t,232.0,t,1.34,t,174.0,f,,other,N,850502079,1
34.0,F,t,f,f,f,f,f,f,t,f,f,f,f,f,f,t,0.4,f,,t,109.0,t,0.91,t,120.0,f,,other,-,850502082,0
42.0,F,f,f,f,f,f,f,f,f,f,f,f,f,f,f,t,0.05,t,2.6,t,122.0,t,1.16,t,105.0,f,,other,-,850502084,0
71.0,F,t,f,f,f,f,f,f,t,f,f,f,f,f,f,t,1.1,f,,t,108.0,t,1.05,t,104.0,f,,other,-,850502093,0
13.0,M,f,f,f,f,f,f,f,f,f,f,f,f,f,f,t,0.2,f,,t,67.0,t,0.93,t,72.0,f,,other,-,850502094,0
45.0,M,f,f,f,f,f,f,f,f,f,f,f,f,f,f,t,1.3,t,2.3,t,88.0,t,0.84,t,106.0,f,,SVHC,-,850503008,0
59.0,F,f,f,f,f,f,f,f,f,f,f,f,f,f,f,t,1.2,t,2.0,t,110.0,t,0.96,t,114.0,f,,SVI,-,850503009,0
48.0,F,f,f,f,f,f,f,f,f,f,f,f,f,f,f,t,0.3,t,1.6,t,86.0,t,0.93,t,92.0,f,,SVI,-,850503011,0
15.0,M,f,f,f,f,f,f,f,f,t,f,f,f,f,f,f,,f,,f,,f,,f,,t,15.0,other,-,850503019,0
19.0,F,f,f,f,f,f,f,f,f,f,f,f,f,f,f,f,,f,,f,,f,,f,,t,39.0,other,S,850503020,1
73.0,M,f,f,f,f,f,f,f,f,f,f,f,f,f,f,t,10.0,t,1.0,t,84.0,t,1.39,t,60.0,f,,SVI,F,850503037,1
19.0,F,f,f,f,f,f,f,f,f,f,f,f,t,f,t,t,0.4,t,2.4,t,103.0,t,0.91,t,114.0,f,,SVHC,-,850503038,0
78.0,F,f,f,f,f,f,f,f,f,f,f,f,f,f,f,t,0.05,t,2.0,t,114.0,t,0.85,t,134.0,f,,other,-,850503039,0
67.0,F,f,f,f,f,f,f,f,f,f,f,f,f,f,f,t,0.2,t,1.6,t,90.0,t,0.97,t,93.0,f,,SVI,-,850503040,0
76.0,F,f,f,f,f,f,f,f,f,f,f,f,f,f,f,t,1.7,t,0.8,t,80.0,t,0.77,t,104.0,f,,SVI,K,850503041,1
48.0,M,f,f,f,f,f,f,f,f,f,f,f,f,f,f,t,0.05,t,0.4,t,98.0,t,0.73,t,133.0,f,,SVI,K,850503042,1
55.0,M,f,f,f,f,f,f,f,f,f,f,f,f,f,f,t,1.0,t,1.8,t,95.0,t,0.95,t,101.0,f,,SVI,-,850503043,0
73.0,F,f,f,f,f,f,f,f,f,f,f,f,f,f,f,t,0.05,t,1.9,t,76.0,t,0.88,t,86.0,f,,SVI,-,850503045,0
50.0,M,t,f,f,f,f,f,f,f,f,f,f,f,f,f,t,0.05,t,1.8,t,109.0,t,0.77,t,141.0,f,,other,-,850503069,0
50.0,F,t,f,f,f,f,f,f,f,f,f,f,f,f,f,t,0.05,f,,t,105.0,t,0.92,t,114.0,f,,other,-,850503070,0
46.0,F,f,f,f,f,f,f,f,f,f,f,f,f,f,t,t,0.2,t,3.5,t,172.0,t,0.99,t,173.0,f,,SVHC,R,850506003,1
59.0,M,f,f,f,f,f,f,f,f,f,f,f,f,f,f,t,0.05,t,2.0,t,118.0,t,0.92,t,129.0,f,,SVHC,-,850506004,0
79.0,F,f,f,f,f,f,f,f,f,f,f,f,f,f,f,t,0.5,t,1.6,t,128.0,t,0.99,t,129.0,f,,SVI,-,850506005,0
39.0,M,f,f,f,f,f,f,f,f,f,f,f,f,f,f,t,0.5,t,2.1,t,95.0,t,0.89,t,107.0,f,,other,-,850506006,0
28.0,M,f,f,f,f,f,f,f,f,f,f,f,f,f,t,t,0.5,t,2.2,t,89.0,t,1.06,t,84.0,f,,other,-,850506007,0
28.0,,f,f,f,f,f,f,f,f,f,f,f,f,f,f,t,1.5,t,2.8,t,117.0,t,0.98,t,114.0,f,,SVI,-,850506008,0
59.0,M,f,f,f,t,f,f,f,f,f,f,f,f,f,f,t,0.3,t,2.4,t,86.0,t,0.9,t,96.0,f,,SVI,-,850506009,0
24.0,F,t,f,f,f,f,f,f,f,f,f,f,f,f,f,t,4.5,f,,t,166.0,t,1.59,t,104.0,f,,other,-,850506018,0
34.0,F,f,f,f,f,t,f,f,f,f,f,f,f,f,f,t,0.05,t,4.2,t,213.0,t,1.94,t,110.0,f,,STMW,I,850506020,1
27.0,F,f,f,f,f,f,f,f,f,t,f,f,f,f,f,t,2.0,t,2.5,t,90.0,t,1.06,t,85.0,f,,STMW,-,850506021,0
64.0,F,f,f,f,f,f,f,f,f,f,f,f,f,f,f,t,0.05,t,3.1,t,169.0,t,1.21,t,140.0,f,,STMW,I,850506022,1
32.0,F,f,f,f,f,f,f,f,f,f,f,f,f,f,f,t,0.05,t,3.1,t,206.0,t,1.59,t,129.0,f,,other,I,850506025,1
32.0,M,f,f,f,f,f,f,f,f,f,f,f,f,f,f,t,109.0,t,0.2,t,3.0,t,1.02,t,3.0,f,,other,F,850506031,1
49.0,F,t,f,f,f,f,f,f,f,f,f,f,f,f,f,t,1.2,f,,t,87.0,t,0.91,t,95.0,f,,other,-,850506043,0
80.0,M,f,f,f,f,f,f,f,f,f,f,f,f,f,f,t,0.05,t,3.7,t,152.0,t,0.93,t,164.0,f,,SVI,A,850506046,1
78.0,F,f,f,f,f,f,f,f,f,f,f,f,f,f,f,t,0.05,t,1.3,t,101.0,f,,f,,f,,SVI,-,850506047,0
68.0,M,f,f,f,f,f,f,f,f,f,f,f,f,f,f,t,0.4,t,2.2,t,117.0,t,0.86,t,136.0,f,,SVI,-,850506048,0
47.0,F,f,f,f,f,f,f,f,f,f,f,f,f,f,f,t,0.6,t,2.0,t,142.0,t,1.0,t,142.0,f,,SVI,-,850506049,0
58.0,M,f,f,f,f,f,f,f,f,f,f,f,f,f,f,t,0.05,t,2.4,t,103.0,t,0.97,t,107.0,f,,SVI,-,850506050,0
36.0,F,f,f,f,f,f,f,f,f,f,f,f,f,f,f,t,7.5,t,4.1,t,139.0,t,1.65,t,84.0,f,,SVI,GI,850506051,1
40.0,M,f,f,f,f,f,f,f,f,f,f,f,f,f,f,t,0.05,t,2.5,t,131.0,t,0.91,t,144.0,f,,SVI,-,850506052,0
73.0,,f,f,f,f,f,f,f,f,f,f,f,f,f,f,t,2.0,t,2.9,t,116.0,t,1.18,t,99.0,f,,SVI,-,850506053,0
33.0,F,f,f,f,f,f,f,f,f,f,f,f,f,f,f,t,1.3,t,2.5,t,101.0,t,0.9,t,112.0,f,,SVHC,-,850506054,0
66.0,M,f,f,f,f,f,f,f,f,t,f,f,f,f,f,t,0.05,t,1.8,t,133.0,t,1.02,t,130.0,f,,SVI,-,850506055,0
76.0,F,f,f,f,f,f,f,f,f,f,f,f,f,f,f,t,1.0,t,2.9,t,100.0,t,1.02,t,98.0,f,,SVHC,-,850506056,0
41.0,M,f,f,f,f,f,f,f,f,f,f,f,f,f,f,t,0.05,t,3.0,t,90.0,t,0.96,t,94.0,f,,SVHC,-,850506057,0
75.0,M,f,f,f,f,f,f,f,f,f,f,f,f,f,f,t,2.3,t,2.6,t,90.0,t,0.99,t,91.0,f,,other,-,850506058,0
54.0,F,t,f,f,f,f,f,f,f,f,f,f,f,f,f,t,0.25,f,,t,156.0,t,1.23,t,126.0,f,,other,-,850506069,0
61.0,F,t,f,f,f,f,f,f,f,f,f,f,f,f,f,t,0.25,f,,t,87.0,t,0.79,t,109.0,f,,other,-,850506070,0
26.0,F,f,f,f,f,f,f,f,f,f,f,f,f,f,f,t,1.4,f,,t,106.0,t,1.28,t,84.0,f,,other,I,850506071,1
27.0,F,f,f,f,f,f,f,f,f,f,f,f,f,f,f,f,,f,,t,86.0,t,0.93,t,92.0,f,,other,-,850506078,0
34.0,F,f,f,f,f,t,f,f,f,t,f,f,t,f,f,t,0.25,t,3.9,t,139.0,t,1.27,t,110.0,f,,other,C|I,850506079,1
29.0,F,f,f,f,f,f,f,f,f,f,f,f,f,f,f,t,1.6,t,2.6,t,89.0,t,0.98,t,91.0,f,,other,-,850506080,0
29.0,M,f,f,f,f,f,f,f,f,f,f,f,f,f,f,t,2.6,t,1.6,t,135.0,t,0.86,t,157.0,f,,other,R,850506082,1
58.0,F,f,f,f,f,f,f,f,f,f,f,f,f,f,f,t,0.05,t,2.6,t,132.0,t,1.03,t,128.0,f,,SVI,-,850507001,0
37.0,M,f,f,f,f,f,f,f,f,t,f,f,f,f,f,t,0.25,t,2.0,t,83.0,t,1.14,t,72.0,f,,other,-,850507020,0
40.0,M,f,f,f,f,f,f,f,f,f,f,f,f,f,f,t,0.25,t,2.3,t,134.0,t,0.84,t,160.0,f,,SVI,R,850507034,1
59.0,F,f,f,f,f,f,f,f,f,f,f,f,f,f,f,t,1.5,t,2.1,t,103.0,t,0.91,t,113.0,f,,SVHC,-,850507038,0
42.0,F,f,f,f,f,f,f,f,f,f,f,f,f,f,f,t,2.0,f,,t,102.0,t,1.03,t,93.0,f,,other,-,850507039,0
60.0,M,f,f,t,f,f,f,f,f,f,f,f,f,f,f,t,0.2,t,4.0,t,68.0,t,1.0,t,67.0,f,,other,B,850507040,1
86.0,F,f,f,f,f,f,f,f,f,f,f,f,f,f,f,t,0.25,t,1.8,t,89.0,t,0.89,t,100.0,f,,SVI,-,850507054,0
74.0,M,f,f,f,f,f,f,f,f,f,f,f,f,f,f,t,1.6,t,2.1,t,120.0,t,0.98,t,122.0,f,,SVI,-,850507055,0
37.0,F,f,f,f,f,f,f,f,f,f,f,f,f,f,t,t,0.25,t,2.0,t,114.0,t,0.9,t,128.0,f,,SVI,-,850507056,0
85.0,M,f,f,f,f,f,f,f,f,f,f,f,f,f,f,t,0.25,t,1.1,t,132.0,t,0.85,t,154.0,f,,SVI,K,850507058,1
78.0,F,f,f,f,f,f,f,f,f,f,f,f,f,f,f,t,0.6,t,2.4,t,118.0,t,0.88,t,135.0,f,,SVI,-,850507059,0
36.0,F,f,f,f,f,f,f,f,f,f,f,f,f,f,f,t,8.599999,t,3.7,t,131.0,t,1.65,t,79.0,f,,SVI,GI,850507060,1
57.0,F,f,f,f,f,f,f,f,f,f,f,f,f,f,f,t,0.9,t,2.1,t,93.0,t,0.9,t,104.0,f,,SVI,-,850507061,0
38.0,M,f,f,f,f,f,f,f,f,f,f,f,f,f,f,t,0.4,t,2.0,t,91.0,t,0.78,t,117.0,f,,SVHC,-,850507062,0
34.0,F,f,f,f,f,f,f,f,f,f,f,f,f,f,f,t,0.25,t,2.3,t,103.0,t,1.05,t,98.0,f,,other,-,850507065,0
34.0,F,f,f,f,f,f,f,f,f,f,f,f,f,f,f,t,0.25,t,1.6,t,107.0,t,1.05,t,102.0,f,,SVHC,-,850508001,0
45.0,F,f,f,f,f,f,f,f,f,f,f,f,f,f,f,f,,f,,f,,f,,f,,t,27.0,other,-,850508002,0
51.0,F,f,f,f,f,f,f,f,f,f,f,f,f,f,f,t,1.0,t,1.9,t,91.0,t,1.03,t,89.0,f,,other,-,850508004,0
66.0,M,f,f,f,f,f,f,f,f,f,f,f,f,f,f,t,0.5,t,1.9,t,80.0,t,0.85,t,94.0,f,,SVHC,-,850508006,0
44.0,M,f,f,f,f,f,f,f,f,f,f,f,f,f,f,t,0.25,f,,t,106.0,t,1.02,t,105.0,f,,other,-,850508008,0
19.0,F,f,f,f,f,f,f,f,f,t,f,f,f,f,f,t,0.6,t,2.3,t,100.0,t,0.94,t,106.0,f,,other,-,850508026,0
35.0,F,t,f,f,f,f,f,f,f,f,f,f,f,f,f,t,0.25,t,2.0,t,121.0,t,0.81,t,148.0,f,,other,-,850508029,0
59.0,,f,f,f,f,f,f,t,f,f,f,f,f,f,f,t,0.25,t,2.4,t,109.0,t,0.97,t,113.0,f,,other,-,850508035,0
83.0,F,f,f,f,f,f,f,f,f,f,f,f,f,f,f,t,0.25,t,2.3,t,147.0,t,1.09,t,135.0,f,,SVI,-,850508050,0
83.0,F,f,f,f,f,f,f,f,t,f,f,f,f,f,f,t,2.2,t,0.9,t,69.0,t,0.74,t,93.0,f,,SVI,K,850508051,1
45.0,F,f,f,f,f,f,f,f,f,f,f,f,f,f,f,t,7.4,t,1.4,t,108.0,t,1.08,t,100.0,f,,SVI,G,850508053,1
80.0,M,f,f,f,f,f,f,f,f,f,f,f,f,f,f,t,6.1,t,1.3,t,83.0,t,0.88,t,95.0,f,,SVI,G,850508054,1
79.0,M,f,f,f,f,f,f,f,f,f,f,f,f,f,f,t,0.8,t,2.2,t,103.0,t,0.95,t,109.0,f,,SVI,-,850508055,0
84.0,M,f,f,f,f,f,f,f,f,f,f,f,f,f,f,t,0.6,t,2.1,t,110.0,t,1.04,t,106.0,f,,SVI,-,850508057,0
82.0,F,f,f,f,f,f,f,f,f,f,f,f,f,f,f,t,0.5,t,0.6,t,139.0,t,0.86,t,161.0,f,,SVI,-,850508058,0
34.0,F,f,f,f,f,f,f,f,f,t,f,f,f,f,f,t,0.15,t,2.3,t,139.0,t,1.06,t,131.0,f,,other,-,850508067,0
64.0,F,f,f,f,f,f,f,f,f,f,f,f,f,f,f,f,,f,,f,,f,,f,,t,25.0,other,-,850508073,0
42.0,F,t,f,f,f,f,f,f,f,f,f,f,f,f,f,t,0.9,f,,t,135.0,t,0.66,t,206.0,f,,other,-,850508091,0
28.0,F,f,f,t,f,f,f,f,f,t,f,f,f,f,f,t,0.15,t,1.9,t,75.0,t,1.12,t,67.0,f,,other,-,850509001,0
21.0,,f,t,f,f,f,f,f,f,f,f,f,f,f,f,f,,t,2.8,t,143.0,t,1.25,t,114.0,f,,other,-,850509014,0
64.0,F,f,f,f,f,f,f,f,f,f,f,f,f,f,f,t,0.2,t,1.9,t,159.0,t,1.04,t,153.0,f,,other,-,850509015,0
36.0,M,f,t,f,f,f,f,f,f,f,f,f,f,f,f,t,0.5,f,,t,101.0,t,0.86,t,117.0,f,,other,-,850509017,0
26.0,F,f,t,f,f,t,f,f,f,f,f,f,f,f,f,t,1.2,t,4.0,t,168.0,t,1.57,t,106.0,f,,other,I,850509020,1
52.0,F,f,f,f,f,f,f,f,f,f,f,f,f,f,f,t,8.799999,t,2.3,t,106.0,t,1.25,t,85.0,f,,other,G,850509021,1
70.0,F,f,f,f,f,f,f,f,f,f,f,f,f,f,f,t,2.1,t,2.3,t,180.0,t,1.3,t,139.0,f,,other,I,850509022,1
70.0,M,f,f,f,f,f,f,f,f,f,f,f,f,f,f,t,0.5,t,1.9,t,87.0,t,0.87,t,100.0,f,,SVI,-,850509023,0
70.0,F,f,f,f,f,f,f,f,f,f,f,f,f,f,f,t,2.5,t,2.3,t,84.0,t,0.92,t,92.0,f,,other,-,850509024,0
37.0,F,f,f,f,f,f,f,f,f,f,f,f,f,f,t,t,1.1,t,2.0,t,97.0,t,0.99,t,98.0,f,,SVI,-,850509025,0
42.0,F,f,f,f,f,f,f,f,f,f,f,f,f,f,f,t,0.6,t,2.5,t,125.0,t,1.22,t,102.0,f,,other,-,850509026,0
40.0,F,f,f,f,f,f,f,f,f,f,f,f,f,f,f,t,0.15,t,1.7,t,132.0,t,0.93,t,141.0,f,,other,-,850509036,0
58.0,M,f,f,f,f,f,f,f,f,f,f,f,f,f,f,t,0.5,t,3.4,t,91.0,t,0.97,t,94.0,f,,SVI,R,850509037,1
41.0,F,f,f,f,f,f,f,f,f,f,f,f,f,f,f,t,1.0,t,1.5,t,100.0,t,0.86,t,116.0,f,,other,-,850509038,0
80.0,M,f,f,f,f,f,f,f,f,f,f,f,f,f,f,t,0.15,t,2.2,t,124.0,t,0.81,t,152.0,f,,SVI,-,850509039,0
67.0,F,f,f,f,f,f,f,f,f,f,f,f,f,f,f,t,0.15,t,2.9,t,99.0,t,1.14,t,88.0,f,,SVI,-,850509040,0
50.0,F,f,f,f,f,f,f,f,f,f,f,f,f,f,f,t,0.3,t,1.5,t,146.0,t,1.18,t,124.0,f,,SVI,-,850509041,0
74.0,F,f,f,f,f,f,f,f,f,f,f,f,f,f,f,t,0.6,t,2.4,t,137.0,t,1.18,t,116.0,f,,SVI,-,850509043,0
55.0,,f,f,f,f,f,f,f,f,f,f,f,f,f,f,t,0.2,t,1.7,t,95.0,t,0.79,t,121.0,f,,other,-,850509056,0
60.0,F,f,f,f,f,f,f,f,f,t,f,f,f,f,f,t,3.8,t,2.2,t,76.0,t,1.3,t,58.0,f,,other,I,850509058,1
79.0,F,f,f,f,f,f,f,f,f,f,f,f,f,f,f,t,17.0,t,1.6,t,66.0,t,1.0,t,65.0,f,,other,G,850509059,1
43.0,F,t,f,f,f,f,f,f,f,f,f,f,f,f,f,t,0.2,f,,t,134.0,t,1.03,t,131.0,f,,other,-,850509062,0
37.0,M,f,f,f,f,f,f,f,f,f,f,f,f,f,f,t,0.9,t,2.3,t,77.0,t,0.8,t,96.0,f,,other,-,850509064,0
55.0,M,f,t,f,f,f,f,f,f,f,f,f,f,f,f,t,0.2,t,1.8,t,52.0,t,0.95,t,55.0,f,,other,-,850509065,0
72.0,F,f,f,f,f,f,f,f,f,f,f,f,f,f,f,f,,f,,f,,f,,f,,t,31.0,other,S,850509071,1
15.0,M,f,f,f,f,f,f,f,f,f,f,f,f,f,f,t,3.4,t,4.5,t,97.0,f,,f,,f,,other,-,850509085,0
69.0,F,t,f,f,f,f,f,f,f,f,f,f,f,f,f,t,4.9,f,,t,116.0,t,1.1,t,105.0,f,,other,-,850509087,0
26.0,F,f,f,f,f,f,f,f,f,f,f,f,t,f,f,t,6.2,f,,t,86.0,t,0.9,t,95.0,f,,other,G,850509088,1
22.0,,f,f,f,f,f,f,f,f,f,f,f,f,f,f,t,1.7,t,2.2,t,93.0,t,1.08,t,87.0,f,,other,-,850509090,0
26.0,F,f,f,f,f,f,f,f,f,f,f,f,f,f,f,f,,f,,f,,f,,f,,t,22.0,other,-,850509094,0
15.0,F,f,f,f,f,f,f,f,f,f,f,f,f,f,f,t,0.7,t,1.8,t,84.0,t,0.98,t,86.0,f,,other,-,850510002,0
87.0,F,f,f,f,f,f,f,f,f,f,f,f,f,f,f,t,0.3,t,1.5,t,100.0,t,1.2,t,83.0,f,,SVI,-,850510018,0
58.0,M,f,f,f,f,f,f,f,f,f,f,f,f,f,f,t,0.6,t,2.0,t,107.0,t,0.95,t,113.0,f,,SVI,-,850510019,0
58.0,F,f,f,f,f,f,f,f,f,f,f,f,f,f,f,f,,f,,f,,f,,f,,t,14.0,other,-,850510033,0
60.0,F,t,f,f,f,f,f,f,f,f,f,f,f,f,f,t,0.2,f,,t,159.0,t,1.07,t,149.0,f,,other,-,850510037,0
70.0,M,f,f,f,f,f,f,f,f,f,f,f,f,f,f,t,0.9,t,2.6,t,92.0,t,0.89,t,103.0,f,,other,-,850510038,0
70.0,M,f,f,f,f,f,f,f,f,f,f,f,f,f,f,t,0.2,t,2.0,t,119.0,t,0.86,t,138.0,f,,SVHC,-,850510039,0
70.0,M,f,f,f,f,f,f,f,f,f,f,f,f,f,f,t,1.4,t,2.1,t,91.0,t,0.99,t,92.0,f,,SVHC,-,850510040,0
85.0,F,f,f,f,f,f,f,f,f,f,f,f,f,f,f,t,1.0,t,1.0,t,92.0,t,0.56,t,164.0,f,,SVI,KJ,850510042,1
55.0,M,f,f,f,f,f,f,f,f,f,f,f,f,f,f,t,3.4,t,2.3,t,86.0,t,1.08,t,80.0,f,,SVI,-,850510043,0
51.0,F,f,f,f,f,f,t,f,f,f,f,f,f,f,f,t,1.0,t,2.2,t,69.0,t,1.04,t,66.0,f,,other,-,850510044,0
75.0,F,f,f,f,f,f,f,f,f,f,f,f,f,f,f,t,0.8,t,0.05,t,106.0,t,1.14,t,93.0,f,,SVI,K,850510049,1
75.0,F,f,f,f,f,f,f,f,f,f,f,f,f,f,f,t,9.599999,t,1.9,t,79.0,t,1.0,t,80.0,f,,SVI,G,850510050,1
70.0,F,f,f,f,f,f,f,f,f,f,f,f,f,f,f,t,0.6,t,2.5,t,98.0,t,1.06,t,92.0,f,,other,-,850510051,0
49.0,M,f,f,f,f,f,f,f,f,f,f,f,f,f,f,t,1.0,t,2.8,t,141.0,t,1.11,t,127.0,f,,other,-,850510061,0
36.0,F,f,f,f,f,f,f,f,f,f,f,f,f,f,f,t,0.2,t,3.2,t,187.0,t,1.74,t,107.0,f,,STMW,I,850513001,1
36.0,M,f,f,f,f,f,f,f,f,f,f,f,f,f,f,t,1.5,t,3.3,t,132.0,t,1.21,t,110.0,f,,SVHC,R,850513002,1
36.0,F,f,f,f,f,f,f,f,f,f,f,f,f,f,f,t,0.2,t,3.0,t,125.0,t,0.74,t,169.0,f,,SVI,-,850513011,0
70.0,M,f,f,f,f,f,f,f,f,f,f,f,f,f,f,t,0.7,t,0.9,t,73.0,f,,f,,f,,other,-,850513012,0
63.0,F,f,f,f,f,f,f,f,f,f,f,f,f,f,f,t,126.0,t,1.3,t,39.0,t,1.08,t,37.0,f,,other,F,850513014,1
58.0,F,f,f,f,f,f,f,f,f,t,f,f,f,f,f,t,1.7,t,2.4,t,133.0,t,1.15,t,116.0,f,,other,-,850513015,0
58.0,F,f,f,f,f,f,f,f,f,f,f,f,f,f,f,t,0.2,t,1.9,t,93.0,t,0.84,t,111.0,f,,other,-,850513042,0
80.0,M,f,f,f,f,f,f,f,f,t,f,f,f,f,f,t,0.2,t,1.8,t,111.0,t,0.97,t,114.0,f,,SVI,-,850513045,0
73.0,M,f,f,f,f,f,f,f,f,f,f,f,f,f,f,t,1.0,t,1.4,t,48.0,t,1.05,t,46.0,f,,SVI,K,850513048,1
56.0,F,t,f,f,f,f,f,f,t,f,f,f,f,f,f,t,0.2,t,2.1,t,136.0,f,,f,,f,,other,-,850514004,0
71.0,F,f,f,f,f,f,f,f,f,t,f,f,t,f,f,t,0.2,t,4.5,t,125.0,t,0.82,t,152.0,f,,other,C,850514008,1
31.0,,f,f,f,f,f,f,f,f,f,f,f,f,f,f,t,1.1,t,2.2,t,103.0,t,1.05,t,98.0,f,,SVHC,-,850514017,0
45.0,M,f,f,f,f,f,f,f,f,f,f,f,f,f,f,t,0.2,t,1.8,t,94.0,t,0.84,t,111.0,f,,SVHC,-,850514019,0
67.0,F,f,f,f,f,f,f,f,f,f,f,f,f,f,f,t,0.5,t,1.9,t,109.0,t,1.01,t,108.0,f,,other,-,850514020,0
59.0,F,t,f,f,t,f,f,f,f,f,f,f,t,f,f,t,0.2,t,4.3,t,140.0,t,1.68,t,83.0,f,,SVHD,C,850514022,1
73.0,F,f,f,f,f,f,f,f,f,f,f,f,f,f,f,t,0.7,f,,t,88.0,t,0.82,t,107.0,f,,other,-,850514045,0
73.0,M,f,f,f,f,f,f,f,f,f,f,f,f,f,f,f,,t,2.7,t,87.0,t,1.07,t,81.0,f,,other,-,850514046,0
48.0,F,f,f,f,f,f,f,f,f,f,f,f,f,f,f,t,2.4,t,2.3,t,99.0,t,1.05,t,95.0,f,,SVHC,-,850514049,0
48.0,F,f,f,f,f,f,f,f,f,f,f,f,f,f,f,t,0.2,t,1.8,t,104.0,t,1.11,t,94.0,f,,SVI,-,850514051,0
48.0,M,f,f,f,f,f,f,f,f,f,f,f,f,f,f,t,0.2,t,2.5,t,91.0,t,1.17,t,78.0,f,,SVI,-,850514052,0
48.0,M,f,f,f,f,f,f,f,f,f,f,f,f,f,f,t,0.8,t,1.0,t,46.0,t,0.66,t,70.0,f,,SVI,-,850514053,0
48.0,M,f,f,f,f,f,f,f,f,f,f,f,f,f,f,t,0.8,t,1.2,t,97.0,t,0.9,t,107.0,f,,SVI,-,850514054,0
48.0,F,f,f,f,f,f,f,f,f,f,f,f,f,f,f,t,0.5,t,1.4,t,80.0,t,0.88,t,91.0,f,,SVI,-,850514055,0
59.0,M,f,f,f,f,f,f,f,f,f,f,f,f,f,f,t,0.7,t,2.8,t,87.0,t,1.0,t,87.0,f,,SVI,-,850514057,0
57.0,F,t,f,f,f,f,f,f,t,f,f,f,f,f,f,f,,f,,f,,f,,f,,t,25.0,other,-,850514063,0
43.0,F,f,f,f,f,f,f,f,f,f,f,f,f,f,f,t,0.7,t,2.5,t,99.0,t,1.12,t,89.0,f,,STMW,-,850515011,0
34.0,F,f,f,f,f,f,f,f,f,f,f,f,f,f,f,t,0.2,t,2.5,t,104.0,t,1.2,t,86.0,f,,STMW,-,850515012,0
38.0,F,f,f,f,f,f,f,f,f,f,f,f,f,f,f,t,0.5,t,4.7,t,172.0,t,1.83,t,94.0,f,,STMW,I,850515013,1
39.0,F,f,f,f,f,f,f,f,f,f,f,f,f,f,f,t,0.2,t,1.9,t,83.0,t,0.89,t,93.0,f,,other,-,850515014,0
39.0,F,f,f,f,f,f,f,f,f,f,f,f,f,f,f,t,0.2,t,0.3,t,73.0,t,0.78,t,94.0,f,,other,-,850515015,0
32.0,M,f,f,f,f,f,f,f,f,f,f,f,f,f,f,t,1.2,t,2.9,t,128.0,t,1.12,t,114.0,f,,SVHC,-,850515016,0
28.0,F,f,f,f,f,f,f,f,f,f,f,f,f,f,f,t,0.5,t,2.5,t,84.0,t,1.06,t,79.0,f,,other,-,850515017,0
75.0,M,f,f,f,f,f,f,f,f,f,f,f,f,f,f,t,0.6,t,1.5,t,63.0,t,0.68,t,92.0,f,,other,-,850515019,0
75.0,F,t,f,f,f,f,f,f,f,f,f,f,f,f,f,t,1.5,t,2.2,t,70.0,t,0.85,t,82.0,f,,other,-,850515023,0
19.0,M,f,f,f,f,f,f,f,f,f,f,f,f,f,f,t,0.2,t,2.3,t,91.0,t,0.93,t,98.0,f,,SVHC,-,850515031,0
73.0,M,f,f,f,f,f,f,f,f,f,f,f,f,f,f,t,0.5,t,0.7,t,110.0,t,0.93,t,118.0,f,,SVI,K,850515032,1
60.0,M,f,f,f,f,f,f,f,f,f,f,f,f,f,f,t,1.2,t,0.8,t,44.0,t,0.84,t,52.0,f,,SVI,K,850515033,1
60.0,F,f,f,f,f,f,f,f,f,f,f,f,f,f,f,t,0.6,t,2.4,t,101.0,t,1.18,t,86.0,f,,other,-,850515034,0
60.0,M,f,f,f,t,f,f,f,f,f,f,f,f,f,f,t,0.2,t,2.1,t,105.0,t,1.09,t,97.0,f,,SVI,-,850515035,0
68.0,M,f,f,f,f,f,f,f,f,f,f,f,f,f,f,t,1.9,t,2.9,t,90.0,t,1.0,t,90.0,f,,SVI,-,850515036,0
30.0,F,f,f,f,f,f,f,f,f,f,f,f,f,f,f,t,0.6,t,3.2,t,123.0,t,1.29,t,96.0,f,,SVI,I,850515037,1
39.0,F,f,f,f,f,f,f,f,t,t,f,f,f,f,f,t,0.2,t,2.2,t,106.0,t,0.75,t,141.0,f,,other,-,850515054,0
23.0,F,f,f,f,f,f,f,f,t,f,f,f,f,f,f,t,0.6,f,,t,78.0,t,1.07,t,73.0,f,,other,-,850515060,0
64.0,F,t,f,f,f,f,f,f,f,f,f,f,f,f,f,t,0.2,f,,t,98.0,t,0.72,t,136.0,f,,other,-,850515062,0
21.0,F,f,f,f,f,f,f,f,f,t,f,f,f,f,f,f,,t,3.7,t,162.0,t,1.47,t,110.0,f,,other,-,850515063,0
22.0,F,f,f,f,f,f,f,f,f,f,f,f,f,f,f,f,,f,,f,,f,,f,,t,27.0,other,-,850515068,0
18.0,M,f,f,f,f,f,f,f,f,f,f,f,f,f,f,f,,t,2.4,t,86.0,t,1.01,t,85.0,f,,other,-,850515076,0
11.0,M,f,f,f,f,f,f,f,f,f,f,f,f,f,f,t,0.2,f,,t,191.0,t,1.23,t,156.0,f,,other,A,850515077,1
36.0,F,t,f,f,f,f,f,f,f,f,f,f,f,f,f,t,2.2,f,,t,187.0,t,1.69,t,111.0,f,,other,-,850515078,0
32.0,F,f,f,f,f,f,t,f,f,f,f,f,f,f,f,t,4.1,f,,t,117.0,t,1.51,t,78.0,f,,other,I,850515079,1
32.0,M,f,f,f,t,f,f,f,f,f,f,f,f,f,f,t,0.2,t,1.7,t,85.0,t,0.84,t,101.0,f,,other,-,850516009,0
57.0,M,f,f,f,t,f,f,f,f,f,f,f,f,f,f,t,0.2,t,2.0,t,91.0,t,1.18,t,77.0,f,,SVI,-,850516012,0
57.0,F,f,f,f,f,f,f,f,f,f,f,f,f,f,f,t,1.4,t,2.3,t,70.0,t,0.99,t,71.0,f,,SVHC,-,850516013,0
45.0,F,f,f,f,f,f,f,f,f,f,f,f,f,f,f,t,1.9,t,2.3,t,92.0,t,1.05,t,88.0,f,,other,-,850516014,0
38.0,M,f,f,f,f,f,f,f,f,f,f,f,f,f,f,t,0.6,t,2.8,t,146.0,t,1.1,t,133.0,f,,SVI,-,850516016,0
56.0,F,t,f,f,f,f,f,f,f,f,f,f,f,f,f,t,0.2,f,,t,134.0,t,1.03,t,130.0,f,,other,-,850516023,0
76.0,F,f,f,f,f,f,f,f,t,f,f,f,f,f,f,t,0.9,t,2.2,t,105.0,t,1.09,t,96.0,f,,other,-,850516024,0
73.0,F,t,f,f,f,f,f,f,f,f,f,f,f,f,f,t,3.5,t,1.6,t,143.0,t,1.06,t,134.0,f,,other,-,850516036,0
87.0,F,f,f,f,f,f,f,f,f,t,f,f,f,f,f,t,0.2,t,3.4,t,164.0,t,0.82,t,200.0,f,,other,A,850516056,1
29.0,F,t,f,f,f,f,f,f,f,f,f,f,f,f,f,t,14.0,t,1.5,t,95.0,t,0.9,t,106.0,f,,other,M,850516057,1
56.0,F,f,f,f,f,f,f,f,f,f,f,f,f,f,f,t,0.9,t,2.4,t,99.0,t,1.21,t,82.0,f,,other,-,850516058,0
61.0,F,f,f,f,f,f,f,t,f,t,f,f,f,f,f,t,3.7,t,2.4,t,77.0,t,1.24,t,62.0,f,,other,-,850516067,0
10.0,M,f,f,f,f,f,f,f,f,f,f,f,f,f,f,t,2.9,t,4.0,t,90.0,t,1.11,t,81.0,f,,other,R,850516073,1
36.0,F,f,f,f,f,f,f,f,f,f,f,t,f,f,f,t,0.9,t,2.8,t,126.0,t,1.29,t,98.0,f,,other,-,850516074,0
11.0,F,f,f,f,f,f,f,f,f,t,f,f,f,f,f,f,,f,,f,,f,,f,,t,19.0,other,-,850516086,0
35.0,F,f,f,f,f,f,f,f,f,f,f,f,f,f,f,t,0.2,t,2.1,t,116.0,t,1.06,t,109.0,f,,other,-,850516090,0
34.0,F,f,f,f,f,t,f,f,t,f,f,f,f,f,f,t,0.2,t,5.0,t,223.0,t,1.69,t,131.0,f,,STMW,I,850517013,1
24.0,F,f,f,f,f,f,f,f,f,f,f,f,f,f,t,t,1.7,t,2.4,t,126.0,t,0.92,t,136.0,f,,SVHC,-,850517030,0
52.0,M,t,f,f,f,f,f,f,f,f,f,f,f,f,f,t,0.2,t,2.3,t,116.0,t,0.94,t,123.0,f,,other,-,850517043,0
72.0,M,f,f,f,f,f,f,f,f,t,f,f,t,f,f,f,,t,2.8,t,120.0,t,1.18,t,102.0,f,,other,-,850517048,0
31.0,F,f,f,f,f,f,f,f,f,f,f,f,t,f,f,f,,t,3.6,t,176.0,t,1.43,t,123.0,f,,other,-,850517049,0
23.0,F,f,f,f,f,f,f,f,f,f,f,f,f,f,f,f,,f,,t,86.0,t,0.98,t,88.0,f,,other,-,850517051,0
49.0,,f,f,f,f,f,f,f,f,f,f,f,f,f,f,t,0.6,t,1.3,t,77.0,t,0.65,t,118.0,f,,other,-,850517054,0
52.0,F,f,f,f,f,f,t,f,f,f,f,f,f,f,f,t,0.5,t,1.6,t,80.0,t,0.82,t,98.0,f,,other,-,850520002,0
79.0,M,f,f,f,f,f,f,f,f,f,f,f,f,f,f,t,1.0,t,1.4,t,92.0,t,0.88,t,105.0,f,,SVI,-,850520003,0
61.0,F,f,f,f,f,f,f,f,f,f,f,f,f,f,f,t,0.2,t,2.3,t,112.0,t,1.01,t,111.0,f,,other,-,850520004,0
74.0,M,f,f,f,f,f,f,f,f,f,f,f,f,f,f,t,1.0,t,2.1,t,77.0,t,0.91,t,84.0,f,,SVI,-,850520006,0
63.0,M,f,f,f,t,f,f,f,f,f,f,f,f,f,f,t,0.8,t,1.9,t,98.0,t,0.89,t,111.0,f,,SVI,-,850520008,0
68.0,M,f,f,f,f,f,f,f,f,f,f,f,f,f,f,t,1.1,t,1.5,t,92.0,t,1.08,t,85.0,f,,SVI,-,850520009,0
65.0,M,f,f,f,f,f,f,f,f,f,f,f,f,f,f,t,1.6,t,1.4,t,78.0,t,0.82,t,96.0,f,,SVI,-,850520010,0
68.0,F,f,f,f,f,f,f,f,f,f,f,f,f,f,f,t,43.0,t,0.3,t,14.0,f,,f,,f,,SVI,F,850520018,1
20.0,M,f,f,f,f,f,f,f,f,f,f,f,f,f,f,f,,t,2.2,t,117.0,f,,f,,f,,other,-,850520020,0
34.0,F,f,f,f,f,f,f,f,f,f,f,f,f,f,f,t,82.0,t,0.2,t,5.8,f,,f,,f,,SVI,F,850520029,1
46.0,M,f,f,f,f,f,f,f,f,f,f,f,f,f,f,t,0.25,t,2.0,t,112.0,t,1.01,t,111.0,f,,SVI,-,850520034,0
37.0,F,t,f,f,f,f,f,f,f,f,f,f,f,f,f,t,0.25,t,2.5,t,111.0,t,0.97,t,114.0,f,,other,-,850520039,0
25.0,M,f,t,f,f,f,f,f,f,t,f,f,f,f,f,t,0.25,t,3.4,t,101.0,f,,f,,f,,other,-,850520040,0
58.0,M,f,f,f,f,f,f,f,f,f,f,f,f,f,f,t,0.25,t,2.4,t,102.0,t,0.77,t,134.0,f,,other,-,850521003,0
29.0,M,f,f,f,f,f,f,f,f,f,f,f,f,f,f,t,0.25,t,1.1,t,46.0,f,,t,104.0,f,,SVI,-,850521006,0
28.0,M,f,f,f,f,f,f,f,f,f,f,f,f,f,f,t,0.25,t,2.0,t,99.0,t,0.8,t,124.0,f,,SVHC,-,850521007,0
45.0,M,f,f,f,f,f,f,f,f,f,f,f,f,f,f,t,0.25,t,1.4,t,86.0,t,0.75,t,114.0,f,,SVHC,-,850521009,0
58.0,M,f,f,f,f,f,f,f,f,f,f,f,f,f,f,t,0.9,t,2.3,t,102.0,t,1.0,t,102.0,f,,SVHC,-,850521010,0
27.0,F,f,f,f,f,f,f,f,f,f,f,f,f,f,f,t,5.4,t,2.2,t,75.0,t,0.9,t,84.0,f,,SVI,-,850521012,0
36.0,F,f,f,f,f,f,f,f,f,f,f,f,f,f,f,t,1.5,t,1.3,t,62.0,t,0.75,t,83.0,f,,SVHC,-,850521013,0
36.0,M,f,f,f,f,f,f,f,f,f,f,f,f,f,f,t,0.25,t,2.5,t,102.0,t,0.96,t,106.0,f,,other,-,850521014,0
70.0,M,f,f,f,t,f,f,f,f,f,f,f,f,f,f,t,0.6,t,2.6,t,144.0,t,1.2,t,120.0,f,,SVHD,-,850521015,0
59.0,M,f,f,f,f,f,f,f,f,f,f,f,f,f,f,t,0.25,t,1.8,t,102.0,t,0.82,t,124.0,f,,other,-,850521017,0
49.0,M,t,f,f,f,f,f,f,f,f,f,f,f,f,f,f,,f,,t,81.0,t,1.14,t,71.0,f,,other,-,850521018,0
46.0,F,t,f,f,f,f,f,f,f,f,f,f,f,f,f,t,9.7,t,0.5,t,37.0,t,0.72,t,51.0,f,,SVI,FK,850521020,1
64.0,F,f,f,f,f,f,f,f,f,t,f,f,f,f,f,t,0.6,t,1.8,t,112.0,t,1.06,t,106.0,f,,other,-,850521032,0
54.0,F,f,f,f,f,f,f,f,f,f,f,f,f,f,f,t,3.1,f,,t,104.0,t,0.9,t,116.0,f,,other,-,850521033,0
54.0,F,f,f,f,f,f,f,f,f,f,f,f,f,f,f,f,,f,,f,,f,,f,,t,17.0,other,-,850521035,0
28.0,F,f,f,t,f,f,f,f,f,f,f,f,f,f,f,t,3.7,t,2.8,t,100.0,f,,f,,f,,other,-,850521036,0
69.0,F,t,f,f,f,f,f,f,f,f,f,f,f,f,f,t,0.25,f,,t,135.0,t,1.1,t,123.0,f,,other,-,850521037,0
73.0,F,f,f,f,f,f,f,f,f,f,f,f,f,f,f,f,,t,2.1,f,,f,,f,,f,,other,-,850521039,0
76.0,M,f,f,f,f,f,f,f,t,f,f,f,f,f,f,t,0.8,t,1.1,t,94.0,t,0.93,t,101.0,f,,SVHD,K,850521052,1
64.0,M,t,f,f,f,f,f,f,f,f,f,f,f,f,f,t,1.8,t,1.4,t,117.0,t,0.97,t,121.0,f,,other,-,850521053,0
17.0,F,t,f,f,f,f,f,f,f,f,f,f,f,f,f,t,0.25,f,,t,117.0,t,0.92,t,126.0,f,,other,-,850521054,0
81.0,F,f,f,f,f,f,f,f,f,f,f,f,f,f,f,t,1.2,t,1.5,t,114.0,t,0.99,t,115.0,f,,SVI,-,850521055,0
61.0,F,f,f,f,f,f,f,f,f,f,f,f,f,f,f,t,0.9,t,2.3,t,124.0,t,1.17,t,106.0,f,,SVI,-,850521056,0
74.0,F,f,f,f,f,f,f,f,f,f,f,f,f,f,f,t,0.25,t,0.8,t,103.0,t,0.73,t,141.0,f,,SVI,K,850521057,1
65.0,F,f,f,f,f,f,f,f,f,f,f,f,f,f,f,t,0.25,t,1.4,t,79.0,t,0.77,t,103.0,f,,SVI,-,850521058,0
78.0,F,f,f,f,f,f,f,f,f,f,f,f,f,f,f,t,0.7,t,1.5,t,88.0,t,0.87,t,101.0,f,,SVI,-,850521059,0
65.0,F,f,f,f,f,f,f,f,f,f,f,f,f,f,f,t,0.25,t,2.2,t,81.0,t,0.9,t,90.0,f,,SVI,-,850521060,0
49.0,M,f,f,f,f,f,f,f,f,f,f,f,f,f,f,t,0.8,t,1.5,t,85.0,t,0.73,t,116.0,f,,SVI,-,850521061,0
58.0,M,f,f,f,f,f,f,f,f,f,f,f,f,f,f,t,0.9,t,1.5,t,88.0,t,0.84,t,105.0,f,,SVI,-,850522001,0
66.0,F,f,f,f,f,f,f,f,f,f,f,f,f,f,f,t,0.6,t,2.4,t,100.0,t,1.0,t,100.0,f,,SVI,-,850522002,0
68.0,M,f,f,f,f,f,f,f,f,f,f,f,f,f,f,t,5.4,t,2.7,t,94.0,t,1.14,t,82.0,f,,SVI,-,850522003,0
21.0,M,f,t,f,f,f,f,f,f,f,f,f,f,t,f,t,0.25,t,1.3,t,54.0,t,1.07,t,51.0,f,,SVI,K,850522004,1
50.0,F,f,f,f,f,f,f,f,f,f,f,f,f,f,f,t,1.1,t,2.2,t,81.0,t,0.94,t,86.0,f,,SVI,-,850522005,0
47.0,M,f,f,f,f,f,f,f,f,f,f,f,f,f,f,f,,f,,f,,f,,f,,t,14.0,other,-,850522007,0
64.0,F,f,f,f,f,f,f,f,f,f,f,f,f,f,f,t,0.25,f,,t,92.0,t,0.91,t,101.0,f,,other,-,850522028,0
64.0,F,f,f,f,f,f,f,f,f,f,f,f,f,f,f,t,7.6,t,4.2,t,164.0,t,1.55,t,106.0,f,,other,-,850522029,0
76.0,M,f,f,f,f,f,f,f,f,f,f,f,f,f,f,t,2.1,t,1.3,t,93.0,t,1.01,t,91.0,f,,SVI,-,850522031,0
61.0,M,f,f,f,t,f,f,f,f,f,f,f,f,f,f,t,0.6,t,1.0,t,96.0,t,0.93,t,104.0,f,,SVI,K,850522032,1
79.0,F,f,f,f,f,f,f,f,f,f,f,f,f,f,f,t,0.8,t,1.2,t,113.0,t,1.01,t,111.0,f,,SVI,-,850522038,0
66.0,M,f,f,f,f,f,f,f,f,f,f,f,f,f,f,t,0.8,t,1.8,t,114.0,t,0.92,t,124.0,f,,SVI,-,850522039,0
59.0,F,f,f,f,f,f,f,f,t,f,f,f,f,f,f,t,0.9,t,3.6,t,112.0,t,1.18,t,96.0,f,,other,-,850522046,0
59.0,F,f,f,f,t,f,f,f,f,f,f,f,f,f,f,f,,f,,f,,f,,f,,t,14.0,other,-,850522058,0
24.0,M,f,f,f,f,f,f,f,f,f,f,f,f,f,f,t,0.6,t,3.0,t,119.0,t,1.03,t,115.0,f,,other,-,850522067,0
65.0,F,f,f,f,f,f,f,f,f,f,f,f,f,f,t,t,1.6,t,2.2,t,120.0,t,0.85,t,141.0,f,,other,-,850522068,0
60.0,M,f,f,f,f,f,f,f,f,f,f,f,f,f,f,t,2.6,t,2.8,t,82.0,t,0.89,t,93.0,f,,SVHC,-,850523002,0
44.0,M,f,f,f,f,f,f,f,f,f,f,f,f,f,f,t,0.6,t,2.7,t,107.0,t,0.86,t,125.0,f,,SVI,-,850523003,0
44.0,M,f,f,f,f,f,f,f,f,f,f,f,f,f,f,t,3.5,t,1.7,t,103.0,t,0.96,t,107.0,f,,SVI,-,850523004,0
44.0,M,f,f,f,f,f,f,f,f,f,f,f,f,f,f,t,3.2,t,1.9,t,99.0,t,0.72,t,139.0,f,,SVHC,-,850523005,0
23.0,M,f,f,f,f,f,f,f,f,f,f,f,f,f,f,f,,f,,f,,f,,f,,t,25.0,other,-,850523010,0
18.0,F,f,f,f,f,f,f,f,f,f,f,f,f,f,f,t,0.25,t,3.1,t,160.0,t,0.9,t,177.0,f,,STMW,A,850523013,1
40.0,F,f,f,f,f,f,f,f,f,f,f,f,f,f,f,t,3.6,t,2.5,t,95.0,t,1.0,t,95.0,f,,STMW,-,850523014,0
82.0,F,f,f,f,f,f,f,f,f,f,f,f,f,f,f,f,,f,,f,,f,,f,,t,27.0,other,-,850523017,0
59.0,F,f,f,f,f,f,f,f,f,f,f,f,f,f,f,t,0.6,t,4.5,t,161.0,t,1.65,t,97.0,f,,other,I,850523027,1
59.0,F,f,f,f,f,f,f,f,f,f,f,f,f,f,f,t,4.4,t,2.4,t,80.0,t,0.98,t,81.0,f,,other,-,850523028,0
59.0,F,f,f,f,f,f,f,f,f,f,f,f,f,f,f,t,0.6,t,2.0,t,106.0,t,0.87,t,121.0,f,,other,-,850523029,0
26.0,M,f,f,f,f,f,f,f,f,f,f,f,f,f,f,t,1.1,t,2.0,t,72.0,t,0.69,t,104.0,f,,other,-,850523031,0
26.0,F,f,f,f,f,f,f,f,f,f,f,f,f,f,f,t,2.9,t,2.4,t,90.0,t,0.92,t,98.0,f,,other,-,850523032,0
73.0,F,f,f,f,f,f,f,f,t,f,f,f,f,f,f,t,1.7,t,1.8,t,198.0,t,1.0,t,198.0,f,,other,R,850523033,1
62.0,F,f,f,f,f,f,f,f,f,f,f,f,f,f,f,t,24.0,t,1.7,t,72.0,t,1.07,t,68.0,f,,other,G,850523036,1
23.0,F,f,f,f,f,f,f,f,t,f,f,f,f,f,f,t,0.9,t,2.9,t,136.0,t,1.38,t,99.0,f,,other,-,850523037,0
74.0,F,f,f,f,f,f,f,f,f,f,f,f,f,f,f,t,0.4,t,2.7,t,101.0,t,0.96,t,105.0,f,,other,-,850523040,0
19.0,M,f,f,f,f,f,f,f,f,f,f,f,f,f,f,t,0.25,t,1.9,t,165.0,t,0.95,t,174.0,f,,other,AK,850523041,1
52.0,F,f,f,f,f,f,f,f,t,f,f,f,f,f,f,t,35.0,t,2.1,t,77.0,t,1.1,t,70.0,f,,other,G,850523042,1
39.0,F,t,f,f,f,f,f,f,f,f,f,f,f,f,f,t,0.25,t,2.9,t,125.0,t,0.96,t,130.0,f,,other,-,850523043,0
63.0,M,t,f,f,f,f,f,f,f,f,f,f,f,f,f,t,0.25,f,,t,161.0,t,1.07,t,151.0,f,,other,-,850523044,0
77.0,F,t,f,f,f,f,f,f,f,f,f,f,f,f,f,t,0.25,t,1.7,t,113.0,t,0.94,t,120.0,f,,other,-,850523046,0
60.0,M,f,f,f,f,f,f,f,f,f,f,f,f,f,f,t,0.15,t,7.6,t,120.0,t,1.04,t,116.0,f,,SVI,R,850523049,1
76.0,M,t,f,f,f,f,f,f,t,f,f,f,f,f,f,t,6.6,t,1.0,t,91.0,t,1.04,t,88.0,f,,SVI,MK,850523050,1
76.0,,f,f,f,f,f,f,f,f,f,f,f,f,f,f,t,2.0,t,3.7,t,142.0,t,1.13,t,126.0,f,,SVI,-,850523051,0
52.0,F,f,f,f,f,f,f,f,f,t,f,f,f,f,f,t,0.15,t,2.7,t,133.0,t,1.05,t,127.0,f,,SVI,-,850523052,0
74.0,F,f,f,f,f,f,f,f,f,f,f,f,f,f,f,t,0.65,t,0.9,t,92.0,t,0.71,t,129.0,f,,SVI,K,850523054,1
55.0,F,f,f,f,f,f,f,f,f,f,f,f,f,f,f,t,1.8,t,2.3,t,98.0,t,0.97,t,101.0,f,,SVI,-,850523055,0
70.0,F,f,f,f,f,f,f,f,f,f,f,f,f,f,f,t,1.5,t,0.3,t,79.0,t,0.8,t,98.0,f,,SVI,K,850523056,1
53.0,F,f,f,f,f,f,f,f,f,f,f,f,f,f,f,f,,f,,f,,f,,f,,t,20.0,other,-,850523061,0
18.0,F,f,f,f,f,f,f,f,f,f,f,f,f,f,f,f,,f,,f,,f,,f,,t,41.0,other,S,850523062,1
38.0,M,f,f,f,f,f,f,f,f,f,f,f,f,f,f,f,,f,,f,,f,,f,,t,190.0,other,S,850523065,1
67.0,F,t,f,f,f,f,f,f,f,f,f,f,f,f,f,t,1.9,f,,t,167.0,t,1.43,t,117.0,f,,other,-,850523070,0
36.0,F,f,f,f,f,t,f,f,f,f,f,f,t,f,f,t,0.04,f,,t,149.0,t,1.65,t,90.0,f,,other,I,850523071,1
74.0,F,f,f,f,f,f,t,f,f,f,f,f,f,f,f,t,1.4,f,,t,109.0,t,0.96,t,114.0,f,,other,-,850523075,0
70.0,F,t,f,f,f,f,f,f,f,f,f,f,f,f,f,t,0.12,f,,t,124.0,t,0.96,t,129.0,f,,other,-,850523076,0
51.0,M,f,t,f,f,f,f,f,f,f,f,f,f,f,f,f,,f,,t,77.0,t,0.77,t,99.0,f,,other,-,850523077,0
84.0,F,t,f,f,f,f,f,f,f,f,f,f,f,f,f,t,0.04,f,,t,213.0,t,0.99,t,216.0,f,,other,N,850523078,1
39.0,F,t,f,f,f,f,f,f,f,f,f,f,f,f,f,t,6.9,t,1.6,t,125.0,t,1.02,t,123.0,f,,other,M,850523080,1
36.0,F,f,f,f,f,f,f,f,f,f,f,t,f,f,f,t,0.25,t,2.3,t,99.0,t,0.95,t,104.0,f,,other,-,850524001,0
55.0,M,f,f,f,t,f,f,f,t,f,f,f,f,f,f,t,8.599999,t,0.3,t,73.0,t,0.76,t,96.0,f,,SVI,GK,850524004,1
41.0,M,t,f,f,f,f,f,f,f,f,f,f,f,f,f,f,,f,,f,,f,,f,,t,18.0,other,-,850524012,0
15.0,F,f,f,t,f,f,f,f,f,t,f,f,f,f,f,f,,f,,f,,f,,f,,t,21.0,other,-,850524018,0
15.0,F,f,f,f,f,f,f,f,f,f,f,f,f,f,f,t,0.04,t,1.4,t,103.0,t,0.85,t,120.0,f,,SVI,-,850524032,0
70.0,F,f,f,f,f,f,f,f,f,f,f,f,f,f,f,t,3.5,t,2.5,t,123.0,t,1.15,t,107.0,f,,SVI,-,850524033,0
83.0,F,f,f,f,f,f,f,f,f,f,f,f,f,f,f,t,1.6,t,1.2,t,103.0,t,0.79,t,131.0,f,,SVI,-,850524034,0
54.0,M,f,f,f,f,f,f,f,f,f,f,f,f,f,f,f,,t,1.6,t,60.0,t,0.65,t,92.0,f,,other,-,850524035,0
72.0,F,f,f,f,f,f,f,f,f,f,f,f,f,f,f,t,1.1,t,2.2,t,124.0,t,1.08,t,115.0,f,,SVI,-,850524038,0
69.0,F,t,f,f,f,f,f,f,f,f,f,f,f,f,f,t,1.5,t,1.8,t,136.0,t,0.92,t,149.0,f,,other,-,850524041,0
41.0,F,t,f,f,f,f,f,f,f,f,f,f,f,f,f,t,1.1,f,,t,97.0,t,0.88,t,110.0,f,,other,-,850524051,0
41.0,F,f,f,f,f,f,f,f,f,f,f,f,f,f,f,f,,f,,f,,f,,f,,t,11.0,other,-,850527007,0
34.0,F,f,f,f,f,t,f,f,f,f,f,f,f,f,f,t,0.04,t,2.9,t,144.0,t,1.58,t,91.0,f,,STMW,I,850527018,1
33.0,M,f,f,f,f,f,f,f,f,f,f,f,f,f,f,t,160.0,t,0.3,t,9.5,f,,f,,f,,SVI,F,850527019,1
33.0,F,f,f,f,f,f,f,f,f,f,f,f,f,f,t,t,1.8,t,2.0,t,139.0,t,1.02,t,137.0,f,,SVHC,-,850527022,0
33.0,M,f,f,f,f,f,f,f,f,f,f,f,f,f,f,t,2.2,t,2.6,t,86.0,t,0.88,t,98.0,f,,SVHC,-,850527023,0
72.0,F,f,f,f,f,f,f,f,f,f,f,f,f,f,f,t,15.0,t,2.2,t,98.0,t,1.29,t,76.0,f,,SVI,G,850527024,1
80.0,F,f,f,f,f,f,f,f,f,f,f,f,f,f,t,t,6.0,t,1.6,t,99.0,t,0.95,t,104.0,f,,SVI,-,850527025,0
80.0,F,f,f,f,f,f,f,f,f,f,f,f,f,f,f,t,2.6,t,2.2,t,97.0,t,1.04,t,94.0,f,,other,-,850527026,0
64.0,F,f,f,f,f,f,f,f,f,f,f,f,f,f,f,f,,t,3.1,t,136.0,t,1.07,t,127.0,f,,other,-,850527034,0
70.0,F,t,f,f,f,f,f,f,f,f,f,f,f,f,f,t,0.16,t,1.9,t,175.0,f,,f,,f,,other,L,850527038,1
50.0,M,f,f,f,f,f,f,f,f,f,f,f,f,f,f,t,0.53,t,2.1,t,94.0,t,0.95,t,99.0,f,,SVI,-,850527054,0
70.0,F,f,f,f,t,f,f,f,t,f,f,f,f,f,f,t,2.1,t,1.7,t,131.0,t,1.0,t,130.0,f,,SVHD,-,850527061,0
70.0,F,f,f,f,f,f,f,f,t,t,f,f,f,f,f,t,1.3,t,1.8,t,94.0,t,0.86,t,110.0,f,,SVI,-,850527063,0
70.0,F,f,f,f,f,f,f,f,f,f,f,f,f,f,f,t,3.2,t,0.9,t,84.0,t,0.87,t,96.0,f,,SVI,K,850527064,1
61.0,F,f,f,f,f,f,f,f,f,f,f,f,f,f,f,t,4.7,t,1.1,t,89.0,t,0.75,t,118.0,f,,SVI,K,850527065,1
61.0,F,f,f,f,f,f,f,f,f,f,f,f,f,f,f,t,0.88,t,0.3,t,46.0,t,0.58,t,79.0,f,,SVI,J,850527066,1
73.0,F,f,f,f,f,f,f,f,f,f,f,f,f,f,f,t,2.4,t,2.0,t,119.0,t,0.92,t,129.0,f,,SVI,-,850527067,0
73.0,M,f,f,f,f,f,f,f,f,f,f,f,f,f,f,t,2.7,t,1.6,t,97.0,t,0.78,t,125.0,f,,SVI,-,850527068,0
35.0,M,f,f,f,f,f,f,f,f,f,f,f,f,f,f,t,0.26,t,1.0,t,57.0,t,0.89,t,64.0,f,,SVI,K,850527069,1
58.0,M,f,f,f,f,f,f,f,f,f,f,f,f,f,f,t,3.1,t,2.9,t,96.0,t,1.03,t,93.0,f,,SVI,-,850527070,0
73.0,F,f,f,f,f,f,f,f,f,t,f,f,t,f,f,t,0.025,t,1.5,t,77.0,t,0.94,t,82.0,f,,other,-,850527072,0
66.0,F,f,f,f,f,f,f,f,f,f,f,f,f,f,f,t,0.39,t,2.3,t,102.0,f,,f,,f,,other,-,850527077,0
37.0,M,f,f,f,f,f,f,f,f,f,f,f,f,f,f,t,1.1,t,1.9,t,117.0,t,1.0,t,118.0,f,,SVHC,-,850528007,0
71.0,F,f,f,f,f,f,f,f,f,f,f,f,f,f,f,t,0.77,t,2.1,t,123.0,t,0.91,t,135.0,f,,SVI,-,850528008,0
32.0,F,f,f,f,f,f,f,f,f,f,f,f,f,f,f,t,7.9,t,2.2,t,76.0,t,1.01,t,75.0,f,,SVHC,G,850528009,1
54.0,F,f,f,f,f,f,f,f,f,f,f,f,f,f,f,t,19.0,t,2.2,t,83.0,t,1.03,t,81.0,f,,SVHC,G,850528011,1
49.0,M,f,f,f,f,f,f,f,f,f,f,f,f,f,f,t,2.0,t,2.1,t,79.0,t,0.87,t,91.0,f,,SVHC,-,850528012,0
78.0,F,f,f,f,f,f,f,f,f,f,f,f,f,f,f,t,2.9,t,1.7,t,104.0,t,0.76,t,137.0,f,,SVI,-,850528013,0
19.0,M,f,f,f,f,f,f,f,f,f,f,f,f,f,f,t,3.1,t,2.8,t,131.0,t,0.95,t,138.0,f,,SVHC,-,850528014,0
19.0,F,f,f,f,f,f,f,f,f,f,f,f,f,f,f,t,3.0,t,2.1,t,80.0,t,0.89,t,91.0,f,,other,-,850528017,0
66.0,F,t,f,f,f,f,f,f,f,f,f,f,f,f,f,t,0.07,f,,t,118.0,t,0.94,t,126.0,f,,other,-,850528028,0
50.0,F,f,f,f,f,f,f,f,t,t,f,f,t,f,f,t,40.0,t,2.2,t,75.0,t,1.01,t,74.0,f,,other,G,850528034,1
50.0,F,f,f,f,f,f,f,f,f,f,f,f,f,f,f,f,,f,,f,,f,,f,,t,36.0,other,S,850528036,1
38.0,F,f,f,f,f,f,f,f,f,f,f,f,f,f,f,t,0.23,t,3.4,t,183.0,t,0.98,t,186.0,f,,other,I,850528045,1
38.0,F,f,f,f,f,f,f,f,f,f,f,f,f,f,f,t,2.8,t,2.4,t,96.0,t,0.98,t,99.0,f,,other,-,850528048,0
27.0,F,f,f,f,f,f,f,f,f,f,f,f,f,f,f,f,,f,,t,141.0,t,1.33,t,106.0,f,,other,I,850528049,1
75.0,F,t,f,f,f,f,f,f,f,f,f,f,f,f,f,t,1.6,t,1.6,t,102.0,t,0.94,t,109.0,f,,other,-,850528050,0
42.0,F,t,f,f,f,f,f,f,f,f,f,f,f,f,f,t,0.12,f,,t,149.0,t,1.05,t,143.0,f,,other,-,850528051,0
69.0,M,f,f,f,f,f,f,f,f,f,f,f,f,f,f,t,1.8,t,2.3,t,108.0,t,1.03,t,105.0,f,,SVI,-,850528052,0
81.0,M,f,f,f,f,f,f,f,f,f,f,f,f,f,f,t,0.65,t,1.3,t,91.0,t,0.87,t,104.0,f,,SVI,-,850528054,0
43.0,F,f,f,f,f,f,f,f,f,f,f,f,f,f,f,t,1.1,t,1.3,t,136.0,t,0.97,t,140.0,f,,SVI,-,850528055,0
65.0,,f,f,f,f,f,f,f,f,f,f,f,f,f,f,t,0.025,t,3.2,t,129.0,t,0.77,t,168.0,f,,SVI,-,850528056,0
17.0,F,t,f,f,f,f,f,f,t,f,f,f,f,f,f,t,28.0,t,2.0,t,86.0,t,0.99,t,87.0,f,,SVI,M,850528060,1
19.0,M,f,f,f,f,f,f,f,f,f,f,f,f,f,f,t,0.84,t,2.0,t,98.0,t,0.88,t,112.0,f,,SVI,-,850528061,0
50.0,F,f,f,f,f,f,f,f,f,f,f,f,f,f,f,t,1.6,t,2.4,t,111.0,t,1.0,t,111.0,f,,SVHC,-,850529012,0
70.0,F,f,f,f,f,f,f,f,f,f,f,f,f,f,f,t,1.4,t,1.7,t,97.0,t,0.79,t,122.0,f,,SVI,-,850529013,0
62.0,F,f,f,f,f,f,f,f,f,f,f,f,f,f,f,t,2.3,t,2.3,t,92.0,t,0.95,t,97.0,f,,SVI,-,850529021,0
71.0,F,f,f,f,f,f,f,f,t,f,f,f,f,f,f,t,1.9,t,1.5,t,135.0,t,1.06,t,127.0,f,,other,-,850529022,0
55.0,M,f,f,f,f,f,f,f,f,f,f,f,f,f,f,t,6.1,t,2.3,t,88.0,t,0.91,t,97.0,f,,SVI,G,850529024,1
55.0,F,f,f,f,f,f,f,f,f,f,f,f,f,f,t,t,9.2,t,2.5,t,106.0,t,1.13,t,94.0,f,,SVHC,G,850529026,1
72.0,F,f,f,f,f,f,f,f,f,f,f,f,f,f,f,t,1.5,t,1.9,t,141.0,t,1.09,t,129.0,f,,other,-,850529027,0
51.0,F,f,f,f,f,f,f,f,f,f,f,f,f,f,f,f,,f,,f,,f,,f,,t,22.0,other,-,850529034,0
17.0,F,f,f,f,f,f,f,f,f,t,f,f,f,f,f,f,,f,,f,,f,,f,,t,18.0,other,-,850529036,0
41.0,F,f,f,f,f,f,f,f,f,f,f,f,f,f,f,f,,f,,f,,f,,f,,t,33.0,other,S,850529041,1
57.0,F,f,f,f,f,f,f,f,f,f,f,f,f,f,f,f,,f,,f,,f,,f,,t,26.0,other,-,850529046,0
30.0,F,f,t,f,f,f,f,f,f,f,f,f,f,f,f,t,1.3,t,2.0,t,80.0,t,0.72,t,110.0,f,,SVI,-,850529053,0
16.0,F,t,f,f,f,f,f,f,f,f,f,f,f,f,f,t,2.2,f,,t,113.0,t,0.95,t,119.0,f,,other,-,850529055,0
62.0,F,t,f,f,f,f,f,f,f,f,f,f,f,f,f,t,5.6,f,,t,103.0,t,1.12,t,93.0,f,,other,-,850529056,0
32.0,F,t,f,f,f,t,f,f,f,t,f,f,f,f,f,t,0.025,t,3.7,t,139.0,t,1.34,t,104.0,f,,other,I,850529058,1
43.0,F,f,f,f,t,f,f,f,f,f,f,f,f,f,f,t,0.95,t,1.9,t,101.0,t,0.81,t,125.0,f,,other,-,850529060,0
43.0,F,t,f,f,f,f,f,f,f,f,f,f,f,f,f,t,1.9,t,1.8,t,114.0,t,0.92,t,125.0,f,,other,-,850529063,0
33.0,F,f,f,f,f,f,f,f,f,f,f,f,f,f,f,t,1.9,t,1.9,t,83.0,t,1.03,t,81.0,f,,SVI,-,850529071,0
54.0,F,f,f,f,f,f,f,f,f,f,f,f,f,f,f,t,0.38,t,1.1,t,128.0,t,0.8,t,160.0,f,,SVI,-,850529072,0
66.0,F,f,f,f,f,f,f,f,f,f,f,f,f,f,f,t,3.8,t,1.9,t,119.0,t,1.0,t,119.0,f,,other,-,850529073,0
,F,f,f,f,f,f,f,f,f,f,f,f,f,f,f,t,1.1,t,2.0,t,118.0,t,1.13,t,104.0,f,,SVI,-,850530001,0
38.0,F,f,f,f,f,f,f,f,f,f,f,f,f,f,f,t,1.8,t,2.5,t,101.0,t,1.04,t,97.0,f,,SVI,-,850530005,0
38.0,,f,f,f,f,f,f,f,f,f,f,f,f,f,f,t,5.8,t,2.0,t,102.0,t,1.16,t,89.0,f,,other,-,850530006,0
37.0,F,f,f,f,f,f,f,f,f,f,f,f,f,f,f,t,1.6,t,2.3,t,97.0,t,1.04,t,93.0,f,,SVHC,-,850530009,0
65.0,F,f,f,f,f,f,f,f,f,f,f,f,f,f,f,t,2.6,t,2.2,t,73.0,t,0.99,t,74.0,f,,SVI,-,850530011,0
26.0,F,f,f,f,f,f,f,f,f,f,f,f,f,f,f,t,2.4,t,1.9,t,170.0,t,1.23,t,138.0,f,,STMW,-,850530013,0
61.0,F,t,f,f,f,f,f,f,t,f,f,f,f,f,f,t,0.41,t,1.2,t,116.0,t,0.87,t,134.0,f,,SVI,-,850530014,0
51.0,F,t,f,f,f,f,f,f,f,f,f,f,f,f,f,t,0.065,t,2.2,t,164.0,t,1.09,t,151.0,f,,other,-,850530020,0
25.0,F,f,f,f,f,f,f,f,f,f,f,f,f,f,f,f,,f,,t,78.0,t,0.9,t,87.0,f,,other,-,850530025,0
77.0,F,f,f,f,f,f,f,f,t,f,f,f,f,f,f,t,36.0,f,,t,82.0,t,1.02,t,81.0,f,,other,G,850530031,1
57.0,F,f,f,f,f,f,f,f,f,f,f,f,t,f,f,t,0.065,t,4.2,t,235.0,t,1.1,t,214.0,f,,other,A,850530034,1
66.0,F,f,f,f,f,f,f,f,f,t,f,f,f,f,f,t,0.065,t,2.0,t,153.0,t,0.99,t,154.0,f,,other,-,850530039,0
63.0,F,t,f,f,f,f,f,t,f,f,f,f,f,f,f,t,2.9,t,1.6,t,101.0,f,,f,,f,,other,-,850530040,0
27.0,F,f,f,f,f,f,f,f,f,f,f,f,f,f,f,t,4.3,t,2.5,t,105.0,t,1.01,t,103.0,f,,other,-,850530041,0
58.0,F,t,f,f,f,f,f,f,f,f,f,f,f,f,f,t,0.065,t,3.4,t,129.0,t,0.95,t,136.0,f,,other,B,850530045,1
58.0,M,f,f,f,f,f,f,f,f,f,f,f,f,f,f,t,0.65,t,3.0,t,92.0,t,0.95,t,92.0,f,,other,-,850530051,0
56.0,F,f,t,f,f,f,f,f,f,f,f,f,t,f,f,t,5.2,f,,t,137.0,t,1.28,t,107.0,f,,other,I,850530052,1
39.0,M,f,f,f,f,f,t,f,t,f,f,f,f,f,f,t,3.6,f,,t,92.0,t,1.09,t,84.0,f,,other,-,850530059,0
85.0,F,f,f,f,f,f,f,f,t,f,f,f,f,f,f,t,8.0,t,1.1,t,125.0,t,0.89,t,142.0,f,,other,GK,850530063,1
50.0,M,f,f,f,f,f,f,f,f,f,f,f,f,f,f,t,0.005,t,2.4,t,153.0,t,1.19,t,129.0,f,,other,-,850531001,0
58.0,,f,f,f,f,f,f,f,f,t,f,f,f,f,f,t,0.04,t,2.6,t,117.0,t,1.02,t,114.0,f,,other,-,850531007,0
71.0,M,f,f,f,f,f,f,f,f,f,f,f,f,f,f,t,0.005,t,2.2,t,93.0,t,0.87,t,107.0,f,,other,-,850531008,0
70.0,F,t,t,f,f,f,f,f,f,f,f,f,f,f,f,t,0.07,t,0.9,t,104.0,t,0.83,t,124.0,f,,other,-,850531009,0
29.0,F,f,f,f,f,f,f,f,f,t,f,f,f,f,f,t,0.15,t,5.5,t,161.0,t,1.61,t,100.0,f,,STMW,I,850531017,1
61.0,M,t,f,f,f,f,f,f,f,f,f,f,f,f,f,t,0.25,t,2.5,t,101.0,t,1.0,t,101.0,f,,other,-,850531031,0
37.0,F,f,f,f,f,f,f,f,f,f,f,f,f,f,f,t,5.1,t,2.5,t,84.0,t,1.05,t,80.0,f,,SVHC,-,850531036,0
70.0,F,f,f,f,t,f,f,f,f,f,f,f,f,f,f,t,0.78,t,1.9,t,136.0,t,0.9,t,152.0,f,,SVI,-,850531037,0
26.0,M,f,f,f,f,f,f,f,f,f,f,f,f,f,f,t,2.7,t,2.5,t,130.0,t,1.08,t,121.0,f,,SVHC,-,850531041,0
26.0,F,f,f,f,f,f,f,f,f,f,f,f,f,f,f,t,2.3,t,2.0,t,135.0,t,1.21,t,111.0,f,,other,-,850531043,0
70.0,F,f,f,f,f,f,f,f,f,t,f,f,t,f,f,t,0.005,t,3.5,t,194.0,t,0.9,t,215.0,f,,other,A,850531044,1
70.0,F,f,f,f,f,f,f,f,f,f,f,f,f,f,f,t,2.0,t,2.5,t,102.0,t,0.92,t,111.0,f,,other,-,850531070,0
41.0,M,f,f,f,f,f,f,f,f,f,f,f,f,f,f,t,2.0,t,2.8,t,110.0,t,1.14,t,97.0,f,,SVI,-,850531076,0
58.0,M,f,f,f,f,f,f,f,f,f,f,f,f,f,f,t,3.7,t,1.7,t,64.0,t,0.69,t,93.0,f,,SVI,-,850531077,0
48.0,M,f,f,f,f,f,f,f,f,f,f,f,f,f,f,t,2.4,t,2.7,t,110.0,t,1.09,t,101.0,f,,SVI,-,850531078,0
32.0,F,f,f,f,f,f,f,f,f,f,f,f,f,f,f,t,3.5,t,1.8,t,91.0,t,0.9,t,101.0,f,,SVI,-,850531079,0
67.0,F,f,f,f,f,f,f,f,f,f,f,f,f,f,f,t,1.1,t,1.2,t,90.0,t,0.82,t,110.0,f,,SVI,-,850531083,0
35.0,F,f,f,f,f,f,f,f,f,f,f,f,f,f,f,f,,f,,t,67.0,t,0.9,t,75.0,f,,other,-,850603008,0
25.0,F,f,f,f,f,f,f,f,f,f,f,f,f,f,f,t,0.81,t,2.8,t,106.0,t,1.32,t,81.0,f,,SVHC,-,850603027,0
72.0,F,f,f,f,f,f,f,f,f,f,f,f,f,f,f,t,2.3,t,2.6,t,111.0,t,1.06,t,105.0,f,,other,-,850603028,0
72.0,F,f,f,t,f,f,f,f,f,f,f,f,f,f,f,t,0.005,t,2.6,t,82.0,t,0.89,t,93.0,f,,other,-,850603029,0
60.0,F,f,f,f,f,f,f,f,t,f,f,f,f,f,f,t,183.0,t,1.1,t,45.0,t,0.97,t,46.0,f,,other,F,850603030,1
65.0,F,f,f,f,f,f,f,f,f,f,f,f,f,f,f,t,0.61,t,1.8,t,96.0,t,1.03,t,94.0,f,,SVI,-,850603033,0
75.0,F,f,f,f,f,f,f,f,f,f,f,f,f,f,f,t,0.16,f,,f,,f,,f,,f,,SVHD,-,850603034,0
36.0,F,f,f,f,f,f,f,f,f,f,f,f,f,f,f,t,1.7,t,2.3,t,77.0,t,1.04,t,74.0,f,,SVHC,-,850603037,0
47.0,F,f,f,f,f,f,f,f,f,t,f,f,t,f,f,t,0.005,t,3.0,t,145.0,t,1.23,t,117.0,f,,other,I,850603045,1
64.0,M,f,f,f,t,f,f,f,f,f,f,f,f,f,f,t,2.4,t,2.0,t,101.0,t,0.94,t,107.0,f,,SVHD,-,850603069,0
78.0,M,f,f,f,f,f,f,f,f,f,f,f,f,f,f,t,2.3,t,2.1,t,112.0,t,1.11,t,101.0,f,,SVI,-,850603071,0
65.0,F,f,f,f,f,f,f,f,f,f,f,f,f,f,f,t,1.9,t,1.8,t,84.0,t,0.91,t,93.0,f,,SVI,-,850603072,0
74.0,F,f,f,f,f,f,f,f,f,f,f,f,f,f,f,t,9.099999,t,2.0,t,72.0,t,0.9,t,80.0,f,,other,G,850603073,1
66.0,F,f,f,f,f,f,f,f,f,f,f,f,f,f,f,t,0.32,t,2.5,t,169.0,t,1.14,t,149.0,f,,SVI,-,850603075,0
59.0,F,f,f,f,f,f,f,f,f,f,f,f,f,f,f,t,0.82,t,2.6,t,180.0,t,1.42,t,126.0,f,,SVI,I,850603076,1
59.0,M,f,f,f,f,f,f,f,f,f,f,f,f,f,f,t,12.0,t,1.5,t,88.0,t,0.98,t,90.0,f,,SVI,G,850603077,1
64.0,F,f,f,f,f,f,f,f,f,t,f,f,f,f,f,t,8.9,t,1.2,t,67.0,t,0.75,t,89.0,f,,SVI,G,850603080,1
37.0,M,f,f,f,f,f,f,f,f,f,f,f,f,f,f,t,1.5,t,3.0,t,114.0,t,0.93,t,122.0,f,,SVHC,-,850603085,0
37.0,F,f,f,f,f,f,f,f,f,f,f,f,t,f,f,t,13.0,t,2.5,t,96.0,t,1.33,t,73.0,f,,other,G,850603088,1
15.0,F,f,f,f,f,f,f,f,f,f,f,f,f,f,f,f,,f,,t,92.0,t,1.06,t,87.0,f,,other,-,850603090,0
15.0,F,f,f,f,f,f,f,f,f,f,f,f,f,f,f,t,2.6,t,2.4,t,100.0,f,,f,,f,,other,-,850603099,0
56.0,,f,f,f,f,f,f,f,f,f,f,f,f,f,f,t,0.87,t,1.9,t,116.0,f,,f,,f,,other,-,850603100,0
67.0,F,f,f,f,t,f,f,f,f,f,f,f,t,f,f,t,1.3,t,2.2,t,104.0,t,0.92,t,114.0,f,,other,-,850604007,0
40.0,M,f,f,f,f,f,f,f,f,f,f,f,f,f,f,t,0.98,t,1.8,t,98.0,t,0.99,t,99.0,f,,SVHC,-,850604013,0
67.0,F,f,f,f,f,f,f,f,f,f,f,f,f,f,f,t,0.98,t,1.8,t,94.0,t,0.88,t,107.0,f,,SVHC,-,850604014,0
28.0,M,f,f,f,f,f,f,f,f,f,f,f,f,f,f,t,3.3,t,1.8,t,109.0,t,0.91,t,119.0,f,,SVHC,-,850604015,0
40.0,M,f,f,f,f,f,f,f,t,f,f,f,f,f,f,t,0.47,f,,t,89.0,t,0.89,t,100.0,f,,other,-,850604018,0
41.0,M,f,f,f,f,f,f,f,f,f,f,f,f,f,f,t,0.58,f,,t,102.0,t,0.84,t,121.0,f,,other,-,850604021,0
28.0,M,f,f,f,f,f,f,f,f,f,f,f,f,f,f,t,1.1,t,2.0,t,105.0,t,0.9,t,116.0,f,,SVHC,-,850604029,0
43.0,F,f,f,f,f,f,f,f,f,f,f,f,f,f,f,t,2.2,f,,t,98.0,t,0.85,t,115.0,f,,other,-,850604033,0
18.0,F,f,f,f,f,f,f,f,t,f,f,f,f,f,f,t,1.5,f,,t,116.0,t,1.05,t,111.0,f,,other,-,850604036,0
73.0,F,f,f,f,f,f,f,f,f,f,f,f,f,f,f,t,0.95,t,2.5,t,119.0,t,1.04,t,114.0,f,,other,-,850604039,0
66.0,F,f,f,f,f,f,f,f,f,f,f,f,f,f,f,t,3.2,t,1.6,t,126.0,t,1.02,t,123.0,f,,other,-,850604049,0
43.0,M,f,f,f,f,f,f,f,f,f,f,f,f,f,f,t,1.4,t,2.2,t,75.0,t,0.85,t,88.0,f,,SVI,-,850604054,0
48.0,,f,f,f,f,f,f,f,f,f,f,f,f,f,f,t,1.6,t,1.6,t,140.0,t,1.01,t,138.0,f,,other,-,850604055,0
37.0,F,f,f,f,f,f,f,f,f,f,f,f,f,f,f,f,,f,,f,,f,,f,,t,19.0,other,-,850604060,0
28.0,F,f,f,f,f,f,f,f,f,f,f,f,f,f,f,f,,f,,f,,f,,f,,t,29.0,other,-,850604061,0
64.0,F,t,f,f,f,f,f,f,f,f,f,f,f,f,f,f,,f,,f,,f,,f,,t,36.0,other,S,850604065,1
22.0,M,f,f,f,f,f,f,f,f,f,f,f,f,f,f,t,1.2,t,2.5,t,106.0,f,,f,,f,,other,-,850604067,0
63.0,M,t,f,f,f,f,f,f,f,f,f,f,f,f,f,t,0.1,f,,t,80.0,t,0.84,t,95.0,f,,other,-,850605005,0
65.0,F,f,f,f,f,f,f,f,f,f,f,f,f,f,f,t,1.7,t,2.4,t,73.0,t,0.89,t,82.0,f,,SVI,-,850605013,0
63.0,M,f,f,f,f,f,f,f,f,f,f,f,f,f,f,t,3.5,t,2.5,t,108.0,t,0.96,t,113.0,f,,SVI,-,850605015,0
93.0,F,f,f,f,t,f,f,f,f,f,f,f,f,f,f,t,2.7,t,0.4,t,77.0,t,0.86,t,90.0,f,,other,K,850605018,1
74.0,F,f,f,f,f,f,f,f,f,f,f,f,f,f,f,t,1.3,t,2.3,t,113.0,t,0.96,t,118.0,f,,other,-,850605021,0
73.0,F,f,f,f,f,f,f,f,f,f,f,f,f,f,f,t,0.88,t,1.5,t,113.0,t,0.74,t,153.0,f,,SVI,-,850605022,0
73.0,F,f,f,f,f,f,f,f,f,f,f,f,f,f,f,t,1.2,t,2.3,t,74.0,f,,f,,f,,other,-,850605024,0
26.0,F,f,f,f,f,f,f,f,f,f,f,f,t,f,f,t,0.43,t,4.1,t,123.0,t,1.48,t,83.0,f,,STMW,C|I,850605027,1
61.0,F,t,f,f,f,f,f,f,f,f,f,f,f,f,f,t,0.08,t,2.3,t,150.0,t,1.2,t,125.0,f,,SVHD,-,850605049,0
89.0,F,f,f,f,f,f,f,f,f,f,f,f,f,f,f,t,2.5,t,1.6,t,108.0,t,0.92,t,118.0,f,,SVI,-,850605061,0
89.0,F,f,f,f,f,f,f,f,f,f,f,f,f,f,f,t,3.3,t,2.2,t,105.0,t,0.94,t,112.0,f,,SVI,-,850605062,0
49.0,M,f,f,f,f,f,f,f,f,f,f,f,f,f,f,t,0.86,t,2.7,t,94.0,f,,f,,f,,other,-,850605063,0
83.0,F,f,f,f,f,f,f,f,f,f,f,f,f,f,f,t,2.6,t,1.3,t,100.0,t,0.86,t,117.0,f,,SVI,-,850605069,0
55.0,F,f,f,f,f,f,f,f,f,f,f,f,f,f,f,t,0.81,t,0.3,t,61.0,t,0.54,t,113.0,f,,SVI,K,850605071,1
55.0,M,f,f,f,f,f,f,f,f,f,f,f,f,f,f,t,2.1,t,1.6,t,86.0,t,0.8,t,107.0,f,,SVI,-,850605077,0
29.0,F,f,f,f,f,f,f,f,f,f,f,f,f,f,f,f,,f,,f,,f,,f,,t,33.0,other,S,850605087,1
22.0,F,f,f,f,f,f,f,f,f,f,f,f,f,f,f,f,,f,,f,,f,,f,,t,20.0,other,-,850605088,0
69.0,F,f,f,f,f,f,f,f,f,f,f,f,f,f,f,f,,f,,f,,f,,f,,t,24.0,other,-,850606004,0
65.0,F,f,f,f,t,f,f,f,f,f,f,f,f,f,f,f,,f,,f,,f,,f,,t,21.0,other,-,850606007,0
65.0,F,f,f,f,f,f,f,f,f,f,f,f,f,f,f,t,0.89,t,2.6,t,95.0,t,1.01,t,95.0,f,,other,-,850606018,0
48.0,M,f,f,f,f,f,f,f,f,f,f,f,f,f,f,t,1.2,t,2.5,t,81.0,t,0.91,t,89.0,f,,SVHC,-,850606019,0
29.0,F,f,f,f,f,f,f,f,f,f,f,f,f,f,f,t,1.6,t,2.7,t,87.0,t,0.85,t,102.0,f,,other,-,850606020,0
59.0,F,f,f,f,f,f,f,f,f,f,f,f,f,f,f,t,1.1,t,3.8,t,263.0,t,1.7,t,155.0,f,,SVHD,I,850606021,1
31.0,F,f,f,f,f,f,f,f,f,f,f,f,f,f,f,t,0.91,t,2.1,t,66.0,t,0.66,t,99.0,f,,other,-,850606022,0
59.0,F,f,f,f,f,f,f,f,f,f,f,f,f,f,f,t,530.0,t,2.0,t,10.0,t,1.12,t,8.5,f,,other,F,850606023,1
70.0,F,f,f,f,f,f,f,f,f,f,f,f,f,f,f,t,2.2,t,1.8,t,87.0,t,1.16,t,75.0,f,,other,-,850606024,0
70.0,,f,f,f,f,f,f,f,f,f,f,f,f,f,f,t,0.35,t,0.3,t,44.0,t,0.38,t,118.0,f,,SVI,J,850606026,1
88.0,M,f,f,f,f,f,f,f,f,f,f,f,f,f,f,t,2.3,t,2.2,t,101.0,t,1.0,t,101.0,f,,SVI,-,850606027,0
62.0,F,f,f,f,f,f,f,f,f,t,f,f,f,f,f,t,1.1,t,2.4,t,81.0,t,0.97,t,84.0,f,,other,-,850606030,0
73.0,F,f,f,f,f,f,f,f,f,f,f,f,f,f,f,t,2.0,t,1.6,t,162.0,t,0.94,t,173.0,f,,other,R,850606033,1
34.0,M,t,f,f,f,f,f,f,f,f,f,f,f,f,f,t,3.3,t,2.7,t,104.0,t,1.01,t,103.0,f,,other,-,850606034,0
52.0,M,f,f,f,f,f,f,t,f,f,f,f,f,f,f,t,0.01,t,2.4,t,108.0,t,0.7,t,154.0,f,,other,-,850606035,0
17.0,F,f,f,f,f,f,t,f,f,f,f,f,f,f,f,t,145.0,t,1.2,t,36.0,t,1.5,t,24.0,f,,other,Q,850606046,1
34.0,F,f,f,f,f,f,f,f,f,f,f,f,f,f,f,t,6.8,t,2.4,t,96.0,t,1.06,t,90.0,f,,other,G,850606047,1
34.0,M,f,f,f,f,f,f,f,f,f,f,f,f,f,f,t,0.01,t,2.3,t,149.0,t,0.88,t,169.0,f,,other,R,850606049,1
74.0,F,f,f,f,f,f,f,f,f,t,f,f,f,f,f,f,,t,4.5,t,171.0,t,1.16,t,148.0,f,,other,I,850606050,1
58.0,F,f,f,f,f,f,f,f,t,f,f,f,f,f,f,t,18.0,t,2.1,t,68.0,t,1.08,t,63.0,f,,other,F,850606051,1
62.0,M,f,f,f,f,f,f,f,f,f,f,f,f,f,f,t,0.52,t,2.1,t,100.0,f,,f,,f,,other,-,850606053,0
20.0,F,f,f,f,f,f,f,f,f,f,f,f,f,f,f,t,1.3,t,2.6,t,87.0,f,,f,,f,,other,-,850606056,0
36.0,M,f,f,f,f,f,f,f,f,f,f,f,f,f,f,t,1.7,t,2.6,t,129.0,t,1.18,t,109.0,f,,other,-,850606057,0
20.0,F,f,f,f,f,f,f,f,f,f,f,f,f,f,f,t,1.5,t,2.4,t,137.0,t,1.35,t,101.0,f,,SVHC,-,850606058,0
70.0,F,f,f,f,f,f,f,f,f,f,f,f,f,f,f,t,5.1,t,0.2,t,59.0,t,0.73,t,82.0,f,,SVI,K,850606059,1
67.0,F,f,f,f,t,f,f,f,f,f,f,f,f,f,f,t,1.7,t,0.7,t,79.0,t,0.77,t,102.0,f,,SVI,K,850606060,1
27.0,M,f,f,f,f,f,f,f,f,f,f,f,f,f,f,t,1.8,t,2.5,t,97.0,t,1.0,t,85.0,f,,SVHC,-,850606062,0
88.0,F,f,f,f,f,f,f,f,f,f,f,f,f,f,f,t,0.83,t,1.5,t,89.0,t,0.94,t,95.0,f,,SVI,-,850606063,0
43.0,M,f,f,f,f,f,f,f,f,f,f,f,f,f,f,t,2.2,t,2.3,t,87.0,t,0.93,t,94.0,f,,other,-,850606065,0
67.0,F,t,f,f,f,f,f,f,f,f,f,f,f,f,f,t,0.015,t,4.2,t,188.0,t,1.39,t,135.0,f,,other,-,850606066,0
23.0,F,f,f,f,f,f,f,f,f,f,f,f,f,f,f,t,1.6,t,2.7,t,138.0,t,1.34,t,103.0,f,,other,-,850606071,0
53.0,F,t,f,f,f,f,t,f,f,f,f,f,f,f,f,t,0.03,f,,t,52.0,t,1.09,t,140.0,f,,other,-,850606073,0
21.0,M,f,f,f,f,f,f,f,f,f,f,f,f,f,f,t,2.3,t,1.6,t,88.0,t,1.01,t,87.0,f,,other,-,850606076,0
32.0,F,f,f,f,f,f,f,f,f,f,f,f,f,f,f,t,0.9,t,2.3,t,129.0,t,1.29,t,100.0,f,,STMW,-,850607007,0
30.0,F,f,f,f,f,f,f,f,f,f,f,f,f,f,f,t,4.3,t,2.0,t,82.0,f,,f,,f,,other,-,850607022,0
35.0,M,f,f,f,f,f,f,f,f,f,f,f,f,f,f,t,1.2,t,2.7,t,137.0,t,1.19,t,115.0,f,,SVHC,-,850607024,0
35.0,F,f,f,f,f,f,f,f,f,f,f,f,f,f,f,t,2.3,t,2.3,t,83.0,t,1.19,t,69.0,f,,SVHC,-,850607025,0
35.0,F,f,f,f,f,f,f,f,f,f,f,f,f,f,f,t,2.5,t,1.2,t,124.0,t,1.12,t,111.0,f,,other,-,850607026,0
39.0,F,f,f,f,f,f,f,f,f,f,f,f,f,f,f,t,1.7,t,2.0,t,78.0,t,0.84,t,93.0,f,,other,-,850607027,0
69.0,F,t,f,f,f,f,f,f,f,f,f,f,f,f,f,t,5.9,t,1.8,t,163.0,t,1.09,t,149.0,f,,other,-,850607029,0
69.0,F,t,f,f,f,f,f,t,f,f,f,f,f,f,f,t,1.3,t,1.7,t,116.0,t,0.95,t,122.0,f,,other,-,850607030,0
60.0,F,t,f,f,f,f,f,f,f,f,f,f,f,f,f,t,7.3,t,1.6,t,109.0,t,1.04,t,105.0,f,,other,M,850607031,1
31.0,M,t,f,f,f,f,f,f,f,f,f,f,f,f,f,f,,f,,f,,f,,f,,t,9.599999,other,-,850607082,0
31.0,M,f,f,f,f,f,f,f,f,f,f,f,f,f,f,t,1.3,t,1.5,t,101.0,t,0.89,t,113.0,f,,SVI,-,850607087,0
71.0,F,f,f,f,f,f,f,f,f,f,f,f,f,f,f,t,0.59,t,2.1,t,119.0,t,1.08,t,110.0,f,,SVHC,-,850611004,0
44.0,M,f,f,f,f,f,f,f,f,f,f,f,f,f,f,t,2.8,t,2.3,t,129.0,t,1.24,t,103.0,f,,SVHC,-,850611005,0
44.0,F,f,f,f,f,f,f,f,f,f,f,f,f,f,f,t,5.9,t,2.4,t,61.0,f,,f,,f,,other,-,850611007,0
55.0,M,f,f,f,f,f,f,f,f,f,f,f,f,f,f,t,0.91,t,1.8,t,93.0,t,1.04,t,89.0,f,,SVI,-,850611008,0
51.0,F,f,f,f,f,f,f,f,f,f,f,f,f,f,f,t,2.0,t,1.8,t,68.0,t,0.79,t,86.0,f,,SVI,-,850611009,0
18.0,F,f,f,f,f,f,t,f,f,f,f,f,f,f,f,t,16.0,t,1.3,t,75.0,t,1.11,t,68.0,f,,SVI,Q,850611010,1
59.0,F,f,f,f,f,f,f,f,t,f,f,f,f,f,f,t,0.65,f,,t,126.0,t,1.31,t,96.0,f,,other,I,850611011,1
74.0,F,f,f,f,f,f,f,f,f,f,f,f,f,f,f,t,1.3,t,0.1,t,65.0,t,0.48,t,137.0,f,,other,K,850611012,1
17.0,M,f,f,f,f,f,f,f,f,f,f,f,f,f,f,t,1.5,t,0.5,t,43.0,t,0.41,t,105.0,f,,SVI,J,850611013,1
75.0,F,f,f,f,f,f,f,f,f,f,f,f,f,f,f,t,3.8,t,1.6,t,106.0,t,0.88,t,120.0,f,,other,-,850611014,0
31.0,F,f,f,f,f,f,f,f,f,f,f,f,f,f,f,t,4.8,t,2.6,t,93.0,t,1.18,t,79.0,f,,STMW,-,850611024,0
53.0,F,f,f,f,f,f,f,f,f,f,f,f,f,f,f,f,,t,2.4,t,99.0,t,1.13,t,88.0,f,,other,-,850611025,0
53.0,M,f,f,f,f,f,f,f,f,f,f,f,f,f,f,f,,f,,t,116.0,t,0.95,t,122.0,f,,other,-,850611043,0
53.0,M,f,f,f,f,f,f,f,f,f,f,f,f,f,f,t,12.0,t,2.0,f,,f,,f,,f,,other,G,850611049,1
53.0,M,f,f,f,t,f,f,f,f,f,f,f,f,f,f,t,0.62,t,1.7,t,116.0,t,1.0,t,116.0,f,,SVI,-,850612008,0
82.0,F,f,f,f,t,f,f,f,f,f,f,f,f,f,f,t,2.1,t,1.7,t,99.0,t,0.91,t,108.0,f,,SVI,-,850612009,0
82.0,M,f,f,f,f,f,f,f,f,f,f,f,f,f,f,t,2.0,t,0.4,t,58.0,t,0.68,t,85.0,f,,SVI,K,850612010,1
26.0,F,f,f,f,f,f,f,f,f,f,f,f,f,f,f,t,1.8,t,2.7,t,119.0,t,1.36,t,88.0,f,,STMW,-,850612016,0
66.0,F,f,f,f,f,f,f,f,f,t,f,f,f,f,f,f,,t,2.8,f,,f,,f,,f,,other,-,850612020,0
80.0,F,f,f,f,f,f,f,f,f,f,f,f,f,f,f,t,2.5,t,2.2,t,113.0,t,1.17,t,97.0,f,,SVI,-,850612025,0
73.0,M,f,f,f,f,f,f,f,f,f,f,f,f,f,f,t,0.84,t,1.3,t,66.0,t,1.17,t,56.0,f,,SVI,-,850612026,0
81.0,F,f,f,f,f,f,f,f,f,f,f,f,f,f,f,t,2.5,t,1.8,t,76.0,t,1.02,t,75.0,f,,SVI,-,850612027,0
78.0,F,f,f,f,f,f,f,f,f,f,f,f,f,f,f,t,0.5,t,1.9,t,81.0,t,0.83,t,98.0,f,,SVI,-,850612029,0
40.0,F,f,f,f,f,f,f,f,f,f,f,f,f,f,f,t,3.1,t,2.2,t,103.0,t,1.1,t,93.0,f,,SVI,-,850612030,0
26.0,F,f,f,f,f,f,f,f,f,f,f,f,f,f,f,f,,f,,f,,f,,f,,t,69.0,other,S,850612038,1
74.0,F,t,f,f,f,f,f,f,t,f,f,f,f,f,f,t,28.0,f,,t,74.0,t,1.03,t,72.0,f,,other,M,850612057,1
57.0,F,f,f,f,f,f,f,t,f,f,f,f,f,f,f,t,0.01,t,2.9,t,98.0,t,0.87,t,113.0,f,,other,-,850612058,0
41.0,F,f,f,f,f,f,f,f,t,t,f,f,f,f,f,f,,f,,f,,f,,f,,t,34.0,other,S,850613005,1
80.0,F,f,f,f,f,f,f,f,f,f,f,f,t,f,f,t,0.005,t,2.7,t,101.0,t,0.84,t,121.0,f,,other,-,850613020,0
48.0,F,f,f,f,f,f,f,f,f,f,f,f,f,f,f,t,0.74,t,2.9,t,100.0,t,1.06,t,95.0,f,,other,-,850613021,0
62.0,M,f,f,f,f,f,f,f,f,f,f,f,f,f,f,t,8.599999,t,1.1,t,84.0,t,0.74,t,114.0,f,,SVI,GK,850613022,1
71.0,M,f,f,f,f,f,f,f,f,f,f,f,f,f,f,t,0.46,t,1.4,t,85.0,t,1.12,t,77.0,f,,SVI,-,850613023,0
58.0,M,f,f,f,f,f,f,f,f,f,f,f,f,f,f,t,1.7,t,2.3,t,124.0,t,1.25,t,99.0,f,,SVI,-,850613024,0
78.0,M,f,f,f,f,f,f,f,f,f,f,f,f,f,f,t,0.77,t,1.8,t,109.0,t,0.92,t,118.0,f,,SVI,-,850613026,0
78.0,F,f,f,f,f,f,f,f,f,f,f,f,f,f,f,t,2.1,t,2.1,t,141.0,t,0.85,t,167.0,f,,SVI,R,850613027,1
78.0,F,f,f,f,f,f,f,f,f,f,f,f,f,f,f,t,2.8,t,2.2,t,105.0,t,1.01,t,105.0,f,,SVI,-,850613029,0
56.0,F,f,f,f,f,f,f,f,f,f,f,f,f,f,f,t,1.9,t,1.4,t,62.0,t,0.72,t,85.0,f,,SVI,-,850613031,0
75.0,,f,f,f,f,f,f,f,f,f,f,f,f,f,f,t,0.12,t,1.5,t,117.0,t,0.94,t,125.0,f,,SVI,-,850613032,0
7.0,M,f,f,f,f,f,f,f,f,f,f,f,f,f,f,t,0.4,t,2.3,t,54.0,t,0.86,t,63.0,f,,other,R,850613035,1
60.0,F,f,f,f,f,f,f,f,f,f,f,f,f,f,f,t,2.8,t,2.4,t,112.0,f,,f,,f,,other,-,850613036,0
20.0,F,f,f,f,f,f,f,f,f,f,f,f,f,f,f,t,2.4,t,3.1,t,135.0,f,,f,,f,,other,I,850613038,1
73.0,F,f,f,f,f,f,f,f,f,t,f,f,f,f,f,t,2.0,t,1.6,t,116.0,t,0.93,t,125.0,f,,SVI,-,850613039,0
56.0,M,f,f,f,f,f,f,f,f,t,f,f,f,f,f,t,1.4,t,1.0,t,99.0,t,0.7,t,142.0,f,,SVI,K,850613040,1
73.0,F,t,f,f,f,f,f,f,f,f,f,f,f,f,f,t,8.5,t,2.1,t,104.0,t,1.13,t,92.0,f,,SVI,M,850613042,1
59.0,M,f,f,f,f,f,f,f,f,f,f,f,f,f,f,t,4.9,t,1.4,t,96.0,t,0.88,t,109.0,f,,SVI,-,850613043,0
41.0,M,f,f,t,f,f,f,f,f,t,f,f,f,f,f,t,0.005,t,2.2,t,64.0,t,0.94,t,69.0,f,,other,-,850613044,0
51.0,M,t,f,f,f,f,f,f,f,f,f,f,f,f,f,t,0.005,t,2.8,t,132.0,t,0.95,t,139.0,f,,other,-,850613047,0
45.0,F,f,f,f,f,f,f,f,f,f,f,f,f,f,f,t,15.0,t,2.1,t,83.0,t,1.24,t,67.0,f,,STMW,G,850613048,1
2.0,F,f,f,f,f,f,f,f,f,f,f,f,f,f,f,t,6.7,f,,f,,f,,f,,f,,STMW,F,850613056,1
61.0,M,t,f,f,f,f,f,f,f,f,f,f,f,f,f,t,0.005,t,2.5,t,114.0,t,0.93,t,122.0,f,,other,-,850613066,0
61.0,F,t,f,f,f,f,f,f,f,f,f,f,f,f,f,t,2.8,t,1.7,t,96.0,t,0.83,t,116.0,f,,other,-,850613067,0
56.0,M,f,f,f,f,f,f,f,f,f,f,f,f,f,f,t,1.1,t,1.7,t,82.0,t,1.0,t,81.0,f,,other,-,850613072,0
63.0,F,f,f,f,f,f,f,f,f,f,f,f,f,f,f,t,1.1,t,1.9,t,110.0,t,1.02,t,108.0,f,,SVI,-,850613083,0
83.0,M,f,f,f,f,f,f,f,f,f,f,f,f,f,f,t,2.8,t,1.1,t,66.0,t,0.71,t,93.0,f,,SVI,K,850613087,1
83.0,F,f,f,f,t,f,f,f,t,f,f,f,f,f,f,t,2.2,t,0.7,t,71.0,t,0.76,t,93.0,f,,SVI,K,850613089,1
65.0,M,f,f,f,f,f,f,f,f,f,f,f,f,f,f,t,1.3,t,1.5,t,110.0,t,0.8,t,137.0,f,,SVI,-,850613090,0
46.0,F,f,f,f,f,f,f,f,f,f,f,f,f,f,f,t,4.7,t,1.9,t,96.0,t,1.12,t,85.0,f,,SVI,-,850613093,0
20.0,F,f,f,f,f,f,f,f,f,f,f,f,f,f,f,t,0.7,t,2.4,t,113.0,t,1.34,t,84.0,f,,SVI,-,850613094,0
48.0,F,f,f,f,f,f,f,f,f,f,f,f,f,f,f,t,4.9,t,1.9,t,101.0,f,,f,,f,,other,-,850613098,0
48.0,M,f,f,f,f,f,f,f,f,f,f,f,f,f,f,t,2.1,t,1.6,t,96.0,t,0.79,t,122.0,f,,SVI,-,850613100,0
36.0,F,f,f,f,f,t,f,f,f,t,f,f,f,f,f,t,0.005,f,,t,108.0,t,1.1,t,99.0,f,,other,-,850613101,0
48.0,F,t,f,f,f,f,f,f,t,f,f,f,f,f,f,t,178.0,t,1.0,t,63.0,t,1.08,t,59.0,f,,other,F,850613106,1
42.0,F,f,f,f,f,t,f,f,f,t,f,f,f,f,f,t,0.02,t,4.0,t,200.0,t,1.56,t,128.0,f,,STMW,I,850614014,1
34.0,F,f,f,f,f,f,f,f,f,t,f,f,f,f,f,t,0.02,t,2.3,t,122.0,t,1.66,t,73.0,f,,STMW,-,850614015,0
70.0,M,f,f,f,f,f,f,f,f,t,f,f,f,f,f,f,,f,,f,,f,,f,,t,17.0,other,-,850614018,0
55.0,F,t,f,f,f,f,f,f,f,f,f,f,f,f,f,f,,f,,f,,f,,f,,t,28.0,other,-,850614019,0
34.0,F,f,f,f,f,f,f,f,f,f,f,f,f,f,f,t,1.0,t,2.3,t,120.0,t,1.01,t,119.0,f,,other,-,850614028,0
39.0,F,f,f,f,f,f,f,f,f,f,f,f,f,f,f,t,1.9,t,2.0,t,109.0,f,,f,,f,,other,-,850614029,0
75.0,M,f,f,f,f,f,f,f,f,f,f,f,f,f,f,t,1.4,t,2.1,t,115.0,t,0.97,t,119.0,f,,other,-,850614031,0
75.0,F,f,f,f,f,f,f,f,f,f,f,f,f,f,f,t,1.2,t,2.0,t,101.0,t,0.93,t,109.0,f,,other,-,850614033,0
45.0,M,f,f,f,f,f,f,f,f,f,f,f,f,f,f,t,2.1,t,1.3,t,109.0,t,0.89,t,122.0,f,,SVI,-,850614034,0
45.0,F,f,f,f,f,f,f,f,f,f,f,f,f,f,f,t,0.02,t,1.4,t,144.0,f,,f,,f,,other,-,850614050,0
53.0,F,f,f,f,f,f,f,f,f,f,f,f,f,f,f,t,1.6,t,2.1,t,117.0,t,1.09,t,107.0,f,,SVI,-,850614058,0
50.0,M,f,f,f,f,f,f,f,f,f,f,f,f,f,f,t,1.0,t,2.0,t,101.0,t,0.94,t,108.0,f,,SVI,-,850617001,0
66.0,F,f,f,f,f,f,f,f,f,f,f,f,f,f,f,t,4.6,t,2.4,t,125.0,t,1.09,t,115.0,f,,SVI,-,850617002,0
22.0,F,f,f,f,f,f,f,f,f,f,f,f,f,f,f,t,5.6,t,3.0,t,123.0,t,1.22,t,101.0,f,,SVI,I,850617003,1
72.0,F,f,f,f,f,f,f,f,f,f,f,f,f,f,f,t,2.3,t,2.3,t,111.0,t,1.14,t,97.0,f,,SVI,-,850617004,0
56.0,F,f,f,f,f,f,f,f,f,f,f,f,f,f,f,t,3.0,t,2.3,t,128.0,t,1.14,t,112.0,f,,other,-,850617005,0
64.0,F,f,f,f,f,f,f,f,f,f,f,f,f,f,f,t,0.09,t,1.0,t,101.0,t,0.82,t,123.0,f,,SVI,K,850617007,1
20.0,F,f,f,f,f,f,f,f,f,f,f,f,f,f,f,f,,f,,f,,f,,f,,t,31.0,other,S,850617019,1
14.0,F,f,f,f,f,f,f,f,f,f,f,f,f,f,f,f,,f,,f,,f,,f,,t,33.0,other,S,850617022,1
33.0,F,f,f,f,f,f,f,f,f,f,f,f,f,f,f,f,,f,,f,,f,,f,,t,44.0,other,S,850617023,1
65.0,F,f,f,f,f,f,f,f,f,f,f,f,f,f,f,f,,f,,f,,f,,f,,t,24.0,other,-,850617025,0
71.0,F,f,f,f,f,f,f,f,f,f,f,f,f,f,f,t,0.02,t,2.2,t,152.0,t,0.78,t,196.0,f,,SVI,AK,850617031,1
76.0,F,f,f,f,f,f,f,f,f,f,f,f,f,f,f,t,6.2,t,0.5,t,130.0,t,0.85,t,153.0,f,,SVI,GK,850617032,1
57.0,M,f,f,f,f,f,f,f,f,f,f,f,f,f,f,t,1.6,t,2.1,t,164.0,t,1.14,t,145.0,f,,SVI,-,850617033,0
56.0,M,f,f,f,f,f,f,f,f,f,f,f,f,f,f,t,2.8,t,1.7,t,113.0,f,,f,,f,,other,-,850617042,0
63.0,,f,f,f,f,f,f,f,f,f,f,f,f,f,f,t,3.4,t,2.1,t,157.0,t,1.16,t,135.0,f,,SVI,-,850617043,0
53.0,F,f,f,f,f,f,f,f,f,f,f,f,f,f,f,t,165.0,t,0.4,t,17.0,t,1.19,t,14.0,f,,other,F,850617051,1
40.0,F,f,f,f,f,f,f,f,f,f,f,f,f,f,f,t,1.1,t,1.8,t,150.0,t,1.04,t,145.0,f,,other,-,850617065,0
31.0,F,t,f,f,f,f,f,f,f,f,f,f,f,f,f,t,22.0,t,1.2,t,146.0,t,1.21,t,121.0,f,,other,M,850617066,1
28.0,F,f,f,f,f,f,f,f,f,f,f,f,f,f,f,t,54.0,t,2.1,t,50.0,t,1.1,t,46.0,f,,SVI,F,850617075,1
15.0,F,f,f,f,f,f,f,f,f,f,f,f,f,f,f,t,1.0,t,1.4,t,64.0,t,0.79,t,81.0,f,,SVI,-,850618011,0
87.0,F,f,f,f,f,f,f,f,f,f,f,f,f,f,f,t,2.2,t,0.9,t,106.0,t,0.92,t,115.0,f,,SVI,K,850618012,1
60.0,M,f,f,f,f,f,f,f,f,f,f,f,f,f,f,t,0.91,t,1.0,t,102.0,t,0.91,t,112.0,f,,SVI,K,850618013,1
65.0,F,f,f,f,f,f,f,f,f,f,f,f,f,f,f,t,0.68,t,1.4,t,101.0,t,0.98,t,103.0,f,,SVI,-,850618015,0
72.0,F,t,f,f,f,f,f,f,f,f,f,f,f,f,f,t,0.01,t,1.1,t,240.0,t,1.07,t,223.0,f,,SVI,L,850618019,1
61.0,F,f,f,f,f,f,f,f,f,f,f,f,f,f,f,t,0.61,t,1.6,t,103.0,t,0.93,t,111.0,f,,SVI,-,850618020,0
61.0,F,f,f,f,t,f,t,f,f,f,f,f,f,f,f,t,1.8,t,1.9,t,102.0,t,1.06,t,97.0,f,,SVHD,-,850618021,0
29.0,F,f,f,f,f,f,f,f,f,f,f,f,f,f,f,t,4.6,t,1.6,t,97.0,t,1.12,t,87.0,f,,SVHC,-,850618024,0
68.0,F,f,f,f,f,f,f,f,t,f,f,f,f,f,f,t,2.3,t,1.5,t,112.0,t,0.99,t,114.0,f,,other,-,850618025,0
63.0,F,f,f,f,f,f,f,f,f,f,f,f,f,f,f,t,8.2,t,2.1,t,80.0,t,1.01,t,79.0,f,,other,G,850618037,1
70.0,M,f,f,f,f,f,f,f,f,f,f,f,f,f,f,t,1.1,t,1.4,t,106.0,t,0.92,t,115.0,f,,SVI,-,850618076,0
30.0,F,f,f,f,f,f,f,f,f,f,f,t,f,f,f,f,,t,1.8,t,89.0,t,1.05,t,85.0,f,,other,-,850619002,0
53.0,M,f,f,f,f,f,f,f,f,f,f,f,f,f,f,t,1.9,t,2.6,t,118.0,t,1.1,t,107.0,f,,SVI,-,850619003,0
28.0,F,f,f,f,f,f,f,f,f,f,f,f,t,f,f,t,35.0,t,2.3,t,42.0,t,1.01,t,41.0,f,,SVI,F,850619005,1
28.0,F,f,f,f,f,f,f,f,f,f,f,f,f,f,f,t,1.4,t,2.4,t,102.0,t,1.08,t,95.0,f,,SVI,-,850619007,0
64.0,F,t,f,f,f,f,f,f,t,f,f,f,f,f,f,t,0.85,t,1.1,t,99.0,t,1.11,t,90.0,f,,SVI,K,850619008,1
71.0,M,f,f,f,f,f,f,f,f,f,f,f,f,f,f,t,1.3,t,1.4,t,116.0,t,0.96,t,121.0,f,,SVI,-,850619010,0
72.0,F,f,f,f,f,f,f,f,f,f,f,f,f,f,f,t,0.4,t,1.3,t,91.0,t,1.02,t,89.0,f,,SVI,-,850619011,0
25.0,M,f,f,f,f,f,f,f,f,f,f,f,f,f,f,t,0.035,t,3.3,t,116.0,f,,f,,f,,other,-,850619013,0
42.0,F,f,f,f,f,f,f,f,f,f,f,f,f,f,f,t,5.2,t,1.4,t,58.0,t,0.83,t,69.0,f,,SVI,-,850619054,0
82.0,F,f,f,f,f,f,f,f,f,f,f,f,f,f,f,t,0.17,t,1.8,t,119.0,t,0.91,t,130.0,f,,SVI,-,850619055,0
21.0,F,f,f,f,f,f,f,f,f,f,f,f,f,f,t,t,0.83,t,2.2,t,132.0,t,0.99,t,133.0,f,,SVHC,-,850619056,0
54.0,F,f,f,f,f,f,f,f,f,f,f,f,f,f,f,t,0.035,t,1.4,t,152.0,t,1.05,t,145.0,f,,SVI,-,850619057,0
71.0,F,f,f,f,t,f,f,f,t,f,f,f,f,f,f,t,1.6,t,1.8,t,136.0,t,1.16,t,117.0,f,,SVI,-,850619058,0
76.0,F,f,f,f,f,f,f,f,f,f,f,f,f,f,f,t,2.4,t,0.05,t,38.0,t,0.52,t,73.0,f,,SVI,J,850619059,1
62.0,F,f,f,f,f,f,f,f,f,f,f,f,t,f,f,t,0.035,t,2.6,t,128.0,t,1.03,t,124.0,f,,SVI,-,850619060,0
56.0,M,f,f,f,f,f,f,f,f,f,f,f,f,f,f,t,1.2,t,1.6,t,119.0,t,1.05,t,113.0,f,,SVI,-,850619061,0
76.0,F,f,f,f,f,f,f,f,f,f,f,f,f,f,f,t,5.6,t,1.0,t,143.0,t,0.83,t,173.0,f,,SVI,-,850619062,0
73.0,M,f,f,f,f,f,f,f,f,f,f,f,f,f,f,t,0.35,t,1.6,t,120.0,t,1.11,t,108.0,f,,other,-,850619063,0
73.0,M,f,f,f,f,f,f,f,f,f,f,f,f,f,t,t,1.7,t,3.6,t,115.0,t,1.23,t,93.0,f,,SVHC,-,850619064,0
64.0,F,f,f,f,f,f,f,f,f,f,f,f,f,f,f,t,0.035,t,1.0,t,103.0,t,0.85,t,122.0,f,,SVI,K,850619065,1
34.0,F,f,f,f,f,f,f,f,f,f,f,f,f,f,f,t,0.035,t,3.1,t,142.0,t,1.47,t,97.0,f,,other,I,850619074,1
29.0,F,t,f,f,f,f,f,f,f,f,f,f,f,f,f,t,1.7,f,,t,141.0,t,1.25,t,113.0,f,,other,-,850620008,0
39.0,M,f,f,f,f,f,f,f,f,f,f,f,f,f,f,t,2.3,t,2.5,t,130.0,t,1.01,t,129.0,f,,other,-,850620011,0
39.0,F,f,f,f,f,f,f,f,f,f,f,f,f,f,t,t,1.9,t,2.4,t,95.0,t,1.21,t,78.0,f,,other,-,850620012,0
59.0,F,f,f,f,t,f,f,f,f,f,f,f,f,f,f,t,7.1,t,1.9,t,98.0,t,1.11,t,88.0,f,,SVHD,G,850620013,1
22.0,F,f,f,t,f,f,f,f,f,f,f,f,f,f,f,t,2.4,t,1.7,t,103.0,t,1.0,t,103.0,f,,other,-,850620019,0
71.0,F,t,f,f,f,f,f,f,f,f,f,f,f,f,f,t,2.7,t,1.2,t,107.0,t,1.1,t,97.0,f,,other,-,850620037,0
71.0,F,t,f,f,f,f,f,f,f,f,f,f,f,f,f,t,0.32,t,1.6,t,164.0,t,1.11,t,148.0,f,,other,-,850620038,0
25.0,F,t,f,f,f,f,f,f,t,f,f,f,f,f,f,t,2.4,t,2.2,t,152.0,t,1.36,t,112.0,f,,other,-,850620040,0
25.0,F,f,f,f,f,f,f,f,f,f,f,f,f,f,f,t,1.9,t,1.7,t,167.0,t,1.21,t,137.0,f,,other,I,850620045,1
54.0,F,t,f,f,f,f,f,f,f,f,f,f,f,f,f,t,0.035,t,1.9,t,100.0,t,1.11,t,90.0,f,,other,-,850620047,0
64.0,M,f,f,f,f,f,f,f,f,f,f,f,f,f,f,t,2.0,t,1.3,t,124.0,t,0.9,t,138.0,f,,SVI,-,850620049,0
56.0,M,f,f,f,f,f,f,f,f,f,f,f,f,f,f,t,1.6,t,1.9,t,97.0,t,0.99,t,99.0,f,,other,-,850620050,0
69.0,F,f,f,f,t,f,f,f,f,f,f,f,f,f,f,t,2.5,t,1.5,t,82.0,t,0.66,t,124.0,f,,SVI,-,850620051,0
71.0,M,t,f,f,f,f,f,f,f,f,f,f,f,f,f,t,7.8,t,1.4,t,111.0,t,0.96,t,116.0,f,,SVI,M,850620053,1
35.0,F,f,f,f,f,f,f,f,f,f,f,f,f,f,f,t,3.8,t,2.0,t,98.0,t,1.01,t,97.0,f,,SVHC,-,850620055,0
78.0,F,f,f,f,t,f,f,f,f,f,f,f,f,f,f,t,4.1,t,1.9,t,116.0,t,1.05,t,110.0,f,,other,-,850620056,0
61.0,M,f,f,f,f,f,f,f,f,f,f,f,f,f,f,f,,f,,f,,f,,f,,t,18.0,other,-,850620061,0
55.0,F,f,f,f,f,f,f,f,f,f,f,f,f,f,f,f,,f,,f,,f,,f,,t,72.0,other,S,850620062,1
29.0,M,f,f,f,f,f,f,f,f,f,f,f,f,f,f,f,,f,,f,,f,,f,,t,20.0,other,-,850620063,0
21.0,F,f,f,f,f,f,f,f,f,f,f,f,f,f,f,f,,f,,f,,f,,f,,t,135.0,other,S,850620067,1
77.0,F,f,f,f,f,f,f,f,f,f,f,f,f,f,f,f,,f,,f,,f,,f,,t,31.0,other,S,850620069,1
20.0,F,t,f,f,f,f,f,f,f,f,f,f,f,f,f,t,0.02,t,2.6,t,171.0,t,1.12,t,153.0,f,,other,-,850620071,0
64.0,F,t,f,f,f,f,f,f,f,f,f,f,f,f,f,t,1.0,t,1.5,t,126.0,t,0.86,t,147.0,f,,other,-,850620075,0
56.0,M,f,f,f,f,f,f,f,f,f,f,f,f,f,f,t,0.05,t,0.7,t,50.0,t,0.25,t,205.0,f,,other,-,850620076,0
70.0,F,f,f,f,f,f,f,f,f,f,f,f,f,f,f,t,6.2,t,1.8,t,124.0,t,1.11,t,112.0,f,,other,G,850620078,1
61.0,M,f,f,f,t,f,f,f,f,f,f,f,f,f,f,f,,f,,f,,f,,f,,t,0.15,other,-,850621006,0
25.0,M,f,f,f,f,f,f,f,f,f,f,f,f,f,f,t,8.799999,t,2.2,t,109.0,t,0.97,t,113.0,f,,other,G,850621016,1
30.0,F,f,f,f,f,f,f,f,f,f,f,f,f,f,f,t,1.3,t,2.3,t,106.0,t,1.06,t,100.0,f,,other,-,850621018,0
73.0,F,f,f,f,f,f,f,f,f,f,f,f,f,f,f,t,9.9,t,0.7,t,111.0,t,0.92,t,120.0,f,,SVI,GK,850621027,1
73.0,F,f,f,f,f,f,f,f,f,f,f,f,f,f,f,t,4.1,t,2.2,t,145.0,t,1.34,t,108.0,f,,other,-,850621028,0
73.0,F,f,f,f,f,f,f,f,f,f,f,f,f,f,f,f,,t,2.0,t,87.0,f,,f,,f,,SVI,-,850621029,0
29.0,F,f,f,f,f,f,f,f,f,f,f,f,f,f,f,f,,t,1.4,t,76.0,t,0.57,t,132.0,f,,other,-,850624003,0
29.0,,f,f,f,f,f,f,f,f,f,f,f,f,f,f,t,4.4,t,1.7,t,94.0,t,0.97,t,97.0,f,,other,-,850624004,0
76.0,F,f,f,f,f,f,f,f,f,f,f,f,f,f,f,t,1.3,t,1.8,t,101.0,t,1.17,t,86.0,f,,other,-,850624005,0
76.0,F,f,f,f,f,f,f,f,t,f,f,f,f,f,f,t,0.42,t,1.0,t,115.0,t,1.11,t,104.0,f,,SVI,K,850624006,1
79.0,F,f,f,f,f,f,f,f,f,f,f,f,f,f,f,t,5.6,t,1.5,t,94.0,t,1.02,t,92.0,f,,SVI,-,850624007,0
72.0,M,f,f,f,f,f,f,f,f,f,f,f,t,f,f,t,0.28,t,0.9,t,79.0,t,0.7,t,112.0,f,,SVI,K,850624009,1
80.0,M,f,f,f,f,f,f,f,f,f,f,f,f,f,f,t,0.37,t,0.7,t,134.0,t,1.12,t,120.0,f,,SVI,K,850624010,1
39.0,F,f,f,f,f,f,f,f,f,f,f,f,f,f,f,t,160.0,t,0.4,t,11.0,t,1.24,t,8.9,f,,other,F,850624014,1
36.0,F,f,f,f,f,f,f,f,f,f,f,f,f,f,f,t,25.0,t,0.3,t,10.0,t,1.18,t,8.4,f,,other,F,850624026,1
28.0,F,f,f,f,f,f,f,f,f,f,f,f,f,f,f,t,0.9,t,4.5,t,204.0,t,2.03,t,100.0,f,,STMW,I,850624029,1
23.0,F,f,f,f,f,f,f,f,f,f,f,f,f,f,f,t,1.3,t,2.1,t,108.0,t,1.04,t,105.0,f,,STMW,-,850624030,0
28.0,F,f,f,f,f,f,f,f,f,f,f,f,f,f,f,t,0.8,t,3.8,t,193.0,t,1.93,t,100.0,f,,STMW,I,850624034,1
58.0,F,t,f,f,f,f,f,f,f,f,f,f,f,f,f,t,5.4,t,1.6,t,105.0,f,,f,,f,,other,-,850624038,0
69.0,M,t,f,f,f,f,f,t,f,f,f,f,f,f,f,t,1.3,t,2.0,t,121.0,t,1.07,t,113.0,f,,other,-,850624046,0
29.0,M,f,f,f,f,f,f,f,f,f,f,f,f,f,f,t,0.9,t,2.7,t,156.0,t,1.25,t,125.0,f,,SVHC,-,850625006,0
59.0,F,f,f,f,f,f,f,f,f,f,f,f,f,f,f,t,0.4,t,1.6,t,113.0,t,0.99,t,114.0,f,,SVI,-,850625009,0
59.0,F,f,f,f,f,f,f,f,f,f,f,f,f,f,f,t,1.4,t,1.1,t,121.0,t,1.11,t,109.0,f,,SVI,K,850625010,1
59.0,M,f,f,f,f,f,f,f,f,f,f,f,f,f,f,t,2.2,t,2.5,t,96.0,t,0.91,t,105.0,f,,other,-,850625011,0
59.0,M,f,f,f,f,f,f,f,f,f,f,f,f,f,f,t,2.4,t,1.9,t,133.0,t,0.99,t,134.0,f,,SVHC,-,850625012,0
56.0,,f,f,f,f,f,f,f,f,f,f,f,f,f,f,t,2.1,t,2.2,t,91.0,t,0.84,t,108.0,f,,other,-,850625016,0
70.0,M,f,f,f,f,f,f,f,f,f,f,f,f,f,f,t,1.5,t,2.3,t,141.0,t,1.2,t,117.0,f,,SVI,-,850625018,0
70.0,F,f,f,f,f,f,f,f,f,f,f,f,f,f,f,t,1.1,t,2.6,t,162.0,t,1.21,t,134.0,f,,other,I,850625019,1
51.0,F,f,f,f,f,f,f,f,f,f,f,f,f,f,f,f,,f,,f,,f,,f,,t,28.0,other,-,850625040,0
72.0,M,f,f,f,f,f,f,f,f,t,f,f,t,f,f,t,1.5,t,1.8,f,,t,0.93,t,112.0,f,,SVI,-,850625047,0
58.0,F,f,f,f,f,f,f,f,f,f,f,f,f,f,f,t,2.8,t,2.1,t,109.0,f,,f,,f,,other,-,850626013,0
67.0,M,f,f,f,f,f,f,f,t,f,f,f,f,f,f,t,1.7,f,,t,82.0,t,0.89,t,92.0,f,,other,-,850626015,0
72.0,M,f,f,f,f,f,f,f,f,f,f,f,f,f,f,t,2.3,t,2.0,t,106.0,t,1.01,t,105.0,f,,SVI,-,850626017,0
84.0,M,f,f,f,f,f,f,f,f,f,f,f,f,f,f,t,1.7,t,1.2,t,132.0,t,0.92,t,145.0,f,,SVI,-,850626018,0
69.0,F,f,f,f,f,f,f,f,f,f,f,f,f,f,f,t,2.1,t,1.9,t,90.0,t,0.87,t,104.0,f,,SVI,-,850626019,0
73.0,F,f,f,f,f,f,f,f,f,f,f,f,f,f,f,t,2.2,t,1.6,t,129.0,t,1.22,t,106.0,f,,SVI,-,850626020,0
76.0,M,f,f,f,f,f,f,f,f,f,f,f,f,f,f,t,3.2,t,0.8,t,101.0,t,0.99,t,103.0,f,,SVHC,K,850626021,1
28.0,M,f,f,f,f,f,f,f,f,f,f,f,f,f,t,t,2.1,t,2.6,t,121.0,t,0.94,t,130.0,f,,SVHC,-,850626022,0
47.0,F,f,f,f,f,f,f,f,f,f,f,f,f,f,f,t,3.0,t,1.4,t,159.0,t,0.95,t,166.0,f,,SVI,R,850626023,1
1.0,,f,f,f,f,f,f,f,f,f,f,f,f,f,f,t,43.0,f,,f,,f,,f,,f,,STMW,F,850626052,1
1.0,M,f,f,f,f,f,f,f,f,f,f,f,f,f,f,t,1.6,t,1.8,t,119.0,t,1.05,t,113.0,f,,SVI,-,850627013,0
47.0,F,f,f,f,f,f,f,f,f,f,f,f,f,f,f,t,2.0,t,1.0,t,130.0,t,0.88,t,148.0,f,,SVI,K,850627014,1
80.0,M,f,f,f,f,f,f,f,f,f,f,f,f,f,f,t,1.4,t,0.8,t,105.0,t,0.88,t,120.0,f,,SVI,K,850627015,1
73.0,F,f,f,f,f,f,f,f,f,f,f,f,f,f,f,t,1.8,t,1.7,t,130.0,t,1.2,t,109.0,f,,SVI,-,850627016,0
73.0,F,f,f,f,f,f,f,f,f,f,f,f,f,f,f,t,2.9,t,2.0,t,121.0,t,1.19,t,102.0,f,,other,-,850627017,0
44.0,F,f,f,f,f,f,f,f,f,f,f,f,f,f,f,t,1.2,t,1.7,t,92.0,t,0.98,t,94.0,f,,other,-,850627019,0
88.0,F,f,f,f,f,f,f,f,f,f,f,f,f,f,f,t,3.5,t,1.6,t,94.0,t,0.944,t,100.0,f,,SVI,-,850627020,0
72.0,M,f,f,f,f,f,f,f,f,f,f,f,f,f,f,t,1.7,t,2.0,t,78.0,t,0.94,t,87.0,f,,other,-,850627021,0
72.0,M,f,f,f,f,f,f,f,f,f,f,f,f,f,f,t,2.4,t,2.2,t,96.0,t,0.93,t,103.0,f,,SVHC,-,850627022,0
72.0,F,f,f,f,f,f,f,f,f,f,f,f,f,f,f,t,2.3,t,0.9,t,140.0,f,,f,,f,,SVI,K,850627023,1
69.0,M,f,f,f,f,f,f,f,f,f,f,f,f,f,f,t,1.1,t,1.6,t,99.0,t,0.92,t,108.0,f,,other,-,850627024,0
46.0,F,f,f,f,f,f,f,f,f,f,f,f,f,f,f,t,1.9,t,2.0,t,106.0,t,1.01,t,104.0,f,,SVHC,-,850627025,0
46.0,M,f,f,f,f,f,f,f,f,f,f,f,f,f,f,t,1.4,t,1.5,t,97.0,t,0.94,t,104.0,f,,other,-,850627026,0
53.0,F,t,f,f,f,f,f,f,f,f,f,f,f,f,f,t,0.005,t,3.4,t,201.0,t,1.08,t,186.0,f,,other,N,850627027,1
53.0,M,t,f,f,f,f,f,f,f,f,f,f,f,f,f,t,1.5,t,2.8,t,130.0,t,1.01,t,128.0,f,,other,-,850627045,0
68.0,M,f,f,f,f,f,f,f,f,f,f,f,t,f,f,t,4.0,t,1.1,t,115.0,t,0.9,t,128.0,f,,SVI,K,850627049,1
43.0,M,f,f,f,f,f,f,f,f,f,f,f,f,f,f,t,0.9,t,1.5,t,76.0,t,0.81,t,93.0,f,,other,-,850627050,0
39.0,M,f,f,f,f,f,f,f,f,f,f,f,f,f,f,t,1.4,t,1.7,t,94.0,t,0.85,t,110.0,f,,other,-,850627062,0
28.0,F,f,f,f,f,f,f,f,f,f,f,f,f,f,f,t,5.9,t,2.0,t,126.0,t,1.26,t,100.0,f,,other,-,850627078,0
31.0,F,f,f,f,f,f,f,f,f,f,f,f,f,f,f,t,1.6,t,2.3,t,89.0,t,1.22,t,72.0,f,,other,-,850627079,0
34.0,F,t,f,t,f,f,f,f,f,f,f,f,f,f,f,t,26.0,t,3.7,t,107.0,t,1.21,t,88.0,f,,other,OI,850627082,1
55.0,F,t,t,f,t,f,f,f,f,f,f,f,f,f,f,t,0.005,t,1.6,t,115.0,t,0.84,t,138.0,f,,SVHD,-,850627083,0
54.0,F,f,f,f,f,f,f,f,f,f,f,f,t,f,f,t,0.7,t,2.0,t,95.0,t,0.99,t,96.0,f,,other,-,850628005,0
48.0,F,f,f,f,f,f,f,f,f,f,f,f,f,f,f,t,0.02,t,2.2,t,127.0,t,1.05,t,121.0,f,,other,-,850628006,0
43.0,M,f,f,f,f,f,f,f,f,f,f,f,f,f,f,t,3.3,t,2.5,t,70.0,t,0.93,t,75.0,f,,SVI,-,850628016,0
46.0,M,f,f,f,f,f,f,f,f,f,f,f,f,f,f,t,0.88,t,0.7,t,82.0,f,,f,,f,,other,-,850628021,0
46.0,F,f,f,f,f,f,f,f,f,t,t,f,f,f,f,t,1.7,t,1.1,t,94.0,t,0.91,t,103.0,f,,SVI,K,850628022,1
49.0,F,f,f,f,f,f,f,f,f,f,f,f,f,f,f,t,2.2,t,2.3,t,92.0,f,,f,,f,,other,-,850628024,0
49.0,F,f,f,f,f,f,f,f,f,f,f,f,f,f,f,t,1.1,t,1.3,t,108.0,t,0.83,t,130.0,f,,SVI,-,850628025,0
81.0,F,f,f,f,f,f,f,f,f,f,f,f,f,f,f,t,3.2,t,1.8,t,123.0,t,0.98,t,125.0,f,,SVI,-,850628026,0
56.0,F,f,f,f,f,f,f,f,t,f,f,f,f,f,f,t,1.5,f,,t,103.0,t,1.07,t,97.0,f,,SVI,-,850628027,0
56.0,,f,f,f,f,f,f,f,f,f,f,f,f,f,f,t,2.4,t,1.7,t,86.0,t,0.91,t,95.0,f,,other,-,850628028,0
23.0,F,f,f,f,f,f,f,f,f,f,f,f,f,f,f,t,2.6,t,1.8,t,107.0,t,1.06,t,101.0,f,,other,-,850628034,0
23.0,F,f,f,f,f,f,f,f,f,f,f,f,f,f,f,f,,f,,f,,f,,f,,t,28.0,other,-,850628046,0
79.0,F,f,f,f,f,f,f,f,f,f,f,f,f,f,f,t,2.0,t,1.2,t,88.0,t,0.85,t,104.0,f,,SVI,-,850628063,0
32.0,M,f,f,f,f,f,f,f,f,f,f,f,f,f,f,t,3.1,t,2.1,t,88.0,t,0.7,t,125.0,f,,SVI,-,850628064,0
72.0,F,f,f,f,f,f,f,f,f,f,f,f,f,f,f,t,0.02,t,1.4,t,140.0,t,1.13,t,124.0,f,,SVI,-,850628065,0
70.0,F,f,f,f,f,f,f,t,f,f,f,f,f,f,f,t,1.2,f,,t,109.0,t,1.08,t,100.0,f,,other,-,850628074,0
59.0,M,t,f,f,f,f,f,f,f,f,f,f,f,f,f,t,5.2,f,,t,119.0,t,0.93,t,127.0,f,,other,-,850628075,0
61.0,M,f,f,f,f,f,f,t,f,f,f,f,f,f,f,t,0.005,t,2.3,t,110.0,t,1.01,t,109.0,f,,other,-,850628077,0
46.0,F,f,f,f,f,f,f,t,f,f,f,f,f,f,f,t,5.0,t,2.0,t,107.0,t,1.14,t,94.0,f,,other,-,850628078,0
23.0,M,f,f,f,f,f,f,f,f,f,f,f,f,f,f,t,0.03,t,2.8,t,183.0,t,1.23,t,149.0,f,,other,-,850628079,0
34.0,F,f,f,f,f,f,f,f,f,f,f,f,f,f,t,t,1.7,t,1.9,t,104.0,t,1.13,t,92.0,f,,SVHC,-,850701017,0
34.0,M,f,f,f,f,f,f,f,f,f,f,f,f,f,f,t,2.7,t,3.1,t,97.0,t,1.1,t,86.0,f,,SVHC,-,850701018,0
64.0,F,f,f,f,f,f,f,f,f,f,f,f,f,f,f,t,0.08,t,1.3,t,105.0,t,1.05,t,101.0,f,,SVI,-,850701019,0
18.0,F,f,f,f,f,f,f,f,f,f,f,f,f,f,f,t,440.0,t,0.5,t,24.0,t,1.32,t,18.0,f,,other,F,850701027,1
55.0,M,f,f,f,f,f,f,f,f,f,f,f,f,f,f,t,1.4,t,1.6,t,101.0,t,0.93,t,108.0,f,,SVI,-,850701042,0
77.0,F,f,f,f,f,f,f,f,f,f,f,f,f,f,f,t,1.4,t,1.7,t,77.0,t,0.87,t,89.0,f,,SVI,-,850701043,0
83.0,M,f,f,f,f,f,f,f,f,f,f,f,f,f,f,t,2.1,t,1.6,t,103.0,t,0.92,t,112.0,f,,SVI,-,850701044,0
73.0,F,f,f,f,f,f,f,f,f,f,f,f,f,f,f,t,0.84,t,2.0,t,101.0,t,1.04,t,97.0,f,,SVHD,-,850701045,0
77.0,F,f,f,f,f,f,f,f,f,f,f,f,f,f,f,t,0.27,f,,f,,f,,f,,f,,other,-,850701058,0
61.0,F,f,f,f,f,f,f,f,f,f,f,f,f,f,f,t,0.63,t,1.8,t,120.0,t,0.91,t,132.0,f,,other,-,850701061,0
63.0,F,f,f,f,f,f,f,f,f,f,f,f,f,f,f,t,2.0,t,1.6,t,102.0,t,0.82,t,128.0,f,,SVI,-,850702001,0
77.0,F,f,f,f,f,f,f,f,t,t,f,f,f,f,f,f,,t,1.8,t,111.0,t,0.96,t,115.0,f,,other,-,850702007,0
77.0,M,f,f,f,f,f,f,f,f,f,f,f,f,f,t,t,2.0,t,1.3,t,97.0,t,0.9,t,108.0,f,,SVHC,-,850702011,0
36.0,F,f,f,f,f,f,f,f,f,f,f,f,f,f,f,t,1.3,t,3.7,t,184.0,t,1.8,t,102.0,f,,STMW,I,850702013,1
47.0,F,f,f,f,f,f,f,f,f,f,f,f,f,f,f,t,2.3,t,2.0,t,109.0,t,1.0,t,109.0,f,,other,-,850702034,0
72.0,M,f,f,f,f,f,f,f,f,f,f,f,f,f,f,t,1.6,t,2.2,t,87.0,t,1.17,t,74.0,f,,other,-,850702043,0
59.0,F,f,f,f,f,f,f,f,f,f,f,f,f,f,f,t,0.02,t,1.8,t,162.0,t,0.99,t,164.0,f,,other,AK,850702044,1
69.0,F,f,f,f,f,f,f,f,f,f,f,f,f,f,f,t,1.5,t,1.8,t,142.0,t,1.13,t,125.0,f,,other,-,850702047,0
31.0,M,f,f,f,f,f,f,f,f,f,f,f,f,f,f,t,2.2,t,2.3,t,132.0,t,1.16,t,114.0,f,,other,-,850702048,0
49.0,F,f,f,f,f,f,f,f,f,f,f,f,f,f,f,t,1.3,t,1.6,t,126.0,t,0.87,t,145.0,f,,SVI,-,850702049,0
59.0,F,f,f,f,f,f,f,f,f,f,f,f,f,f,f,t,0.015,t,1.5,t,140.0,t,0.88,t,160.0,f,,SVI,R,850702050,1
42.0,F,f,f,f,f,f,f,f,f,f,f,f,f,f,f,t,1.9,t,2.0,t,114.0,t,1.33,t,86.0,f,,other,-,850702056,0
25.0,M,f,f,f,f,f,f,f,f,f,f,f,f,f,f,f,,f,,f,,f,,f,,f,,SVHC,-,850702063,0
78.0,F,f,f,f,f,f,f,f,f,f,f,f,f,f,f,t,2.3,f,,t,80.0,t,0.86,t,93.0,f,,SVI,-,850702076,0
78.0,M,f,f,f,f,f,f,f,f,f,f,f,f,f,f,t,1.5,t,1.3,t,116.0,t,0.97,t,119.0,f,,SVI,-,850702081,0
52.0,M,f,f,f,f,f,f,f,f,f,f,f,f,f,f,t,1.5,t,2.3,t,117.0,t,1.11,t,105.0,f,,SVI,-,850702082,0
52.0,F,f,f,f,f,f,f,f,f,f,f,f,f,f,f,t,2.7,t,2.1,t,116.0,f,,f,,f,,other,-,850702083,0
83.0,F,f,f,f,f,f,f,f,f,f,f,f,f,f,f,t,0.43,t,0.4,t,92.0,t,0.75,t,123.0,f,,SVI,K,850702084,1
30.0,F,f,f,f,f,f,f,f,f,f,f,f,f,f,f,t,0.015,t,2.0,t,71.0,t,0.89,t,80.0,f,,SVI,-,850702085,0
78.0,M,f,f,f,f,f,f,f,f,f,f,f,f,f,f,t,0.71,t,0.5,t,105.0,t,0.82,t,129.0,f,,other,K,850702086,1
78.0,F,f,f,f,f,f,f,f,f,f,f,f,f,f,f,t,1.1,t,1.8,t,98.0,t,1.14,t,85.0,f,,other,-,850702087,0
78.0,F,f,f,f,f,f,f,f,f,f,f,f,f,f,f,t,0.57,t,1.9,t,90.0,t,0.88,t,102.0,f,,other,-,850702088,0
24.0,F,f,f,f,f,f,f,f,f,f,f,f,f,f,f,f,,f,,f,,f,,f,,t,90.0,other,S,850703031,1
59.0,F,f,f,f,f,f,f,f,f,f,f,f,f,f,f,t,0.02,t,1.6,t,140.0,t,0.95,t,148.0,f,,SVI,-,850703036,0
39.0,,f,f,f,f,f,f,f,f,f,f,f,f,f,f,t,4.4,t,1.1,t,63.0,t,0.8,t,78.0,f,,SVI,K,850703038,1
79.0,M,f,f,f,f,f,f,f,f,f,f,f,f,f,f,t,1.1,t,0.7,t,116.0,t,0.85,t,137.0,f,,SVI,K,850703039,1
63.0,F,f,f,f,f,f,f,f,f,f,f,f,f,f,f,t,3.0,t,0.9,t,137.0,t,0.95,t,144.0,f,,SVI,K,850703040,1
62.0,M,f,f,f,f,f,f,f,f,f,f,f,f,f,f,t,1.2,t,1.4,t,113.0,t,1.03,t,110.0,f,,SVI,-,850703041,0
41.0,M,f,f,f,f,f,f,f,f,f,f,f,f,f,f,t,3.7,t,1.7,t,112.0,t,1.05,t,107.0,f,,SVI,-,850703042,0
81.0,M,f,f,f,f,f,f,f,f,f,f,f,f,f,f,t,1.9,t,0.3,t,102.0,t,0.96,t,106.0,f,,SVI,K,850703044,1
40.0,M,f,f,f,f,f,f,f,f,f,f,f,f,f,f,t,1.8,t,2.0,t,88.0,f,,f,,f,,other,-,850703045,0
53.0,F,f,f,f,f,f,f,f,f,f,f,f,f,f,f,t,8.099999,t,2.4,t,132.0,t,1.28,t,103.0,f,,other,G,850703046,1
53.0,,f,f,f,f,f,f,f,f,f,f,f,f,f,f,t,1.5,t,1.8,t,105.0,f,,f,,f,,other,-,850703047,0
63.0,M,f,f,f,f,f,f,f,f,f,f,f,f,f,f,t,2.6,f,,t,84.0,t,0.9,t,93.0,f,,other,-,850703048,0
77.0,F,f,f,f,f,f,f,f,f,f,f,f,f,f,f,t,3.1,t,0.9,t,105.0,t,0.82,t,129.0,f,,SVI,K,850703049,1
77.0,M,f,f,f,f,f,f,f,f,f,f,f,f,f,f,t,2.0,t,2.9,t,151.0,t,1.35,t,111.0,f,,other,I,850703050,1
50.0,F,f,f,f,f,f,f,f,f,f,f,f,f,f,f,t,2.3,t,2.0,t,127.0,t,1.13,t,113.0,f,,SVI,-,850703051,0
23.0,F,f,f,f,f,f,f,f,f,f,f,f,f,f,f,t,2.4,t,1.3,t,72.0,t,0.9,t,80.0,f,,other,-,850703059,0
23.0,F,f,f,f,f,f,f,f,f,f,f,f,f,f,f,t,2.9,t,2.3,t,192.0,t,1.47,t,130.0,f,,other,I,850703063,1
37.0,M,f,f,f,f,f,f,f,f,f,f,f,f,f,t,t,1.1,t,2.0,t,111.0,t,0.91,t,123.0,f,,SVHC,-,850704001,0
49.0,F,f,f,f,f,f,f,f,f,f,f,f,f,f,f,t,1.9,t,1.8,t,81.0,t,0.91,t,88.0,f,,other,-,850704012,0
28.0,F,f,f,f,f,f,f,f,t,f,f,f,f,f,f,t,3.2,t,1.3,t,96.0,t,0.9,t,107.0,f,,other,-,850704018,0
54.0,M,f,f,f,f,f,f,f,f,f,f,f,f,f,f,t,2.4,t,2.2,t,116.0,t,1.03,t,112.0,f,,SVI,-,850704034,0
23.0,F,f,f,f,f,f,f,f,f,f,f,f,f,f,f,t,2.6,t,2.0,t,104.0,t,1.06,t,98.0,f,,other,-,850704035,0
23.0,F,f,f,f,f,f,f,f,f,f,f,f,f,f,f,t,1.9,t,1.6,t,88.0,t,0.89,t,100.0,f,,other,-,850704036,0
52.0,F,f,f,f,f,f,f,f,f,f,f,f,f,f,f,t,2.0,t,1.8,t,93.0,t,0.99,t,95.0,f,,other,-,850704037,0
64.0,F,t,f,f,f,f,f,f,f,f,f,f,f,f,f,t,0.92,f,,t,162.0,t,1.07,t,152.0,f,,other,-,850704038,0
78.0,F,f,f,f,f,f,f,f,f,f,f,f,f,f,f,t,3.1,t,1.1,t,112.0,t,0.82,t,137.0,f,,SVHD,K,850704042,1
70.0,M,f,f,f,f,f,f,f,f,f,f,f,f,f,f,t,0.005,t,1.9,t,103.0,t,0.95,t,109.0,f,,SVI,-,850704043,0
78.0,M,f,f,f,f,f,f,f,f,f,f,f,f,f,f,t,1.5,t,0.8,t,108.0,t,0.81,t,133.0,f,,SVI,K,850704044,1
58.0,F,f,f,f,f,f,f,f,f,f,f,f,f,f,f,t,22.0,t,2.3,t,197.0,t,0.92,t,213.0,f,,SVI,R,850704045,1
34.0,F,f,f,f,f,f,f,f,f,f,f,f,f,f,f,t,3.1,t,1.8,t,94.0,f,,f,,f,,other,-,850704048,0
25.0,M,f,f,f,f,f,f,f,f,f,f,f,f,f,t,t,1.6,t,2.1,t,89.0,t,0.86,t,103.0,f,,SVHC,-,850704049,0
66.0,F,f,f,f,f,f,f,f,f,f,f,f,f,f,f,t,0.71,t,1.7,t,102.0,t,1.12,t,92.0,f,,SVI,-,850704050,0
71.0,F,f,f,f,f,f,f,f,f,f,f,f,f,f,f,t,0.52,t,1.3,t,138.0,t,1.07,t,129.0,f,,other,-,850704051,0
70.0,F,f,f,f,f,f,f,f,f,f,f,f,f,f,f,t,0.005,t,2.6,t,160.0,t,0.88,t,180.0,f,,other,AK,850704062,1
70.0,F,f,f,f,f,f,f,f,t,f,f,f,f,f,f,t,0.005,t,1.7,t,71.0,t,1.08,t,66.0,f,,other,-,850704063,0
33.0,F,f,f,f,f,f,f,f,f,f,f,f,f,f,f,f,,f,,f,,f,,f,,t,18.0,other,-,850704068,0
33.0,F,f,f,f,f,f,f,f,f,f,f,f,f,f,f,f,,f,,f,,f,,f,,t,15.0,other,-,850704078,0
66.0,M,f,f,f,f,f,f,f,f,f,f,f,f,f,f,t,1.3,t,0.3,t,64.0,t,0.66,t,96.0,f,,SVI,K,850705001,1
71.0,F,f,f,f,f,f,f,f,f,f,f,f,f,f,f,f,,f,,f,,f,,f,,t,21.0,other,-,850705005,0
16.0,M,f,f,f,f,f,f,f,f,f,f,f,f,f,f,t,1.8,t,2.0,t,103.0,t,1.03,t,100.0,f,,other,-,850705006,0
45.0,M,f,f,f,f,f,f,f,f,f,f,f,f,f,f,t,6.3,t,2.0,t,119.0,t,1.04,t,114.0,f,,other,G,850705008,1
8.0,F,f,f,f,f,f,f,f,f,f,f,f,f,f,f,t,3.4,f,,t,87.0,t,1.0,t,87.0,f,,other,-,850705010,0
19.0,F,f,f,f,f,f,f,f,f,f,f,f,f,f,f,t,2.2,f,,t,85.0,t,0.95,t,90.0,f,,other,-,850705011,0
33.0,F,f,f,f,f,t,f,f,f,f,f,t,f,f,f,t,3.9,t,2.2,t,120.0,t,1.41,t,85.0,f,,other,-,850705016,0
35.0,F,f,f,f,f,f,f,f,f,t,f,f,f,f,f,t,0.72,t,3.8,t,140.0,t,1.16,t,121.0,f,,other,-,850705038,0
81.0,M,f,f,f,f,f,f,f,f,f,f,f,f,f,f,t,1.3,t,1.2,t,147.0,t,1.06,t,138.0,f,,SVI,-,850705064,0
68.0,F,f,f,f,f,f,f,f,f,f,f,f,f,f,f,t,1.0,t,2.1,t,124.0,t,1.08,t,114.0,f,,SVI,-,850705065,0
23.0,F,f,f,f,f,f,f,f,f,f,f,f,f,f,f,t,1.3,t,2.2,t,103.0,t,1.35,t,76.0,f,,other,-,850705066,0
47.0,M,f,f,f,f,f,f,f,f,f,f,f,f,f,f,t,1.1,t,2.1,t,94.0,t,0.79,t,119.0,f,,other,-,850705069,0
74.0,F,t,f,f,f,f,f,f,f,f,f,f,f,f,f,t,0.5,t,0.8,t,151.0,t,1.01,t,150.0,f,,other,-,850705071,0
49.0,F,f,f,f,f,f,f,f,f,f,f,f,f,f,f,t,0.49,t,1.7,t,146.0,t,0.89,t,165.0,f,,other,R,850705078,1
19.0,M,f,f,f,f,f,f,f,t,f,f,f,f,f,f,t,9.0,t,2.2,t,117.0,f,,f,,f,,other,G,850708007,1
34.0,F,f,f,f,f,f,f,f,f,f,f,f,f,f,t,t,4.4,t,2.7,t,131.0,t,1.73,t,76.0,f,,SVHC,-,850708019,0
37.0,F,f,f,f,f,f,f,f,f,f,f,f,f,f,t,t,2.3,t,1.8,t,78.0,t,1.04,t,76.0,f,,SVHC,-,850708020,0
70.0,F,f,f,f,f,f,f,f,t,f,f,f,f,f,f,t,1.7,t,1.0,t,112.0,t,1.02,t,110.0,f,,SVI,K,850708023,1
62.0,F,f,f,f,f,f,f,f,f,f,f,f,f,f,f,t,1.1,t,1.9,t,113.0,t,1.14,t,99.0,f,,other,-,850708025,0
34.0,M,f,f,f,f,f,f,f,f,f,f,f,f,f,t,t,1.6,t,1.7,t,67.0,t,1.15,t,59.0,f,,SVHC,-,850708026,0
34.0,F,f,f,f,f,f,f,f,f,t,f,f,f,f,f,t,0.005,t,2.0,t,54.0,t,1.66,t,33.0,f,,STMW,-,850708031,0
48.0,F,f,f,f,f,f,f,f,f,f,f,f,f,f,f,t,4.4,t,1.6,t,61.0,t,1.09,t,56.0,f,,other,-,850708045,0
80.0,M,f,f,f,f,f,f,f,f,f,f,f,f,f,f,t,2.0,t,1.2,t,39.0,t,0.95,t,41.0,f,,SVI,K,850708047,1
80.0,M,f,f,f,f,f,f,f,f,f,f,f,f,f,f,t,3.3,t,1.3,t,93.0,t,0.86,t,108.0,f,,SVI,-,850708048,0
75.0,M,f,f,f,f,f,f,f,f,f,f,f,f,f,f,t,2.4,t,0.2,t,78.0,t,0.56,t,139.0,f,,SVI,K,850708051,1
45.0,F,f,f,f,f,f,f,f,f,f,f,f,f,f,f,t,1.8,t,1.7,t,104.0,f,,f,,f,,other,-,850708052,0
82.0,M,f,f,f,f,f,f,f,f,f,f,f,f,f,f,t,2.2,t,1.0,t,68.0,t,0.77,t,88.0,f,,SVI,K,850708053,1
47.0,M,f,f,f,t,f,f,f,f,f,f,f,f,f,f,t,1.5,t,1.5,t,98.0,t,0.86,t,113.0,f,,SVI,-,850708054,0
47.0,M,f,f,f,f,f,f,f,f,f,f,f,f,f,f,t,5.6,t,1.9,t,81.0,t,1.0,t,82.0,f,,SVI,-,850708055,0
62.0,M,f,f,f,t,f,f,f,f,f,f,f,f,f,f,t,3.4,t,1.3,t,92.0,t,0.89,t,104.0,f,,other,-,850708066,0
80.0,F,f,f,t,f,f,f,f,f,f,f,f,f,f,f,t,2.2,t,1.7,t,83.0,t,1.11,t,76.0,f,,other,-,850708074,0
26.0,F,f,f,f,f,f,f,f,f,f,f,f,f,f,f,t,1.9,t,1.5,t,87.0,t,0.94,t,93.0,f,,other,-,850708075,0
66.0,F,f,f,f,f,f,f,f,f,t,f,f,f,f,f,t,0.005,t,1.5,t,76.0,t,0.85,t,89.0,f,,SVI,-,850709004,0
24.0,M,f,f,f,f,f,f,f,f,f,f,f,f,f,f,t,2.0,t,1.6,t,96.0,f,,f,,f,,other,-,850709007,0
56.0,M,f,f,f,f,f,f,f,f,f,f,f,f,f,f,t,2.2,t,1.4,t,71.0,t,0.72,t,99.0,f,,other,-,850709009,0
66.0,M,f,f,f,f,f,f,f,f,f,f,f,f,f,t,t,4.5,t,1.3,t,89.0,t,0.73,t,121.0,f,,SVHC,-,850709010,0
66.0,F,f,f,f,f,f,f,f,f,f,f,f,f,f,f,t,4.5,t,0.5,t,83.0,t,0.77,t,108.0,f,,SVI,K,850709011,1
68.0,M,f,f,f,f,f,f,f,f,f,f,f,f,f,f,t,0.05,t,0.2,t,115.0,t,0.92,t,126.0,f,,SVI,K,850709012,1
23.0,F,f,f,f,f,f,f,f,f,f,f,f,f,f,t,t,1.9,t,2.4,t,129.0,t,1.18,t,109.0,f,,other,-,850709013,0
37.0,M,t,f,f,f,f,f,f,f,f,f,f,t,f,f,t,11.0,t,1.2,t,74.0,t,0.77,t,96.0,f,,SVHC,M,850709014,1
79.0,F,f,f,f,f,f,f,f,f,f,f,f,f,f,f,t,2.4,t,1.3,t,92.0,t,0.92,t,100.0,f,,other,-,850709015,0
54.0,F,t,f,f,f,f,f,f,f,f,t,f,f,f,f,t,0.94,t,1.3,t,78.0,t,1.12,t,70.0,f,,SVHC,-,850709018,0
75.0,M,f,f,f,f,f,f,f,f,f,f,f,f,f,f,f,,f,,t,120.0,t,0.97,t,124.0,f,,other,-,850709036,0
75.0,M,f,f,f,f,f,f,f,f,f,f,f,f,f,f,t,0.97,t,0.6,t,80.0,t,0.72,t,110.0,f,,SVI,K,850709037,1
51.0,F,f,f,f,f,f,f,f,f,f,f,f,f,f,f,t,12.0,t,1.5,t,106.0,t,0.92,t,115.0,f,,SVI,G,850709039,1
63.0,F,f,f,f,f,f,f,f,f,f,f,f,f,f,f,t,1.5,t,1.2,t,117.0,t,0.96,t,121.0,f,,SVI,-,850709040,0
71.0,F,f,f,f,f,f,f,f,f,f,f,f,f,f,f,t,0.56,t,0.6,t,49.0,t,0.54,t,90.0,f,,SVI,J,850709041,1
41.0,M,f,f,f,f,f,f,f,f,f,f,f,f,f,f,t,0.005,t,1.3,t,95.0,t,0.79,t,120.0,f,,SVHC,-,850709042,0
41.0,M,f,f,f,f,f,f,f,f,t,f,f,f,f,f,t,0.005,t,1.5,t,100.0,t,1.01,t,99.0,f,,SVHC,-,850709044,0
27.0,F,f,f,t,f,t,f,f,f,f,f,f,f,f,f,t,0.005,t,2.5,t,145.0,t,1.45,t,100.0,f,,other,-,850709048,0
61.0,M,f,f,f,f,f,f,f,f,f,f,f,f,f,f,f,,t,1.0,t,72.0,t,0.7,t,103.0,f,,other,-,850710008,0
65.0,,t,f,f,f,f,f,t,t,f,f,f,f,f,f,t,0.03,t,1.9,t,151.0,t,0.89,t,169.0,f,,other,L,850710023,1
36.0,F,f,f,f,f,f,f,f,f,f,f,f,f,f,f,t,0.88,t,1.6,t,114.0,t,1.02,t,112.0,f,,other,-,850710026,0
38.0,F,f,f,f,f,f,f,f,f,f,f,f,f,f,f,t,1.5,t,3.3,t,122.0,t,1.46,t,83.0,f,,STMW,I,850710027,1
70.0,M,f,f,f,f,f,f,f,f,f,f,f,f,f,t,t,1.9,t,1.8,t,114.0,t,1.02,t,112.0,f,,SVHC,-,850710032,0
62.0,F,f,f,f,f,f,f,f,t,f,f,f,f,f,f,t,8.599999,f,,t,86.0,t,0.84,t,101.0,f,,other,G,850710033,1
64.0,F,f,f,f,f,f,f,f,t,f,f,f,f,f,f,t,2.9,f,,t,121.0,t,1.0,t,121.0,f,,other,-,850710034,0
37.0,F,t,f,f,f,f,f,f,f,f,f,f,f,f,f,t,0.54,t,2.5,t,170.0,t,1.4,t,121.0,f,,other,-,850710036,0
37.0,M,f,f,f,f,f,f,f,f,f,f,f,f,f,f,t,12.0,t,1.2,t,105.0,t,0.84,t,125.0,f,,other,G,850710041,1
47.0,M,f,f,f,f,f,f,f,f,f,f,f,f,f,f,t,3.3,t,1.8,t,91.0,t,0.92,t,99.0,f,,SVI,-,850710042,0
78.0,M,f,f,f,f,f,f,f,f,f,f,f,f,f,f,t,0.03,t,1.8,t,122.0,t,1.07,t,114.0,f,,SVI,-,850710043,0
71.0,F,f,f,f,f,f,f,f,f,f,f,f,f,f,f,t,1.3,t,0.9,t,126.0,t,0.85,t,148.0,f,,SVI,K,850710044,1
71.0,F,f,f,f,t,f,f,f,f,t,f,f,f,f,f,t,0.03,t,3.8,t,171.0,t,1.13,t,151.0,f,,other,-,850710045,0
66.0,F,f,f,f,f,f,t,f,f,t,f,f,f,f,f,t,1.7,t,1.4,t,89.0,t,0.87,t,103.0,f,,SVI,-,850710046,0
46.0,,f,f,f,f,f,f,f,f,f,f,f,f,f,f,t,2.2,t,1.7,t,81.0,f,,f,,f,,SVI,-,850710047,0
87.0,F,f,f,f,f,f,f,f,f,f,f,f,f,f,f,t,0.79,t,1.5,t,145.0,t,0.88,t,165.0,f,,SVI,R,850710048,1
87.0,F,f,f,f,f,f,f,f,f,f,f,f,f,f,f,t,15.0,t,4.5,t,239.0,t,2.12,t,113.0,f,,other,-,850710057,0
61.0,M,t,f,f,f,f,f,f,f,f,f,f,f,f,f,t,3.8,t,1.3,t,93.0,t,0.84,t,111.0,f,,other,-,850710058,0
76.0,F,f,f,f,f,f,f,f,f,f,f,f,f,f,f,t,3.9,t,1.7,t,104.0,t,1.04,t,100.0,f,,SVI,-,850710060,0
47.0,F,f,f,f,f,f,f,f,f,t,f,f,f,f,f,t,1.2,t,2.1,t,130.0,t,0.99,t,131.0,f,,other,-,850710067,0
56.0,F,f,f,f,f,f,f,f,f,f,f,f,f,f,f,t,0.4,f,,f,,f,,f,,f,,other,-,850710072,0
35.0,M,f,t,f,f,f,f,f,f,f,f,f,f,f,f,t,0.035,t,1.7,t,114.0,t,0.98,t,115.0,f,,other,-,850710080,0
57.0,M,f,f,f,f,f,f,f,f,f,f,f,f,f,f,f,,f,,f,,f,,f,,t,24.0,other,-,850711016,0
65.0,F,f,f,f,t,f,f,f,t,f,f,f,f,f,f,f,,f,,f,,f,,f,,t,22.0,other,-,850711023,0
18.0,F,f,f,f,f,f,f,f,f,f,f,f,t,f,f,f,,f,,f,,f,,f,,t,24.0,other,-,850711025,0
38.0,F,f,f,f,f,f,f,f,f,f,f,t,t,f,f,f,,f,,f,,f,,f,,t,29.0,other,-,850711027,0
52.0,F,f,f,f,f,f,f,f,f,f,f,f,f,f,f,t,1.8,t,2.3,t,128.0,t,1.22,t,105.0,f,,other,-,850711029,0
52.0,F,f,f,f,f,f,f,f,f,f,f,f,f,f,f,t,2.6,t,1.6,t,103.0,t,0.92,t,111.0,f,,other,-,850711030,0
36.0,M,f,f,f,f,f,f,f,f,f,f,f,f,f,t,t,1.9,t,1.8,t,122.0,t,0.92,t,113.0,f,,SVHC,-,850711031,0
36.0,F,f,f,f,f,f,f,f,f,f,f,f,f,f,f,t,4.7,t,2.0,t,19.0,t,1.12,t,17.0,f,,SVI,K,850711032,1
53.0,F,f,f,f,f,f,f,f,f,f,f,f,f,f,t,t,1.5,t,1.6,t,108.0,t,1.14,t,95.0,f,,SVHC,-,850711034,0
40.0,F,f,f,f,f,f,f,f,f,t,f,f,f,f,f,t,9.2,t,1.5,t,113.0,t,1.03,t,109.0,f,,other,G,850711046,1
71.0,F,f,f,f,f,f,t,f,f,f,f,f,f,f,f,t,0.03,t,1.5,t,104.0,t,1.05,t,100.0,f,,other,-,850711051,0
17.0,F,t,f,f,f,f,f,f,f,f,f,f,f,f,f,t,13.0,t,1.6,t,151.0,t,1.39,t,109.0,f,,other,-,850711069,0
50.0,F,t,f,f,f,f,f,f,f,f,f,f,f,f,f,t,0.03,f,,t,124.0,t,0.99,t,130.0,f,,other,-,850711070,0
41.0,F,f,f,f,f,f,f,t,f,f,f,f,f,f,f,t,3.2,t,1.3,t,78.0,t,0.97,t,80.0,f,,other,-,850711071,0
56.0,F,f,f,f,f,f,f,f,f,f,f,f,f,f,f,t,2.0,t,1.0,t,54.0,t,0.78,t,70.0,f,,other,-,850711072,0
34.0,F,f,f,f,f,f,f,f,f,f,f,f,f,f,f,t,1.8,t,1.4,t,85.0,t,0.93,t,92.0,f,,other,-,850711074,0
34.0,M,f,f,f,f,f,f,f,f,f,f,f,f,f,f,t,0.03,t,1.6,t,96.0,t,0.97,t,99.0,f,,other,-,850711075,0
77.0,M,f,f,f,f,f,f,f,f,f,f,f,f,f,f,t,1.3,t,1.3,t,102.0,t,0.95,t,108.0,f,,SVI,-,850711076,0
59.0,F,f,f,f,t,f,f,f,f,f,f,f,f,f,f,t,6.8,t,0.7,t,84.0,t,0.78,t,107.0,f,,SVI,GK,850711078,1
60.0,F,t,f,f,f,f,f,f,f,f,f,f,f,f,f,t,400.0,t,0.5,t,11.0,t,1.19,t,9.099999,f,,other,F,850711080,1
62.0,M,t,f,f,f,f,f,f,f,f,f,f,f,f,f,t,0.54,f,,t,85.0,t,0.94,t,91.0,f,,other,-,850711090,0
14.0,F,f,f,f,f,f,f,f,f,f,f,f,f,f,f,f,,f,,t,100.0,t,1.09,t,91.0,f,,other,-,850711092,0
40.0,F,f,f,f,f,f,f,f,f,f,f,f,f,f,f,f,,f,,f,,f,,f,,t,31.0,other,S,850711098,1
63.0,F,f,f,f,f,f,f,f,f,f,f,f,f,f,f,f,,f,,f,,f,,f,,t,24.0,other,-,850711099,0
32.0,F,f,f,f,f,f,f,f,f,t,f,f,f,f,f,t,2.8,t,1.3,t,86.0,t,0.89,t,96.0,f,,other,-,850712003,0
28.0,F,f,f,f,f,f,t,f,f,f,f,f,f,f,f,t,103.0,t,2.1,t,65.0,t,1.16,t,56.0,f,,SVI,F,850712004,1
30.0,F,f,f,f,f,f,f,f,f,f,f,f,f,f,f,t,8.5,t,2.1,t,91.0,t,1.16,t,79.0,f,,other,G,850712005,1
20.0,F,f,f,t,f,f,f,f,f,t,f,f,f,f,f,t,0.03,t,2.7,t,107.0,t,1.07,t,100.0,f,,other,-,850712007,0
86.0,M,f,f,f,f,f,f,f,f,f,f,f,f,f,f,t,5.5,t,0.2,t,38.0,t,0.76,t,50.0,f,,SVI,K,850712014,1
63.0,M,f,f,f,f,f,f,f,f,f,f,f,f,f,f,t,7.4,t,2.0,t,120.0,t,1.02,t,117.0,f,,other,G,850712027,1
67.0,M,f,f,f,f,f,f,f,f,f,f,t,f,f,f,f,,f,,t,101.0,t,1.01,t,100.0,f,,other,-,850712029,0
69.0,F,f,f,f,f,f,f,f,f,f,f,f,f,f,f,t,0.75,t,1.6,t,100.0,t,0.93,t,107.0,f,,other,-,850712031,0
69.0,F,f,f,f,f,f,f,f,f,f,f,f,f,f,f,t,1.2,t,2.3,t,104.0,f,,f,,f,,other,-,850712040,0
74.0,F,f,f,f,f,f,f,f,t,f,f,f,f,f,f,t,23.0,t,0.2,t,50.0,t,0.85,t,58.0,f,,SVI,F,850712041,1
38.0,M,t,f,f,f,f,f,f,t,f,f,f,f,f,f,f,,f,,f,,f,,f,,t,11.0,other,-,850712046,0
57.0,M,f,f,f,f,f,f,f,f,f,f,f,f,f,f,t,1.0,t,2.1,t,102.0,t,0.97,t,105.0,f,,SVI,-,850712069,0
32.0,M,f,f,f,f,f,f,f,f,t,f,f,f,f,f,t,2.2,t,2.0,t,102.0,t,0.86,t,119.0,f,,SVHC,-,850712071,0
59.0,F,f,f,f,f,f,f,f,f,f,f,f,f,f,f,t,1.7,t,2.1,t,84.0,t,1.0,t,83.0,f,,SVI,-,850712072,0
88.0,F,f,f,f,f,f,f,f,f,f,f,f,f,f,f,t,1.2,t,1.6,t,107.0,t,1.09,t,99.0,f,,SVI,-,850712073,0
63.0,F,f,f,f,f,f,f,f,f,f,f,f,f,f,f,t,1.8,t,2.3,t,146.0,t,1.34,t,108.0,f,,SVI,-,850712074,0
26.0,F,f,f,f,f,f,f,f,f,f,f,f,f,f,f,f,,t,1.9,t,92.0,t,1.0,t,92.0,f,,other,-,850712075,0
26.0,M,f,f,f,f,f,f,f,f,f,f,f,f,f,f,t,2.9,t,1.7,t,129.0,t,1.1,t,116.0,f,,SVI,-,850712077,0
48.0,F,f,f,f,f,f,f,f,f,f,f,f,f,f,f,t,0.03,t,1.8,t,83.0,t,1.19,t,69.0,f,,other,-,850712079,0
63.0,F,f,f,f,f,f,f,f,f,f,f,f,f,f,f,t,1.5,t,1.9,t,97.0,t,1.03,t,94.0,f,,other,-,850715010,0
58.0,M,t,f,f,f,f,f,f,f,f,f,f,f,f,f,t,0.035,f,,t,137.0,t,0.91,t,151.0,f,,other,-,850715021,0
58.0,F,f,f,f,f,f,f,f,f,f,f,f,f,f,f,f,,f,,f,,f,,f,,t,19.0,other,-,850715027,0
58.0,M,f,f,f,f,f,f,f,f,f,f,f,f,f,f,t,2.3,t,2.3,t,104.0,t,1.08,t,96.0,f,,SVHC,-,850715029,0
43.0,F,f,f,f,f,f,f,f,f,f,f,f,f,f,f,t,2.0,t,1.8,t,121.0,t,0.94,t,129.0,f,,SVHC,-,850715030,0
22.0,M,f,f,f,f,f,f,f,f,f,f,f,f,f,f,t,1.7,t,2.3,t,127.0,t,1.0,t,127.0,f,,other,-,850715031,0
75.0,F,f,f,f,f,f,f,f,f,f,f,f,f,f,f,t,4.9,t,1.9,t,122.0,t,0.95,t,129.0,f,,SVI,-,850715032,0
82.0,F,f,f,f,f,f,f,f,f,f,f,f,f,f,f,t,0.03,t,1.4,t,74.0,t,0.52,t,143.0,f,,other,-,850715033,0
60.0,F,f,f,f,f,f,f,f,f,f,f,f,f,f,f,t,4.2,t,1.6,t,101.0,t,1.1,t,92.0,f,,SVI,-,850715034,0
79.0,M,f,f,f,f,f,f,f,f,f,f,f,f,f,f,t,0.03,t,4.1,t,160.0,t,0.78,t,204.0,f,,other,A,850715038,1
59.0,F,t,f,f,f,f,f,f,f,f,f,f,f,f,f,t,0.03,t,2.0,t,164.0,t,0.92,t,178.0,f,,other,N,850715039,1
25.0,F,f,f,f,f,f,f,f,f,f,f,f,f,f,f,t,1.8,f,,t,75.0,t,0.87,t,86.0,f,,other,-,850715049,0
54.0,F,f,f,f,t,f,f,f,t,f,f,f,f,f,f,t,0.86,t,1.7,t,98.0,t,0.96,t,102.0,f,,SVI,-,850715053,0
60.0,M,f,f,f,f,f,f,f,f,f,f,f,f,f,f,t,5.73,t,1.8,t,109.0,t,1.05,t,104.0,f,,SVI,-,850715056,0
34.0,F,f,f,f,f,t,f,f,f,t,f,f,f,f,f,t,0.035,t,2.5,t,119.0,t,1.55,t,76.0,f,,other,-,850716001,0
23.0,F,f,f,f,f,f,f,f,f,f,f,f,f,f,f,t,2.7,t,2.0,t,90.0,t,0.93,t,97.0,f,,other,-,850716002,0
25.0,M,f,f,f,f,f,f,f,f,f,f,f,f,f,f,t,1.3,t,1.8,t,118.0,t,0.99,t,119.0,f,,SVHC,-,850716009,0
56.0,M,f,f,f,f,f,f,f,f,f,f,f,f,f,f,t,0.67,t,1.1,t,137.0,t,0.86,t,160.0,f,,SVI,-,850716010,0
42.0,M,f,f,f,f,f,f,f,f,f,f,f,f,f,f,t,1.3,t,1.7,t,84.0,t,0.63,t,133.0,f,,other,-,850716011,0
31.0,F,f,f,f,f,f,f,f,f,f,f,f,f,f,f,t,1.7,t,2.2,t,116.0,t,1.14,t,102.0,f,,SVHC,-,850716018,0
62.0,F,f,f,f,f,f,f,f,f,f,f,f,f,f,f,t,3.5,t,1.7,t,98.0,t,0.74,t,132.0,f,,SVHC,-,850716019,0
33.0,F,f,f,f,f,f,f,f,f,f,f,t,f,f,f,t,0.08,f,,t,126.0,t,1.0,t,126.0,f,,other,-,850716024,0
61.0,F,t,f,f,f,f,f,f,f,f,f,f,f,f,f,t,6.0,t,1.5,t,97.0,t,0.88,t,110.0,f,,other,-,850716036,0
75.0,F,f,f,f,f,f,f,f,f,f,f,f,f,f,f,t,3.5,t,2.2,t,118.0,t,1.01,t,117.0,f,,SVI,-,850716048,0
61.0,F,f,f,f,f,f,f,f,f,f,f,f,f,f,f,t,1.3,t,1.7,t,91.0,t,0.98,t,93.0,f,,other,-,850716051,0
68.0,M,f,f,f,f,f,f,f,f,f,f,f,f,f,f,t,0.9,t,1.9,t,108.0,t,1.06,t,102.0,f,,SVI,-,850716052,0
68.0,F,f,f,f,f,f,f,f,f,f,f,f,f,f,f,t,2.4,t,1.3,t,80.0,t,0.88,t,91.0,f,,other,-,850716054,0
54.0,M,f,f,f,f,f,f,f,f,f,f,f,f,f,f,t,2.1,t,2.0,t,92.0,t,1.0,t,92.0,f,,SVI,-,850716055,0
41.0,M,f,f,f,f,f,f,f,f,f,f,f,f,f,f,t,1.2,t,1.6,t,91.0,t,0.68,t,133.0,f,,SVI,-,850716056,0
30.0,M,f,f,f,f,f,f,f,f,f,f,f,f,f,f,f,,f,,f,,f,,f,,t,19.0,other,-,850716070,0
67.0,F,f,f,f,f,f,f,f,f,t,f,f,f,f,f,f,,f,,f,,f,,f,,t,28.0,other,-,850716077,0
38.0,F,f,f,f,f,f,f,f,f,f,f,f,f,f,f,f,,f,,f,,f,,f,,t,27.0,other,-,850716085,0
44.0,F,f,f,f,f,f,f,f,f,f,f,f,f,f,f,f,,f,,f,,f,,f,,t,27.0,other,-,850716089,0
44.0,F,f,f,f,f,f,f,f,f,f,f,f,f,f,f,t,3.5,t,2.6,t,113.0,t,1.09,t,104.0,f,,other,-,850717010,0
35.0,M,f,f,f,f,f,f,f,f,f,f,f,f,f,f,t,1.7,t,2.2,t,114.0,t,0.93,t,123.0,f,,other,-,850717011,0
48.0,F,t,f,f,f,f,f,f,f,f,t,f,f,f,f,t,1.5,t,2.5,t,101.0,t,0.97,t,104.0,f,,SVHC,-,850717012,0
39.0,M,f,f,f,f,f,f,f,f,f,f,f,f,f,f,t,3.2,t,3.1,t,99.0,t,1.01,t,98.0,f,,SVHC,-,850717013,0
60.0,F,f,f,f,f,f,f,f,f,f,f,f,f,f,f,t,1.2,t,2.6,t,117.0,t,1.31,t,90.0,f,,other,-,850717020,0
42.0,F,f,f,f,f,f,f,f,f,f,f,f,f,f,f,t,7.2,t,2.1,t,123.0,t,1.18,t,104.0,f,,other,G,850717043,1
60.0,F,f,f,f,f,f,f,f,f,f,f,f,f,f,f,t,2.0,t,1.0,t,61.0,t,0.77,t,80.0,f,,SVI,K,850717045,1
61.0,M,f,f,f,f,f,f,f,f,f,f,f,f,f,f,t,2.1,t,1.3,t,92.0,t,0.89,t,103.0,f,,SVI,-,850717046,0
61.0,M,f,f,f,f,f,f,f,f,f,f,f,f,f,f,t,0.02,t,1.5,t,125.0,t,0.77,t,163.0,f,,other,R,850717047,1
33.0,F,f,f,f,f,f,t,f,f,f,f,f,f,f,f,t,8.2,t,1.5,t,74.0,t,0.9,t,83.0,f,,STMW,Q,850718008,1
29.0,F,f,f,f,f,f,f,f,f,f,f,f,f,f,f,t,1.6,t,2.4,t,107.0,t,1.1,t,92.0,f,,other,-,850718009,0
39.0,M,f,f,f,f,f,f,f,f,f,f,f,f,f,f,t,1.0,t,2.4,t,98.0,t,1.08,t,91.0,f,,SVHC,-,850718010,0
24.0,F,f,f,f,f,f,f,f,f,f,f,f,f,f,f,t,1.6,t,2.2,t,139.0,t,1.02,t,136.0,f,,SVHC,-,850718011,0
24.0,F,f,f,f,f,f,f,f,f,f,f,f,f,f,f,t,1.8,t,2.1,t,91.0,t,0.93,t,98.0,f,,other,-,850718012,0
32.0,F,f,f,f,f,f,f,f,f,f,f,f,f,f,f,t,3.0,t,1.9,t,94.0,t,1.07,t,88.0,f,,other,-,850718013,0
60.0,M,f,f,f,f,f,f,f,f,f,f,f,f,f,f,t,2.3,t,2.2,t,90.0,t,1.04,t,87.0,f,,SVHC,-,850718014,0
60.0,M,f,f,f,f,f,f,f,f,f,f,f,f,f,f,t,2.2,t,1.6,t,123.0,t,1.09,t,113.0,f,,SVI,-,850718015,0
38.0,F,f,f,f,f,f,f,f,f,f,f,f,f,f,t,t,2.7,t,1.5,t,76.0,t,0.88,t,86.0,f,,SVHC,-,850718016,0
33.0,F,f,f,f,f,f,f,f,t,f,f,f,f,f,f,t,10.299999,t,2.0,t,68.0,t,1.15,t,59.0,f,,SVHC,F,850718021,1
77.0,F,f,f,f,f,f,f,f,f,f,f,f,f,f,f,t,2.9,t,2.6,t,118.0,t,1.19,t,99.0,f,,other,-,850718023,0
33.0,F,f,f,f,f,t,f,f,f,t,f,f,f,f,f,t,3.0,t,2.5,t,121.0,t,1.38,t,88.0,f,,other,-,850718029,0
69.0,F,f,f,f,f,f,f,f,f,f,f,f,f,f,f,t,0.02,t,2.4,t,136.0,t,0.92,t,148.0,f,,other,-,850718030,0
69.0,F,f,f,f,f,f,f,f,f,f,f,f,f,f,f,t,11.099999,t,1.3,t,88.0,t,1.06,t,83.0,f,,other,G,850718041,1
55.0,F,t,f,f,f,f,f,f,f,f,f,f,f,f,f,f,,f,,t,170.0,t,1.1,t,155.0,f,,other,-,850718045,0
54.0,,t,f,f,f,f,f,f,f,f,f,f,f,f,f,t,0.93,t,1.8,t,115.0,t,0.94,t,123.0,f,,other,-,850718046,0
77.0,F,t,f,f,f,f,f,f,f,f,f,f,f,f,f,t,9.9,f,,t,121.0,t,1.02,t,118.0,f,,other,M,850718050,1
22.0,M,f,f,f,f,f,f,f,f,f,f,f,f,f,f,t,3.7,t,2.1,t,83.0,t,0.82,t,101.0,f,,other,-,850718052,0
31.0,F,f,f,f,f,f,f,f,f,f,f,f,f,f,f,t,7.8,t,2.0,t,159.0,t,1.51,t,105.0,f,,other,-,850718053,0
77.0,F,f,f,f,f,f,f,f,f,f,f,f,f,f,f,t,4.9,t,1.6,t,85.0,t,0.87,t,98.0,f,,SVI,-,850718055,0
64.0,M,f,f,f,f,f,f,f,f,f,f,f,f,f,f,t,4.6,t,1.5,t,133.0,t,1.08,t,124.0,f,,SVI,-,850718056,0
51.0,M,f,f,f,f,f,f,f,f,f,f,f,f,f,f,t,2.4,t,2.5,t,106.0,t,0.81,t,130.0,f,,SVI,-,850718057,0
77.0,F,f,f,f,f,f,f,f,f,f,f,f,f,f,f,t,2.5,t,1.7,t,101.0,t,0.85,t,119.0,f,,SVI,-,850718058,0
53.0,M,f,f,f,f,f,f,f,f,f,f,f,f,f,f,t,5.2,t,2.0,t,88.0,t,1.04,t,85.0,f,,SVI,-,850718059,0
43.0,F,t,f,f,f,f,f,f,f,f,f,f,f,f,f,t,0.92,t,2.3,t,93.0,t,0.86,t,108.0,f,,SVHC,-,850718060,0
83.0,M,f,f,f,f,f,f,f,f,f,f,f,f,f,f,t,2.3,t,1.6,t,105.0,t,0.83,t,127.0,f,,SVI,-,850718061,0
46.0,M,f,f,f,f,f,f,f,f,f,f,f,f,f,f,t,3.2,t,1.2,t,122.0,t,0.94,t,131.0,f,,SVI,-,850718062,0
58.0,F,f,f,f,f,f,f,f,f,f,f,f,f,f,f,t,0.015,t,2.6,t,166.0,t,0.8,t,207.0,f,,SVI,AK,850718065,1
75.0,M,f,f,f,f,f,f,f,f,f,f,f,f,f,f,t,1.9,t,1.4,t,79.0,t,0.79,t,101.0,f,,SVI,-,850718066,0
25.0,F,f,f,f,f,f,f,f,f,f,f,f,f,f,f,t,1.8,t,2.1,t,102.0,t,1.12,t,91.0,f,,other,-,850718077,0
56.0,M,f,f,f,f,f,f,f,f,f,f,f,f,f,f,f,,t,2.3,t,98.0,t,1.07,t,92.0,f,,other,-,850718083,0
85.0,F,f,f,f,f,f,f,f,f,f,f,f,f,f,f,t,2.4,t,1.4,t,86.0,t,0.98,t,88.0,f,,other,-,850718084,0
15.0,F,f,f,f,f,f,f,f,t,f,f,f,f,f,f,t,3.4,f,,t,112.0,t,1.3,t,86.0,f,,other,I,850718085,1
15.0,F,f,f,f,f,f,f,f,f,f,f,f,f,f,f,t,0.51,t,1.3,t,121.0,t,0.78,t,155.0,f,,SVI,-,850718087,0
26.0,F,t,f,f,f,f,f,f,t,f,f,f,f,f,f,t,0.04,t,1.6,t,97.0,t,1.0,t,95.0,f,,other,-,850718088,0
34.0,F,f,f,f,f,f,f,f,f,f,f,t,f,f,f,t,1.9,t,2.1,t,118.0,t,1.2,t,98.0,f,,other,-,850718092,0
33.0,F,t,f,f,f,f,f,f,f,f,f,f,f,f,f,t,0.01,f,,t,132.0,t,0.87,t,152.0,f,,other,-,850718102,0
33.0,F,f,f,f,f,f,f,f,f,f,f,f,f,f,f,t,0.01,t,1.5,t,160.0,t,0.87,t,185.0,f,,SVI,AK,850719013,1
33.0,F,f,f,f,f,f,f,f,f,f,f,f,f,f,f,t,2.6,t,1.3,t,89.0,t,0.9,t,98.0,f,,SVHC,-,850719014,0
31.0,F,f,f,f,f,f,f,f,f,f,f,f,f,f,f,f,,f,,f,,f,,f,,t,16.0,other,-,850719025,0
68.0,F,f,f,f,f,f,f,f,t,f,f,f,f,f,f,t,12.0,t,1.4,t,111.0,t,1.2,t,93.0,f,,SVI,G,850719033,1
68.0,F,f,f,f,t,f,f,f,f,f,f,f,f,f,f,t,0.97,t,1.3,t,85.0,t,0.87,t,98.0,f,,other,-,850719034,0
69.0,F,f,f,f,f,f,f,f,f,f,f,f,f,f,f,t,1.9,t,1.5,t,126.0,t,0.96,t,131.0,f,,other,-,850719035,0
79.0,M,f,f,f,f,f,f,f,f,f,f,f,f,f,f,t,2.7,t,0.9,t,86.0,t,0.85,t,102.0,f,,SVI,K,850719036,1
83.0,M,f,f,f,f,f,f,f,f,f,f,f,f,f,f,t,2.4,t,1.3,t,101.0,t,0.86,t,117.0,f,,SVI,-,850719039,0
83.0,,f,f,f,f,f,f,f,f,t,f,f,f,f,f,t,1.7,t,1.5,t,97.0,t,0.98,t,99.0,f,,other,-,850719053,0
31.0,F,f,f,f,f,f,f,f,f,f,f,f,t,f,f,t,0.95,t,2.6,t,152.0,t,1.4,t,110.0,f,,other,-,850719068,0
56.0,F,t,f,f,f,f,f,f,f,f,f,f,f,f,f,t,9.5,f,,t,115.0,t,1.31,t,88.0,f,,other,M,850719080,1
41.0,F,t,f,f,f,f,f,f,f,f,f,f,f,f,f,t,0.76,f,,t,107.0,t,0.91,t,118.0,f,,other,-,850719082,0
91.0,F,f,f,f,f,f,f,f,f,f,f,f,f,f,f,t,0.15,t,1.3,t,126.0,t,0.96,t,132.0,f,,SVI,-,850722008,0
24.0,F,f,f,f,f,f,f,f,f,f,f,f,f,f,f,t,10.0,t,2.5,t,110.0,t,1.17,t,94.0,f,,other,G,850722009,1
30.0,F,f,f,f,f,f,f,f,f,f,f,f,f,f,f,t,1.3,t,1.7,t,93.0,t,0.96,t,98.0,f,,other,-,850722013,0
38.0,M,f,f,f,f,f,f,f,f,t,f,f,f,f,f,t,0.37,t,2.2,t,86.0,t,0.75,t,115.0,f,,other,-,850722015,0
20.0,F,f,f,f,f,f,f,f,f,f,f,f,f,f,f,t,1.5,t,2.5,t,94.0,t,1.04,t,90.0,f,,other,-,850722043,0
20.0,F,f,f,f,f,f,f,f,f,f,f,f,f,f,f,t,1.8,t,1.6,t,63.0,t,1.0,t,63.0,f,,other,-,850722046,0
57.0,M,f,f,f,f,f,f,f,f,f,f,f,f,f,f,t,0.93,t,1.3,t,90.0,t,1.04,t,86.0,f,,other,-,850722048,0
27.0,F,f,f,f,f,f,f,f,f,f,f,f,f,f,f,t,1.9,t,2.4,t,115.0,t,1.14,t,100.0,f,,SVI,-,850722049,0
64.0,F,f,f,f,t,f,f,f,f,f,f,f,f,f,f,t,1.0,t,1.7,t,96.0,t,0.9,t,107.0,f,,SVI,-,850723007,0
61.0,M,f,f,f,f,f,f,f,f,f,f,f,f,f,f,t,6.2,t,1.2,t,83.0,t,0.82,t,101.0,f,,SVI,G,850723008,1
61.0,M,f,f,f,f,f,f,f,f,f,f,f,f,f,f,t,1.2,t,1.6,t,93.0,t,0.81,t,114.0,f,,other,-,850723011,0
61.0,M,f,f,f,t,f,f,f,f,f,f,f,f,f,f,t,1.1,t,2.2,t,83.0,t,0.83,t,101.0,f,,SVHD,-,850723012,0
53.0,M,f,f,f,f,f,f,f,f,t,f,f,f,f,f,t,3.8,t,2.5,t,105.0,t,1.04,t,101.0,f,,SVI,-,850723014,0
85.0,F,f,f,f,f,f,f,f,f,f,f,f,f,f,f,t,1.3,t,0.9,t,111.0,t,1.04,t,107.0,f,,SVI,K,850723015,1
54.0,M,f,f,f,f,f,f,f,f,f,f,f,f,f,f,t,2.3,t,1.7,t,105.0,f,,f,,f,,SVI,-,850723017,0
40.0,F,f,f,f,f,f,f,f,f,f,f,f,f,f,f,t,2.6,t,2.4,t,105.0,t,1.18,t,88.0,f,,SVI,-,850723018,0
36.0,F,t,f,f,f,t,f,f,f,f,f,f,f,f,f,t,0.025,t,2.9,t,194.0,t,1.63,t,119.0,f,,other,I,850723027,1
63.0,M,t,f,f,f,f,f,f,t,f,f,f,f,f,f,t,8.099999,f,,t,82.0,t,0.69,t,119.0,f,,other,M,850723035,1
77.0,F,f,f,f,f,f,f,f,t,f,f,f,f,f,f,t,1.9,f,,f,,f,,f,,f,,other,-,850723049,0
77.0,,f,f,f,f,f,f,f,f,f,f,f,f,f,f,t,0.05,t,2.4,t,96.0,t,0.98,t,98.0,f,,other,-,850723060,0
25.0,F,f,f,f,f,f,f,f,f,f,f,f,f,f,f,t,1.6,t,5.4,t,152.0,t,1.5,t,102.0,f,,STMW,I,850724006,1
25.0,,f,f,f,f,f,f,f,t,f,f,f,f,f,f,t,36.0,t,4.5,t,162.0,t,1.15,t,142.0,f,,STMW,-,850724007,0
25.0,M,f,f,f,f,f,f,f,f,f,f,f,f,f,f,t,2.0,t,2.3,t,92.0,t,0.8,t,114.0,f,,other,-,850724008,0
39.0,M,f,f,f,f,f,f,f,f,f,f,f,f,f,t,t,2.6,t,3.0,t,125.0,t,1.13,t,111.0,f,,SVHC,-,850724009,0
15.0,M,f,f,f,f,f,f,f,f,f,f,f,f,f,t,t,2.3,t,3.4,t,115.0,t,0.96,t,120.0,f,,other,-,850724010,0
15.0,F,f,f,f,f,f,f,f,f,f,f,f,f,f,f,f,,t,1.5,t,135.0,f,,f,,f,,other,-,850724011,0
63.0,,f,f,f,f,f,f,f,f,f,f,f,f,f,f,t,7.7,t,1.9,t,89.0,t,1.04,t,85.0,f,,SVI,G,850724041,1
58.0,F,f,f,f,f,f,f,f,f,t,f,f,f,f,f,t,0.005,t,3.9,t,181.0,t,0.96,t,188.0,f,,SVI,A,850724042,1
62.0,F,f,f,f,f,f,f,f,f,f,f,f,f,f,f,t,1.5,t,1.6,t,69.0,t,0.82,t,83.0,f,,SVI,-,850724044,0
70.0,M,f,f,f,f,f,f,f,f,f,f,f,f,f,f,t,86.0,t,0.5,t,27.0,t,0.84,t,32.0,f,,SVI,F,850724046,1
38.0,F,f,f,f,f,f,f,f,f,f,f,f,f,f,f,t,1.4,t,1.5,t,80.0,t,1.12,t,71.0,f,,SVI,-,850724047,0
46.0,F,f,f,f,f,f,f,f,f,f,f,f,f,f,f,t,1.4,t,1.3,t,104.0,t,1.06,t,99.0,f,,SVI,-,850724048,0
85.0,F,f,f,f,f,f,f,f,f,f,f,f,f,f,f,t,1.0,t,1.1,t,110.0,t,1.08,t,102.0,f,,SVI,K,850724049,1
85.0,F,f,f,f,f,f,f,f,f,f,f,f,f,f,f,t,0.84,t,0.8,t,161.0,t,0.97,t,166.0,f,,SVI,R,850724050,1
77.0,M,f,f,f,f,f,f,f,f,f,f,f,f,f,f,t,1.3,t,0.5,t,54.0,t,0.86,t,62.0,f,,SVI,K,850724051,1
49.0,F,f,f,f,f,f,f,f,f,f,f,f,f,f,f,t,2.4,t,2.5,t,94.0,t,1.15,t,82.0,f,,SVI,-,850724052,0
93.0,F,f,f,f,t,f,f,f,f,f,f,f,f,f,f,t,3.0,t,0.9,t,92.0,t,0.81,t,112.0,f,,SVI,K,850724053,1
70.0,F,f,f,f,f,f,f,f,f,f,f,f,f,f,f,t,5.5,t,1.7,t,131.0,t,1.49,t,88.0,f,,SVI,-,850724054,0
59.0,F,f,f,f,f,f,f,f,f,f,f,f,t,f,f,t,0.06,t,2.5,t,121.0,t,1.25,t,97.0,f,,other,-,850724056,0
59.0,F,f,f,f,f,f,f,f,f,f,f,f,f,f,f,t,1.8,t,1.7,t,119.0,f,,f,,f,,SVI,-,850725003,0
46.0,M,f,f,f,f,f,f,f,f,f,f,f,f,f,t,t,4.8,t,2.9,t,132.0,t,1.27,t,104.0,f,,SVHC,I,850725004,1
65.0,M,f,f,f,f,f,f,f,f,f,f,f,f,f,f,t,1.3,t,2.0,t,105.0,t,1.28,t,83.0,f,,SVHC,-,850725005,0
50.0,F,f,f,f,f,f,f,f,f,f,f,f,f,f,f,t,2.0,t,2.5,t,133.0,t,1.08,t,123.0,f,,SVHC,-,850725008,0
50.0,F,f,f,f,f,f,f,f,f,f,f,f,f,f,f,t,2.8,t,2.0,t,116.0,t,1.26,t,92.0,f,,other,-,850725009,0
19.0,M,f,f,f,f,f,f,f,f,f,f,f,f,f,t,t,2.7,t,2.7,t,121.0,t,1.17,t,104.0,f,,SVHC,-,850725010,0
21.0,F,f,f,f,f,f,f,f,f,f,f,f,f,f,f,t,1.8,t,2.6,t,120.0,t,1.2,t,100.0,f,,STMW,-,850725012,0
36.0,F,f,f,f,f,f,f,f,f,f,f,f,f,f,f,t,2.4,t,3.1,t,133.0,t,1.53,t,87.0,f,,STMW,I,850725013,1
36.0,F,f,f,f,f,f,f,f,f,f,f,f,f,f,f,t,1.3,t,1.6,t,112.0,t,1.13,t,100.0,f,,other,-,850725014,0
50.0,M,f,f,f,f,f,f,f,f,f,f,f,f,f,f,t,3.0,t,2.2,t,91.0,t,1.11,t,82.0,f,,other,-,850725015,0
32.0,F,f,f,f,f,f,f,f,f,f,f,f,f,f,t,t,1.2,t,1.6,t,68.0,t,1.02,t,66.0,f,,SVHC,-,850725016,0
32.0,F,f,f,f,f,f,f,f,f,f,f,f,f,f,f,t,2.0,t,1.7,t,92.0,t,1.01,t,91.0,f,,STMW,-,850725018,0
23.0,F,f,f,f,f,f,f,f,f,f,f,f,f,f,f,t,7.2,t,3.5,t,126.0,t,1.38,t,92.0,f,,other,GI,850725020,1
40.0,F,f,f,f,f,f,f,f,f,f,f,f,f,f,f,t,2.4,t,2.1,t,112.0,t,1.25,t,90.0,f,,SVI,-,850725038,0
40.0,F,f,f,f,f,f,f,f,f,f,f,f,f,f,f,t,1.0,t,1.1,t,111.0,t,1.02,t,109.0,f,,other,-,850725039,0
55.0,F,f,f,f,f,f,f,f,t,f,f,f,f,f,f,t,1.7,t,1.9,t,132.0,t,1.15,t,114.0,f,,SVI,-,850725040,0
61.0,M,f,f,f,f,f,f,f,f,f,f,f,f,f,f,t,0.02,t,2.1,t,128.0,t,0.94,t,136.0,f,,other,-,850725041,0
52.0,M,f,f,f,f,f,f,f,f,f,f,f,f,f,f,t,1.0,t,1.8,t,102.0,t,0.97,t,106.0,f,,SVHC,-,850725042,0
44.0,M,f,f,f,f,f,f,f,f,f,f,f,f,f,f,t,3.0,t,2.0,t,115.0,t,1.1,t,104.0,f,,SVHC,-,850725044,0
53.0,M,f,f,f,f,f,f,f,t,f,f,f,f,f,f,t,0.7,f,,t,46.0,t,0.87,t,52.0,f,,other,K,850725045,1
79.0,F,f,f,f,f,f,f,f,f,f,f,f,f,f,f,t,3.5,t,1.6,t,91.0,t,0.99,t,91.0,f,,other,-,850725050,0
54.0,F,t,f,f,f,f,f,f,f,f,f,f,f,f,f,t,4.0,t,2.0,t,110.0,t,0.99,t,111.0,f,,other,-,850725052,0
37.0,F,f,f,f,f,f,f,f,f,f,f,f,f,f,f,t,1.7,t,2.5,t,139.0,t,1.12,t,124.0,f,,other,-,850725053,0
40.0,F,f,f,f,f,f,f,f,f,f,f,f,f,f,f,f,,f,,t,134.0,t,1.2,t,112.0,f,,other,-,850725056,0
35.0,F,f,f,f,f,f,f,f,f,f,f,f,f,f,f,t,1.5,t,2.4,t,111.0,t,1.52,t,73.0,f,,STMW,-,850725057,0
64.0,F,f,f,f,f,f,f,t,f,f,f,f,f,f,f,t,1.3,t,2.6,t,118.0,t,1.11,t,106.0,f,,other,-,850725069,0
53.0,F,f,f,f,f,f,f,f,f,f,f,f,t,f,f,t,0.85,t,2.0,t,103.0,t,0.93,t,111.0,f,,other,-,850725071,0
84.0,F,f,f,f,f,f,f,f,f,f,f,f,f,f,f,t,3.0,t,1.4,t,103.0,t,1.1,t,94.0,f,,other,-,850725072,0
49.0,F,f,f,f,f,f,f,f,f,f,f,f,t,f,f,t,0.6,f,,t,87.0,t,1.0,t,88.0,f,,other,-,850725073,0
68.0,M,f,f,f,f,f,f,f,f,f,f,f,f,f,f,t,3.0,t,2.6,t,117.0,t,1.24,t,94.0,f,,SVI,-,850725076,0
62.0,M,f,f,f,f,f,f,f,f,f,f,f,f,f,f,t,0.37,t,1.2,t,91.0,t,0.95,t,96.0,f,,other,-,850726004,0
26.0,F,f,f,f,f,f,f,f,f,f,f,f,f,f,f,t,1.4,t,2.1,t,112.0,f,,f,,f,,other,-,850726005,0
67.0,M,f,f,f,f,f,f,f,t,f,f,f,f,f,f,t,0.81,f,,t,84.0,t,0.83,t,101.0,f,,other,-,850726006,0
74.0,F,f,f,f,f,f,f,f,f,f,f,f,t,f,f,t,0.025,t,2.2,t,108.0,t,0.85,t,126.0,f,,other,-,850726007,0
39.0,M,f,f,f,f,f,f,f,f,f,f,f,f,f,f,t,3.0,t,2.7,t,91.0,t,0.92,t,98.0,f,,SVHC,-,850726008,0
42.0,F,f,f,f,f,f,f,f,f,f,f,f,f,f,f,t,0.04,t,3.5,t,158.0,t,1.59,t,100.0,f,,STMW,I,850726011,1
59.0,F,f,f,f,f,f,f,f,f,t,f,f,f,f,f,f,,t,2.3,t,98.0,t,1.08,t,91.0,f,,other,-,850726016,0
59.0,F,t,f,f,f,f,f,f,f,f,f,f,f,f,f,t,0.025,t,5.7,t,372.0,t,1.27,t,291.0,f,,SVHD,N,850726024,1
72.0,F,f,f,f,f,f,f,f,t,f,f,f,f,f,f,t,2.3,t,0.8,t,90.0,t,0.8,t,112.0,f,,SVI,K,850726038,1
72.0,F,t,f,f,f,f,f,f,t,f,f,f,f,f,f,t,13.0,t,1.3,t,106.0,t,1.31,t,82.0,f,,SVI,M,850726047,1
38.0,F,f,f,f,f,f,f,f,f,f,f,f,f,f,f,t,0.89,t,1.3,t,118.0,t,0.87,t,136.0,f,,SVI,-,850726048,0
64.0,F,f,f,f,f,f,f,f,t,f,f,f,f,f,f,t,0.68,t,1.4,t,92.0,t,0.81,t,114.0,f,,SVI,-,850726049,0
54.0,M,f,f,f,f,f,f,f,f,f,f,f,f,f,f,t,1.3,t,1.1,t,130.0,t,1.03,t,127.0,f,,SVI,K,850726050,1
54.0,F,f,f,f,f,f,f,f,f,f,f,f,f,f,f,t,2.5,t,0.4,t,56.0,t,0.68,t,83.0,f,,SVI,K,850726051,1
69.0,F,f,f,f,f,f,f,f,f,f,f,f,f,f,f,t,2.2,t,1.8,t,92.0,f,,f,,f,,other,-,850726052,0
40.0,M,f,f,f,f,f,f,f,f,f,f,f,f,f,f,t,1.3,t,2.3,t,87.0,t,0.96,t,90.0,f,,SVI,-,850726054,0
70.0,F,f,f,f,f,f,t,f,f,f,f,f,f,f,f,t,0.025,t,1.7,t,141.0,t,0.88,t,160.0,f,,SVI,L,850726055,1
73.0,F,f,f,f,f,f,f,f,f,f,f,f,f,f,f,t,4.4,t,1.2,t,95.0,t,1.11,t,85.0,f,,SVI,-,850726057,0
35.0,M,f,f,f,f,f,f,f,f,f,f,f,f,f,f,t,2.0,t,2.6,t,102.0,t,1.13,t,91.0,f,,SVI,-,850726064,0
48.0,F,f,f,f,t,f,f,f,f,f,f,f,f,f,f,t,1.6,t,1.0,t,71.0,t,0.81,t,88.0,f,,SVHD,K,850726079,1
48.0,M,f,f,f,f,f,f,f,f,f,f,f,f,f,f,t,0.64,t,2.3,t,107.0,t,1.06,t,101.0,f,,other,-,850726090,0
34.0,F,f,f,t,f,t,f,f,f,f,f,f,f,f,f,t,0.02,t,3.7,t,182.0,t,1.75,t,104.0,f,,STMW,I,850729003,1
35.0,F,t,f,f,f,f,f,f,f,f,f,f,f,f,f,t,0.35,t,2.5,t,99.0,t,1.04,t,96.0,f,,STMW,-,850729004,0
72.0,M,f,f,f,f,f,f,f,f,f,f,f,f,f,f,t,0.67,t,1.8,t,99.0,t,0.98,t,101.0,f,,SVI,-,850729006,0
90.0,M,f,f,f,f,f,f,f,f,f,f,f,f,f,f,t,5.7,t,1.6,t,89.0,t,0.91,t,98.0,f,,other,-,850729008,0
76.0,F,f,f,f,f,f,f,f,f,f,f,f,f,f,f,t,0.68,t,2.0,t,107.0,t,0.97,t,110.0,f,,other,-,850729009,0
85.0,F,f,f,f,f,f,f,f,f,f,f,f,f,f,f,t,6.0,t,2.0,t,103.0,f,,f,,f,,other,-,850729010,0
38.0,F,f,f,f,f,f,f,f,f,f,f,f,f,f,t,t,1.3,t,2.4,t,138.0,t,1.16,t,118.0,f,,SVHC,-,850729011,0
24.0,F,f,f,f,f,f,f,f,f,f,f,f,f,f,f,f,,f,,t,103.0,t,1.09,t,95.0,f,,other,-,850729022,0
50.0,M,t,f,f,f,f,f,f,t,f,f,f,f,f,f,t,15.0,t,2.0,t,71.0,t,1.08,t,66.0,f,,other,M,850729040,1
34.0,F,f,f,f,f,f,f,f,f,f,f,f,f,f,f,t,0.73,t,1.8,t,97.0,t,0.97,t,101.0,f,,SVI,-,850729046,0
59.0,M,f,f,f,f,f,f,f,f,f,f,f,f,f,t,t,1.3,t,1.6,t,82.0,t,0.88,t,93.0,f,,SVHC,-,850729047,0
44.0,M,f,f,f,f,f,f,f,f,f,f,f,f,f,f,t,199.0,t,0.6,t,10.0,t,1.03,t,10.0,f,,SVI,F,850729050,1
21.0,M,f,f,f,f,f,f,f,f,f,f,f,f,f,t,t,1.6,t,1.7,t,79.0,t,0.77,t,102.0,f,,SVHC,-,850729051,0
26.0,F,f,f,f,f,f,f,f,f,f,f,f,f,f,f,f,,f,,t,115.0,t,1.08,t,107.0,f,,other,-,850729052,0
1.0,,f,f,f,f,f,f,f,f,f,f,f,f,f,f,t,8.799999,t,1.9,t,113.0,t,0.86,t,131.0,f,,STMW,G,850730006,1
1.0,M,f,f,f,f,f,f,f,f,f,f,f,f,f,f,t,1.5,t,1.4,t,82.0,t,0.74,t,111.0,f,,other,-,850730008,0
1.0,M,f,f,f,f,f,f,f,t,f,f,f,f,f,f,t,6.6,t,1.7,t,68.0,f,,f,,f,,other,G,850730009,1
51.0,M,t,f,f,f,f,f,f,f,f,f,f,f,f,f,t,1.4,t,2.6,t,118.0,t,0.91,t,130.0,f,,SVHC,-,850730032,0
51.0,M,f,f,f,f,f,f,f,f,f,f,f,f,f,f,t,0.58,t,1.6,t,115.0,f,,f,,f,,other,-,850730034,0
74.0,M,f,f,f,f,f,f,f,f,f,f,f,f,f,f,t,0.61,t,0.9,t,115.0,t,0.75,t,153.0,f,,SVI,K,850730035,1
74.0,M,f,f,f,f,f,f,f,t,f,f,f,f,f,f,t,3.4,t,1.0,t,102.0,t,0.9,t,114.0,f,,SVI,K,850730036,1
61.0,F,t,f,f,f,f,f,f,t,f,f,f,f,f,f,t,17.0,t,2.2,t,131.0,t,1.22,t,108.0,f,,SVI,M,850730037,1
37.0,M,f,f,f,f,f,f,f,f,f,f,f,f,f,f,t,2.6,t,2.2,t,80.0,t,1.07,t,75.0,f,,other,-,850730039,0
62.0,M,f,f,f,f,f,f,f,f,f,f,f,f,f,t,t,11.0,t,1.0,t,101.0,t,0.79,t,128.0,f,,SVI,GK,850730041,1
73.0,F,f,f,f,f,f,f,f,f,f,f,f,f,f,f,t,1.4,t,1.6,t,119.0,t,0.92,t,130.0,f,,SVI,-,850730042,0
73.0,F,f,f,f,f,f,f,f,f,f,f,f,f,f,f,t,0.025,t,2.3,t,122.0,t,0.86,t,142.0,f,,other,-,850730043,0
38.0,F,t,f,f,f,f,t,f,f,f,f,f,f,f,f,t,0.035,t,1.8,t,130.0,t,0.87,t,150.0,f,,other,-,850730055,0
59.0,M,f,f,f,f,f,f,f,f,f,f,f,f,f,f,t,0.78,t,2.0,t,70.0,t,0.76,t,92.0,f,,other,-,850730070,0
60.0,F,f,f,f,f,f,f,f,f,t,f,f,f,f,f,t,99.0,t,0.8,t,12.0,t,1.27,t,10.0,f,,other,F,850730071,1
61.0,F,f,f,f,t,f,f,f,t,f,f,f,f,f,f,t,2.0,f,,t,85.0,t,1.0,t,85.0,f,,other,-,850731003,0
37.0,F,f,f,f,f,f,f,f,f,f,f,f,f,f,f,t,22.0,t,1.4,t,71.0,t,0.97,t,73.0,f,,other,G,850731004,1
39.0,F,f,f,f,f,f,f,f,f,f,f,f,f,f,t,t,0.79,t,1.9,t,107.0,t,0.99,t,108.0,f,,other,-,850731005,0
39.0,F,f,f,f,f,f,f,f,f,f,f,f,f,f,f,t,2.1,t,2.0,t,89.0,t,1.14,t,79.0,f,,other,-,850731010,0
71.0,F,f,f,f,f,f,f,f,f,f,f,f,f,f,f,t,0.98,t,1.8,t,100.0,f,,f,,f,,SVI,-,850731016,0
75.0,M,f,f,f,f,f,f,f,f,t,f,f,f,f,f,f,,f,,t,147.0,t,0.8,t,183.0,f,,other,-,850731024,0
78.0,F,f,f,f,f,f,f,f,f,f,f,f,f,f,f,t,1.3,t,0.9,t,65.0,t,0.88,t,74.0,f,,other,K,850731035,1
60.0,F,f,f,f,f,f,f,f,f,f,f,f,f,f,f,t,0.035,t,0.3,t,87.0,t,0.69,t,126.0,f,,SVI,K,850731036,1
38.0,F,f,f,f,f,f,f,f,f,f,f,f,f,f,f,t,1.7,t,2.7,t,130.0,f,,f,,f,,SVI,-,850731037,0
74.0,F,f,f,f,f,f,f,f,t,f,f,f,f,f,f,t,23.0,t,0.7,t,69.0,t,1.04,t,66.0,f,,SVI,GK,850731038,1
64.0,M,f,f,f,f,f,f,f,f,f,f,f,f,f,f,t,3.5,t,1.8,t,72.0,t,0.86,t,84.0,f,,SVI,-,850731055,0
60.0,F,f,f,f,f,f,f,f,f,f,f,f,f,f,f,t,18.0,t,1.5,t,66.0,t,1.0,t,66.0,f,,SVI,G,850731057,1
70.0,F,f,f,f,f,f,f,f,f,f,f,f,f,f,f,t,2.0,t,1.3,t,106.0,t,0.84,t,125.0,f,,SVI,-,850731058,0
20.0,F,f,f,f,f,f,f,f,f,f,f,f,f,f,f,f,,f,,t,123.0,t,1.04,t,118.0,f,,other,-,850731065,0
20.0,F,f,f,f,f,f,f,f,f,f,f,f,f,f,f,t,0.1,t,1.9,t,94.0,t,0.91,t,102.0,f,,other,-,850731068,0
27.0,F,f,t,f,f,t,f,f,f,f,f,f,f,f,f,t,2.2,t,4.1,t,157.0,t,2.01,t,78.0,f,,other,I,850801018,1
74.0,F,f,f,f,f,f,f,t,f,f,f,f,f,f,f,t,1.1,t,2.4,t,95.0,t,1.09,t,86.0,f,,other,-,850801019,0
65.0,F,f,f,f,t,f,f,f,f,t,f,f,f,f,f,t,0.025,t,3.9,t,133.0,t,1.23,t,108.0,f,,other,B,850801020,1
60.0,F,f,f,f,f,f,f,f,f,f,f,f,f,f,f,t,0.77,t,3.2,t,175.0,t,1.47,t,119.0,f,,other,I,850801021,1
60.0,M,f,f,f,f,f,f,f,f,f,f,f,f,f,f,t,0.9,t,1.5,t,86.0,t,0.65,t,132.0,f,,SVHC,-,850801022,0
80.0,F,t,f,f,f,f,f,f,f,f,f,f,f,f,f,t,2.5,t,1.8,t,112.0,t,0.99,t,113.0,f,,other,-,850801027,0
75.0,F,f,f,f,f,f,f,f,f,f,f,f,f,f,f,f,,f,,f,,f,,f,,t,14.0,other,-,850801037,0
62.0,F,t,t,f,f,f,f,f,f,f,f,f,f,f,f,t,0.025,t,2.2,t,183.0,t,1.03,t,178.0,f,,other,N,850801038,1
35.0,F,f,f,f,f,f,f,f,f,f,f,t,f,f,f,f,,f,,t,89.0,t,1.1,t,81.0,f,,other,-,850801039,0
24.0,M,f,f,f,f,f,f,f,f,f,f,f,f,f,f,t,2.5,t,1.8,t,92.0,t,1.02,t,90.0,f,,other,-,850801041,0
60.0,F,t,t,f,f,f,f,f,f,f,f,f,f,f,f,f,,t,1.7,t,75.0,t,1.03,t,72.0,f,,other,-,850801043,0
60.0,F,f,f,f,f,f,f,f,f,t,f,f,f,f,f,t,0.025,t,3.9,t,123.0,t,0.98,t,126.0,f,,other,B,850801046,1
66.0,F,t,f,f,f,f,f,f,f,f,f,f,f,f,f,t,1.5,t,1.5,t,129.0,t,1.02,t,127.0,f,,other,-,850801047,0
58.0,M,t,f,f,f,f,f,f,f,f,f,f,f,f,f,t,1.2,t,1.7,t,123.0,t,0.96,t,129.0,f,,other,-,850801048,0
56.0,M,f,f,f,f,f,f,f,f,f,f,f,f,f,f,t,0.93,t,2.1,t,92.0,t,0.85,t,109.0,f,,other,-,850801049,0
56.0,F,f,f,f,f,f,f,t,f,f,f,f,f,f,f,t,2.7,t,1.5,t,103.0,t,0.95,t,109.0,f,,other,-,850801050,0
56.0,F,f,f,f,f,f,f,f,f,f,f,f,f,f,f,t,7.9,t,1.2,t,73.0,t,0.8,t,91.0,f,,SVI,G,850801051,1
44.0,F,f,f,f,f,f,f,f,f,f,f,f,f,f,f,t,1.7,t,1.3,t,93.0,t,0.87,t,107.0,f,,SVI,-,850801052,0
25.0,F,f,f,f,f,f,f,f,f,f,f,f,f,f,f,t,1.5,t,2.1,t,133.0,f,,f,,f,,other,-,850801054,0
59.0,M,f,f,f,f,f,f,f,f,f,f,f,f,f,f,t,1.5,t,1.7,t,97.0,t,0.76,t,129.0,f,,SVI,-,850801055,0
60.0,M,f,f,f,f,f,f,f,f,f,f,f,f,f,f,t,4.4,t,1.0,t,84.0,t,0.69,t,121.0,f,,SVI,K,850801056,1
74.0,F,t,f,f,f,f,f,f,t,f,f,f,f,f,f,t,6.3,t,1.2,t,80.0,t,0.92,t,87.0,f,,other,M,850801058,1
14.0,M,f,f,f,f,f,f,f,f,f,f,f,f,f,f,t,5.1,t,2.8,t,93.0,t,0.86,t,109.0,f,,other,-,850801064,0
48.0,F,f,f,f,f,f,f,f,f,f,f,f,f,f,f,t,7.1,t,1.4,t,88.0,t,0.93,t,95.0,f,,other,G,850801068,1
64.0,F,f,f,f,f,f,f,f,f,f,f,f,f,f,f,t,0.02,f,,t,125.0,t,1.13,t,110.0,f,,other,-,850801069,0
55.0,F,f,f,f,f,f,f,f,f,f,f,f,f,f,f,t,11.0,t,1.5,t,144.0,t,1.24,t,116.0,f,,other,G,850801070,1
44.0,M,f,f,f,f,f,f,f,f,f,f,f,f,f,f,t,16.0,f,,t,87.0,t,0.91,t,95.0,f,,other,G,850801072,1
25.0,F,f,f,f,f,f,f,f,f,f,f,t,f,f,f,t,2.0,t,2.2,t,123.0,t,1.52,t,81.0,f,,other,-,850801073,0
25.0,F,f,f,f,f,f,f,f,t,f,f,f,f,f,f,t,3.0,t,2.1,t,93.0,t,1.01,t,92.0,f,,other,-,850801076,0
54.0,F,t,f,f,f,f,t,f,f,f,f,f,f,f,f,t,0.08,t,2.1,t,133.0,t,1.14,t,116.0,f,,other,-,850801078,0
25.0,F,f,f,f,f,f,f,f,f,f,f,f,t,f,f,t,0.53,t,1.8,t,107.0,t,0.93,t,115.0,f,,other,-,850801080,0
71.0,F,t,f,f,f,f,f,f,f,t,f,f,f,f,f,t,0.5,f,,t,126.0,t,1.02,t,124.0,f,,other,-,850801081,0
65.0,F,f,f,f,f,f,f,f,f,t,f,f,f,f,f,t,0.02,t,3.1,t,114.0,t,0.91,t,126.0,f,,other,B,850802003,1
34.0,F,f,f,f,f,t,f,f,f,t,f,f,f,f,f,t,0.02,t,3.7,t,196.0,t,1.65,t,119.0,f,,STMW,I,850802007,1
21.0,F,f,f,f,f,f,f,f,f,f,f,f,f,f,t,t,1.4,t,1.6,t,95.0,t,0.93,t,102.0,f,,SVHC,-,850802008,0
48.0,F,f,f,f,f,f,f,f,f,f,f,f,f,f,f,t,0.42,t,2.4,t,134.0,t,1.14,t,117.0,f,,other,-,850802009,0
82.0,F,f,f,f,f,f,f,f,f,f,f,f,f,f,f,t,1.9,t,2.9,t,116.0,t,1.2,t,97.0,f,,SVHC,-,850802011,0
43.0,M,f,f,f,f,f,f,f,f,f,f,f,f,f,f,t,0.68,t,2.0,t,54.0,t,0.93,t,58.0,f,,other,R,850802013,1
57.0,F,f,f,f,f,f,f,f,f,t,f,f,f,f,f,f,,f,,f,,f,,f,,t,13.0,other,-,850802044,0
59.0,M,f,f,f,f,f,f,f,f,f,f,f,f,f,f,t,0.9,t,2.0,t,97.0,t,0.71,t,135.0,f,,SVI,-,850802052,0
79.0,F,f,f,f,f,f,f,f,f,f,f,f,f,f,f,t,0.84,t,0.8,t,94.0,t,0.86,t,109.0,f,,other,K,850802054,1
77.0,F,f,f,f,f,f,f,f,f,f,f,f,f,f,f,t,2.1,t,0.8,t,99.0,t,0.88,t,113.0,f,,SVI,K,850802055,1
84.0,F,f,f,f,f,f,f,f,f,f,f,f,f,f,f,t,34.0,t,0.7,t,52.0,t,1.11,t,47.0,f,,SVI,F,850802056,1
60.0,F,f,f,f,f,f,f,f,f,f,f,f,f,f,f,t,27.0,t,1.8,t,65.0,t,0.99,t,66.0,f,,SVI,G,850802069,1
16.0,M,f,f,f,f,f,f,f,f,f,f,f,f,f,f,t,0.81,t,2.1,t,70.0,t,0.83,t,84.0,f,,other,-,850802074,0
47.0,F,f,f,f,f,f,f,f,f,f,f,f,f,f,f,f,,t,2.0,t,85.0,t,1.06,t,80.0,f,,other,-,850806006,0
47.0,F,f,f,f,f,f,f,f,f,f,f,f,f,f,f,t,0.61,t,1.4,t,107.0,t,0.86,t,124.0,f,,other,-,850806011,0
66.0,F,f,f,f,f,f,f,f,f,f,f,f,f,f,f,t,0.83,t,2.3,t,113.0,t,0.84,t,134.0,f,,other,-,850806013,0
27.0,M,f,f,f,f,f,f,f,f,f,f,f,f,f,f,t,1.4,t,1.9,t,89.0,t,0.85,t,105.0,f,,SVHC,-,850806014,0
55.0,M,f,f,f,f,f,f,f,f,f,f,f,f,f,f,t,0.6,t,1.5,t,113.0,t,0.97,t,117.0,f,,other,-,850806016,0
88.0,F,f,f,f,f,f,f,f,f,f,f,f,f,f,f,t,1.2,t,2.0,t,123.0,t,1.16,t,107.0,f,,other,-,850806017,0
66.0,F,f,f,f,f,f,f,f,f,f,f,f,f,f,f,t,1.2,t,2.2,t,122.0,t,1.15,t,106.0,f,,SVI,-,850806018,0
38.0,M,f,f,f,f,f,f,f,f,f,f,f,f,f,f,t,2.0,t,2.6,t,76.0,t,0.85,t,89.0,f,,other,-,850806035,0
34.0,M,f,f,f,f,f,f,f,f,f,f,f,f,f,f,t,1.7,t,2.4,t,94.0,t,1.17,t,81.0,f,,other,-,850806049,0
56.0,M,f,f,f,f,f,f,f,f,f,f,f,f,f,f,t,0.87,t,2.0,t,95.0,t,0.91,t,105.0,f,,other,-,850806050,0
51.0,F,f,f,f,f,f,f,f,f,f,f,f,f,f,f,t,1.8,t,1.9,t,97.0,t,1.0,t,97.0,f,,SVHC,-,850806051,0
76.0,F,f,f,f,f,f,f,f,f,f,f,f,f,f,f,t,3.1,t,2.0,t,118.0,t,1.16,t,102.0,f,,other,-,850806052,0
19.0,F,f,f,f,f,f,f,f,f,f,f,f,f,f,f,t,2.8,t,1.4,t,96.0,t,0.88,t,109.0,f,,other,-,850806059,0
72.0,F,f,f,f,t,f,f,f,f,t,f,f,f,f,f,f,,f,,f,,f,,f,,t,27.0,other,-,850806062,0
28.0,F,f,f,f,f,f,f,f,f,f,f,f,f,f,f,t,2.2,t,1.8,t,90.0,t,0.84,t,108.0,f,,other,-,850806088,0
71.0,F,f,f,f,f,f,f,f,f,f,f,f,f,f,f,t,6.7,t,1.9,t,91.0,t,1.03,t,89.0,f,,SVI,G,850806092,1
53.0,M,f,f,f,f,f,f,f,f,f,f,f,f,f,f,t,4.3,t,1.5,t,94.0,t,0.88,t,107.0,f,,SVI,-,850806093,0
67.0,M,f,f,f,f,f,f,f,f,f,f,f,f,f,f,t,1.9,t,1.0,t,65.0,t,0.63,t,105.0,f,,SVI,K,850806094,1
45.0,F,f,f,f,f,f,f,f,f,f,f,f,f,f,f,t,3.0,t,2.1,t,121.0,t,1.02,t,118.0,f,,SVI,-,850806095,0
80.0,F,f,f,f,f,f,f,f,f,f,f,f,f,f,f,t,1.7,t,0.8,t,101.0,t,0.81,t,125.0,f,,SVI,K,850806096,1
18.0,F,f,f,f,f,f,f,f,f,f,f,f,f,f,t,t,12.0,t,2.2,t,94.0,t,0.96,t,98.0,f,,other,G,850806097,1
76.0,F,f,f,f,f,f,f,f,f,f,f,f,f,f,f,t,0.61,t,1.5,t,112.0,t,0.98,t,114.0,f,,SVI,-,850806098,0
77.0,F,f,f,f,f,f,f,f,f,f,f,f,f,f,f,t,1.0,t,2.1,t,113.0,t,1.09,t,115.0,f,,SVI,-,850806100,0
80.0,F,f,f,f,f,f,f,f,f,f,f,f,f,f,f,t,2.2,t,0.6,t,80.0,t,0.7,t,115.0,f,,SVI,K,850806101,1
44.0,F,f,f,f,f,f,f,f,f,f,f,f,f,f,f,t,4.2,t,2.2,t,113.0,t,1.09,t,103.0,f,,SVHC,-,850806102,0
55.0,F,f,f,f,f,f,f,f,f,t,f,f,f,f,f,t,2.0,t,1.7,t,115.0,t,1.06,t,105.0,f,,SVI,-,850806103,0
64.0,F,t,f,f,f,f,f,f,f,f,f,f,f,f,f,t,1.2,f,,t,89.0,t,0.95,t,94.0,f,,other,-,850806104,0
40.0,F,f,f,f,f,f,f,f,f,f,f,f,f,f,f,t,0.73,t,2.0,t,121.0,t,1.02,t,118.0,f,,other,-,850807004,0
44.0,F,f,f,f,f,f,f,f,t,t,f,f,f,f,f,t,4.4,t,1.9,t,82.0,t,0.9,t,90.0,f,,other,-,850807005,0
68.0,F,f,f,f,f,f,f,f,f,t,f,f,f,f,f,t,20.0,t,2.5,t,111.0,t,1.57,t,71.0,f,,other,G,850807008,1
67.0,F,f,f,f,f,f,f,f,f,t,f,f,t,f,f,t,0.07,t,1.7,t,132.0,t,1.02,t,130.0,f,,other,-,850807010,0
72.0,M,f,f,f,f,f,f,t,f,f,f,f,f,f,f,t,5.7,t,1.4,t,92.0,t,0.99,t,93.0,f,,other,-,850807014,0
72.0,M,f,f,f,f,f,f,f,f,f,f,f,f,f,f,t,5.4,t,1.0,t,75.0,t,0.82,t,92.0,f,,SVI,K,850807043,1
39.0,F,f,f,f,f,f,f,f,f,t,f,f,f,f,f,t,0.02,t,4.0,t,209.0,t,1.06,t,197.0,f,,other,A,850807051,1
83.0,F,f,f,f,f,f,f,f,f,f,f,f,f,f,f,t,0.6,t,1.2,t,95.0,t,0.83,t,114.0,f,,SVI,-,850807058,0
49.0,M,f,f,f,f,f,f,f,f,f,f,f,f,f,f,t,2.5,t,1.5,t,101.0,t,1.11,t,92.0,f,,SVHC,-,850807059,0
49.0,F,f,f,f,f,f,f,f,t,f,f,f,f,f,f,t,8.299999,t,0.9,t,103.0,t,1.11,t,93.0,f,,SVI,GK,850807060,1
40.0,F,f,f,f,f,f,f,f,f,f,f,f,f,f,f,t,0.7,t,1.8,t,96.0,t,0.94,t,101.0,f,,other,-,850807061,0
68.0,F,f,f,f,f,f,f,f,f,f,f,f,f,f,f,t,16.0,t,1.4,t,68.0,t,1.01,t,67.0,f,,SVI,G,850807062,1
70.0,F,f,f,f,t,f,f,f,f,f,f,f,f,f,f,t,1.1,t,1.7,t,95.0,t,0.68,t,140.0,f,,SVI,-,850807063,0
66.0,F,f,f,f,f,f,f,f,t,f,f,f,f,f,f,t,2.1,t,2.0,t,128.0,t,1.04,t,123.0,f,,SVI,-,850807064,0
59.0,F,f,f,f,t,f,f,f,f,f,f,f,f,f,f,t,4.3,t,1.1,t,70.0,t,1.0,t,70.0,f,,SVI,K,850807065,1
53.0,F,t,f,f,f,f,f,f,f,f,f,f,f,f,f,t,0.02,t,2.0,t,131.0,t,0.93,t,142.0,f,,other,-,850807077,0
55.0,F,f,f,f,f,f,f,f,f,t,f,f,f,f,f,t,1.9,t,1.8,t,97.0,t,0.91,t,106.0,f,,other,-,850807079,0
57.0,M,f,f,f,f,f,f,f,f,f,f,f,f,f,f,f,,f,,f,,f,,f,,t,23.0,other,-,850807095,0
63.0,F,f,f,f,f,f,f,f,f,f,f,f,f,f,f,t,4.4,t,2.3,t,118.0,t,1.17,t,101.0,f,,other,-,850808003,0
76.0,F,f,f,f,f,f,f,f,f,f,f,f,f,f,f,t,0.93,t,2.1,t,142.0,t,1.09,t,129.0,f,,other,-,850808004,0
76.0,F,f,f,f,f,f,f,f,f,f,f,f,f,f,f,t,1.1,t,2.0,t,92.0,t,0.95,t,97.0,f,,other,-,850808005,0
76.0,F,f,f,f,f,f,f,f,f,f,f,f,f,f,f,t,27.0,t,2.3,t,135.0,t,1.54,t,88.0,f,,other,G,850808006,1
50.0,F,f,f,f,f,f,f,f,f,f,f,f,f,f,f,t,58.0,t,2.4,t,25.0,t,1.21,t,20.0,f,,SVI,F,850808009,1
15.0,F,t,f,f,f,f,f,f,f,f,f,f,f,f,f,t,145.0,t,1.7,t,19.0,t,1.13,t,17.0,f,,other,F,850808027,1
27.0,F,f,f,f,f,f,f,f,f,f,f,f,f,f,f,t,0.02,t,2.9,t,118.0,t,1.52,t,78.0,f,,other,I,850808028,1
41.0,F,t,f,f,f,f,f,f,f,f,f,f,f,f,f,t,8.4,t,1.5,t,123.0,t,0.96,t,129.0,f,,other,M,850808032,1
43.0,F,f,f,f,f,f,f,f,f,f,f,f,f,f,f,t,2.2,t,2.2,t,93.0,t,1.17,t,80.0,f,,other,-,850808034,0
25.0,F,t,f,f,f,f,f,f,f,f,f,f,f,f,f,t,0.09,t,2.2,t,181.0,t,1.23,t,147.0,f,,other,-,850808043,0
25.0,F,f,f,f,f,f,f,f,f,f,f,f,f,f,f,t,11.0,t,0.7,t,122.0,t,1.13,t,108.0,f,,SVI,GK,850808054,1
25.0,M,f,f,f,f,f,f,f,f,f,f,f,f,f,t,t,3.0,t,2.7,t,110.0,t,0.87,t,126.0,f,,SVHC,-,850808055,0
37.0,F,f,f,f,f,f,f,f,f,f,f,f,f,f,f,t,1.7,t,1.9,t,95.0,t,1.05,t,90.0,f,,SVI,-,850808056,0
79.0,F,f,f,f,t,f,f,f,f,f,f,f,f,f,f,t,1.3,t,0.9,t,102.0,t,0.95,t,107.0,f,,SVI,K,850808057,1
67.0,M,f,f,f,f,f,f,f,f,f,f,f,f,f,f,t,3.2,t,1.9,t,91.0,t,0.79,t,115.0,f,,SVI,-,850808058,0
24.0,M,f,f,f,f,f,f,f,f,f,f,f,f,f,f,t,2.3,t,2.0,t,121.0,t,0.81,t,149.0,f,,SVI,-,850808059,0
66.0,M,f,f,f,f,f,f,f,f,f,f,f,f,f,f,t,2.0,t,2.1,t,108.0,t,0.96,t,112.0,f,,SVI,-,850808060,0
77.0,F,f,f,f,f,f,f,f,f,f,f,f,f,f,f,t,0.02,t,2.7,t,155.0,t,0.98,t,159.0,f,,other,A,850808066,1
58.0,F,t,f,f,f,f,f,f,f,f,f,f,f,f,f,t,5.6,t,2.1,t,94.0,t,1.01,t,93.0,f,,other,-,850808072,0
38.0,F,f,f,f,f,f,f,f,f,f,f,f,f,f,f,t,0.75,t,1.8,t,114.0,t,1.01,t,113.0,f,,other,-,850808079,0
43.0,F,f,f,f,f,f,f,f,f,f,f,f,f,f,f,f,,f,,t,86.0,t,1.04,t,83.0,f,,other,-,850808081,0
43.0,F,f,f,f,f,f,f,f,f,f,f,f,f,f,f,t,0.89,t,2.0,t,94.0,f,,f,,f,,other,-,850808085,0
71.0,F,f,f,f,f,f,f,f,f,f,f,t,f,f,f,t,0.02,f,,t,127.0,t,1.06,t,119.0,f,,other,-,850808088,0
40.0,M,f,f,f,f,f,f,f,f,f,f,f,f,f,f,t,0.26,f,,t,120.0,t,1.06,t,114.0,f,,other,-,850808089,0
56.0,M,f,f,f,f,f,f,f,f,f,f,f,f,f,f,t,0.02,t,2.0,t,139.0,t,0.82,t,170.0,f,,other,R,850808090,1
58.0,M,t,f,f,f,f,f,f,f,f,f,f,f,f,f,t,0.22,t,2.6,t,156.0,t,1.11,t,140.0,f,,other,-,850808091,0
35.0,F,t,f,f,f,f,f,f,f,f,f,f,f,f,f,t,0.05,f,,t,129.0,t,1.01,t,128.0,f,,other,-,850808092,0
67.0,F,f,f,f,f,f,f,f,f,f,f,f,f,f,f,t,2.7,t,1.6,t,127.0,t,1.0,t,126.0,f,,SVHC,-,850808095,0
33.0,,f,f,f,f,f,f,f,f,f,f,f,f,f,f,t,1.8,t,1.8,t,92.0,t,0.84,t,110.0,f,,other,-,850809006,0
42.0,M,f,f,f,f,f,f,f,f,f,f,f,f,f,t,t,3.1,t,2.1,t,134.0,t,1.0,t,135.0,f,,SVHC,-,850809007,0
32.0,M,f,f,f,f,f,f,f,f,f,f,f,f,f,t,t,1.5,t,1.8,t,93.0,t,0.93,t,100.0,f,,SVHC,-,850809008,0
24.0,F,t,f,f,f,f,f,f,f,f,f,f,f,f,f,t,66.0,t,1.0,t,112.0,t,1.01,t,110.0,f,,other,MK,850809009,1
42.0,F,f,f,f,f,f,f,f,f,f,f,f,f,f,f,t,3.0,t,0.8,t,83.0,t,0.99,t,84.0,f,,other,-,850809011,0
56.0,M,f,f,f,f,f,f,f,f,f,f,f,f,f,f,f,,f,,t,93.0,t,0.95,t,98.0,f,,other,-,850809014,0
28.0,F,f,t,f,f,f,f,f,f,f,f,f,f,f,f,t,9.4,t,2.6,t,89.0,t,1.02,t,87.0,f,,other,G,850809017,1
5.0,F,t,f,f,f,f,f,f,f,f,f,f,f,f,f,t,17.0,t,2.0,t,74.0,t,0.95,t,78.0,f,,other,M,850809022,1
18.0,F,f,f,f,f,f,f,f,f,f,f,f,f,f,f,t,41.0,f,,t,118.0,t,1.13,t,105.0,f,,other,G,850809059,1
75.0,F,f,f,f,f,f,f,f,f,f,f,f,f,f,f,t,5.1,t,2.2,t,82.0,t,0.78,t,105.0,f,,SVI,-,850809060,0
68.0,F,f,f,f,f,f,f,f,f,f,f,f,f,f,f,t,1.3,t,2.4,t,82.0,t,0.91,t,90.0,f,,SVI,-,850809061,0
68.0,M,f,f,f,f,f,f,f,f,f,f,f,f,f,f,t,1.2,t,2.1,t,85.0,f,,f,,f,,other,-,850809063,0
83.0,F,f,f,f,f,f,f,f,f,f,f,f,f,f,f,t,0.92,t,0.9,t,86.0,t,0.76,t,113.0,f,,SVI,K,850809064,1
83.0,F,f,f,f,f,f,f,f,f,f,f,f,f,f,f,t,0.68,t,2.2,t,105.0,f,,f,,f,,other,-,850809065,0
83.0,F,f,f,f,f,f,f,f,f,f,f,f,f,f,f,t,1.5,t,2.2,t,112.0,t,0.97,t,115.0,f,,other,-,850809069,0
83.0,M,f,f,f,f,f,f,f,f,f,f,f,f,f,f,t,2.4,t,1.2,t,99.0,t,0.88,t,112.0,f,,other,-,850809070,0
23.0,F,f,f,f,f,f,f,f,f,f,f,f,t,f,f,t,0.01,t,2.9,t,205.0,t,0.87,t,235.0,f,,other,A,850809071,1
48.0,M,f,t,f,f,f,f,f,f,t,f,f,f,f,f,t,5.4,t,1.9,t,87.0,t,1.0,t,87.0,f,,other,-,850809082,0
79.0,M,f,f,f,f,f,f,f,f,f,f,f,f,f,f,f,,t,3.1,t,162.0,t,0.78,t,209.0,f,,other,A,850809083,1
70.0,F,f,f,f,f,f,f,f,f,f,f,f,f,f,f,t,4.1,t,2.0,t,125.0,t,0.97,t,128.0,f,,other,-,850809084,0
22.0,F,f,f,f,f,f,f,f,f,f,f,f,f,f,f,t,2.6,f,,t,134.0,t,1.14,t,118.0,f,,other,-,850809086,0
68.0,F,f,f,f,f,f,f,f,t,f,f,f,f,f,f,t,0.58,f,,t,150.0,t,1.03,t,146.0,f,,other,-,850809087,0
32.0,M,f,f,f,f,f,f,f,f,f,f,f,f,f,f,f,,f,,t,134.0,t,1.29,t,104.0,f,,other,I,850809088,1
32.0,M,f,f,f,f,f,f,f,f,t,f,f,f,f,f,t,0.96,f,,t,122.0,t,1.07,t,114.0,f,,other,-,850812029,0
37.0,F,f,f,f,f,f,f,f,t,f,f,f,f,f,f,t,2.2,f,,t,100.0,t,1.14,t,87.0,f,,other,-,850812030,0
66.0,,f,f,f,f,f,f,f,f,f,f,f,f,f,f,t,2.5,t,1.6,t,73.0,t,0.8,t,92.0,f,,other,-,850812031,0
23.0,F,f,f,f,f,f,f,f,f,f,f,f,f,f,f,t,4.1,t,2.0,t,102.0,f,,f,,f,,other,-,850812032,0
23.0,F,f,f,f,f,f,f,f,f,f,f,f,f,f,f,t,0.19,t,1.3,t,100.0,t,0.85,t,118.0,f,,SVI,-,850812033,0
23.0,F,t,f,f,f,f,f,f,f,f,f,f,f,f,f,f,,f,,f,,f,,f,,t,27.0,other,-,850812034,0
72.0,F,f,f,f,f,f,f,f,f,f,f,t,f,f,f,t,3.7,t,1.3,t,83.0,t,1.38,t,60.0,f,,SVI,I,850812045,1
42.0,F,f,f,f,f,f,f,f,f,f,f,f,f,f,f,t,2.3,t,2.3,t,128.0,t,0.85,t,151.0,f,,other,-,850812047,0
42.0,F,f,f,f,f,f,f,f,f,f,f,f,f,f,f,t,3.6,t,1.9,t,87.0,f,,f,,f,,other,-,850812048,0
55.0,M,f,f,f,f,f,f,f,f,f,f,f,f,f,f,t,0.02,t,2.2,t,71.0,t,1.0,t,71.0,f,,SVI,-,850812049,0
32.0,F,t,f,f,f,f,f,f,t,f,f,f,f,f,f,t,0.01,t,2.3,t,147.0,t,0.75,t,198.0,f,,SVI,L,850812050,1
61.0,M,f,f,f,t,f,f,f,f,f,f,f,f,f,f,t,1.6,t,1.9,t,103.0,t,0.88,t,118.0,f,,other,-,850812053,0
62.0,M,f,f,f,f,f,f,f,f,f,f,f,f,f,f,t,1.4,t,2.0,t,101.0,t,1.13,t,88.0,f,,SVHC,-,850812056,0
62.0,M,f,f,f,f,f,f,f,f,f,f,f,f,f,t,t,1.1,t,2.0,t,139.0,t,1.04,t,134.0,f,,SVHC,-,850812057,0
64.0,F,t,f,f,t,f,f,f,f,f,f,f,f,f,f,t,0.24,t,1.4,t,65.0,t,0.85,t,77.0,f,,SVI,-,850812058,0
27.0,M,f,f,f,f,f,f,f,f,f,f,f,f,f,f,t,1.6,t,1.9,t,119.0,t,0.89,t,134.0,f,,SVI,-,850812059,0
30.0,M,f,f,f,f,f,f,f,f,f,f,f,f,f,f,t,2.5,t,1.9,t,110.0,t,0.89,t,125.0,f,,SVI,-,850812060,0
60.0,F,f,f,f,t,f,f,f,f,f,f,f,f,f,f,t,2.0,t,2.2,t,128.0,t,1.24,t,103.0,f,,SVHD,-,850812066,0
53.0,F,f,f,f,f,f,f,f,f,f,f,f,f,f,f,t,1.6,t,1.8,t,81.0,t,1.16,t,70.0,f,,other,-,850812068,0
53.0,F,f,f,f,f,f,f,f,f,f,f,f,f,f,f,t,0.19,t,1.8,t,124.0,t,1.12,t,110.0,f,,other,-,850813012,0
55.0,F,f,f,f,f,f,f,f,f,f,f,f,f,f,f,t,3.6,t,2.0,t,96.0,t,1.1,t,88.0,f,,other,-,850813013,0
61.0,F,f,f,f,t,f,f,f,f,f,f,f,f,f,f,t,11.0,t,1.2,t,83.0,t,1.01,t,82.0,f,,other,G,850813015,1
83.0,F,f,f,f,f,f,f,f,f,f,f,f,f,f,f,t,2.9,t,1.3,t,92.0,t,1.0,t,92.0,f,,SVI,-,850813016,0
27.0,F,f,f,f,f,f,f,f,f,f,f,f,t,f,f,t,1.4,f,,t,78.0,t,0.86,t,90.0,f,,other,-,850813018,0
43.0,F,f,f,f,f,f,f,f,f,t,f,f,f,f,f,t,1.1,t,2.3,t,140.0,t,1.2,t,116.0,f,,other,-,850813020,0
28.0,F,f,f,f,f,f,f,f,f,f,f,f,f,f,f,t,2.8,t,2.2,t,83.0,t,1.0,t,82.0,f,,other,-,850813034,0
61.0,F,f,f,f,f,f,f,f,f,f,f,f,f,f,f,t,0.04,t,0.8,t,74.0,t,0.75,t,99.0,f,,SVI,K,850813048,1
52.0,F,f,f,f,f,f,f,f,f,f,f,f,f,f,t,t,2.0,t,1.8,t,88.0,t,0.86,t,102.0,f,,SVHC,-,850813050,0
68.0,M,f,f,f,f,f,f,f,f,f,f,f,f,f,f,t,1.4,t,1.9,t,98.0,t,0.82,t,118.0,f,,other,-,850813051,0
23.0,M,f,f,f,f,f,f,f,f,f,f,f,f,f,f,t,1.8,t,1.9,t,77.0,t,0.79,t,97.0,f,,SVHC,-,850813052,0
27.0,M,f,f,f,f,f,f,f,f,f,f,f,f,f,t,t,3.2,t,2.4,t,102.0,t,0.88,t,116.0,f,,SVHC,-,850813054,0
48.0,F,f,f,f,f,f,f,f,f,f,f,f,f,f,f,t,2.0,t,2.7,t,181.0,t,1.65,t,109.0,f,,SVI,I,850813056,1
76.0,M,f,f,f,f,f,f,f,f,f,f,f,f,f,f,t,2.5,t,1.5,t,81.0,t,0.92,t,88.0,f,,SVI,-,850813057,0
45.0,F,f,f,f,f,f,f,f,f,f,f,f,f,f,f,t,1.1,t,1.6,t,84.0,t,0.96,t,87.0,f,,SVI,-,850813058,0
45.0,M,f,f,f,f,f,f,f,f,f,f,t,f,f,f,t,2.3,t,2.4,t,91.0,t,0.86,t,106.0,f,,SVI,-,850813059,0
54.0,F,f,f,f,f,f,f,f,f,f,f,f,f,f,f,t,4.1,t,0.8,t,77.0,t,0.82,t,93.0,f,,SVI,K,850813060,1
45.0,F,f,f,f,f,f,f,f,f,f,f,f,f,f,f,t,2.3,t,2.5,t,165.0,t,1.03,t,161.0,f,,SVI,R,850813062,1
55.0,M,f,f,f,f,f,f,f,f,t,f,f,f,f,f,t,0.55,t,2.1,t,75.0,t,1.01,t,74.0,f,,SVI,-,850813063,0
22.0,F,f,f,f,f,f,f,f,f,f,f,f,f,f,f,t,1.7,t,1.7,t,85.0,t,0.92,t,92.0,f,,other,-,850813080,0
36.0,F,f,f,f,f,f,f,f,f,f,f,f,f,f,t,t,3.1,t,1.8,t,87.0,t,1.16,t,75.0,f,,SVHC,-,850814006,0
35.0,M,f,f,f,f,f,f,f,f,f,f,f,f,f,t,t,1.7,t,2.4,t,102.0,t,1.06,t,96.0,f,,SVHC,-,850814007,0
35.0,M,f,f,f,f,f,f,f,f,f,f,f,f,f,f,t,1.5,t,2.3,t,98.0,t,0.92,t,106.0,f,,other,-,850814011,0
29.0,F,f,f,f,f,t,f,f,f,f,f,f,f,f,f,t,0.62,t,3.8,t,211.0,t,1.88,t,112.0,f,,STMW,I,850814015,1
34.0,F,f,f,f,f,f,f,f,f,f,f,f,f,f,f,t,0.85,t,2.5,t,108.0,t,1.09,t,99.0,f,,other,-,850814019,0
34.0,F,f,f,f,f,f,f,f,t,f,t,f,f,f,f,t,6.3,t,2.7,t,153.0,t,1.7,t,90.0,f,,SVHC,-,850814035,0
94.0,M,f,f,f,f,f,f,f,f,f,f,f,f,f,f,t,1.9,t,1.3,t,119.0,t,1.04,t,114.0,f,,SVI,-,850814041,0
84.0,F,f,f,f,f,f,f,f,f,f,f,f,t,f,f,t,1.1,t,2.2,t,115.0,t,0.95,t,121.0,f,,SVI,-,850814042,0
21.0,F,f,f,f,f,f,f,f,f,f,f,f,f,f,f,f,,f,,t,107.0,t,1.07,t,100.0,f,,other,-,850814050,0
21.0,F,f,f,f,t,f,f,f,f,f,f,f,f,f,f,f,,f,,f,,f,,f,,t,36.0,other,S,850815004,1
29.0,F,f,f,f,f,f,f,f,f,t,f,f,f,f,f,t,1.1,t,1.5,t,93.0,t,0.75,t,124.0,f,,other,-,850815012,0
25.0,F,f,f,f,t,f,f,f,t,f,f,f,f,f,f,t,8.9,t,1.7,t,62.0,t,0.75,t,83.0,f,,SVHD,G,850815018,1
28.0,M,f,f,f,f,f,f,f,f,f,f,f,f,f,f,t,1.4,t,2.1,t,135.0,t,0.92,t,147.0,f,,other,-,850815019,0
28.0,F,f,f,f,f,f,f,f,f,f,f,f,f,f,f,t,1.5,t,2.3,t,134.0,t,1.24,t,109.0,f,,other,-,850815023,0
68.0,M,f,f,f,f,f,f,f,f,f,f,f,f,f,f,t,2.0,t,2.5,t,79.0,t,0.86,t,92.0,f,,other,-,850815025,0
74.0,F,f,f,f,f,f,f,f,f,t,f,f,f,f,f,t,5.1,t,1.8,t,112.0,t,1.07,t,105.0,f,,other,-,850815029,0
14.0,M,f,f,f,f,f,f,f,f,f,f,f,f,f,f,t,5.8,t,2.8,t,91.0,t,1.03,t,88.0,f,,other,-,850815030,0
75.0,F,t,f,f,f,f,f,f,f,f,f,f,f,f,f,t,0.005,t,3.6,t,184.0,t,1.14,t,162.0,f,,other,N,850815031,1
52.0,M,f,f,f,f,f,t,t,f,f,f,f,f,f,f,t,0.04,t,1.9,t,86.0,t,0.77,t,112.0,f,,other,-,850815033,0
52.0,F,f,f,f,f,f,f,f,f,f,f,f,f,f,f,t,12.0,t,1.8,t,109.0,t,1.06,t,102.0,f,,other,G,850815038,1
22.0,F,f,f,t,f,f,f,f,f,f,f,f,f,f,f,t,2.0,t,1.9,t,101.0,t,0.92,t,109.0,f,,other,-,850815041,0
60.0,F,t,f,f,f,f,f,f,f,f,f,f,f,f,f,t,0.18,t,2.1,t,132.0,t,1.1,t,120.0,f,,other,-,850815054,0
69.0,F,f,f,f,f,f,f,f,f,f,f,f,f,f,f,t,0.22,t,2.4,t,129.0,t,1.14,t,113.0,f,,other,-,850815060,0
48.0,F,f,f,f,f,f,f,f,f,f,f,f,f,f,f,t,2.9,t,2.2,t,146.0,t,1.48,t,98.0,f,,SVI,-,850815061,0
78.0,F,t,f,f,f,f,f,f,t,f,f,f,f,f,f,t,2.6,t,0.3,t,87.0,t,0.95,t,91.0,f,,SVI,K,850815062,1
75.0,F,f,f,f,f,f,f,f,f,f,f,f,f,f,f,t,2.8,t,2.0,t,92.0,t,1.03,t,89.0,f,,SVI,-,850815064,0
52.0,M,f,f,f,f,f,f,f,f,f,f,f,f,f,f,t,0.3,t,1.2,t,101.0,t,0.9,t,112.0,f,,SVI,-,850815065,0
45.0,F,f,f,f,f,f,f,f,f,f,f,f,f,f,f,t,6.7,t,2.5,t,98.0,t,0.88,t,111.0,f,,other,G,850815066,1
57.0,F,f,f,f,f,f,f,f,f,f,f,f,f,f,f,t,0.005,t,3.6,t,144.0,t,0.84,t,171.0,f,,other,A,850815069,1
73.0,F,f,f,f,f,f,f,f,f,f,f,f,f,f,f,t,0.01,t,1.0,t,101.0,t,0.86,t,117.0,f,,SVI,K,850815070,1
57.0,M,f,f,f,f,f,f,f,f,f,f,f,f,f,f,t,2.3,f,,t,111.0,t,1.1,t,101.0,f,,other,-,850815073,0
23.0,F,f,f,f,f,f,f,f,f,f,f,f,f,f,f,f,,f,,t,67.0,t,0.98,t,68.0,f,,other,-,850815076,0
51.0,F,f,f,f,f,f,f,f,f,f,f,f,f,f,f,f,,f,,t,92.0,t,0.83,t,111.0,f,,other,-,850815078,0
56.0,M,f,f,f,f,f,f,f,f,f,f,f,f,f,f,t,0.52,t,2.4,t,158.0,t,1.18,t,134.0,f,,SVHC,-,850816002,0
38.0,M,f,f,f,f,f,f,f,f,f,f,f,f,f,f,t,0.67,t,1.9,t,92.0,t,0.76,t,121.0,f,,SVI,-,850816004,0
67.0,F,f,f,f,f,f,f,f,f,f,f,f,f,f,f,t,1.9,t,2.9,t,133.0,t,1.18,t,113.0,f,,SVHC,-,850816005,0
28.0,F,f,f,f,f,f,f,f,f,f,f,f,f,f,f,t,2.2,t,1.9,t,86.0,t,1.06,t,81.0,f,,SVHC,-,850816006,0
28.0,F,f,t,f,f,f,t,f,f,f,f,f,f,f,f,t,1.5,t,1.5,t,120.0,t,1.01,t,118.0,f,,SVI,-,850816007,0
45.0,M,f,f,f,f,f,f,f,t,t,f,f,f,f,f,t,1.2,t,2.7,t,120.0,t,1.13,t,106.0,f,,other,-,850816008,0
45.0,M,f,f,f,f,f,f,f,f,f,f,f,f,f,f,t,1.9,t,2.5,t,114.0,t,1.01,t,113.0,f,,other,-,850816009,0
77.0,M,t,f,f,f,f,f,t,t,f,f,f,f,f,f,t,0.93,t,1.9,t,121.0,t,1.36,t,89.0,f,,other,-,850816011,0
56.0,F,f,f,f,f,f,f,f,f,f,f,f,f,f,f,t,0.72,t,2.1,t,114.0,t,1.11,t,103.0,f,,other,-,850816012,0
39.0,M,f,f,f,f,f,f,f,f,f,f,f,f,f,f,t,1.4,t,2.9,t,97.0,t,1.03,t,94.0,f,,SVI,-,850816013,0
28.0,F,f,f,f,f,f,f,f,f,f,f,f,f,f,f,t,2.1,f,,t,100.0,t,1.15,t,87.0,f,,other,-,850816016,0
42.0,F,f,f,t,f,t,f,f,f,t,f,f,f,f,f,t,0.005,t,3.9,t,205.0,t,1.7,t,121.0,f,,STMW,I,850816017,1
34.0,F,f,f,f,f,t,f,f,f,t,f,f,f,f,f,t,0.005,t,3.5,t,198.0,t,1.79,t,111.0,f,,STMW,I,850816018,1
56.0,F,t,f,f,f,f,f,f,f,f,f,f,f,f,f,t,0.005,f,,t,170.0,t,0.96,t,177.0,f,,other,N,850816027,1
78.0,F,t,f,f,f,f,f,f,f,f,f,f,f,f,f,t,6.3,t,1.3,t,120.0,t,1.11,t,109.0,f,,other,M,850816032,1
11.0,F,f,f,t,f,f,f,f,f,f,f,f,f,f,f,f,,f,,f,,f,,f,,t,29.0,other,-,850816037,0
84.0,M,f,f,f,t,f,f,f,f,f,f,f,f,f,f,t,0.67,t,0.9,t,70.0,t,0.78,t,90.0,f,,SVI,K,850816062,1
49.0,M,f,f,f,f,f,f,f,f,f,f,f,f,f,f,t,0.08,t,0.2,t,59.0,t,0.79,t,74.0,f,,SVI,K,850816063,1
60.0,F,t,f,f,f,f,f,f,f,f,f,f,f,f,f,t,0.005,t,1.5,t,132.0,t,0.95,t,138.0,f,,other,-,850816070,0
37.0,M,f,f,f,f,f,f,f,f,t,f,f,f,f,f,f,,f,,f,,f,,f,,t,12.0,other,-,850816073,0
13.0,F,f,f,f,f,f,f,f,t,f,f,f,f,f,f,f,,f,,f,,f,,f,,t,27.0,other,-,850816074,0
54.0,F,f,f,f,f,f,f,f,f,f,f,f,f,f,f,f,,f,,f,,f,,f,,t,36.0,other,S,850816082,1
56.0,F,f,f,f,f,f,f,f,f,t,f,f,f,f,f,f,,t,2.7,t,120.0,t,1.27,t,95.0,f,,other,-,850819003,0
62.0,M,f,f,f,f,f,f,f,f,f,f,f,f,f,f,t,0.95,t,2.5,t,138.0,t,1.17,t,118.0,f,,other,-,850819010,0
77.0,F,f,f,f,f,f,f,f,f,f,f,f,f,f,f,t,2.3,t,1.7,t,92.0,t,0.96,t,96.0,f,,other,-,850819020,0
29.0,M,f,f,f,f,f,f,f,f,f,f,f,f,f,t,t,1.4,t,3.8,t,127.0,t,1.14,t,112.0,f,,SVHC,-,850819021,0
65.0,M,f,f,f,f,f,f,f,f,f,f,f,f,f,t,t,3.1,t,2.7,t,131.0,t,1.03,t,126.0,f,,SVHC,-,850819027,0
44.0,M,f,f,f,f,f,f,f,f,f,f,f,f,f,f,t,14.0,t,2.7,t,63.0,t,1.17,t,54.0,f,,other,-,850819029,0
24.0,F,f,f,f,f,f,f,f,f,f,f,f,f,f,f,t,0.85,t,3.0,t,121.0,t,1.25,t,97.0,f,,STMW,I,850819030,1
30.0,F,f,f,f,f,t,f,f,f,f,f,f,f,f,f,t,1.1,t,3.6,t,159.0,t,1.65,t,96.0,f,,STMW,I,850819031,1
57.0,F,f,f,f,f,f,f,f,f,f,f,f,f,f,f,f,,t,1.6,t,57.0,t,1.05,t,54.0,f,,other,-,850819035,0
76.0,F,f,f,f,f,f,f,f,t,t,f,f,f,f,f,t,39.0,f,,t,83.0,t,1.18,t,70.0,f,,other,G,850819038,1
69.0,M,f,f,f,f,f,f,f,f,f,f,f,t,f,f,f,,f,,f,,f,,f,,t,22.0,other,-,850819041,0
70.0,M,f,f,f,f,f,f,f,f,f,f,f,f,f,f,t,2.3,t,1.4,t,98.0,t,0.94,t,105.0,f,,SVI,-,850819047,0
70.0,F,f,f,f,f,f,f,f,f,f,f,f,f,f,f,t,0.82,t,2.4,t,96.0,t,0.91,t,105.0,f,,SVI,-,850819048,0
62.0,F,f,f,f,f,f,t,f,f,f,f,f,f,f,f,t,0.43,t,2.2,t,122.0,t,1.17,t,104.0,f,,SVI,-,850819049,0
50.0,F,f,f,f,f,f,f,f,f,f,f,f,f,f,f,t,28.0,t,0.2,t,33.0,t,0.7,t,47.0,f,,SVI,F,850819053,1
28.0,F,f,f,f,f,f,f,f,f,f,f,f,f,f,f,t,4.2,t,2.8,t,134.0,t,1.26,t,107.0,f,,other,-,850819054,0
24.0,M,f,f,f,f,f,f,f,f,f,f,f,f,f,f,t,2.4,t,2.8,t,122.0,t,1.13,t,109.0,f,,other,-,850819057,0
38.0,F,t,f,f,f,f,f,f,f,f,f,f,f,f,f,t,7.1,f,,t,130.0,t,0.98,t,132.0,f,,other,M,850819058,1
62.0,F,t,f,f,f,f,t,f,f,f,f,f,f,f,f,t,3.4,t,1.3,t,134.0,t,1.19,t,113.0,f,,other,-,850819061,0
62.0,F,f,f,f,f,f,f,f,f,f,f,f,f,f,f,t,0.45,t,1.6,t,101.0,t,0.89,t,114.0,f,,other,-,850820002,0
68.0,M,f,f,f,f,f,f,f,f,f,f,f,f,f,f,t,15.0,t,2.0,t,81.0,t,1.01,t,81.0,f,,other,G,850820008,1
60.0,F,f,f,f,f,f,f,f,t,f,f,f,f,f,f,t,8.2,t,1.7,t,65.0,t,0.96,t,68.0,f,,SVI,G,850820009,1
44.0,M,f,f,f,f,f,f,f,t,f,f,f,f,f,f,t,0.04,f,,t,141.0,t,1.03,t,137.0,f,,other,-,850820025,0
13.0,F,f,f,f,f,f,f,f,f,f,f,f,f,f,f,t,2.9,t,3.3,t,113.0,t,1.23,t,92.0,f,,other,-,850820041,0
43.0,F,t,f,f,f,f,f,f,f,f,f,f,f,f,f,t,19.0,f,,t,63.0,t,0.97,t,65.0,f,,other,M,850820042,1
23.0,M,f,f,f,f,f,f,f,f,f,f,f,f,f,f,t,1.7,t,1.0,t,115.0,t,0.92,t,125.0,f,,SVI,K,850820046,1
84.0,F,f,f,f,f,f,f,f,f,f,f,f,f,f,f,t,3.3,t,2.2,t,109.0,t,1.07,t,101.0,f,,SVI,-,850820047,0
58.0,F,f,f,f,f,f,f,f,f,f,f,f,f,f,f,t,0.21,t,0.9,t,122.0,t,1.04,t,117.0,f,,SVI,K,850820048,1
75.0,F,f,f,f,f,f,f,f,f,f,f,f,f,f,f,t,2.1,t,1.5,t,103.0,t,1.07,t,96.0,f,,SVI,-,850820049,0
75.0,F,f,f,f,f,t,f,f,f,f,f,f,f,f,f,t,0.46,t,2.9,t,139.0,t,1.53,t,91.0,f,,other,I,850820050,1
71.0,M,f,f,f,f,f,f,f,f,f,f,f,f,f,f,t,0.48,t,1.7,t,97.0,t,1.04,t,93.0,f,,SVI,-,850820051,0
71.0,M,f,f,f,f,f,f,f,f,f,f,f,f,f,f,t,1.8,t,1.5,t,139.0,t,1.03,t,135.0,f,,other,-,850820053,0
87.0,M,f,f,f,f,f,f,f,f,f,f,f,f,f,f,t,0.025,t,1.6,t,134.0,t,0.79,t,170.0,f,,other,R,850820054,1
51.0,F,f,f,f,f,f,f,f,f,f,f,f,f,f,f,t,2.8,f,,t,69.0,t,0.76,t,91.0,f,,other,-,850820058,0
33.0,F,f,f,f,f,f,f,f,f,f,f,f,f,f,f,t,2.9,t,2.2,t,96.0,t,1.03,t,93.0,f,,STMW,-,850821021,0
43.0,F,t,f,f,f,f,f,f,f,f,f,f,f,f,f,t,0.01,f,,t,171.0,t,0.98,t,174.0,f,,other,L,850821044,1
72.0,F,f,f,f,f,f,f,f,f,f,f,f,f,f,t,t,1.4,t,1.6,t,118.0,t,1.01,t,117.0,f,,SVHC,-,850821047,0
27.0,M,f,f,f,f,f,f,f,f,f,f,f,f,f,t,t,0.87,t,1.8,t,98.0,t,1.0,t,98.0,f,,SVHC,-,850821048,0
25.0,M,f,f,f,f,f,f,f,t,f,f,f,f,f,t,t,1.5,t,2.7,t,120.0,t,1.31,t,91.0,f,,SVHC,-,850821049,0
46.0,F,f,f,f,f,f,f,f,f,f,f,f,f,f,f,f,,t,2.9,t,158.0,t,1.03,t,154.0,f,,other,-,850821056,0
46.0,F,f,f,f,f,f,f,f,f,f,f,f,f,f,f,t,0.91,t,2.4,t,124.0,t,1.05,t,118.0,f,,other,-,850821067,0
31.0,M,f,f,f,f,f,f,f,f,f,f,f,f,f,f,t,5.1,f,,t,93.0,t,0.97,t,95.0,f,,other,-,850821078,0
62.0,F,f,f,f,f,f,f,f,f,f,f,f,f,f,f,t,0.81,t,2.3,t,109.0,t,1.18,t,93.0,f,,SVI,-,850821079,0
67.0,M,f,f,f,f,f,f,f,f,f,f,f,f,f,f,t,0.67,t,1.8,t,80.0,t,0.86,t,93.0,f,,SVI,-,850821080,0
48.0,F,f,f,f,f,f,f,f,f,f,f,f,f,f,f,t,1.5,t,1.9,t,89.0,t,0.92,t,96.0,f,,other,-,850821081,0
65.0,F,f,f,f,f,f,f,f,f,f,f,f,f,f,f,t,1.02,t,3.0,t,130.0,f,,f,,f,,other,-,850821082,0
67.0,F,f,f,f,f,f,f,f,f,f,f,f,t,f,f,t,1.3,t,2.3,t,97.0,t,1.09,t,88.0,f,,other,-,850821095,0
60.0,M,f,f,f,f,f,f,f,f,f,f,f,f,f,f,t,1.1,t,2.2,t,107.0,t,0.95,t,113.0,f,,SVI,-,850822001,0
78.0,M,f,f,f,t,f,f,f,f,f,f,f,f,f,f,t,2.1,t,1.8,t,80.0,t,0.72,t,111.0,f,,other,-,850822002,0
79.0,F,f,f,f,f,f,f,f,f,f,f,f,f,f,f,t,2.8,t,1.2,t,122.0,t,1.0,t,122.0,f,,SVI,-,850822003,0
66.0,F,f,f,f,f,f,f,f,f,f,f,f,f,f,f,t,1.9,t,2.2,t,110.0,t,1.21,t,91.0,f,,other,-,850822004,0
29.0,F,f,f,f,f,f,f,f,f,f,f,f,f,f,f,t,1.3,t,1.8,t,106.0,t,1.17,t,91.0,f,,SVHC,-,850822005,0
23.0,F,f,f,f,f,f,f,f,f,f,f,f,f,f,f,t,3.6,t,7.0,t,141.0,t,1.77,t,80.0,f,,SVHC,I,850822006,1
37.0,M,f,f,f,f,f,f,f,f,f,f,f,f,f,t,t,0.6,t,2.1,t,148.0,t,1.19,t,124.0,f,,SVHC,-,850822007,0
37.0,F,f,f,f,f,f,f,f,f,f,f,f,f,f,f,t,4.1,t,2.5,t,118.0,f,,f,,f,,SVI,-,850822016,0
48.0,M,f,f,f,f,f,f,f,f,f,f,f,f,f,f,t,1.8,t,2.3,t,89.0,t,0.83,t,107.0,f,,other,-,850822019,0
57.0,F,t,f,f,f,f,f,f,f,f,f,f,f,f,f,t,0.005,t,2.3,t,213.0,t,1.09,t,195.0,f,,other,N,850822021,1
60.0,M,f,f,f,f,f,f,f,f,f,f,f,f,f,f,t,11.0,t,2.6,t,109.0,t,1.06,t,103.0,f,,SVHD,G,850822024,1
41.0,M,f,f,f,f,f,f,f,f,f,f,f,f,f,f,t,0.025,t,4.4,t,138.0,t,0.64,t,218.0,f,,other,-,850822025,0
50.0,M,t,f,f,f,f,f,f,f,f,f,f,f,f,f,t,11.0,t,2.2,t,95.0,t,1.1,t,86.0,f,,other,M,850822032,1
19.0,F,f,f,f,f,f,f,f,f,f,f,f,f,f,f,t,8.799999,t,2.7,t,108.0,t,1.11,t,97.0,f,,other,G,850822035,1
50.0,M,f,f,f,f,f,f,f,f,f,f,f,f,f,f,t,80.0,t,1.4,t,41.0,t,1.14,t,36.0,f,,other,F,850822036,1
59.0,F,f,f,f,f,f,f,f,f,f,f,f,f,f,f,f,,f,,t,72.0,t,0.92,t,78.0,f,,other,-,850822037,0
63.0,F,f,f,f,f,f,f,f,f,f,f,f,f,f,f,t,5.6,t,2.2,t,99.0,t,1.02,t,97.0,f,,SVI,-,850822038,0
22.0,M,f,f,f,f,f,f,f,f,f,f,f,f,f,f,t,1.7,t,2.3,t,111.0,t,1.02,t,108.0,f,,other,-,850822045,0
22.0,F,f,f,f,f,f,f,f,f,f,f,f,f,f,f,t,1.3,t,1.9,t,94.0,t,0.89,t,105.0,f,,other,-,850822046,0
34.0,F,t,f,f,f,t,f,f,f,f,f,f,f,f,f,t,8.299999,t,3.1,t,172.0,t,1.8,t,96.0,f,,other,MI,850822047,1
63.0,F,t,f,f,f,f,f,f,f,f,f,f,f,f,f,t,0.005,t,3.4,t,210.0,t,1.11,t,188.0,f,,other,N,850822048,1
21.0,F,f,f,f,f,f,f,f,f,f,f,f,f,f,t,t,1.5,t,2.1,t,130.0,t,1.04,t,124.0,f,,SVHC,-,850822049,0
27.0,F,t,f,f,f,f,f,f,t,f,f,f,f,f,t,t,2.1,t,2.1,t,114.0,t,1.1,t,104.0,f,,SVHC,-,850822050,0
80.0,F,f,f,f,f,f,f,f,f,f,f,f,f,f,t,t,1.1,t,1.8,t,94.0,t,0.94,t,100.0,f,,SVHC,-,850822051,0
36.0,F,f,f,f,f,f,f,f,f,f,f,f,f,f,f,t,0.04,t,2.2,t,116.0,t,1.04,t,111.0,f,,other,-,850822064,0
52.0,M,f,f,f,f,f,f,f,f,f,f,f,f,f,f,t,2.0,t,1.8,t,86.0,t,0.86,t,101.0,f,,other,-,850822066,0
65.0,F,t,f,f,f,f,f,f,t,f,f,f,f,f,f,t,0.47,t,2.3,t,113.0,t,0.91,t,124.0,f,,other,-,850822067,0
26.0,F,f,f,f,f,f,f,f,f,f,f,f,f,f,f,t,1.9,t,2.5,t,102.0,t,1.16,t,87.0,f,,other,-,850822068,0
83.0,F,f,f,f,f,f,f,f,f,f,f,f,t,f,f,t,0.44,f,,t,145.0,t,1.08,t,135.0,f,,other,-,850822072,0
55.0,F,f,t,f,f,f,f,f,f,f,f,f,f,f,f,t,0.005,f,,t,161.0,t,0.9,t,180.0,f,,other,A,850822073,1
79.0,M,f,f,f,f,f,f,f,f,f,f,f,f,f,f,t,0.005,t,3.4,t,151.0,t,0.74,t,203.0,f,,other,A,850822081,1
45.0,F,f,f,f,f,f,f,f,f,f,f,f,f,f,f,t,1.4,t,2.1,t,100.0,t,0.95,t,106.0,f,,other,-,850822082,0
33.0,F,f,f,f,f,f,f,f,f,f,f,f,f,f,f,t,1.5,t,2.5,t,109.0,t,1.11,t,98.0,f,,other,-,850823002,0
19.0,F,f,f,f,f,f,f,f,f,f,f,f,f,f,f,t,3.2,t,3.6,t,139.0,t,1.53,t,91.0,f,,other,I,850823003,1
19.0,F,f,f,f,f,f,f,f,f,f,f,f,f,f,f,t,4.0,t,2.2,t,90.0,t,1.16,t,78.0,f,,other,-,850823004,0
83.0,M,f,f,f,f,f,f,f,f,f,f,f,f,f,f,t,0.38,t,2.1,t,90.0,t,0.88,t,102.0,f,,other,-,850823006,0
83.0,F,f,f,f,f,f,f,f,f,f,f,f,f,f,t,t,1.8,t,2.4,t,100.0,t,1.02,t,98.0,f,,SVHC,-,850823021,0
68.0,M,f,f,f,f,f,f,f,f,f,f,f,f,f,f,t,1.3,t,2.0,t,131.0,t,1.07,t,122.0,f,,SVI,-,850823022,0
14.0,F,f,f,f,t,f,f,f,f,f,f,f,f,f,f,t,0.78,t,2.2,t,78.0,t,0.88,t,89.0,f,,SVI,-,850823026,0
59.0,F,f,f,f,f,f,f,f,f,f,f,f,f,f,f,t,2.9,t,1.4,t,95.0,t,1.11,t,86.0,f,,SVI,-,850823027,0
53.0,F,f,f,f,f,f,f,f,f,f,f,f,f,f,f,t,0.83,f,,t,193.0,t,1.33,t,144.0,f,,other,-,850823047,0
22.0,F,f,f,f,f,f,f,f,f,t,f,f,f,f,f,t,0.56,t,2.7,t,179.0,t,1.25,t,143.0,f,,other,-,850823054,0
44.0,F,f,f,f,f,f,f,f,f,f,f,f,f,f,f,t,1.4,t,2.4,t,112.0,t,1.01,t,111.0,f,,other,-,850826017,0
44.0,F,f,f,f,f,f,f,f,f,t,f,f,f,f,f,t,2.1,t,3.3,t,140.0,t,1.65,t,86.0,f,,other,-,850826020,0
46.0,F,t,f,f,f,f,f,f,f,f,f,f,f,f,f,t,0.025,t,2.7,t,107.0,t,0.77,t,139.0,f,,other,-,850826022,0
74.0,M,f,f,f,f,f,f,f,t,f,f,f,f,f,f,t,1.5,t,2.1,t,70.0,t,0.74,t,94.0,f,,SVI,-,850826024,0
39.0,M,f,f,f,f,f,f,f,f,f,f,f,f,f,f,t,0.38,t,1.3,t,84.0,t,0.91,t,97.0,f,,other,-,850826026,0
67.0,F,f,f,f,f,f,f,f,f,f,f,f,f,f,f,t,2.2,t,2.0,t,99.0,t,0.96,t,103.0,f,,other,-,850826027,0
38.0,F,f,f,f,f,f,f,f,f,f,f,f,f,f,f,t,2.8,t,2.2,t,57.0,t,0.92,t,63.0,f,,SVHC,R,850826028,1
72.0,F,f,f,f,t,f,f,f,t,f,f,f,f,f,f,t,6.0,t,2.4,t,118.0,t,1.26,t,94.0,f,,SVI,-,850826033,0
68.0,F,f,f,f,f,f,f,f,f,t,f,f,f,f,f,t,42.0,t,0.2,t,18.0,t,1.09,t,16.0,f,,SVI,F,850826034,1
48.0,M,f,f,f,f,f,f,f,f,f,f,f,f,f,f,t,1.6,t,2.1,t,80.0,t,0.98,t,82.0,f,,SVI,-,850826035,0
22.0,F,f,f,f,f,f,f,f,f,f,f,f,f,f,f,t,2.9,t,1.9,t,83.0,t,0.74,t,112.0,f,,SVI,-,850826036,0
45.0,F,f,f,f,f,f,f,f,f,f,f,f,f,f,f,t,1.7,t,2.5,t,106.0,t,0.97,t,110.0,f,,SVI,-,850826037,0
61.0,F,f,f,f,f,f,f,f,f,f,f,t,f,f,f,t,0.99,t,1.5,t,63.0,t,0.56,t,113.0,f,,SVI,-,850826038,0
61.0,M,f,f,f,f,f,f,f,f,f,f,f,f,f,f,t,7.9,t,2.9,t,116.0,t,1.02,t,114.0,f,,other,GI,850826042,1
71.0,M,t,f,f,f,f,f,f,t,f,f,f,f,f,f,t,25.0,t,0.3,t,31.0,t,0.68,t,46.0,f,,SVI,F,850826058,1
57.0,M,f,f,f,f,f,f,f,f,f,f,f,f,f,t,t,1.3,t,2.7,t,89.0,t,0.91,t,99.0,f,,SVHC,-,850826062,0
34.0,F,f,f,f,f,f,f,f,f,f,f,f,f,f,f,f,,f,,f,,f,,f,,t,18.0,other,-,850826065,0
40.0,F,f,f,f,f,f,f,f,t,f,f,f,f,f,t,t,1.3,t,2.6,t,135.0,t,1.09,t,124.0,f,,SVHC,-,850826067,0
32.0,M,f,f,f,f,f,f,f,f,f,f,f,f,f,f,t,0.45,t,2.5,t,100.0,t,1.17,t,86.0,f,,SVHC,-,850826068,0
47.0,F,f,f,f,f,f,f,t,f,f,f,f,f,f,f,t,4.7,t,2.4,t,102.0,t,1.12,t,92.0,f,,other,-,850826070,0
72.0,F,t,f,f,f,f,f,f,f,f,f,f,f,f,f,t,0.97,t,2.0,t,164.0,f,,f,,f,,other,L,850827003,1
47.0,M,f,f,f,f,f,f,f,f,f,f,f,f,f,f,t,2.4,t,2.2,t,143.0,t,0.92,t,154.0,f,,SVI,-,850827010,0
61.0,M,f,f,f,t,f,f,f,f,f,f,f,f,f,f,t,1.8,t,2.3,t,89.0,t,0.85,t,105.0,f,,other,-,850827012,0
49.0,F,f,f,f,f,f,f,f,f,f,f,f,f,f,f,t,1.2,t,2.2,t,100.0,t,0.93,t,108.0,f,,SVHC,-,850827013,0
70.0,F,f,f,f,f,f,f,f,f,f,f,f,f,f,f,t,0.34,t,2.5,t,163.0,t,1.11,t,148.0,f,,SVI,-,850827041,0
78.0,F,f,f,f,f,f,f,f,f,f,f,f,f,f,f,t,1.4,t,2.0,t,130.0,t,0.93,t,139.0,f,,SVI,-,850827042,0
53.0,M,f,f,f,f,f,f,f,f,f,f,f,f,f,f,t,1.6,t,2.1,t,133.0,t,1.08,t,123.0,f,,SVI,-,850827043,0
54.0,F,f,f,f,f,f,f,f,f,f,f,f,f,f,f,t,3.1,t,3.8,t,157.0,t,1.52,t,103.0,f,,SVI,I,850827045,1
54.0,,f,f,f,f,f,f,f,t,f,f,f,f,f,f,t,0.01,t,3.6,t,142.0,t,1.23,t,115.0,f,,other,B,850827046,1
42.0,F,f,f,f,f,f,f,f,f,f,f,f,f,f,f,t,1.3,t,2.0,t,87.0,t,0.73,t,118.0,f,,SVI,-,850827047,0
49.0,M,f,f,f,f,f,f,f,f,f,f,f,f,f,f,t,4.9,t,0.7,t,82.0,t,0.79,t,104.0,f,,SVI,K,850827048,1
34.0,F,f,f,f,f,t,f,f,f,t,f,f,f,f,f,t,0.03,t,4.2,t,134.0,t,1.65,t,81.0,f,,other,I,850827050,1
68.0,M,f,f,f,f,f,f,f,f,f,f,f,f,f,f,t,2.0,t,1.5,t,110.0,t,0.89,t,124.0,f,,SVI,-,850827052,0
68.0,,f,f,f,f,f,f,f,f,f,f,f,f,f,f,t,2.5,t,3.5,f,,f,,f,,f,,other,-,850827062,0
68.0,,f,f,f,f,f,f,f,f,f,f,f,f,f,f,f,,f,,t,175.0,t,0.86,t,204.0,f,,other,A,850827064,1
24.0,F,f,f,f,f,f,f,f,t,f,f,f,f,f,f,t,1.4,t,2.3,t,73.0,t,1.09,t,67.0,f,,other,-,850827070,0
75.0,F,f,f,f,f,f,f,f,f,f,f,f,f,f,f,t,0.33,t,1.8,t,134.0,t,0.97,t,138.0,f,,other,-,850828013,0
17.0,F,f,f,f,f,f,f,f,f,f,f,f,f,f,t,t,0.8,t,3.4,t,46.0,f,,f,,f,,SVHC,-,850828016,0
30.0,F,f,f,f,f,f,f,f,f,f,f,f,f,f,t,t,4.5,t,2.0,t,139.0,t,0.86,t,161.0,f,,SVHC,R,850828017,1
63.0,F,f,f,f,f,f,f,t,f,f,f,f,f,f,f,t,0.03,t,3.3,t,120.0,t,0.96,t,125.0,f,,other,B,850828018,1
28.0,F,f,f,f,f,f,f,f,f,f,f,f,f,f,t,t,0.7,t,2.0,t,45.0,f,,f,,f,,SVHC,R,850828019,1
71.0,F,f,f,f,f,f,f,f,f,f,f,f,f,f,f,t,1.5,t,2.0,t,96.0,t,1.05,t,92.0,f,,SVI,-,850828032,0
62.0,F,f,f,f,f,f,f,f,f,f,f,f,f,f,f,t,1.2,t,2.1,t,134.0,t,1.06,t,127.0,f,,SVI,-,850828033,0
71.0,M,f,f,f,f,f,f,f,f,f,f,f,f,f,f,t,3.2,t,1.8,t,86.0,t,0.81,t,106.0,f,,SVI,-,850828034,0
78.0,F,f,f,f,f,f,f,f,f,f,f,f,f,f,f,t,1.3,t,1.9,t,126.0,t,0.9,t,141.0,f,,SVI,-,850828035,0
90.0,F,f,t,f,f,f,f,f,f,f,f,f,f,f,f,t,0.03,t,1.9,t,203.0,t,0.9,t,224.0,f,,SVI,-,850828037,0
50.0,F,f,f,f,f,f,f,f,f,f,f,f,f,f,f,t,117.0,t,0.4,t,17.0,t,1.14,t,15.0,f,,SVI,F,850828038,1
68.0,F,f,f,f,f,f,f,f,f,f,f,f,f,f,f,t,24.0,t,1.3,t,84.0,t,0.82,t,102.0,f,,SVI,G,850828040,1
63.0,F,t,f,f,f,f,f,f,f,f,f,f,f,f,f,t,0.69,f,,t,162.0,t,0.99,t,163.0,f,,other,L,850828046,1
66.0,F,f,f,f,f,f,f,f,f,t,f,f,f,f,f,t,1.1,t,1.8,t,135.0,t,1.09,t,124.0,f,,other,-,850828049,0
66.0,F,f,f,f,f,f,f,f,f,f,f,f,t,f,t,t,1.2,t,2.3,t,133.0,t,1.17,t,113.0,f,,SVI,-,850828052,0
44.0,F,f,f,f,f,f,f,f,f,t,f,f,f,f,f,t,2.3,t,2.3,t,118.0,t,1.01,t,117.0,f,,other,-,850828070,0
38.0,M,f,f,f,f,f,f,f,f,f,f,f,f,f,t,t,0.73,t,2.4,t,135.0,t,1.05,t,129.0,f,,SVHC,-,850829008,0
34.0,M,f,f,f,f,f,f,f,f,f,f,f,f,f,f,t,0.88,t,3.0,t,69.0,t,0.67,t,102.0,f,,SVHC,-,850829009,0
25.0,M,f,f,f,f,f,f,f,f,f,f,f,f,f,t,t,1.2,t,2.6,t,121.0,t,0.97,t,125.0,f,,SVHC,-,850829010,0
47.0,F,f,f,f,f,f,f,f,f,f,f,f,t,f,f,t,0.63,t,2.6,t,160.0,t,1.2,t,134.0,f,,other,I,850829012,1
49.0,M,f,f,f,f,f,f,f,f,t,f,f,f,f,f,f,,t,2.4,t,111.0,t,1.07,t,104.0,f,,other,-,850829021,0
49.0,F,f,f,f,f,f,f,f,f,f,f,f,f,f,f,t,0.035,t,2.1,t,183.0,t,1.02,t,179.0,f,,other,AK,850829022,1
50.0,F,f,f,f,f,f,f,f,f,f,f,f,f,f,f,t,89.0,t,0.2,t,10.0,t,1.13,t,9.0,f,,SVI,F,850829024,1
50.0,F,f,f,f,f,f,f,f,f,f,f,f,f,f,f,t,7.6,t,1.7,t,128.0,t,1.08,t,118.0,f,,other,G,850829026,1
68.0,F,f,f,f,t,f,f,f,f,f,f,f,f,f,f,t,1.5,t,2.3,t,117.0,t,1.04,t,113.0,f,,other,-,850829027,0
71.0,M,f,f,f,f,f,f,f,t,f,f,f,f,f,f,t,38.0,t,0.4,t,37.0,t,0.74,t,50.0,f,,SVI,F,850829028,1
69.0,F,f,f,f,f,f,f,f,f,f,f,f,f,f,f,t,0.8,t,0.6,t,82.0,t,0.46,t,179.0,f,,SVI,KJ,850829029,1
75.0,M,f,f,f,f,f,f,f,f,f,f,f,f,f,f,t,0.035,t,1.2,t,98.0,t,0.83,t,118.0,f,,SVI,-,850829030,0
37.0,F,t,f,f,f,f,f,f,f,f,f,f,f,f,f,t,0.61,t,1.6,t,116.0,t,0.91,t,127.0,f,,other,-,850829043,0
50.0,F,f,f,f,f,f,t,f,f,f,f,f,f,f,f,t,76.0,t,0.5,t,22.0,t,1.12,t,19.0,f,,other,Q,850829054,1
39.0,F,f,f,f,f,f,f,f,f,f,f,f,f,f,f,t,43.0,t,1.6,t,63.0,t,0.84,t,75.0,f,,other,G,850829055,1
18.0,M,f,f,f,f,f,f,f,f,f,f,f,f,f,f,t,2.3,t,2.1,t,79.0,t,1.1,t,72.0,f,,other,-,850829057,0
64.0,M,t,f,f,f,f,f,f,f,f,f,f,f,f,f,t,0.24,f,,t,83.0,t,0.9,t,93.0,f,,other,-,850829064,0
70.0,F,f,f,f,f,f,f,f,f,f,f,f,f,f,f,t,0.69,t,1.9,t,129.0,t,1.02,t,126.0,f,,other,-,850830001,0
44.0,F,f,f,f,f,f,f,f,f,f,f,f,f,f,f,t,2.5,t,1.6,t,119.0,t,1.09,t,110.0,f,,other,-,850830004,0
50.0,F,f,f,f,f,f,f,f,t,f,f,f,f,f,f,t,4.8,t,0.6,t,98.0,t,0.8,t,122.0,f,,SVI,K,850830029,1
69.0,F,f,f,f,f,f,f,f,f,f,f,f,f,f,f,t,6.2,t,1.9,t,89.0,t,0.94,t,95.0,f,,other,G,850830035,1
63.0,M,f,f,f,f,f,f,f,f,f,f,f,f,f,f,t,5.8,t,1.9,t,102.0,t,1.18,t,87.0,f,,SVI,-,850830044,0
60.0,F,f,f,f,f,f,f,f,f,f,f,f,f,f,f,t,0.48,t,1.7,t,88.0,t,0.83,t,105.0,f,,SVI,-,850830046,0
41.0,F,f,f,f,f,f,f,f,f,f,f,f,f,f,f,t,4.1,t,2.0,t,127.0,t,1.04,t,122.0,f,,SVI,-,850830047,0
54.0,,f,f,f,f,f,f,f,f,f,f,f,f,f,f,t,2.7,t,1.9,t,111.0,t,0.99,t,112.0,f,,SVI,-,850830049,0
60.0,F,f,f,f,f,f,f,f,f,f,f,f,f,f,f,t,1.6,t,1.7,t,153.0,t,1.06,t,144.0,f,,SVI,-,850830050,0
63.0,F,f,f,f,f,f,f,f,f,f,f,f,f,f,f,t,1.9,t,1.9,t,125.0,t,1.01,t,124.0,f,,SVI,-,850902001,0
71.0,F,f,f,f,f,f,f,f,f,f,f,f,f,f,f,t,1.6,t,0.3,t,73.0,t,0.9,t,81.0,f,,other,K,850902003,1
19.0,F,f,f,f,f,f,f,f,f,f,f,f,f,f,f,t,4.0,t,2.9,t,122.0,t,1.02,t,119.0,f,,SVHC,I,850902005,1
48.0,M,f,f,f,f,f,f,f,f,f,f,f,f,f,t,t,2.4,t,2.0,t,66.0,t,0.74,t,89.0,f,,SVHC,-,850902006,0
21.0,F,f,f,f,f,f,f,f,f,f,f,f,f,f,f,t,1.6,t,2.1,t,96.0,t,0.85,t,112.0,f,,STMW,-,850902008,0
59.0,M,f,f,f,f,f,f,f,f,f,f,f,f,f,f,t,0.1,t,2.0,t,102.0,t,0.82,t,125.0,f,,other,-,850902012,0
61.0,F,t,f,f,f,f,f,f,f,f,f,f,f,f,f,t,0.38,f,,t,121.0,t,0.95,t,128.0,f,,other,-,850902013,0
44.0,M,f,f,f,f,f,f,f,f,f,f,f,f,f,f,t,41.0,t,1.5,t,48.0,t,1.17,t,41.0,f,,other,F,850902018,1
16.0,F,f,f,f,f,f,f,f,f,f,f,f,f,f,f,f,,f,,t,76.0,t,0.93,t,82.0,f,,other,-,850902026,0
16.0,F,t,f,f,f,f,f,f,f,f,f,f,f,f,f,t,2.7,t,1.9,t,112.0,t,1.26,t,89.0,f,,other,-,850902028,0
81.0,F,f,f,f,f,f,f,f,f,f,f,f,f,f,f,t,5.4,t,1.3,t,73.0,t,0.72,t,101.0,f,,SVI,-,850902030,0
75.0,F,f,f,f,f,f,f,f,f,f,f,f,f,f,f,t,4.5,t,1.1,t,132.0,t,1.01,t,131.0,f,,SVI,K,850902031,1
70.0,F,f,f,f,f,f,f,f,f,f,f,f,f,f,f,t,34.0,t,1.5,t,88.0,t,1.06,t,83.0,f,,other,G,850902033,1
34.0,M,f,f,f,f,f,f,f,f,f,f,f,f,f,t,t,0.83,t,2.4,t,114.0,t,1.02,t,112.0,f,,SVHC,-,850902035,0
57.0,F,f,f,f,f,f,f,f,f,f,f,f,f,f,f,t,9.099999,f,,t,101.0,t,1.12,t,90.0,f,,other,G,850902039,1
33.0,M,f,f,f,f,f,f,f,f,f,f,f,f,f,t,t,1.0,t,1.4,t,88.0,t,0.78,t,113.0,f,,SVHC,-,850903002,0
76.0,F,f,f,f,t,f,t,f,f,f,f,f,f,f,f,t,1.8,t,1.2,t,65.0,t,0.76,t,86.0,f,,other,-,850903003,0
67.0,F,t,f,f,f,f,f,f,t,f,f,f,f,f,f,t,2.0,t,2.5,t,133.0,t,1.19,t,112.0,f,,other,-,850903005,0
78.0,F,f,f,f,t,f,f,f,f,f,f,f,f,f,f,t,0.99,t,1.7,t,114.0,t,0.96,t,119.0,f,,SVHD,-,850903006,0
62.0,M,t,f,f,f,f,f,f,t,t,f,f,f,f,f,t,13.0,t,1.1,t,87.0,t,0.81,t,107.0,f,,SVHC,MK,850903037,1
62.0,F,f,f,f,f,f,t,f,f,f,f,f,f,f,f,t,6.5,t,1.8,t,97.0,t,1.29,t,76.0,f,,SVI,Q,850903038,1
82.0,F,f,f,f,f,f,f,f,f,f,f,f,f,f,f,f,,t,1.1,t,69.0,t,0.64,t,107.0,f,,SVI,K,850903040,1
55.0,F,f,t,f,f,f,f,f,f,f,f,f,f,f,f,t,1.2,t,2.4,t,95.0,t,1.05,t,90.0,f,,SVI,-,850903041,0
55.0,F,f,f,f,f,f,f,f,t,f,f,f,f,f,f,t,1.9,t,2.3,t,98.0,t,1.03,t,95.0,f,,SVI,-,850903043,0
55.0,M,f,f,f,f,f,f,f,f,f,f,f,f,f,f,t,0.6,t,1.1,t,95.0,t,0.97,t,98.0,f,,SVI,K,850903045,1
79.0,F,f,f,f,f,f,f,f,f,f,f,f,f,f,f,t,3.8,t,1.4,t,98.0,t,0.97,t,110.0,f,,SVI,-,850903046,0
8.0,F,t,f,f,f,f,f,f,f,f,f,f,f,f,f,f,,f,,f,,f,,f,,t,31.0,other,S,850903048,1
35.0,F,f,f,f,f,f,f,f,t,f,f,f,f,f,f,t,31.0,t,2.6,t,46.0,t,1.0,t,46.0,f,,other,F,850903051,1
35.0,M,f,f,f,f,f,f,f,f,f,f,f,f,f,f,t,1.9,f,,t,73.0,t,0.77,t,95.0,f,,other,-,850904019,0
35.0,F,f,f,f,f,f,f,f,f,f,f,f,f,f,t,t,0.93,t,2.8,t,155.0,t,1.01,t,153.0,f,,SVHC,-,850904020,0
50.0,M,f,f,f,f,f,f,f,f,f,f,f,f,f,f,t,151.0,t,1.0,t,32.0,t,1.16,t,28.0,f,,other,F,850904024,1
50.0,F,f,f,f,f,f,f,f,f,f,f,f,f,f,f,t,2.8,t,1.6,t,105.0,t,0.8,t,131.0,f,,SVI,-,850904025,0
78.0,F,f,f,f,f,f,f,f,f,f,f,f,f,f,f,t,0.58,t,2.2,t,92.0,t,0.96,t,96.0,f,,SVI,-,850904051,0
78.0,F,f,f,f,f,f,f,f,f,f,f,f,f,f,f,t,0.77,t,1.9,t,113.0,t,1.03,t,110.0,f,,other,-,850904052,0
58.0,F,f,f,f,f,f,f,f,f,f,f,f,f,f,f,t,4.2,t,2.1,t,83.0,t,1.19,t,69.0,f,,SVI,-,850904053,0
58.0,,t,f,f,f,f,f,f,f,t,f,f,f,f,f,t,0.01,t,3.3,t,129.0,t,1.23,t,105.0,f,,SVI,B,850904054,1
61.0,,f,f,f,f,f,f,f,f,f,f,f,f,f,f,t,0.01,t,2.1,t,159.0,t,1.13,t,140.0,f,,SVHD,-,850904055,0
39.0,M,f,f,f,f,f,f,f,f,f,f,f,f,f,t,t,1.6,t,1.8,t,114.0,t,0.98,t,120.0,f,,SVHC,-,850904057,0
87.0,F,f,f,f,f,f,f,f,f,f,f,f,f,f,f,t,2.5,t,1.7,t,140.0,t,0.96,t,147.0,f,,other,-,850904060,0
63.0,,f,f,f,f,f,f,f,f,f,f,f,f,f,f,t,5.8,t,1.3,t,92.0,t,0.94,t,98.0,f,,other,-,850904061,0
63.0,,f,f,f,f,f,f,f,f,f,f,f,f,f,f,f,,f,,f,,f,,f,,t,20.0,other,-,850904074,0
63.0,,f,f,f,f,f,f,f,f,f,f,f,f,f,f,f,,f,,f,,f,,f,,t,20.0,other,-,850904075,0
63.0,,f,f,f,f,f,f,f,f,f,f,f,f,f,f,t,0.43,t,2.9,t,118.0,t,1.42,t,83.0,f,,other,I,850904076,1
62.0,F,f,f,f,f,f,f,f,f,f,f,f,f,f,f,t,6.6,t,2.2,t,99.0,t,1.16,t,85.0,f,,other,G,850904081,1
56.0,F,t,f,f,f,f,f,f,f,f,f,f,f,f,f,t,0.3,t,2.8,t,141.0,t,0.99,t,142.0,f,,other,-,850904082,0
60.0,M,f,f,f,f,f,f,f,f,f,f,f,f,f,f,t,98.0,t,0.4,t,5.8,t,0.8,t,7.0,f,,SVI,F,850904086,1
37.0,M,f,f,f,f,f,f,f,f,f,f,f,f,f,f,f,,f,,t,98.0,t,0.83,t,119.0,f,,other,-,850905009,0
19.0,,t,f,f,f,f,f,f,f,f,f,f,f,f,f,t,5.7,t,1.9,t,104.0,t,1.1,t,94.0,f,,other,-,850905012,0
43.0,M,t,f,f,f,f,f,f,f,f,f,f,f,f,f,t,0.05,f,,t,160.0,t,1.03,t,156.0,f,,other,L,850905017,1
76.0,M,f,f,f,f,f,f,f,t,f,f,f,f,f,f,t,0.65,t,1.5,t,111.0,t,0.96,t,116.0,f,,other,-,850905020,0
54.0,F,f,f,f,t,f,f,f,f,f,f,f,f,f,f,t,2.1,t,2.5,t,128.0,t,1.12,t,114.0,f,,other,-,850905021,0
74.0,F,f,f,f,f,f,f,f,f,f,f,f,f,f,f,t,6.3,t,1.7,t,146.0,t,1.22,t,119.0,f,,other,G,850905022,1
80.0,M,f,f,f,f,f,f,f,f,f,f,f,f,f,f,t,1.3,t,2.8,t,225.0,t,1.68,t,134.0,f,,other,I,850905023,1
29.0,M,f,f,f,f,f,f,f,f,f,f,f,f,f,t,t,0.25,t,2.0,t,35.0,f,,f,,f,,SVHC,R,850905025,1
49.0,F,t,f,f,f,f,f,f,f,f,f,f,f,f,f,t,0.12,t,2.3,t,181.0,t,1.11,t,164.0,f,,other,L,850905026,1
66.0,F,t,f,f,f,f,f,f,f,f,f,f,f,f,f,t,0.42,t,1.9,t,153.0,t,1.04,t,147.0,f,,other,-,850905032,0
71.0,F,f,f,f,f,f,f,f,f,f,f,f,f,f,f,t,0.09,t,2.5,t,167.0,t,1.19,t,140.0,f,,other,I,850905033,1
22.0,F,t,f,f,f,f,f,f,f,f,f,f,f,f,f,f,,f,,t,151.0,t,1.05,t,144.0,f,,other,-,850905034,0
39.0,F,f,f,f,f,f,f,f,t,t,f,f,f,f,f,t,2.0,t,2.3,t,102.0,t,1.16,t,88.0,f,,other,-,850905035,0
62.0,M,f,f,f,f,f,f,f,f,f,f,f,f,f,f,t,4.2,t,2.2,t,104.0,t,1.11,t,93.0,f,,other,-,850905037,0
69.0,F,f,f,f,f,f,f,f,f,f,f,f,f,f,f,t,2.0,t,1.7,t,109.0,t,0.93,t,117.0,f,,other,-,850905039,0
72.0,F,f,f,f,f,f,f,f,f,f,f,f,f,f,f,f,,f,,t,161.0,t,0.9,t,180.0,f,,other,A,850905044,1
67.0,M,f,f,f,f,f,f,f,f,f,f,f,f,f,f,t,0.25,t,2.0,t,101.0,t,0.81,t,124.0,f,,SVI,-,850905046,0
19.0,F,f,f,f,f,f,f,f,f,f,f,f,f,f,f,t,3.7,t,3.0,t,68.0,t,0.85,t,80.0,f,,SVI,I,850905047,1
63.0,F,f,f,f,f,f,f,f,f,f,f,f,f,f,f,t,4.5,t,1.5,t,93.0,t,0.87,t,107.0,f,,SVI,-,850905048,0
69.0,F,f,f,f,f,f,f,f,f,f,f,f,f,f,f,t,0.01,t,2.4,t,127.0,t,0.84,t,152.0,f,,other,-,850905049,0
24.0,F,f,f,f,f,f,f,f,f,f,f,f,f,f,t,t,1.3,t,1.8,t,95.0,t,0.82,t,116.0,f,,SVHC,-,850905051,0
36.0,F,f,f,f,f,f,f,f,f,f,f,f,f,f,f,t,0.59,f,,t,115.0,t,1.2,t,96.0,f,,other,-,850905052,0
61.0,F,f,f,f,f,f,f,f,f,f,f,f,f,f,f,t,0.025,f,,t,113.0,t,0.98,t,116.0,f,,other,-,850905062,0
60.0,M,f,f,f,f,f,f,f,f,f,f,f,f,f,f,t,5.8,t,1.8,t,98.0,t,0.87,t,112.0,f,,other,-,850905063,0
21.0,F,f,f,f,f,f,f,f,f,f,f,f,f,f,f,t,2.2,t,1.5,t,78.0,t,0.89,t,88.0,f,,other,-,850906006,0
40.0,M,f,f,f,f,f,f,f,f,f,f,f,f,f,f,t,0.65,t,1.7,t,101.0,t,0.93,t,109.0,f,,SVI,-,850906010,0
46.0,M,f,f,f,t,f,f,f,t,f,f,f,f,f,f,t,1.7,f,,t,139.0,t,1.1,t,127.0,f,,other,-,850906011,0
45.0,F,f,f,f,f,f,f,f,f,f,f,f,f,f,t,t,0.94,t,2.0,t,102.0,t,0.86,t,119.0,f,,SVHC,-,850906012,0
41.0,F,f,f,f,f,f,f,f,f,f,f,f,f,f,t,t,3.1,t,2.5,t,149.0,t,1.09,t,137.0,f,,SVHC,-,850906013,0
38.0,F,f,f,f,f,f,f,f,f,f,f,f,t,f,f,t,0.71,t,4.3,t,129.0,t,1.62,t,79.0,f,,STMW,C|I,850906016,1
15.0,F,f,f,f,f,f,f,f,f,f,f,f,f,f,f,t,0.015,t,6.0,t,250.0,t,0.8,t,312.0,f,,other,A,850906031,1
61.0,F,t,f,f,f,f,f,f,f,f,f,f,f,f,f,t,0.73,t,1.7,t,160.0,t,1.11,t,149.0,f,,other,-,850906043,0
73.0,M,f,f,f,f,f,f,f,f,f,f,f,f,f,f,t,0.79,t,1.5,t,110.0,t,0.88,t,125.0,f,,SVI,-,850906048,0
46.0,M,f,f,f,f,f,f,f,f,f,f,f,f,f,f,t,4.2,t,2.2,t,68.0,f,,f,,f,,other,-,850906049,0
61.0,F,f,f,f,f,f,f,f,f,f,f,f,f,f,f,t,1.2,t,1.8,t,88.0,f,,f,,f,,other,-,850906050,0
71.0,F,f,f,f,f,f,f,f,f,f,f,f,f,f,f,t,1.3,t,1.2,t,98.0,f,,f,,f,,other,-,850906051,0
79.0,F,f,f,f,f,f,f,f,f,f,f,f,f,f,f,t,1.4,t,1.6,t,121.0,t,1.13,t,107.0,f,,other,-,850906052,0
24.0,F,f,f,f,f,f,f,f,f,f,f,f,f,f,t,t,3.7,t,2.3,t,100.0,t,1.11,t,90.0,f,,SVHC,-,850906053,0
73.0,M,t,f,f,f,f,f,f,f,f,f,f,f,f,f,t,1.4,t,0.8,t,61.0,t,0.49,t,124.0,f,,other,K,850909004,1
67.0,F,f,f,f,f,f,f,f,t,f,f,f,f,f,f,t,0.52,t,1.4,t,129.0,t,0.96,t,134.0,f,,other,-,850909005,0
67.0,F,f,f,f,f,f,f,f,f,f,f,f,f,f,f,t,51.0,t,0.4,t,12.0,t,1.26,t,10.0,f,,other,F,850909007,1
44.0,M,f,f,f,f,f,f,f,f,f,f,f,f,f,f,t,45.0,t,1.4,t,39.0,t,1.16,t,33.0,f,,SVI,F,850909011,1
57.0,F,f,f,f,f,f,f,f,f,f,f,f,f,f,f,t,0.02,t,3.4,t,136.0,t,0.73,t,185.0,f,,other,-,850909019,0
31.0,F,f,f,f,f,f,f,f,f,f,f,f,f,f,f,f,,f,,t,112.0,t,0.97,t,116.0,f,,other,-,850909027,0
53.0,F,f,f,f,f,f,f,f,f,t,f,f,f,f,f,t,0.02,t,4.3,t,250.0,t,1.01,t,247.0,f,,other,A,850909028,1
73.0,,f,f,f,f,f,f,f,f,f,f,f,f,f,f,t,0.015,t,1.8,t,173.0,t,1.0,t,173.0,f,,other,AK,850909029,1
50.0,F,t,f,f,f,f,f,f,f,f,f,f,f,f,f,t,1.3,t,2.0,t,94.0,t,0.96,t,98.0,f,,other,-,850909037,0
28.0,F,f,f,f,f,f,f,f,f,f,f,f,f,f,f,t,139.0,t,0.9,t,36.0,t,0.9,t,40.0,f,,other,F,850910009,1
25.0,M,f,f,f,f,f,f,f,f,f,f,f,f,f,t,t,1.3,t,1.5,t,96.0,t,0.8,t,121.0,f,,other,-,850910013,0
45.0,F,f,f,f,f,f,f,f,f,f,f,f,f,f,t,t,0.42,t,1.9,t,109.0,t,0.77,t,138.0,f,,other,-,850910014,0
22.0,F,f,f,f,f,f,f,f,f,f,f,f,f,f,t,t,1.2,t,1.9,t,92.0,t,0.87,t,105.0,f,,other,-,850910015,0
64.0,F,f,f,f,f,f,f,f,f,f,f,f,f,f,f,t,3.3,t,1.5,t,102.0,t,0.95,t,108.0,f,,SVHC,-,850910016,0
33.0,M,f,f,f,f,f,f,f,f,f,f,f,f,f,f,t,1.9,t,2.1,t,69.0,t,0.74,t,93.0,f,,other,-,850910017,0
71.0,,f,f,f,f,f,f,f,f,f,f,f,f,f,f,t,0.02,t,1.0,t,120.0,t,0.56,t,213.0,f,,SVI,-,850910020,0
67.0,F,t,f,f,f,f,f,f,f,f,f,f,f,f,f,t,1.7,t,1.8,t,143.0,t,0.87,t,164.0,f,,SVI,-,850910021,0
27.0,M,f,f,f,f,f,f,f,f,f,f,f,f,f,t,t,0.85,t,2.3,t,141.0,t,1.14,t,125.0,f,,SVHC,-,850910023,0
65.0,M,f,f,f,f,f,f,f,f,f,f,f,f,f,f,t,2.7,t,2.3,t,100.0,t,1.11,t,90.0,f,,SVI,-,850910025,0
81.0,F,f,f,f,f,f,f,t,f,f,f,f,f,f,f,t,1.9,t,1.5,t,71.0,t,0.78,t,91.0,f,,other,-,850910033,0
38.0,F,f,f,f,f,f,f,f,f,f,f,t,f,f,f,t,1.2,f,,t,115.0,t,0.97,t,114.0,f,,other,-,850910045,0
73.0,M,f,f,f,t,f,f,f,f,f,f,f,f,f,f,t,3.9,t,0.9,t,62.0,t,0.54,t,115.0,f,,SVI,K,850910051,1
51.0,,f,f,f,f,f,f,f,f,f,f,f,f,f,f,t,2.1,t,2.0,t,96.0,t,0.95,t,101.0,f,,SVI,-,850910052,0
65.0,F,f,f,f,f,f,f,f,f,f,f,f,f,f,f,t,1.4,t,1.7,t,141.0,t,1.15,t,123.0,f,,SVI,-,850910053,0
62.0,M,f,f,f,f,f,f,f,f,f,f,f,f,f,f,t,3.5,t,2.0,t,67.0,t,0.73,t,92.0,f,,SVI,-,850910054,0
78.0,F,f,f,f,f,f,f,f,f,f,f,f,f,f,f,t,0.35,t,2.0,t,93.0,t,1.03,t,90.0,f,,SVI,-,850910055,0
30.0,F,f,f,f,f,f,f,f,f,f,f,f,f,f,f,t,2.5,t,2.2,t,99.0,t,1.04,t,96.0,f,,SVI,-,850910056,0
67.0,F,t,f,f,f,f,f,f,t,f,f,f,f,f,f,t,0.42,t,1.4,t,140.0,t,0.98,t,143.0,f,,SVI,-,850910057,0
35.0,F,f,f,f,f,f,f,f,f,f,f,f,f,f,f,t,0.97,f,,t,94.0,t,0.97,t,97.0,f,,other,-,850910061,0
35.0,,f,f,f,f,f,f,f,f,f,f,f,f,f,f,t,28.0,t,2.5,f,,f,,f,,f,,other,G,850910065,1
35.0,,f,f,f,f,f,f,f,f,f,f,f,f,f,f,f,,f,,t,73.0,t,0.91,t,81.0,f,,other,-,850910066,0
65.0,F,f,f,f,f,f,f,f,f,f,f,f,f,f,f,t,1.7,t,2.3,t,101.0,t,0.95,t,106.0,f,,other,-,850910069,0
25.0,F,f,f,f,t,f,f,f,f,f,f,f,f,f,f,t,1.4,t,1.6,t,78.0,t,0.88,t,89.0,f,,SVHD,-,850910070,0
37.0,F,t,f,f,f,f,f,f,f,f,f,f,f,f,f,t,0.05,f,,t,181.0,t,1.21,t,150.0,f,,other,-,850911029,0
67.0,F,f,f,f,f,f,f,f,f,f,f,f,f,f,f,t,1.7,t,1.9,t,103.0,t,0.99,t,104.0,f,,other,-,850911031,0
46.0,F,f,f,f,f,f,f,f,f,f,f,f,f,f,t,t,1.7,t,2.3,t,136.0,t,1.07,t,127.0,f,,SVHC,-,850911032,0
79.0,F,f,f,f,f,f,f,f,f,f,f,f,f,f,f,t,1.1,t,1.7,t,111.0,t,1.02,t,108.0,f,,SVI,-,850911033,0
73.0,F,f,f,f,f,f,f,f,f,f,f,f,f,f,f,t,4.6,t,0.8,t,91.0,t,0.86,t,106.0,f,,SVI,K,850911035,1
55.0,M,f,f,f,f,f,f,f,f,f,f,f,f,f,f,t,1.6,t,1.6,t,114.0,t,0.93,t,123.0,f,,other,-,850911036,0
44.0,F,f,f,f,f,f,f,f,f,f,f,f,f,f,f,t,0.7,t,1.9,t,108.0,t,1.04,t,103.0,f,,SVHC,-,850911038,0
24.0,M,f,f,f,f,f,f,f,f,f,f,f,f,f,f,t,1.3,t,1.7,t,106.0,t,1.0,t,106.0,f,,SVHC,-,850911040,0
37.0,M,f,f,f,f,f,f,f,f,f,f,f,f,f,t,t,1.1,t,2.4,t,106.0,t,0.97,t,109.0,f,,SVHC,-,850911041,0
48.0,F,f,f,f,f,f,f,f,t,f,f,f,f,f,t,t,0.77,t,1.1,t,81.0,t,0.86,t,95.0,f,,SVHC,K,850911042,1
34.0,F,f,f,f,f,f,f,f,f,t,f,f,f,f,f,t,4.1,t,4.0,t,159.0,t,1.62,t,98.0,f,,STMW,I,850911050,1
47.0,F,f,f,f,f,f,f,f,f,f,f,f,f,f,f,t,1.9,t,1.7,t,98.0,t,1.08,t,90.0,f,,STMW,-,850911051,0
18.0,F,f,f,f,f,t,f,f,f,f,f,f,t,f,f,t,0.83,t,2.9,t,68.0,t,1.16,t,58.0,f,,STMW,C|I,850911052,1
30.0,F,f,f,f,f,t,f,f,f,f,f,f,f,f,f,t,0.71,t,3.1,t,125.0,t,1.39,t,90.0,f,,STMW,I,850911053,1
29.0,F,f,f,f,f,t,f,f,f,f,f,f,t,f,f,t,1.4,t,3.4,t,147.0,t,1.49,t,99.0,f,,STMW,C|I,850911055,1
62.0,F,f,f,f,t,f,f,f,f,f,f,f,f,f,f,t,3.3,t,2.0,t,116.0,t,1.06,t,110.0,f,,SVI,-,850911061,0
73.0,F,f,f,f,f,f,f,f,f,f,f,f,f,f,f,t,4.1,t,1.0,t,89.0,t,0.91,t,98.0,f,,SVI,K,850911062,1
79.0,F,f,f,f,f,f,f,f,f,f,f,f,f,f,t,t,2.3,t,0.4,t,73.0,t,0.6,t,122.0,f,,SVI,K,850911063,1
73.0,M,f,f,f,t,f,f,f,f,f,f,f,f,f,f,t,3.2,t,1.5,t,69.0,t,0.8,t,86.0,f,,SVI,-,850911064,0
18.0,,f,f,f,f,f,f,f,f,f,f,f,f,f,f,t,1.5,t,2.6,t,86.0,t,0.91,t,94.0,f,,SVI,-,850911065,0
59.0,F,f,f,f,f,f,f,f,t,f,f,f,f,f,f,t,2.8,f,,t,134.0,t,1.05,t,128.0,f,,other,-,850911067,0
53.0,F,f,f,f,f,f,f,f,t,f,f,f,f,f,f,t,0.01,f,,t,176.0,t,1.02,t,171.0,f,,other,R,850911068,1
53.0,F,f,f,f,f,f,f,f,f,f,f,f,f,f,f,t,0.06,t,1.9,t,135.0,t,1.02,t,132.0,f,,other,-,850911070,0
51.0,M,f,f,f,f,f,f,f,f,f,f,f,f,f,f,t,1.6,t,2.1,t,111.0,t,0.95,t,117.0,f,,other,-,850911085,0
37.0,F,f,f,f,f,f,f,f,f,f,f,f,f,f,f,f,,f,,t,118.0,t,1.04,t,112.0,f,,other,-,850911086,0
43.0,F,f,f,f,f,f,f,f,t,f,f,f,f,f,t,t,6.5,t,1.8,t,60.0,t,0.89,t,67.0,f,,SVHC,G,850911099,1
32.0,F,f,f,f,f,f,f,f,f,f,f,f,f,f,f,t,0.64,t,1.7,t,102.0,t,0.76,t,134.0,f,,SVHC,-,850911100,0
46.0,F,f,f,f,f,f,f,f,f,f,f,f,f,f,f,t,1.5,t,1.6,t,125.0,t,1.06,t,118.0,f,,SVHC,-,850911101,0
59.0,M,f,f,f,f,f,f,f,f,f,f,f,f,f,t,t,2.0,t,2.4,t,94.0,t,0.96,t,98.0,f,,SVHC,-,850911102,0
63.0,F,f,f,f,f,f,t,f,f,f,f,f,f,f,f,t,1.8,t,2.0,t,152.0,t,1.18,t,129.0,f,,other,-,850911103,0
33.0,M,f,f,f,f,f,f,f,f,f,f,f,f,f,f,t,1.2,t,2.2,t,118.0,t,0.89,t,132.0,f,,SVHC,-,850911104,0
33.0,F,f,f,f,f,f,f,f,f,f,f,f,f,f,f,f,,t,1.9,f,,f,,f,,f,,other,-,850912007,0
33.0,F,f,f,f,f,f,f,f,f,f,f,f,f,f,f,t,1.0,t,0.2,t,87.0,t,0.54,t,161.0,f,,other,KJ,850912013,1
46.0,M,f,f,f,f,f,f,f,f,f,f,f,f,f,f,t,2.1,t,3.2,t,160.0,t,1.53,t,105.0,f,,other,I,850912014,1
52.0,M,f,f,f,f,f,f,f,f,f,f,f,f,f,f,t,1.0,t,1.9,t,88.0,t,0.8,t,110.0,f,,other,-,850912015,0
52.0,F,f,f,f,f,f,f,f,f,f,f,f,f,f,f,t,0.97,t,2.3,t,125.0,t,1.06,t,117.0,f,,other,-,850912016,0
52.0,M,f,f,f,f,f,f,f,f,f,f,f,f,f,f,t,0.015,t,2.7,t,122.0,t,0.83,t,147.0,f,,other,-,850912017,0
53.0,F,f,f,f,f,f,f,f,f,f,f,f,f,f,f,t,183.0,t,1.4,t,14.0,t,1.31,t,11.0,f,,other,F,850912025,1
53.0,M,t,f,f,f,f,f,f,f,f,f,f,f,f,f,t,0.63,t,1.6,t,115.0,t,0.9,t,128.0,f,,other,-,850912027,0
53.0,M,t,f,f,f,f,f,f,f,f,f,f,f,f,f,t,0.51,t,2.4,t,124.0,t,0.96,t,129.0,f,,other,-,850912029,0
71.0,F,t,f,f,f,f,f,f,f,f,f,f,f,f,f,t,4.7,t,1.7,t,93.0,t,0.98,t,94.0,f,,other,-,850912030,0
50.0,F,t,f,f,f,f,f,f,f,f,f,f,f,f,f,t,0.54,t,1.8,t,160.0,t,1.1,t,146.0,f,,other,-,850912036,0
61.0,F,f,t,f,f,f,f,f,f,f,f,f,f,f,f,f,,f,,t,61.0,t,0.78,t,81.0,f,,other,-,850912037,0
40.0,F,t,f,f,f,f,f,f,f,f,f,f,f,f,f,t,1.6,t,1.9,t,142.0,t,0.91,t,156.0,f,,other,-,850912039,0
59.0,F,t,f,f,f,f,f,f,f,f,f,f,f,f,f,t,0.015,t,2.2,t,164.0,t,1.01,t,162.0,f,,other,N,850912040,1
38.0,M,f,f,f,f,f,f,f,f,f,f,f,f,f,f,t,0.05,t,4.8,t,32.0,f,,f,,f,,other,-,850912043,0
37.0,,f,f,f,f,f,f,f,f,f,f,f,f,f,f,t,0.72,t,2.8,t,110.0,t,0.99,t,111.0,f,,other,-,850912045,0
72.0,F,t,f,f,f,f,f,f,f,f,f,f,f,f,f,t,0.74,t,1.0,t,82.0,t,0.86,t,95.0,f,,SVHC,K,850912049,1
73.0,F,f,f,f,f,f,f,f,f,f,f,f,f,f,f,t,0.01,t,3.4,t,133.0,t,0.84,t,159.0,f,,other,-,850912051,0
73.0,M,f,f,f,f,f,f,f,f,f,f,f,f,f,f,f,,f,,t,91.0,t,0.8,t,113.0,f,,other,-,850912052,0
55.0,F,f,f,f,f,f,f,f,f,t,f,f,f,f,f,t,0.01,t,5.5,t,219.0,t,0.8,t,274.0,f,,other,A,850912059,1
46.0,F,t,f,f,f,f,f,f,f,f,f,f,f,f,f,t,0.02,t,1.9,t,116.0,t,0.9,t,129.0,f,,other,-,850912060,0
16.0,F,t,f,f,f,f,f,f,f,f,f,f,f,f,f,t,3.3,f,,t,65.0,t,0.73,t,90.0,f,,other,-,850912062,0
52.0,F,f,f,f,f,f,f,f,f,f,f,f,f,f,f,t,5.5,t,2.0,t,95.0,t,1.08,t,88.0,f,,other,-,850912063,0
46.0,F,t,f,f,f,f,f,f,f,f,f,f,f,f,f,t,0.5,t,1.7,t,132.0,t,1.02,t,130.0,f,,other,-,850912066,0
65.0,F,t,f,f,f,f,f,f,f,f,f,f,f,f,f,t,2.8,t,1.8,t,107.0,t,1.1,t,98.0,f,,other,-,850912067,0
74.0,F,f,f,f,f,f,f,t,f,f,f,f,f,f,f,t,6.9,f,,t,97.0,t,0.87,t,112.0,f,,other,G,850912081,1
74.0,,f,f,f,f,f,f,f,f,f,f,f,f,f,f,t,0.33,t,2.3,t,99.0,t,0.98,t,101.0,f,,other,-,850912082,0
74.0,M,f,f,f,f,f,f,f,f,f,f,f,f,f,f,t,0.73,t,2.3,t,122.0,t,0.8,t,152.0,f,,other,-,850912084,0
74.0,M,f,f,f,f,f,f,f,f,f,f,f,f,f,f,t,2.6,t,2.1,t,149.0,t,1.02,t,147.0,f,,other,-,850912085,0
42.0,F,t,f,f,f,f,f,f,f,f,f,f,f,f,f,t,7.6,t,2.3,t,131.0,t,1.15,t,113.0,f,,other,M,850912088,1
42.0,F,f,f,f,f,f,f,f,f,f,f,f,f,f,f,t,6.1,t,2.2,t,74.0,f,,f,,f,,other,G,850913005,1
67.0,F,f,f,f,f,f,f,f,f,f,f,f,f,f,f,t,2.8,t,1.8,t,143.0,t,0.91,t,157.0,f,,SVI,R,850913006,1
67.0,F,f,f,f,f,f,f,f,t,f,f,f,f,f,f,t,0.6,f,,t,76.0,t,0.86,t,88.0,f,,other,-,850913007,0
27.0,F,f,f,f,f,f,f,f,f,f,f,f,f,f,f,t,2.2,t,2.3,t,105.0,t,0.97,t,109.0,f,,other,-,850913008,0
38.0,M,f,f,f,f,f,f,f,f,f,f,f,f,f,t,t,2.0,t,1.9,t,139.0,t,0.96,t,145.0,f,,SVHC,-,850913010,0
68.0,M,f,f,f,f,f,f,f,f,t,f,f,f,f,f,t,3.7,t,0.6,t,65.0,t,0.88,t,74.0,f,,other,-,850913011,0
61.0,F,f,f,f,f,f,f,f,f,f,f,f,f,f,f,f,,f,,f,,f,,f,,t,20.0,other,-,850913017,0
34.0,F,f,f,t,f,t,f,f,f,t,f,f,f,f,f,t,0.01,t,3.8,t,205.0,t,1.84,t,111.0,f,,STMW,I,850913022,1
44.0,F,f,f,f,f,f,f,f,f,f,f,f,f,f,t,t,1.8,t,1.9,t,118.0,t,1.07,t,110.0,f,,SVHC,-,850913040,0
55.0,F,f,f,f,f,f,f,f,f,f,f,f,f,f,f,t,0.28,t,2.1,t,116.0,t,1.14,t,102.0,f,,other,-,850913041,0
55.0,F,t,f,f,f,f,f,f,f,f,f,f,f,f,f,t,0.01,t,2.2,t,172.0,t,1.1,t,157.0,f,,other,N,850913042,1
47.0,F,t,f,f,f,f,f,f,f,f,f,f,f,f,f,t,0.01,t,4.2,t,214.0,t,1.45,t,148.0,f,,other,-,850913052,0
59.0,F,f,f,f,f,f,f,f,f,f,f,f,f,f,f,t,1.8,t,2.9,t,123.0,t,1.31,t,94.0,f,,other,I,850913053,1
48.0,F,f,f,f,f,f,f,f,f,t,f,f,t,f,f,t,0.42,t,2.5,t,93.0,t,1.14,t,82.0,f,,other,-,850913055,0
68.0,F,t,f,f,f,f,f,f,f,f,f,f,f,f,f,t,0.02,t,2.2,t,142.0,t,0.99,t,143.0,f,,STMW,-,850913059,0
20.0,F,f,f,f,f,f,f,f,f,f,f,f,f,f,t,t,2.6,t,3.3,t,121.0,t,1.08,t,112.0,f,,SVHC,-,850916001,0
20.0,M,f,f,f,f,f,f,f,f,f,f,f,f,f,f,t,0.015,t,4.8,t,22.0,f,,f,,f,,SVI,A,850916005,1
59.0,F,f,f,f,f,f,f,f,f,f,f,f,f,f,f,t,4.1,t,3.1,t,110.0,t,1.06,t,104.0,f,,SVI,-,850916010,0
77.0,M,f,f,f,f,f,f,f,f,f,f,f,f,f,f,t,0.37,t,1.7,t,140.0,t,0.77,t,182.0,f,,SVI,R,850916012,1
68.0,M,f,f,f,f,f,f,f,f,f,f,f,f,f,f,t,2.4,t,1.6,t,83.0,t,0.89,t,93.0,f,,SVI,-,850916029,0
86.0,F,f,f,f,f,f,f,f,f,f,f,f,f,f,f,t,1.7,t,1.6,t,124.0,t,1.01,t,122.0,f,,SVI,-,850916030,0
66.0,,f,f,f,f,f,f,f,f,f,f,f,f,f,f,t,0.19,t,1.4,t,97.0,t,0.87,t,111.0,f,,SVI,-,850916031,0
73.0,M,f,f,f,f,f,f,f,f,f,f,f,f,f,f,t,8.0,t,1.3,t,101.0,t,0.93,t,108.0,f,,SVI,G,850916032,1
76.0,F,f,f,f,f,f,f,f,t,f,f,f,f,f,f,t,2.0,t,1.4,t,107.0,t,0.77,t,139.0,f,,SVI,-,850916033,0
63.0,M,f,f,f,f,f,f,f,f,f,f,f,f,f,f,t,2.4,t,1.1,t,124.0,t,0.85,t,145.0,f,,SVI,K,850916034,1
39.0,M,f,f,f,f,f,f,f,f,f,f,f,f,f,f,t,0.93,t,2.6,t,130.0,t,1.13,t,115.0,f,,other,-,850916039,0
66.0,F,f,f,f,f,f,f,f,f,t,f,f,f,f,f,t,0.34,f,,t,95.0,t,0.99,t,95.0,f,,other,-,850916042,0
77.0,F,f,f,f,f,f,f,f,f,f,f,f,f,f,f,t,4.1,t,2.1,t,98.0,t,1.12,t,87.0,f,,other,-,850916043,0
65.0,F,t,f,f,f,f,f,f,f,f,f,f,f,f,f,t,0.015,t,3.1,t,168.0,t,0.98,t,171.0,f,,other,N,850916048,1
49.0,M,f,f,f,f,f,t,f,f,f,f,f,f,f,f,t,0.015,f,,t,126.0,t,0.83,t,152.0,f,,other,-,850917002,0
29.0,F,f,f,f,f,f,f,f,t,f,f,f,f,f,f,t,1.6,t,2.2,t,87.0,t,0.95,t,92.0,f,,other,-,850917031,0
65.0,M,f,f,f,f,f,f,f,f,f,f,f,f,f,f,t,2.3,t,1.3,t,157.0,t,0.91,t,172.0,f,,SVI,R,850917032,1
23.0,M,f,f,f,f,f,f,f,f,f,f,f,f,f,f,t,1.4,t,2.0,t,156.0,t,1.17,t,134.0,f,,SVHC,-,850917037,0
78.0,M,f,f,f,f,f,f,f,f,f,f,f,f,f,t,t,2.9,t,1.9,t,90.0,t,0.97,t,93.0,f,,SVHC,-,850917038,0
24.0,M,f,f,f,f,f,f,f,f,f,f,f,f,f,t,t,0.77,t,2.8,t,110.0,t,0.91,t,121.0,f,,SVHC,-,850917039,0
51.0,F,t,f,f,f,f,f,f,f,f,f,f,f,f,f,t,1.6,f,,t,160.0,t,1.09,t,147.0,f,,other,-,850917044,0
26.0,F,f,f,f,f,f,f,f,f,t,f,f,f,f,f,t,1.2,t,2.5,t,114.0,t,1.09,t,104.0,f,,STMW,-,850917054,0
61.0,M,f,f,f,t,f,f,f,f,f,f,f,f,f,f,t,2.0,t,1.7,t,107.0,t,0.99,t,107.0,f,,SVI,-,850917064,0
22.0,M,f,f,f,f,f,f,f,f,f,f,f,f,f,f,t,1.9,t,2.1,t,76.0,t,0.79,t,96.0,f,,other,-,850917065,0
72.0,F,f,f,f,t,f,f,f,f,f,f,f,f,f,f,t,1.3,t,1.0,t,101.0,t,0.8,t,127.0,f,,SVI,K,850917066,1
72.0,F,f,f,f,f,f,f,f,f,f,f,f,f,f,f,t,0.54,t,1.7,t,90.0,t,0.83,t,109.0,f,,SVI,-,850917067,0
26.0,M,f,f,f,f,f,f,f,f,f,f,f,f,f,t,t,0.25,t,1.8,t,120.0,t,0.85,t,140.0,f,,SVHC,-,850917068,0
74.0,M,f,f,f,f,f,f,f,t,f,f,f,f,f,f,t,2.0,t,2.2,t,109.0,t,0.91,t,119.0,f,,other,-,850917069,0
49.0,M,f,f,f,f,f,t,f,f,f,f,f,f,f,f,t,0.015,f,,t,137.0,t,0.8,t,170.0,f,,other,-,850917070,0
65.0,F,t,f,f,f,f,f,f,f,t,f,f,f,f,f,t,0.015,t,1.9,t,88.0,t,0.81,t,109.0,f,,other,-,850917076,0
65.0,,f,f,f,f,f,f,f,f,f,f,f,f,f,f,t,10.0,t,2.0,t,78.0,f,,f,,f,,other,G,850918002,1
65.0,,f,f,f,f,f,f,f,f,f,f,f,f,f,f,t,0.14,t,5.3,t,129.0,f,,f,,f,,other,-,850918004,0
56.0,F,f,f,f,f,f,f,f,f,f,f,f,f,f,f,t,5.0,t,1.7,t,60.0,t,0.77,t,78.0,f,,other,-,850918006,0
21.0,,f,f,f,f,t,f,f,f,f,f,f,t,f,f,t,2.4,t,3.5,t,171.0,t,1.49,t,115.0,f,,STMW,C|I,850918018,1
81.0,F,f,f,f,f,f,f,f,f,f,f,f,f,f,f,t,3.9,t,1.8,t,131.0,t,0.98,t,133.0,f,,SVI,-,850918060,0
28.0,M,f,f,f,f,f,f,f,f,f,f,f,f,f,f,t,1.7,t,2.1,t,142.0,t,1.07,t,133.0,f,,SVI,-,850918061,0
63.0,M,f,f,f,f,f,f,f,f,f,f,t,f,f,f,t,0.78,t,1.9,t,85.0,t,1.1,t,77.0,f,,SVI,-,850918062,0
68.0,F,f,f,f,f,f,f,f,f,f,f,f,f,f,f,t,0.95,t,2.0,t,109.0,t,1.15,t,94.0,f,,SVI,-,850918063,0
58.0,F,f,f,f,f,f,f,f,f,f,f,f,f,f,f,t,0.17,t,1.2,t,75.0,t,0.88,t,85.0,f,,SVI,-,850918064,0
64.0,M,f,f,f,f,f,f,f,f,f,f,f,f,f,f,t,0.44,t,2.5,t,89.0,t,0.97,t,92.0,f,,SVI,-,850918065,0
68.0,F,f,f,f,f,f,f,f,f,f,f,f,f,f,f,t,28.0,t,1.8,t,72.0,t,0.87,t,82.0,f,,SVI,G,850918066,1
82.0,F,f,f,f,f,f,f,f,f,t,f,f,f,f,f,t,1.3,t,1.4,t,131.0,t,1.08,t,121.0,f,,SVI,-,850918067,0
70.0,F,f,f,f,f,f,f,f,f,f,f,f,f,f,f,t,1.5,t,0.8,t,99.0,t,0.79,t,126.0,f,,SVI,K,850918068,1
62.0,M,f,f,f,f,f,f,f,f,f,f,f,f,f,f,t,0.86,t,1.9,t,78.0,t,0.85,t,91.0,f,,SVI,-,850918069,0
62.0,M,f,f,f,t,f,f,f,f,f,f,f,f,f,f,t,2.2,t,2.8,t,122.0,t,1.13,t,109.0,f,,SVI,-,850918070,0
72.0,F,f,f,f,f,f,f,f,f,f,f,f,f,f,f,t,9.7,t,1.1,t,77.0,t,0.79,t,97.0,f,,SVI,GK,850918071,1
67.0,F,f,f,f,f,f,f,f,f,f,f,f,f,f,f,t,1.1,t,2.3,t,114.0,t,1.1,t,104.0,f,,SVI,-,850918072,0
24.0,F,f,f,f,f,f,f,f,f,f,f,f,f,f,f,t,2.6,t,1.3,t,67.0,t,0.88,t,76.0,f,,SVI,-,850918084,0
24.0,F,f,f,f,f,f,f,f,f,f,f,f,f,f,f,t,3.2,t,2.8,t,91.0,f,,f,,f,,other,-,850918085,0
28.0,M,f,f,f,f,f,f,f,f,f,f,f,f,f,t,t,1.4,t,2.4,t,110.0,t,0.99,t,111.0,f,,SVHC,-,850919011,0
47.0,F,f,f,f,f,f,f,f,f,f,f,f,f,f,t,t,1.9,t,2.3,t,135.0,t,1.07,t,126.0,f,,SVHC,-,850919012,0
37.0,F,f,f,f,f,f,f,f,f,f,t,f,f,f,t,t,4.4,t,2.6,t,108.0,t,1.12,t,96.0,f,,other,-,850919013,0
74.0,M,f,f,f,t,f,f,f,f,f,f,f,f,f,f,t,3.3,t,1.2,t,91.0,t,0.92,t,99.0,f,,other,-,850919015,0
59.0,F,f,f,f,f,f,f,f,f,f,f,f,f,f,f,t,7.1,t,2.1,t,79.0,t,0.96,t,83.0,f,,other,G,850919016,1
69.0,F,f,f,f,f,f,f,f,f,f,f,f,f,f,f,t,1.6,t,1.9,t,90.0,t,0.99,t,91.0,f,,other,-,850919017,0
41.0,F,f,f,f,f,f,f,f,f,f,f,f,f,f,f,t,0.03,t,2.1,t,187.0,t,0.89,t,210.0,f,,other,AK,850919018,1
41.0,M,f,f,f,f,f,f,f,t,f,f,f,f,f,f,t,0.015,t,2.5,t,22.0,f,,f,,f,,other,D|R,850919019,1
31.0,M,f,f,f,f,f,f,f,f,f,f,f,f,f,t,t,1.2,t,2.7,t,99.0,t,0.88,t,113.0,f,,SVHC,-,850919020,0
37.0,F,f,f,f,f,f,f,f,f,f,t,f,f,f,f,t,0.64,t,2.1,t,92.0,t,0.99,t,93.0,f,,other,-,850919021,0
73.0,F,f,f,f,f,f,f,f,f,f,f,f,f,f,f,t,0.6,t,1.3,t,146.0,t,0.89,t,165.0,f,,other,R,850919022,1
62.0,F,f,f,f,f,f,f,f,f,f,f,f,f,f,f,t,1.1,t,2.3,t,119.0,t,0.95,t,125.0,f,,other,-,850919024,0
71.0,F,f,f,f,f,f,f,f,f,f,f,f,f,f,f,t,0.92,t,2.1,t,84.0,t,0.86,t,98.0,f,,other,-,850919025,0
27.0,F,f,f,f,f,f,f,f,f,f,f,f,f,f,f,t,0.035,t,2.2,t,88.0,t,0.9,t,98.0,f,,other,-,850919027,0
37.0,F,f,f,f,f,f,f,f,f,f,f,f,f,f,f,t,0.09,t,2.2,t,128.0,t,0.75,t,172.0,f,,other,R,850919036,1
25.0,F,t,f,f,f,f,f,f,t,f,f,f,f,f,f,t,0.7,f,,t,183.0,t,1.41,t,130.0,f,,other,-,850919039,0
62.0,M,t,f,f,f,f,f,f,f,f,f,f,f,f,f,t,2.4,t,2.0,t,103.0,t,0.95,t,109.0,f,,other,-,850919040,0
58.0,F,t,f,f,f,f,f,f,f,f,f,f,f,f,f,t,0.49,f,,t,172.0,t,1.15,t,150.0,f,,other,-,850919041,0
65.0,F,f,f,f,f,f,f,t,t,t,f,f,f,f,f,t,1.3,t,2.1,t,162.0,t,1.19,t,137.0,f,,other,I,850919042,1
51.0,F,f,f,f,f,f,f,f,f,f,f,f,f,f,f,t,0.29,f,,t,98.0,t,1.03,t,95.0,f,,other,-,850919059,0
71.0,F,f,f,f,t,f,f,f,f,f,f,f,f,f,f,t,0.16,t,2.4,t,165.0,t,1.35,t,123.0,f,,SVI,I,850919063,1
72.0,F,f,f,f,f,f,f,f,f,f,f,f,f,f,f,t,3.9,t,2.5,t,87.0,t,1.11,t,78.0,f,,SVI,-,850919064,0
78.0,F,f,f,f,f,f,f,f,t,f,f,f,f,f,f,t,0.64,t,1.7,t,113.0,t,0.99,t,115.0,f,,SVI,-,850919067,0
37.0,M,f,f,f,f,f,f,f,f,f,f,f,f,f,f,t,2.1,t,2.3,t,93.0,t,0.82,t,113.0,f,,SVI,-,850919068,0
37.0,F,f,f,f,f,f,f,f,f,f,f,f,f,f,f,f,,f,,f,,f,,f,,t,17.0,other,-,850919070,0
65.0,M,f,f,f,f,f,f,f,f,t,f,f,f,f,f,t,2.0,t,2.1,t,154.0,t,0.99,t,156.0,f,,other,R,850919074,1
80.0,F,f,f,f,f,f,f,f,f,f,f,f,f,f,f,t,0.04,t,2.0,t,141.0,t,1.05,t,134.0,f,,other,-,850919075,0
67.0,F,t,f,f,f,f,f,f,f,f,f,f,f,f,f,t,0.02,f,,t,121.0,t,0.96,t,127.0,f,,other,-,850919076,0
70.0,F,f,f,f,f,f,t,f,f,t,f,f,f,f,f,t,0.15,t,1.5,t,85.0,t,0.91,t,94.0,f,,other,-,850920002,0
30.0,F,f,f,f,f,t,f,f,f,f,f,f,f,f,f,t,0.5,t,2.2,t,124.0,t,1.31,t,95.0,f,,STMW,-,850920008,0
71.0,F,f,f,f,f,f,f,f,f,f,f,f,f,f,f,t,0.8,t,2.3,t,133.0,t,1.1,t,121.0,f,,SVI,-,850920009,0
53.0,F,t,f,f,f,f,f,f,t,f,f,f,f,f,f,t,78.0,f,,t,78.0,t,1.16,t,67.0,f,,other,M,850920011,1
23.0,F,f,f,f,f,f,f,f,f,f,f,f,f,f,f,t,3.7,t,2.3,t,150.0,t,1.25,t,120.0,f,,other,-,850920013,0
65.0,F,f,f,f,f,f,f,f,f,f,f,f,f,f,f,t,2.8,t,2.1,t,84.0,t,0.87,t,96.0,f,,other,-,850920015,0
68.0,F,f,f,f,f,f,f,f,f,f,f,f,f,f,f,t,0.005,t,1.8,t,142.0,t,1.05,t,135.0,f,,other,-,850920054,0
35.0,F,f,f,f,f,f,f,f,f,f,f,f,f,f,f,t,2.1,t,2.2,t,106.0,t,0.91,t,117.0,f,,SVI,-,850920057,0
72.0,M,f,f,f,t,f,f,f,f,f,f,f,f,f,f,t,0.82,t,1.5,t,83.0,t,0.76,t,117.0,f,,SVI,-,850920058,0
82.0,F,f,f,f,t,f,f,f,f,f,f,f,f,f,f,t,3.2,t,1.4,t,76.0,t,0.86,t,88.0,f,,SVI,-,850920059,0
76.0,M,f,f,f,f,f,f,f,f,f,f,f,f,f,f,t,7.5,t,2.1,t,89.0,t,1.14,t,78.0,f,,SVI,G,850920060,1
76.0,F,f,f,f,f,f,f,f,f,f,f,f,f,f,f,t,0.005,t,3.0,t,158.0,t,0.87,t,183.0,f,,other,A,850920072,1
73.0,F,t,f,f,f,f,f,f,f,f,f,f,f,f,f,t,0.39,f,,t,104.0,t,0.97,t,107.0,f,,other,-,850920074,0
68.0,M,f,f,f,f,f,f,f,f,f,f,f,f,f,f,t,55.0,t,0.6,t,15.0,t,0.89,t,17.0,f,,SVI,F,850923010,1
68.0,M,f,f,f,f,f,f,f,t,f,f,f,f,f,f,t,0.96,f,,t,104.0,t,1.0,t,104.0,f,,other,-,850923024,0
59.0,M,f,f,f,f,f,f,f,f,f,f,f,f,f,f,t,1.5,t,1.8,t,147.0,t,1.11,t,132.0,f,,SVI,-,850923025,0
33.0,F,f,f,f,f,f,f,f,f,f,f,f,f,f,f,t,6.2,t,0.8,t,51.0,t,0.88,t,58.0,f,,SVI,FK,850923026,1
61.0,F,f,f,f,f,f,f,f,f,t,f,f,f,f,f,t,6.4,t,2.4,t,141.0,t,1.26,t,112.0,f,,SVI,G,850923027,1
14.0,F,f,f,f,f,f,f,f,f,f,f,f,f,f,f,t,3.6,t,1.2,t,103.0,t,0.88,t,118.0,f,,SVI,-,850923029,0
59.0,M,f,f,f,f,f,f,f,f,f,f,f,f,f,t,t,1.1,t,2.0,t,95.0,t,0.85,t,111.0,f,,SVHC,-,850923032,0
71.0,F,f,f,f,f,f,f,f,f,f,f,f,f,f,f,t,1.9,t,2.9,t,111.0,t,0.92,t,121.0,f,,SVI,-,850923035,0
52.0,F,f,f,f,f,f,f,f,f,f,f,f,f,f,f,t,2.0,f,,t,120.0,t,1.02,t,118.0,f,,other,-,850923045,0
31.0,F,f,f,f,f,f,f,f,f,f,f,f,f,f,f,t,1.1,t,2.0,t,98.0,t,0.84,t,117.0,f,,other,-,850923046,0
63.0,M,f,f,f,t,f,f,f,f,f,f,f,f,f,f,t,1.4,t,1.4,t,90.0,t,0.91,t,100.0,f,,SVI,-,850923052,0
71.0,F,f,f,f,f,f,f,f,f,f,f,f,f,f,f,t,1.4,t,1.8,t,94.0,t,0.76,t,124.0,f,,SVI,-,850923057,0
69.0,M,f,f,f,f,f,f,f,f,f,f,f,f,f,f,t,2.3,t,1.4,t,88.0,t,0.86,t,102.0,f,,SVI,-,850923058,0
33.0,M,f,f,f,f,f,f,f,f,f,f,f,f,f,t,t,1.3,t,2.2,t,120.0,t,0.96,t,126.0,f,,SVHC,-,850923059,0
58.0,,f,f,f,f,f,f,f,f,f,f,f,f,f,f,t,2.0,t,1.7,t,144.0,t,0.94,t,153.0,f,,other,-,850924001,0
59.0,F,f,f,f,f,f,f,f,f,f,f,f,f,f,f,t,0.82,t,1.4,t,91.0,t,0.97,t,94.0,f,,other,-,850924003,0
73.0,F,f,f,f,f,f,f,f,f,f,f,f,f,f,f,t,3.4,t,1.6,t,100.0,t,0.88,t,113.0,f,,SVHC,-,850924004,0
65.0,M,f,f,f,f,f,f,f,f,f,f,f,f,f,f,t,3.4,t,1.9,t,93.0,t,0.97,t,96.0,f,,SVHC,-,850924007,0
50.0,F,f,f,f,f,f,f,f,f,f,f,f,f,f,f,t,1.8,t,2.5,t,114.0,t,1.11,t,103.0,f,,SVHC,-,850924008,0
45.0,F,f,f,f,f,f,f,f,f,f,f,f,f,f,f,t,0.57,t,1.8,t,128.0,t,1.14,t,112.0,f,,SVHC,-,850924009,0
34.0,M,f,f,f,f,f,f,f,f,f,f,f,f,f,f,t,1.8,t,2.2,t,78.0,t,0.77,t,102.0,f,,SVHC,-,850924010,0
55.0,M,f,f,f,f,f,f,f,f,f,f,f,f,f,f,t,1.4,t,1.8,t,103.0,t,0.89,t,115.0,f,,other,-,850924011,0
49.0,F,f,f,f,f,f,f,f,f,f,f,f,f,f,f,t,4.5,t,3.2,t,84.0,t,0.84,t,100.0,f,,other,-,850924026,0
24.0,F,f,f,f,f,f,f,f,f,f,f,f,f,f,f,t,0.82,t,2.5,t,97.0,t,0.91,t,107.0,f,,other,-,850924027,0
67.0,F,f,f,f,f,f,f,f,f,f,f,f,f,f,f,t,1.4,t,2.1,t,132.0,t,1.13,t,116.0,f,,SVI,-,850924031,0
58.0,M,f,f,f,f,f,f,f,f,f,f,f,f,f,f,t,0.82,t,2.2,t,100.0,t,0.98,t,102.0,f,,other,-,850924032,0
60.0,M,f,f,f,f,f,f,f,f,f,f,f,f,f,f,t,0.53,t,2.5,t,105.0,t,1.01,t,104.0,f,,other,-,850924035,0
28.0,F,f,f,t,f,f,f,f,f,t,f,f,f,f,f,t,2.4,t,2.1,t,125.0,f,,f,,f,,other,-,850924043,0
72.0,,f,f,f,t,f,f,f,f,f,f,f,f,f,f,f,,f,,f,,f,,f,,t,24.0,other,-,850924051,0
35.0,F,t,f,f,f,f,f,f,f,f,f,f,f,f,f,t,1.9,t,1.8,t,100.0,t,0.81,t,123.0,f,,other,-,850924064,0
56.0,M,f,f,f,f,f,f,f,t,f,f,f,f,f,f,t,1.3,t,1.8,t,104.0,f,,f,,f,,other,-,850924065,0
56.0,F,f,f,f,f,f,f,f,f,f,f,f,f,f,f,t,3.0,t,1.1,t,122.0,t,1.13,t,108.0,f,,SVI,K,850925019,1
29.0,M,f,f,f,f,f,f,f,f,f,f,f,f,f,t,t,1.7,t,2.3,t,135.0,t,0.97,t,140.0,f,,SVHC,-,850925022,0
27.0,M,f,f,f,f,f,f,f,f,f,f,f,f,f,t,t,1.4,t,2.3,t,132.0,t,0.94,t,140.0,f,,SVHC,-,850925023,0
39.0,F,f,f,f,f,f,f,f,f,t,f,f,f,f,f,t,0.25,t,2.9,t,136.0,t,1.44,t,94.0,f,,other,-,850925057,0
60.0,F,f,f,f,f,f,f,f,f,f,f,f,f,f,f,t,151.0,t,1.4,t,42.0,t,1.06,t,39.0,f,,other,F,850925061,1
60.0,,f,f,f,f,f,f,f,f,f,f,f,f,f,f,t,1.1,f,,f,,f,,f,,f,,other,-,850925062,0
60.0,,f,f,f,f,f,f,f,f,f,f,f,f,f,f,f,,t,1.2,t,87.0,t,0.72,t,121.0,f,,other,-,850925063,0
39.0,,f,f,f,f,f,f,f,f,f,f,f,f,f,f,t,2.2,t,3.2,t,108.0,t,1.07,t,100.0,f,,STMW,I,850925067,1
58.0,F,f,f,f,f,f,f,f,t,f,f,f,f,f,f,t,0.59,t,1.5,t,83.0,t,0.86,t,97.0,f,,SVI,-,850926001,0
54.0,M,f,f,f,t,f,f,f,f,f,f,f,f,f,f,t,0.46,t,3.0,t,116.0,t,1.05,t,110.0,f,,SVHD,-,850926002,0
72.0,M,f,f,f,t,f,f,f,f,f,f,f,f,f,f,t,5.4,t,1.8,t,87.0,t,0.91,t,95.0,f,,other,-,850926003,0
20.0,M,f,f,f,f,f,f,f,f,f,f,f,f,f,f,t,0.1,t,1.3,t,77.0,f,,f,,f,,SVI,-,850926005,0
32.0,M,f,f,f,f,f,f,f,f,f,f,f,f,f,t,t,8.099999,t,2.5,t,90.0,t,0.95,t,95.0,f,,SVHC,G,850926006,1
53.0,M,f,f,f,f,f,f,f,f,f,f,f,f,f,f,t,1.6,t,1.9,t,96.0,t,0.78,t,124.0,f,,SVHC,-,850926007,0
23.0,F,t,f,f,f,f,f,f,f,f,f,f,f,f,f,t,1.4,t,3.0,t,174.0,t,1.35,t,129.0,f,,other,-,850926010,0
23.0,F,f,f,f,f,f,f,f,f,t,f,f,f,f,f,t,0.015,t,4.0,t,204.0,t,0.84,t,242.0,f,,other,A,850926011,1
23.0,M,f,f,f,f,f,f,f,f,f,f,f,f,f,f,t,2.1,t,2.7,t,113.0,t,1.1,t,102.0,f,,other,-,850926013,0
37.0,F,f,f,f,f,f,f,f,f,f,f,f,f,f,f,t,12.0,t,2.4,t,84.0,t,1.24,t,68.0,f,,STMW,G,850926017,1
23.0,F,f,f,f,f,f,f,f,f,f,f,f,f,f,f,t,0.02,t,3.4,t,91.0,t,1.1,t,83.0,f,,other,I,850926032,1
67.0,M,f,f,f,f,f,f,f,f,f,f,f,f,f,f,t,4.3,t,2.0,t,125.0,t,1.01,t,124.0,f,,SVI,-,850926040,0
57.0,M,f,f,f,f,f,f,f,f,f,f,f,f,f,f,t,0.75,t,0.9,t,82.0,t,0.62,t,133.0,f,,SVI,K,850926044,1
57.0,M,f,f,f,f,f,f,f,f,f,f,f,f,f,f,t,1.1,t,3.0,t,117.0,t,0.97,t,120.0,f,,other,-,850926045,0
84.0,F,f,f,f,f,f,f,f,f,f,f,f,f,f,f,t,12.0,f,,t,101.0,t,1.08,t,94.0,f,,other,G,850926049,1
42.0,F,f,f,f,f,f,f,f,f,f,f,f,f,f,f,t,2.3,t,2.2,t,178.0,t,1.26,t,142.0,f,,other,-,850926050,0
58.0,F,t,f,f,f,f,f,f,f,f,f,f,f,f,f,t,0.6,t,2.0,t,151.0,t,1.05,t,144.0,f,,other,-,850927004,0
24.0,F,f,f,f,f,f,f,f,f,t,f,f,f,f,f,t,0.78,t,2.5,t,148.0,t,1.23,t,120.0,f,,other,-,850927005,0
70.0,F,t,f,f,f,f,f,f,f,f,f,f,f,f,f,t,8.5,f,,t,127.0,t,1.05,t,121.0,f,,other,M,850927013,1
83.0,F,f,f,f,f,f,f,f,f,t,f,f,f,f,f,t,8.299999,t,2.1,t,104.0,t,1.06,t,97.0,f,,other,G,850927020,1
2.0,,f,f,f,f,f,f,f,f,f,f,f,f,f,f,t,472.0,t,1.7,t,34.0,t,1.17,t,29.0,f,,STMW,F,850927021,1
45.0,M,f,f,f,f,f,f,f,f,f,f,f,f,f,f,t,5.0,t,0.7,t,54.0,t,0.85,t,63.0,f,,SVI,K,850927030,1
55.0,F,f,f,f,f,f,f,f,f,f,f,f,f,f,f,t,2.9,t,1.5,t,88.0,t,0.94,t,94.0,f,,other,-,850927031,0
26.0,F,f,f,f,f,f,f,f,f,f,f,f,f,f,f,t,2.1,t,2.2,t,95.0,t,1.0,t,95.0,f,,other,-,850927032,0
75.0,M,f,f,f,f,f,f,f,f,f,f,f,f,f,f,t,0.04,t,0.8,t,93.0,t,0.58,t,160.0,f,,other,-,850927033,0
63.0,F,f,f,f,f,f,f,f,t,f,f,f,f,f,f,t,0.74,f,,t,74.0,t,0.77,t,97.0,f,,other,-,850927034,0
50.0,F,f,f,f,t,f,f,f,f,f,f,f,f,f,f,t,1.4,t,1.8,t,126.0,t,1.07,t,117.0,f,,other,-,850927036,0
72.0,F,f,f,f,f,f,f,f,f,f,f,f,f,f,f,t,0.05,t,0.9,t,93.0,t,0.97,t,97.0,f,,SVI,K,850927057,1
69.0,F,f,f,f,f,f,f,f,f,f,f,f,f,f,f,t,0.83,t,2.4,t,123.0,t,1.14,t,108.0,f,,SVI,-,850927064,0
63.0,F,f,f,f,f,f,f,f,t,f,f,f,f,f,f,t,2.3,t,2.3,t,111.0,t,1.06,t,105.0,f,,other,-,850927067,0
74.0,F,f,f,f,f,f,f,f,f,f,f,f,f,f,f,t,5.5,t,1.4,t,89.0,t,0.99,t,89.0,f,,other,-,850927079,0
61.0,F,t,f,f,f,f,f,f,f,f,f,f,f,f,f,t,0.51,f,,t,90.0,t,0.81,t,111.0,f,,other,-,850930001,0
27.0,F,f,f,f,f,f,f,f,f,f,f,f,f,f,f,t,1.8,t,2.3,t,119.0,t,0.99,t,120.0,f,,other,-,850930004,0
27.0,F,f,f,f,f,f,f,f,f,f,f,f,f,f,f,t,15.0,t,1.6,t,82.0,t,0.82,t,100.0,f,,SVI,G,850930005,1
71.0,F,f,f,f,f,f,f,f,f,f,f,f,f,f,f,t,0.02,t,2.2,t,165.0,t,0.89,t,186.0,f,,SVI,AK,850930006,1
71.0,,f,f,f,f,f,f,f,f,f,f,f,f,f,t,t,1.1,t,2.4,t,122.0,t,1.12,t,109.0,f,,other,-,850930011,0
60.0,F,f,f,f,f,f,f,f,t,f,f,f,f,f,f,t,8.9,f,,t,75.0,t,0.97,t,77.0,f,,other,G,850930012,1
53.0,F,t,f,f,f,f,f,f,t,f,f,f,f,f,f,t,3.9,f,,t,114.0,t,1.17,t,97.0,f,,other,-,850930013,0
53.0,F,f,f,f,f,f,f,f,f,f,f,f,f,f,f,t,5.4,t,2.6,t,125.0,f,,f,,f,,other,-,850930014,0
34.0,F,f,f,f,f,f,f,f,f,f,f,f,f,f,f,t,1.2,t,1.6,t,103.0,t,0.73,t,142.0,f,,SVI,-,850930015,0
34.0,,f,f,f,f,f,f,f,f,f,f,f,f,f,f,t,3.3,t,1.6,t,83.0,t,0.7,t,118.0,f,,other,-,850930016,0
81.0,F,f,f,f,f,f,f,f,f,f,f,f,f,f,f,t,1.3,t,1.6,t,94.0,t,0.8,t,119.0,f,,other,-,850930019,0
54.0,F,f,f,f,f,f,f,f,f,f,t,f,f,f,f,t,2.9,t,2.5,t,74.0,t,0.99,t,75.0,f,,SVHC,-,850930026,0
67.0,F,f,f,f,f,f,f,f,t,f,f,f,f,f,f,t,0.84,t,3.3,t,222.0,t,1.82,t,122.0,f,,SVI,I,850930030,1
37.0,F,f,f,f,f,f,f,f,f,f,f,f,f,f,f,t,1.4,t,1.7,t,71.0,t,0.72,t,99.0,f,,SVHC,-,850930031,0
29.0,F,f,f,f,f,f,f,f,f,f,f,f,f,f,f,t,3.0,t,2.2,t,86.0,t,1.09,t,79.0,f,,other,-,850930034,0
61.0,F,t,f,f,f,f,f,f,f,f,f,f,f,f,f,t,3.9,t,2.7,t,84.0,t,1.03,t,81.0,f,,other,-,850930057,0
60.0,F,f,f,f,t,f,f,f,f,f,f,f,f,f,f,t,1.7,t,1.7,t,109.0,t,0.84,t,130.0,f,,SVI,-,850930058,0
63.0,M,f,f,f,f,f,f,f,f,f,f,f,f,f,t,t,1.5,t,2.1,t,129.0,t,1.08,t,120.0,f,,SVHC,-,850930059,0
85.0,F,f,f,f,f,f,f,f,f,f,f,f,f,f,f,t,0.58,t,1.9,t,140.0,t,0.96,t,145.0,f,,SVI,-,850930060,0
81.0,F,f,f,f,f,f,f,f,f,f,f,f,f,f,f,t,3.1,t,1.8,t,105.0,t,0.92,t,114.0,f,,SVI,-,850930061,0
77.0,F,f,f,f,f,f,f,f,f,f,f,f,f,f,f,t,6.2,t,1.2,t,89.0,t,0.74,t,121.0,f,,SVI,G,850930062,1
22.0,,f,f,f,f,f,f,f,f,f,f,f,f,f,f,t,3.1,t,2.7,t,136.0,t,1.27,t,107.0,f,,other,-,850930063,0
56.0,F,f,f,f,f,f,f,f,f,f,f,f,f,f,f,t,0.02,t,7.1,t,223.0,t,1.0,t,222.0,f,,other,A,850930068,1
47.0,M,f,f,f,f,f,f,f,f,f,f,f,f,f,t,t,2.3,t,1.6,t,75.0,t,0.93,t,80.0,f,,SVHC,-,850930071,0
67.0,F,f,f,f,f,f,f,f,f,t,f,f,f,f,f,t,1.2,t,2.2,t,121.0,t,1.02,t,118.0,f,,other,-,850930072,0
59.0,F,t,f,f,f,f,f,f,t,f,f,f,f,f,f,t,4.0,t,1.3,t,120.0,t,0.94,t,128.0,f,,other,-,850930073,0
72.0,M,f,f,f,f,f,f,f,f,f,f,f,f,f,f,t,5.3,t,1.0,t,97.0,t,0.65,t,150.0,f,,SVI,K,851001001,1
51.0,F,f,f,f,f,f,f,f,f,f,f,f,f,f,f,t,3.3,t,1.9,t,92.0,t,0.93,t,98.0,f,,other,-,851001002,0
31.0,,f,f,f,f,f,f,f,f,f,f,f,f,f,f,t,0.4,t,2.5,t,165.0,t,0.9,t,184.0,f,,STMW,R,851001014,1
41.0,F,f,f,f,f,f,f,f,f,f,f,f,f,f,f,t,2.5,t,1.8,t,95.0,t,0.9,t,106.0,f,,other,-,851001018,0
51.0,F,f,f,f,f,f,f,f,f,f,f,f,f,f,f,t,4.7,f,,t,111.0,t,1.0,t,112.0,f,,other,-,851001026,0
77.0,F,f,f,f,f,f,f,f,f,f,f,f,f,f,f,t,2.7,t,2.0,t,103.0,t,0.9,t,114.0,f,,other,-,851001044,0
26.0,F,f,f,f,f,f,f,f,f,f,f,f,f,f,f,t,1.6,t,2.1,t,140.0,t,1.05,t,132.0,f,,SVI,-,851001045,0
55.0,M,f,f,f,f,f,f,f,f,f,f,f,f,f,f,t,1.9,t,2.3,t,90.0,t,0.81,t,112.0,f,,SVI,-,851001046,0
45.0,M,f,f,f,f,f,f,f,f,f,f,f,f,f,f,t,1.1,t,2.0,t,63.0,t,0.66,t,96.0,f,,SVI,-,851001047,0
45.0,,f,f,f,f,f,f,f,f,f,f,f,f,f,f,t,4.8,t,0.9,t,87.0,t,0.78,t,112.0,f,,SVI,K,851001065,1
45.0,,t,f,f,f,f,f,f,f,f,f,f,f,f,f,t,9.0,t,2.8,t,237.0,t,1.17,t,203.0,f,,STMW,R,851002002,1
35.0,,f,f,f,f,f,f,f,f,f,f,f,f,f,f,t,1.7,t,2.3,t,82.0,t,0.88,t,93.0,f,,STMW,-,851002003,0
34.0,,f,f,f,f,f,f,f,f,f,f,f,t,f,f,t,7.8,t,2.0,t,95.0,t,0.99,t,96.0,f,,STMW,G,851002004,1
62.0,F,f,f,f,f,f,f,f,f,f,f,f,f,f,f,t,4.4,t,2.6,t,98.0,t,0.93,t,105.0,f,,other,-,851002015,0
62.0,F,f,f,f,f,f,f,f,f,f,f,f,f,f,f,t,0.02,t,2.0,t,113.0,t,1.03,t,110.0,f,,other,-,851002016,0
74.0,F,t,f,f,f,f,f,f,f,f,f,f,f,f,f,t,0.28,t,1.3,t,138.0,t,0.83,t,166.0,f,,SVI,-,851002017,0
57.0,M,f,f,f,f,f,f,f,f,f,f,f,f,f,t,t,1.6,t,2.0,t,87.0,t,0.61,t,143.0,f,,other,-,851002018,0
41.0,F,f,f,f,f,f,f,f,f,t,f,f,f,f,f,f,,f,,f,,f,,f,,t,20.0,other,-,851002025,0
53.0,M,f,f,f,f,f,f,f,f,f,f,f,f,f,f,t,2.4,t,2.6,t,151.0,t,1.16,t,130.0,f,,SVI,-,851002047,0
57.0,M,f,f,f,f,f,f,f,f,f,f,f,f,f,f,t,1.9,t,1.7,t,76.0,t,0.81,t,93.0,f,,SVI,-,851002049,0
54.0,M,t,f,f,f,f,f,f,f,f,f,f,f,f,f,t,4.7,f,,t,120.0,t,1.01,t,118.0,f,,other,-,851002050,0
47.0,F,f,f,f,f,f,f,f,f,f,f,f,f,f,f,t,11.0,t,2.6,t,91.0,f,,f,,f,,other,G,851002052,1
54.0,M,f,f,f,f,f,f,f,f,f,f,f,f,f,f,t,1.2,t,1.9,t,89.0,t,0.85,t,104.0,f,,SVI,-,851002053,0
75.0,F,f,f,f,f,f,f,f,f,f,f,f,f,f,f,t,10.0,t,1.6,t,90.0,t,0.89,t,101.0,f,,other,G,851003006,1
75.0,F,f,f,f,f,f,f,f,f,f,f,f,f,f,f,t,0.77,t,2.3,t,83.0,t,0.89,t,94.0,f,,other,-,851003007,0
35.0,M,f,f,f,f,f,f,f,f,f,f,f,f,f,f,t,0.97,t,2.4,t,81.0,t,0.75,t,109.0,f,,SVHC,-,851003008,0
42.0,,f,f,f,f,f,f,f,f,f,f,f,f,f,f,t,1.2,t,1.8,t,70.0,t,0.86,t,81.0,f,,other,-,851003009,0
23.0,,f,f,f,t,f,f,f,f,f,f,f,f,f,f,t,4.1,t,1.9,t,66.0,t,0.85,t,77.0,f,,SVHD,-,851003010,0
50.0,,t,f,f,f,f,f,f,t,f,f,f,f,f,f,t,1.7,t,1.8,t,113.0,t,1.01,t,112.0,f,,STMW,-,851003015,0
48.0,F,f,f,f,f,f,f,f,f,f,f,f,f,f,f,t,2.8,f,,t,112.0,t,0.92,t,121.0,f,,other,-,851003023,0
70.0,,f,f,f,f,f,f,t,f,f,f,f,f,f,f,t,2.3,t,2.7,t,95.0,t,1.07,t,88.0,f,,other,-,851003027,0
72.0,F,t,f,f,f,f,f,f,f,f,f,f,f,f,f,t,0.005,t,2.5,t,231.0,t,0.92,t,251.0,f,,other,N,851003028,1
62.0,F,t,f,f,f,f,f,f,t,f,f,f,f,f,f,t,0.005,t,2.1,t,130.0,t,0.99,t,131.0,f,,other,-,851003031,0
73.0,F,f,f,f,f,f,f,f,f,f,f,f,f,f,f,t,5.6,t,1.9,t,115.0,t,0.98,t,118.0,f,,other,-,851003046,0
72.0,F,f,f,f,f,f,f,f,f,f,f,f,f,f,f,t,1.5,t,1.3,t,86.0,t,0.88,t,99.0,f,,SVI,-,851003054,0
47.0,F,f,f,f,f,f,f,f,f,f,f,f,f,f,f,t,1.1,t,2.3,t,113.0,t,1.1,t,103.0,f,,SVI,-,851003055,0
47.0,,f,f,f,t,f,f,f,f,f,f,f,f,f,f,t,0.02,t,1.9,t,111.0,t,0.93,t,119.0,f,,other,-,851003056,0
38.0,M,f,f,f,f,f,f,f,f,f,f,f,f,f,t,t,2.5,t,2.3,t,90.0,t,0.91,t,99.0,f,,SVHC,-,851003057,0
25.0,M,f,f,f,f,f,f,f,f,f,f,f,f,f,f,t,3.4,t,1.9,t,63.0,t,0.81,t,78.0,f,,other,-,851003062,0
51.0,F,f,f,f,f,f,f,f,f,f,f,f,f,f,f,t,0.08,t,2.8,t,109.0,t,0.9,t,121.0,f,,other,-,851003064,0
51.0,F,f,f,f,f,f,f,f,t,f,f,f,f,f,f,t,58.0,f,,t,77.0,t,1.11,t,69.0,f,,other,G,851003072,1
54.0,F,f,f,f,f,f,f,f,f,f,f,f,f,f,f,t,1.9,t,2.0,t,88.0,t,0.95,t,92.0,f,,other,-,851003084,0
27.0,F,f,f,f,f,f,f,f,f,f,f,f,f,f,f,t,1.4,t,2.0,t,93.0,t,0.91,t,102.0,f,,SVI,-,851004001,0
19.0,M,f,f,f,f,f,f,f,f,f,f,f,f,f,f,t,3.1,t,1.8,t,82.0,f,,f,,f,,other,-,851004003,0
19.0,F,f,f,f,f,f,f,f,f,f,f,f,t,f,f,t,1.8,t,1.8,t,92.0,f,,f,,f,,other,-,851004004,0
61.0,F,f,f,f,f,f,f,f,f,f,f,f,f,f,f,t,4.3,t,1.8,t,124.0,t,0.99,t,125.0,f,,other,-,851004005,0
61.0,F,f,f,f,f,f,f,f,f,f,f,f,f,f,f,t,6.2,t,2.3,t,118.0,t,1.3,t,91.0,f,,other,G,851004006,1
57.0,M,f,f,f,f,f,f,f,f,f,f,f,f,f,f,t,0.58,t,2.5,t,89.0,t,0.99,t,89.0,f,,other,-,851004007,0
57.0,F,f,f,f,f,f,f,f,f,f,f,f,f,f,f,t,1.0,t,2.0,t,87.0,t,0.84,t,103.0,f,,SVHC,-,851004010,0
25.0,M,f,f,f,f,f,f,f,f,f,f,f,f,f,f,t,1.7,t,2.0,t,90.0,t,0.85,t,106.0,f,,other,-,851004018,0
25.0,F,f,f,f,f,f,f,f,f,f,f,f,f,f,f,t,0.02,t,2.3,t,85.0,t,0.79,t,107.0,f,,other,-,851004020,0
18.0,,f,f,f,f,f,f,f,f,f,f,f,f,f,f,t,1.2,t,2.4,t,74.0,t,1.16,t,63.0,f,,STMW,-,851004025,0
25.0,,t,f,f,f,f,t,f,f,f,f,f,f,f,f,t,1.1,t,2.6,t,212.0,t,1.75,t,121.0,f,,STMW,-,851004026,0
31.0,,f,f,f,f,f,f,f,f,f,f,f,f,f,f,t,1.9,t,2.7,t,99.0,t,1.0,t,99.0,f,,STMW,-,851004027,0
61.0,M,f,f,f,f,f,f,f,f,f,f,f,f,f,f,f,,f,,f,,f,,f,,t,13.0,other,-,851004030,0
58.0,M,f,f,f,f,f,f,f,f,f,f,f,f,f,f,t,1.8,t,1.6,t,102.0,t,1.07,t,96.0,f,,SVI,-,851004053,0
52.0,M,f,f,f,f,f,f,f,f,f,f,f,f,f,f,t,3.3,t,1.5,t,111.0,t,0.98,t,114.0,f,,SVI,-,851004054,0
52.0,F,f,f,f,f,f,f,f,f,f,f,f,f,f,f,t,5.1,t,1.4,t,117.0,t,1.02,t,114.0,f,,other,-,851004055,0
84.0,M,f,f,f,f,f,f,f,f,f,f,f,f,f,t,t,3.6,t,0.6,t,82.0,t,0.74,t,110.0,f,,SVI,K,851004056,1
35.0,F,f,f,f,f,f,f,f,f,t,f,f,f,f,f,t,230.0,t,1.5,t,36.0,t,1.34,t,27.0,f,,other,F,851004058,1
19.0,F,f,f,f,f,f,f,f,f,f,f,f,f,f,f,f,,f,,t,90.0,t,0.89,t,101.0,f,,other,-,851009003,0
2.0,F,t,f,f,f,f,f,f,f,f,f,f,f,f,f,t,0.025,f,,t,145.0,t,0.93,t,155.0,f,,other,-,851009005,0
69.0,F,t,f,f,f,f,f,f,f,f,f,f,f,f,f,t,4.9,f,,t,73.0,t,0.93,t,79.0,f,,other,-,851009006,0
84.0,F,f,f,f,f,f,f,f,f,t,f,f,f,f,f,f,,f,,t,88.0,t,0.87,t,100.0,f,,other,-,851009010,0
69.0,M,t,f,f,f,f,f,t,f,t,f,f,f,f,f,t,0.71,f,,t,91.0,t,0.94,t,98.0,f,,other,-,851009011,0
59.0,M,t,f,t,f,f,f,t,f,t,f,f,f,f,f,t,0.08,f,,t,125.0,t,0.78,t,161.0,f,,other,L,851009012,1
19.0,F,f,f,f,f,f,f,f,f,f,f,f,f,f,f,t,9.0,f,,t,95.0,t,0.87,t,110.0,f,,other,G,851009013,1
62.0,F,t,f,f,f,f,f,f,f,f,f,f,f,f,f,t,2.5,f,,t,126.0,t,1.24,t,101.0,f,,other,-,851009014,0
26.0,F,f,f,f,f,f,f,f,f,f,f,f,f,f,t,t,1.8,t,2.5,t,147.0,t,1.13,t,129.0,f,,SVHC,-,851009015,0
73.0,M,f,f,f,f,f,f,f,f,f,f,f,f,f,t,t,1.8,t,2.1,t,103.0,t,0.92,t,112.0,f,,SVHC,-,851009016,0
51.0,F,f,f,f,f,f,t,f,f,f,f,f,f,f,f,t,2.0,f,,t,109.0,t,0.91,t,120.0,f,,other,-,851009019,0
30.0,M,f,f,f,f,f,f,f,f,f,f,f,f,f,f,t,3.2,f,,t,97.0,t,0.69,t,141.0,f,,other,-,851009020,0
36.0,F,f,f,f,f,f,f,f,f,f,f,f,f,f,f,t,22.0,t,0.2,t,4.0,t,1.01,t,4.0,f,,other,F,851009025,1
59.0,F,f,f,f,f,f,f,t,f,f,f,f,f,f,f,t,9.7,f,,t,81.0,t,0.96,t,84.0,f,,other,G,851009028,1
29.0,F,t,f,f,f,f,f,f,f,f,f,f,f,f,f,t,7.0,f,,t,98.0,t,0.85,t,114.0,f,,other,M,851009029,1
33.0,F,f,f,f,f,f,f,f,f,f,f,f,f,f,f,f,,f,,f,,f,,f,,t,28.0,other,-,851009036,0
66.0,F,f,f,f,f,f,f,f,f,f,f,f,f,f,f,t,0.31,t,2.0,t,123.0,t,1.15,t,107.0,f,,other,-,851009047,0
27.0,F,f,f,f,f,f,f,f,f,f,f,f,f,f,f,t,1.5,t,2.2,t,182.0,t,1.37,t,133.0,f,,other,I,851009050,1
70.0,F,f,f,f,f,f,f,f,f,f,f,f,f,f,f,t,0.72,t,1.2,t,61.0,t,0.87,t,70.0,f,,SVI,-,851009054,0
57.0,M,f,f,f,f,f,f,f,f,f,f,f,f,f,f,t,0.8,t,1.9,t,109.0,t,0.78,t,139.0,f,,SVI,-,851009055,0
23.0,F,f,f,f,f,f,f,f,f,f,f,f,f,f,f,t,1.2,t,1.6,t,105.0,t,0.87,t,120.0,f,,SVI,-,851009056,0
42.0,,f,f,f,f,f,f,f,f,f,f,f,f,f,f,t,0.02,t,2.6,t,138.0,t,1.58,t,88.0,f,,STMW,-,851009059,0
16.0,F,t,f,f,f,f,f,f,f,f,f,f,f,f,f,t,0.07,t,1.5,t,140.0,t,0.89,t,157.0,f,,other,-,851009068,0
12.0,M,t,f,f,f,f,f,f,f,f,f,f,f,f,f,t,0.02,t,2.3,t,152.0,t,0.8,t,190.0,f,,other,N,851009069,1
50.0,M,f,f,f,f,f,f,f,f,f,f,f,f,f,f,t,1.9,t,2.0,t,97.0,t,0.88,t,110.0,f,,SVI,-,851009081,0
57.0,F,t,f,f,f,f,f,f,f,f,f,f,f,f,f,t,0.08,f,,t,142.0,t,0.93,t,153.0,f,,other,-,851009089,0
24.0,M,f,f,f,f,f,f,f,f,f,f,f,f,f,t,t,0.1,t,1.6,t,182.0,f,,f,,f,,SVHC,-,851009099,0
19.0,F,f,f,f,f,f,f,f,f,f,f,f,f,f,f,t,1.4,t,1.9,t,111.0,t,1.08,t,102.0,f,,other,-,851009100,0
52.0,M,f,f,f,f,f,f,f,f,f,f,f,f,f,t,t,2.3,t,2.5,t,114.0,t,1.07,t,106.0,f,,SVHC,-,851009101,0
38.0,M,f,f,f,f,f,f,f,f,f,f,f,f,f,f,t,0.57,t,1.3,t,156.0,t,1.39,t,112.0,f,,SVHC,-,851009102,0
38.0,,f,f,f,f,f,f,f,f,f,f,f,f,f,f,t,4.3,t,1.7,t,76.0,f,,f,,f,,other,-,851009104,0
61.0,F,f,f,f,f,f,f,f,f,f,f,f,f,f,f,t,0.81,t,2.3,t,103.0,t,1.02,t,100.0,f,,other,-,851009105,0
68.0,F,t,f,f,f,f,f,t,f,t,f,f,f,f,f,t,2.6,t,2.0,t,152.0,t,1.41,t,108.0,f,,other,-,851009145,0
68.0,M,f,f,f,f,f,f,f,f,f,f,f,f,f,f,t,0.02,t,2.5,t,113.0,t,0.76,t,149.0,f,,other,-,851009148,0
68.0,F,f,f,f,f,f,f,f,f,f,f,f,f,f,f,t,3.7,t,1.9,t,67.0,t,0.95,t,72.0,f,,SVI,-,851009150,0
54.0,,f,f,f,f,f,f,f,f,f,f,f,f,f,f,t,5.4,t,1.5,t,102.0,t,0.96,t,106.0,f,,SVI,-,851009151,0
54.0,,f,f,f,f,f,f,f,f,f,f,f,f,f,f,t,2.9,t,2.1,t,127.0,t,1.24,t,102.0,f,,SVI,-,851009152,0
60.0,M,f,f,f,f,f,f,f,f,f,f,f,f,f,f,t,2.5,t,1.3,t,119.0,t,0.88,t,135.0,f,,SVI,-,851009153,0
29.0,F,f,f,f,f,f,t,f,f,f,f,f,f,f,f,t,24.0,f,,t,63.0,t,1.2,t,53.0,f,,other,F,851009171,1
67.0,F,f,f,f,f,f,f,f,f,f,f,f,f,f,f,t,2.3,t,1.4,t,124.0,t,0.86,t,144.0,f,,SVI,-,851010001,0
74.0,F,f,f,f,f,f,f,f,f,f,f,f,f,f,f,t,1.3,t,1.3,t,111.0,t,0.92,t,120.0,f,,SVI,-,851010005,0
63.0,,f,f,f,f,f,f,f,f,f,f,f,f,f,f,f,,t,1.9,t,165.0,t,1.39,t,118.0,f,,other,I,851010008,1
57.0,F,f,f,f,f,f,f,f,f,f,f,f,f,f,f,t,2.9,t,1.5,t,85.0,t,0.84,t,102.0,f,,other,-,851010009,0
26.0,F,f,f,f,f,f,f,f,f,f,f,f,f,f,f,t,4.5,t,2.1,t,113.0,t,1.02,t,111.0,f,,SVHC,-,851010010,0
48.0,F,f,f,f,f,f,f,f,f,f,f,f,f,f,f,t,2.8,t,2.7,t,102.0,t,0.94,t,109.0,f,,SVHC,-,851010011,0
48.0,F,f,f,f,f,f,f,f,f,f,f,f,f,f,f,t,0.15,t,2.0,t,124.0,t,0.96,t,130.0,f,,other,-,851010012,0
48.0,,f,f,f,f,f,f,f,f,f,f,f,f,f,f,t,3.1,t,2.5,t,90.0,t,1.03,t,88.0,f,,STMW,-,851010014,0
84.0,F,f,f,f,f,f,f,f,f,f,f,f,f,f,f,t,3.4,t,2.4,f,,f,,f,,f,,other,-,851010019,0
19.0,,f,f,f,f,f,f,f,f,f,f,f,f,f,f,f,,t,2.2,f,,f,,f,,f,,other,-,851010021,0
19.0,F,f,f,f,f,f,f,f,f,f,f,f,f,f,f,t,0.86,t,2.2,f,,f,,f,,f,,other,-,851010024,0
59.0,,f,f,f,f,f,f,f,f,f,f,f,f,f,f,f,,t,1.5,f,,f,,f,,f,,other,-,851010025,0
69.0,,f,f,f,f,f,f,f,f,f,f,f,f,f,f,f,,t,1.5,f,,f,,f,,f,,other,-,851010027,0
64.0,F,f,f,f,f,f,f,f,f,f,f,f,f,f,f,t,0.08,t,1.7,t,74.0,t,1.07,t,69.0,f,,other,-,851010028,0
64.0,F,f,f,f,f,f,f,f,f,f,f,f,f,f,f,t,1.6,t,2.8,t,99.0,t,0.83,t,119.0,f,,other,-,851010029,0
79.0,F,t,f,f,f,f,f,f,f,f,f,f,f,f,f,t,5.1,t,2.0,t,107.0,t,1.04,t,104.0,f,,other,-,851010032,0
79.0,,f,f,f,f,f,f,f,f,f,f,f,f,f,f,t,12.099999,t,3.4,t,94.0,t,0.92,t,102.0,f,,other,-,851010034,0
79.0,M,f,f,f,f,f,f,f,f,f,f,f,f,f,f,t,0.02,t,1.6,t,143.0,t,0.9,t,159.0,f,,other,R,851010037,1
42.0,M,f,f,f,f,f,f,f,f,f,f,f,f,f,f,t,2.8,t,2.0,t,68.0,t,0.87,t,78.0,f,,other,-,851010038,0
20.0,F,f,f,t,f,f,f,f,f,f,f,f,f,f,f,t,0.02,t,2.6,t,106.0,t,0.91,t,116.0,f,,other,-,851010041,0
31.0,,t,f,f,f,f,f,f,f,f,f,f,f,f,f,t,0.02,t,2.1,t,212.0,t,1.17,t,181.0,f,,other,N,851010042,1
40.0,M,f,f,f,f,f,f,f,f,f,f,f,f,f,f,t,1.6,t,2.4,t,105.0,t,0.83,t,125.0,f,,SVI,-,851010051,0
73.0,F,f,f,f,f,f,f,f,f,f,f,f,f,f,f,t,0.56,t,1.3,t,70.0,t,0.93,t,75.0,f,,SVI,-,851010052,0
67.0,M,f,f,f,f,f,f,f,f,f,f,f,f,f,f,t,0.97,t,1.8,t,102.0,t,0.92,t,111.0,f,,SVI,-,851010055,0
28.0,F,f,f,f,f,f,f,f,f,f,f,f,f,f,f,t,1.9,f,,t,104.0,t,1.06,t,98.0,f,,other,-,851010056,0
61.0,M,f,f,f,f,f,f,f,f,f,f,f,f,f,f,t,2.1,t,1.2,t,109.0,t,0.78,t,140.0,f,,SVI,-,851010063,0
44.0,F,f,f,f,f,f,f,f,f,f,f,f,f,f,f,t,3.4,t,1.6,t,107.0,t,1.15,t,93.0,f,,other,-,851010073,0
51.0,F,f,f,f,f,f,f,f,f,f,f,f,f,f,f,t,2.4,t,2.0,t,143.0,t,1.31,t,109.0,f,,other,-,851010077,0
74.0,,f,f,f,f,f,f,t,f,f,f,f,f,f,f,t,0.5,t,2.4,t,100.0,t,1.07,t,93.0,f,,other,-,851010088,0
26.0,M,f,f,f,f,f,f,f,f,f,f,f,f,f,f,t,5.7,t,2.1,t,73.0,t,0.74,t,98.0,f,,other,-,851011003,0
54.0,M,f,f,f,f,f,f,f,f,f,f,f,f,f,f,t,1.6,t,2.0,t,84.0,f,,f,,f,,other,-,851011004,0
54.0,M,f,f,f,f,f,f,f,f,f,f,f,f,f,f,t,2.3,t,2.4,t,106.0,t,1.0,t,106.0,f,,other,-,851011005,0
63.0,M,f,f,f,f,f,f,f,f,f,f,f,f,f,f,t,2.7,t,2.2,t,83.0,f,,f,,f,,other,-,851011007,0
18.0,,f,f,f,f,f,f,f,f,f,f,f,f,f,f,t,1.2,t,1.9,t,83.0,t,1.08,t,77.0,f,,STMW,-,851011009,0
23.0,F,f,f,f,f,f,f,f,f,f,f,f,f,f,f,t,2.5,t,3.4,t,165.0,t,1.52,t,108.0,f,,STMW,I,851011010,1
62.0,F,f,f,f,f,f,f,f,f,f,f,f,f,f,f,f,,t,1.4,f,,f,,f,,f,,other,-,851011017,0
59.0,F,t,f,f,f,f,f,f,f,f,f,f,f,f,f,t,1.1,f,,t,141.0,t,1.17,t,120.0,f,,other,-,851011040,0
59.0,F,f,f,f,f,f,f,f,f,f,f,f,f,f,f,t,0.93,t,1.7,t,81.0,f,,f,,f,,other,-,851011049,0
68.0,F,f,f,f,f,f,f,f,f,f,f,f,f,f,f,t,2.8,t,1.9,t,123.0,t,1.16,t,106.0,f,,SVI,-,851011050,0
84.0,F,f,f,f,f,f,f,f,f,f,f,f,f,f,f,t,4.6,t,1.5,t,83.0,t,0.78,t,106.0,f,,SVI,-,851011051,0
53.0,F,f,f,f,f,f,f,f,f,f,f,f,f,f,f,t,0.045,t,2.5,t,157.0,t,1.07,t,147.0,f,,other,-,851011056,0
72.0,F,f,f,f,f,f,f,f,f,f,f,f,f,f,f,t,0.85,f,,t,131.0,t,0.91,t,144.0,f,,other,-,851011058,0
57.0,F,f,f,f,f,f,f,f,f,f,f,f,f,f,f,t,0.055,t,1.7,t,75.0,t,0.81,t,93.0,f,,other,-,851011059,0
35.0,F,f,f,f,f,f,f,f,f,f,f,f,f,f,f,f,,f,,t,110.0,t,0.96,t,114.0,f,,other,-,851011060,0
68.0,M,f,f,f,f,f,f,f,f,f,f,f,f,f,f,t,4.8,t,2.1,t,107.0,t,0.99,t,108.0,f,,other,-,851014002,0
55.0,M,f,f,f,f,f,f,f,f,f,f,f,f,f,f,t,60.0,t,0.7,t,14.0,t,1.11,t,13.0,f,,other,F,851014015,1
28.0,F,f,f,f,f,f,f,f,f,f,f,f,f,f,f,t,47.0,t,0.2,t,2.0,t,0.84,t,2.0,f,,other,F,851014016,1
52.0,M,f,f,f,f,f,f,f,f,t,f,f,f,f,f,t,0.93,t,1.3,t,86.0,t,0.64,t,134.0,f,,SVI,-,851014024,0
42.0,F,f,f,f,f,f,f,f,f,f,f,f,f,f,f,t,13.0,t,1.9,t,61.0,t,0.82,t,74.0,f,,SVI,G,851014025,1
78.0,F,f,f,f,f,f,f,f,f,f,f,f,f,f,f,t,0.73,t,2.0,t,92.0,t,0.95,t,97.0,f,,SVI,-,851014026,0
39.0,M,f,f,f,f,f,f,f,f,f,f,f,f,f,t,t,1.0,t,1.9,t,83.0,t,0.9,t,92.0,f,,SVHC,-,851014030,0
50.0,M,f,f,f,f,f,f,f,f,f,f,f,f,f,f,t,0.2,t,1.8,t,142.0,t,0.99,t,144.0,f,,SVHC,-,851014031,0
52.0,F,t,f,f,f,f,f,f,f,f,f,f,f,f,f,f,,f,,f,,f,,f,,t,39.0,other,S,851014057,1
52.0,M,f,f,f,f,f,f,f,f,f,f,f,f,f,f,t,0.13,t,2.1,t,87.0,t,0.95,t,91.0,f,,other,-,851015001,0
24.0,F,f,f,f,f,f,f,f,f,f,f,f,f,f,t,t,0.83,t,2.2,t,79.0,t,0.8,t,99.0,f,,SVHC,-,851015002,0
71.0,F,f,f,f,f,f,f,f,f,t,f,f,f,f,f,t,0.02,t,1.8,t,143.0,t,0.87,t,164.0,f,,SVHC,R,851015003,1
74.0,F,f,f,f,f,f,f,f,f,f,f,f,f,f,t,t,2.4,t,1.2,t,95.0,t,0.8,t,119.0,f,,SVHC,-,851015004,0
57.0,M,f,f,f,f,f,f,f,f,f,t,f,f,f,f,t,1.4,t,2.5,t,101.0,t,1.03,t,96.0,f,,SVHC,-,851015005,0
23.0,F,f,f,f,f,f,f,f,f,f,t,f,f,f,t,t,2.1,t,3.1,t,116.0,t,1.2,t,96.0,f,,SVHC,-,851015006,0
28.0,M,f,f,f,f,f,f,f,f,f,f,f,f,f,f,t,0.1,t,2.0,t,169.0,f,,f,,f,,other,R,851015009,1
37.0,F,f,f,f,f,f,f,f,f,f,f,f,f,f,f,t,3.1,t,2.1,t,87.0,t,0.75,t,115.0,f,,other,-,851015044,0
60.0,M,t,f,f,f,f,f,f,f,f,f,f,f,f,f,t,0.35,t,1.6,t,98.0,t,0.75,t,131.0,f,,other,-,851015045,0
70.0,F,f,f,f,f,f,f,f,f,f,f,f,f,f,f,t,1.7,t,1.8,t,167.0,t,0.88,t,189.0,f,,SVI,R,851015046,1
79.0,M,f,f,f,f,f,f,f,f,f,f,f,f,f,f,t,2.1,t,1.7,t,112.0,t,0.96,t,117.0,f,,SVI,-,851015047,0
67.0,M,f,f,f,f,f,f,f,f,f,f,f,f,f,f,t,1.4,t,1.5,t,95.0,t,0.78,t,122.0,f,,SVI,-,851015048,0
55.0,M,f,f,f,f,f,f,f,f,f,f,f,f,f,f,t,1.5,t,0.4,t,52.0,t,0.75,t,69.0,f,,SVI,K,851015049,1
70.0,F,f,f,f,f,f,f,f,f,f,f,f,f,f,t,t,2.8,t,2.4,t,111.0,t,0.8,t,139.0,f,,SVHC,-,851015050,0
62.0,,f,f,f,f,f,f,f,f,f,f,f,f,f,f,t,2.2,t,2.0,t,117.0,t,0.8,t,145.0,f,,other,-,851015056,0
40.0,F,f,f,f,f,f,f,f,f,f,f,f,f,f,f,t,7.2,t,2.3,t,111.0,t,0.99,t,112.0,f,,other,G,851015061,1
63.0,F,f,f,f,f,f,f,f,f,f,f,f,f,f,f,t,4.9,t,1.9,t,90.0,t,0.98,t,92.0,f,,other,-,851015063,0
67.0,F,f,f,f,f,f,f,f,f,f,f,f,f,f,f,t,2.6,t,0.2,t,99.0,t,0.72,t,138.0,f,,SVI,K,851016002,1
33.0,M,f,f,f,f,f,f,f,f,f,t,f,f,f,f,t,1.8,t,2.4,t,120.0,t,0.99,t,121.0,f,,SVHC,-,851016004,0
44.0,F,f,f,f,f,f,f,f,f,t,f,f,f,f,f,t,1.9,t,2.9,t,164.0,t,1.38,t,119.0,f,,other,I,851016021,1
20.0,F,f,f,f,f,f,f,f,f,f,f,f,f,f,f,t,0.7,t,5.4,t,148.0,t,1.48,t,100.0,f,,STMW,I,851016024,1
41.0,F,f,f,f,f,f,f,f,f,f,f,f,f,f,f,f,,f,,f,,f,,f,,t,46.0,other,S,851016047,1
41.0,F,t,f,f,f,f,f,f,f,t,f,f,f,f,f,f,,f,,f,,f,,f,,t,28.0,other,-,851016049,0
74.0,M,f,f,f,f,f,f,f,f,f,f,f,f,f,f,t,3.3,t,1.8,t,98.0,t,0.83,t,118.0,f,,other,-,851016051,0
72.0,F,f,f,f,f,f,f,f,t,f,f,f,f,f,f,t,3.0,t,2.3,t,121.0,t,1.01,t,120.0,f,,SVI,-,851016052,0
41.0,M,f,f,f,f,f,f,f,f,f,f,f,f,f,f,t,1.9,t,2.2,t,138.0,t,0.9,t,154.0,f,,SVI,-,851016053,0
63.0,F,f,f,f,f,f,f,f,f,f,f,f,f,f,f,t,14.0,t,0.5,t,95.0,t,0.83,t,114.0,f,,other,GK,851016056,1
58.0,F,t,f,f,f,f,f,f,f,f,f,f,f,f,f,t,1.5,t,1.6,t,140.0,t,1.1,t,127.0,f,,other,-,851016059,0
79.0,F,f,f,f,f,f,f,f,f,f,f,f,f,f,f,t,2.8,t,1.9,t,108.0,t,0.93,t,116.0,f,,SVI,-,851016061,0
26.0,F,f,t,f,f,f,f,f,f,f,f,f,f,f,f,t,9.2,t,1.6,t,104.0,t,1.12,t,93.0,f,,other,G,851016062,1
79.0,M,f,f,f,f,f,f,f,t,f,f,f,f,f,f,t,2.4,f,,f,,f,,f,,f,,other,-,851016064,0
34.0,F,f,f,f,f,t,f,f,f,t,f,f,f,f,f,t,0.06,t,4.7,t,157.0,t,1.68,t,94.0,f,,other,I,851017007,1
27.0,F,f,f,f,f,f,f,f,f,f,f,f,f,f,f,t,0.94,t,2.9,t,92.0,t,0.93,t,100.0,f,,SVHC,I,851017011,1
27.0,F,f,f,f,f,f,f,f,f,f,f,f,f,f,f,t,0.055,t,8.5,t,244.0,t,0.98,t,249.0,f,,other,A,851017012,1
19.0,M,f,f,f,f,f,f,f,f,f,f,f,f,f,f,t,2.1,t,2.9,t,135.0,t,0.81,t,167.0,f,,SVHC,-,851017013,0
27.0,F,f,t,f,f,t,f,f,f,f,f,f,f,f,f,f,,t,4.0,t,187.0,t,1.88,t,100.0,f,,other,I,851017027,1
76.0,F,f,f,f,f,f,f,f,t,t,f,f,f,f,f,t,2.5,f,,t,118.0,t,1.0,t,118.0,f,,other,-,851017029,0
30.0,F,f,f,f,f,f,f,f,f,f,f,f,t,f,f,t,1.4,t,2.2,t,122.0,t,1.1,t,111.0,f,,other,-,851017030,0
74.0,F,t,f,f,f,f,f,f,f,f,f,f,f,f,f,t,3.7,t,2.2,t,99.0,t,1.04,t,96.0,f,,other,-,851017034,0
75.0,F,t,f,f,f,f,f,f,f,f,f,f,f,f,f,t,12.0,t,2.0,t,141.0,t,1.13,t,125.0,f,,other,M,851017035,1
48.0,M,f,f,f,f,f,f,f,f,f,f,f,f,f,f,f,,f,,t,112.0,t,0.9,t,124.0,f,,other,-,851017037,0
48.0,M,f,f,f,f,f,f,f,f,f,f,f,f,f,f,f,,t,1.6,f,,f,,f,,f,,other,-,851017038,0
24.0,F,f,f,f,f,f,f,f,f,f,f,f,f,f,f,f,,f,,t,121.0,t,1.09,t,111.0,f,,other,-,851017046,0
30.0,F,t,f,f,f,f,f,f,f,f,f,f,f,f,f,t,2.9,t,1.4,t,113.0,t,0.83,t,136.0,f,,other,-,851017047,0
30.0,F,f,f,f,f,f,f,f,f,f,f,f,t,f,f,f,,f,,f,,f,,f,,t,35.0,other,S,851017052,1
76.0,M,f,f,f,f,f,f,f,f,f,f,f,f,f,f,t,2.3,t,1.5,t,93.0,t,0.71,t,132.0,f,,SVI,-,851017057,0
76.0,,f,f,f,f,f,f,f,f,t,f,f,f,f,f,t,1.4,t,2.4,t,118.0,t,0.91,t,130.0,f,,other,-,851017058,0
36.0,F,f,f,f,f,f,f,f,f,f,f,f,f,f,f,f,,t,2.0,t,96.0,t,0.86,t,112.0,f,,other,-,851017063,0
61.0,F,f,f,f,f,f,f,f,f,f,f,f,f,f,f,t,1.7,t,2.5,t,121.0,t,1.07,t,114.0,f,,other,-,851017064,0
7.0,M,f,f,f,f,f,f,f,f,f,f,f,f,f,f,t,15.0,f,,t,137.0,t,1.03,t,133.0,f,,other,G,851017065,1
65.0,F,t,f,f,f,f,f,f,f,f,f,f,f,f,f,t,2.5,f,,t,137.0,t,1.06,t,129.0,f,,other,-,851017069,0
73.0,F,f,f,f,f,f,f,f,f,f,f,f,f,f,f,t,1.9,t,2.2,t,134.0,t,1.18,t,114.0,f,,other,-,851017074,0
13.0,M,f,f,f,f,f,f,f,f,f,f,f,f,f,f,t,1.9,f,,t,113.0,t,0.99,t,114.0,f,,other,-,851017075,0
56.0,F,t,f,f,f,f,t,f,f,f,f,f,f,f,f,t,1.1,t,2.2,t,103.0,t,0.9,t,114.0,f,,other,-,851017079,0
14.0,M,f,f,f,f,f,f,f,f,f,f,f,f,f,f,t,3.0,t,2.7,t,80.0,t,0.83,t,97.0,f,,other,-,851017080,0
14.0,F,f,f,f,f,f,f,f,f,f,f,f,f,f,f,t,2.9,t,0.8,t,121.0,t,0.95,t,127.0,f,,other,-,851017083,0
15.0,M,f,f,f,f,f,f,f,f,f,f,f,f,f,f,t,1.3,f,,t,102.0,t,0.97,t,105.0,f,,other,-,851017084,0
36.0,F,f,f,f,f,f,f,f,f,f,f,f,f,f,t,t,1.8,t,1.9,t,138.0,t,0.91,t,155.0,f,,SVHC,-,851018013,0
36.0,,f,f,f,f,f,f,f,f,f,f,f,f,f,t,t,3.6,t,1.3,t,153.0,t,1.0,t,152.0,f,,SVHC,-,851018014,0
68.0,F,f,f,f,f,f,f,f,t,f,f,f,f,f,f,t,19.0,f,,t,93.0,t,1.2,t,77.0,f,,other,G,851018015,1
29.0,F,f,f,f,f,f,f,f,f,f,f,f,f,f,f,t,2.8,t,1.8,t,99.0,f,,f,,f,,other,-,851018016,0
80.0,F,f,f,f,f,f,f,f,f,f,f,f,f,f,f,t,0.97,t,1.7,t,83.0,t,0.97,t,86.0,f,,other,-,851018017,0
55.0,M,f,f,f,f,f,f,f,f,t,f,f,f,f,f,t,2.5,t,1.9,t,109.0,t,1.04,t,104.0,f,,SVI,-,851018018,0
36.0,M,f,f,f,f,f,f,f,f,f,f,f,f,f,t,t,2.2,t,1.7,t,115.0,t,0.98,t,118.0,f,,SVHC,-,851018019,0
42.0,M,f,f,f,f,f,f,f,f,f,f,f,f,f,f,t,6.8,t,1.2,t,44.0,t,0.87,t,51.0,f,,other,F,851018026,1
42.0,F,f,f,f,f,f,t,f,f,f,f,f,f,f,f,t,7.2,t,1.3,t,93.0,t,0.9,t,104.0,f,,other,Q,851018065,1
42.0,F,f,f,f,f,f,f,f,f,f,f,f,f,f,f,t,1.6,t,1.6,t,139.0,t,1.04,t,134.0,f,,other,-,851018074,0
44.0,F,f,f,f,f,f,f,f,f,f,f,f,f,f,f,t,0.41,t,0.8,t,105.0,t,0.82,t,127.0,f,,SVI,K,851018075,1
44.0,F,f,f,f,f,f,f,f,f,t,f,f,f,f,f,t,1.01,t,1.8,t,109.0,t,1.0,t,109.0,f,,other,-,851018076,0
44.0,F,f,f,f,f,f,f,f,f,f,f,f,f,f,f,t,0.72,t,0.9,t,96.0,t,0.75,t,127.0,f,,other,-,851021001,0
72.0,F,f,f,f,f,f,f,f,f,f,f,f,f,f,f,t,0.035,t,4.9,t,192.0,t,1.09,t,176.0,f,,other,A,851021005,1
79.0,F,f,f,f,f,f,f,f,f,f,f,f,f,f,f,t,2.4,t,2.6,t,111.0,t,1.0,t,111.0,f,,SVI,-,851021006,0
44.0,M,f,f,f,f,f,f,f,f,f,t,f,f,f,f,t,3.0,t,1.4,t,103.0,t,0.88,t,118.0,f,,SVHC,-,851021014,0
37.0,F,f,f,f,f,f,f,f,f,f,f,f,f,f,f,t,1.4,t,2.0,t,99.0,t,1.02,t,97.0,f,,SVHC,-,851021015,0
42.0,M,f,f,f,f,f,f,f,f,f,f,f,f,f,f,t,5.1,t,1.5,t,53.0,t,0.76,t,70.0,f,,other,-,851021021,0
67.0,F,t,f,f,f,f,f,f,f,f,f,f,f,f,f,t,0.45,f,,t,124.0,t,1.02,t,122.0,f,,other,-,851021030,0
24.0,F,f,f,f,f,f,f,f,f,f,f,f,f,f,f,t,0.38,t,2.3,t,152.0,t,0.96,t,158.0,f,,other,R,851021031,1
63.0,M,f,f,f,f,f,f,f,f,f,f,f,f,f,f,t,108.0,t,0.4,t,14.0,t,0.98,t,14.0,f,,SVI,F,851021033,1
63.0,,f,f,f,f,f,f,f,f,f,f,f,f,f,f,t,2.9,t,3.2,f,,f,,f,,f,,other,-,851021035,0
63.0,,f,f,f,f,f,f,f,f,f,f,f,f,f,f,f,,f,,t,162.0,t,0.81,t,200.0,f,,other,A,851021036,1
49.0,F,f,f,f,f,f,f,f,f,f,f,f,f,f,f,t,1.7,t,2.0,t,155.0,t,1.01,t,154.0,f,,other,-,851021042,0
40.0,F,f,f,f,f,f,f,f,f,f,f,f,f,f,f,t,2.7,t,2.0,t,128.0,t,1.02,t,126.0,f,,other,-,851021043,0
33.0,F,f,f,f,f,f,f,f,f,f,f,f,f,f,f,f,,f,,t,120.0,t,0.98,t,122.0,f,,other,-,851021045,0
70.0,F,f,f,f,f,f,f,f,f,f,f,f,f,f,f,t,1.4,t,1.8,t,88.0,t,1.14,t,76.0,f,,other,-,851021047,0
90.0,F,f,f,f,f,f,f,f,f,f,f,f,f,f,f,t,2.5,t,1.2,t,97.0,t,0.93,t,104.0,f,,SVI,-,851021048,0
78.0,F,f,f,f,f,f,f,f,f,f,f,f,f,f,t,t,0.89,t,1.8,t,103.0,t,0.98,t,105.0,f,,SVI,-,851021049,0
46.0,M,f,f,f,f,f,f,f,f,f,f,f,f,f,f,t,0.98,f,,t,109.0,t,0.91,t,120.0,f,,other,-,851021060,0
60.0,F,f,f,f,f,f,f,f,f,f,f,f,f,f,f,f,,f,,t,116.0,t,1.06,t,109.0,f,,other,-,851021061,0
6.0,F,f,f,f,f,f,f,f,f,f,f,f,f,f,f,t,1.4,t,2.0,t,134.0,t,0.96,t,140.0,f,,SVI,-,851022003,0
7.0,M,f,f,f,f,f,f,f,f,f,f,f,f,f,f,t,0.94,t,2.0,t,93.0,t,0.84,t,110.0,f,,other,-,851022004,0
34.0,F,f,f,f,f,f,f,f,f,f,f,f,f,f,f,t,2.3,t,2.5,t,121.0,t,1.29,t,94.0,f,,SVHC,-,851022006,0
55.0,F,f,f,f,f,f,f,f,f,f,f,f,f,f,f,t,9.2,t,1.8,t,87.0,t,1.04,t,84.0,f,,SVHC,G,851022007,1
27.0,,f,f,f,f,f,f,f,f,f,f,f,f,f,f,t,1.6,t,2.4,t,121.0,t,1.23,t,98.0,f,,other,-,851022008,0
82.0,F,f,f,f,f,f,f,f,f,f,f,f,f,f,f,t,1.0,t,2.4,t,139.0,t,1.15,t,121.0,f,,SVI,-,851022009,0
21.0,F,f,f,f,f,f,f,f,f,f,f,f,f,f,f,t,1.5,t,2.0,t,76.0,t,1.03,t,73.0,f,,other,-,851022021,0
31.0,F,f,f,f,f,f,f,f,f,f,f,f,f,f,f,t,188.0,t,1.3,t,63.0,t,1.19,t,53.0,f,,other,F,851022022,1
71.0,F,f,f,f,f,f,f,f,f,f,f,f,f,f,f,f,,f,,f,,f,,f,,t,21.0,other,-,851022024,0
71.0,F,f,f,f,f,f,f,f,f,f,f,f,f,f,f,t,5.1,t,1.8,t,87.0,t,0.89,t,98.0,f,,other,-,851022032,0
49.0,F,f,f,f,f,f,f,f,f,f,f,f,f,f,f,t,0.045,f,,t,138.0,t,0.83,t,166.0,f,,other,-,851022041,0
40.0,F,f,f,f,f,f,f,f,f,f,f,f,f,f,f,t,2.8,t,1.6,t,75.0,t,0.76,t,99.0,f,,other,-,851022042,0
70.0,M,f,f,f,f,f,f,f,f,f,f,f,f,f,f,t,1.5,t,1.5,t,70.0,t,0.77,t,91.0,f,,SVI,-,851022048,0
70.0,F,f,f,f,f,f,f,f,f,f,f,f,f,f,f,t,0.8,t,2.0,t,109.0,t,0.85,t,129.0,f,,SVI,-,851022049,0
36.0,F,f,f,f,f,f,f,f,f,f,f,f,f,f,f,t,6.0,t,1.7,t,121.0,t,1.12,t,108.0,f,,other,-,851022050,0
36.0,F,f,f,f,f,f,f,f,f,f,f,f,f,f,f,t,1.1,t,2.3,t,101.0,t,0.94,t,107.0,f,,other,-,851022053,0
16.0,F,f,f,f,f,f,f,f,f,f,f,f,f,f,f,t,1.1,t,2.2,t,90.0,t,0.98,t,92.0,f,,other,-,851022057,0
16.0,F,f,f,f,f,f,f,f,f,f,f,f,f,f,f,t,2.3,t,2.4,t,110.0,t,0.92,t,119.0,f,,SVI,-,851022066,0
82.0,F,f,f,f,f,f,f,f,f,f,f,f,f,f,f,t,0.5,f,,t,125.0,t,0.84,t,149.0,f,,other,-,851023016,0
55.0,M,f,f,f,f,f,f,f,f,f,f,f,f,f,f,t,2.2,t,1.6,t,84.0,t,0.91,t,92.0,f,,other,-,851023018,0
46.0,M,f,f,f,f,f,f,f,f,f,f,f,f,f,f,t,1.1,f,,t,70.0,t,0.58,t,122.0,f,,other,-,851023020,0
25.0,M,f,f,f,f,f,f,f,f,f,f,f,f,f,t,t,1.8,t,2.0,t,90.0,t,0.92,t,98.0,f,,SVHC,-,851023021,0
65.0,F,f,f,f,f,f,f,f,f,f,f,f,f,f,f,f,,f,,f,,f,,f,,t,25.0,other,-,851023037,0
54.0,M,f,f,f,f,f,f,f,f,f,f,f,f,f,f,t,14.4,t,1.1,t,51.0,t,0.68,t,75.0,f,,SVI,GK,851023038,1
33.0,F,f,f,f,f,f,f,f,f,f,f,f,f,f,f,t,2.2,t,1.7,t,94.0,t,1.0,t,94.0,f,,other,-,851023055,0
65.0,F,f,f,f,f,f,f,f,f,f,f,f,f,f,f,t,4.7,t,1.6,t,72.0,t,0.85,t,85.0,f,,other,-,851023068,0
72.0,F,f,f,f,f,f,f,f,f,f,f,f,f,f,f,t,1.9,t,1.4,t,109.0,t,0.95,t,116.0,f,,SVI,-,851023069,0
60.0,M,f,f,f,f,f,f,f,f,f,f,f,f,f,f,t,0.4,t,2.0,t,113.0,t,1.03,t,110.0,f,,other,-,851023082,0
52.0,M,f,f,f,f,f,f,f,f,f,f,f,f,f,f,t,0.9,f,,t,100.0,t,0.79,t,127.0,f,,other,-,851024003,0
52.0,F,f,f,f,f,f,f,f,f,f,f,f,f,f,f,t,0.6,t,1.9,t,92.0,t,1.05,t,88.0,f,,other,-,851024004,0
59.0,M,f,f,f,f,f,f,f,f,f,f,f,f,f,f,f,,f,,t,76.0,t,0.94,t,81.0,f,,other,-,851024011,0
69.0,F,f,f,f,f,f,f,f,f,f,f,f,f,f,f,t,1.2,t,2.3,t,110.0,t,1.12,t,98.0,f,,other,-,851024012,0
71.0,M,f,f,f,f,f,f,f,f,f,f,f,f,f,f,t,8.0,f,,t,66.0,t,0.66,t,100.0,f,,other,G,851024014,1
7.0,F,f,f,f,f,f,f,f,f,f,f,f,f,f,f,t,7.3,t,1.6,t,64.0,t,0.97,t,66.0,f,,other,G,851024017,1
59.0,F,f,f,f,f,f,f,f,f,f,f,f,f,f,f,t,0.04,t,2.5,t,161.0,t,0.83,t,195.0,f,,other,AK,851024020,1
60.0,M,t,f,f,f,f,f,f,t,f,f,f,f,f,f,t,30.5,t,1.0,t,32.0,t,0.63,t,51.0,f,,other,F,851024021,1
29.0,F,f,f,f,f,f,f,f,f,f,f,f,f,f,f,t,0.7,t,2.1,t,110.0,t,0.95,t,116.0,f,,other,-,851024025,0
23.0,F,t,f,f,f,f,f,f,f,f,f,f,f,f,f,t,0.04,t,3.8,t,131.0,t,1.05,t,125.0,f,,other,-,851024026,0
20.0,F,f,f,f,f,f,f,f,f,f,f,f,f,f,f,t,1.2,t,2.1,t,106.0,t,0.92,t,115.0,f,,STMW,-,851024029,0
66.0,F,f,f,f,f,f,f,f,f,f,f,f,f,f,f,t,1.0,f,,t,103.0,t,1.17,t,88.0,f,,other,-,851024055,0
69.0,F,f,f,f,f,f,f,f,f,f,f,f,f,f,f,t,1.8,t,2.3,t,97.0,t,0.89,t,109.0,f,,SVI,-,851024056,0
21.0,F,f,f,f,f,f,f,f,f,f,f,f,f,f,f,t,0.4,t,2.1,t,82.0,t,0.76,t,108.0,f,,SVI,-,851024058,0
62.0,M,f,f,f,f,f,f,f,f,f,f,f,f,f,f,t,1.3,t,2.5,t,91.0,t,1.02,t,90.0,f,,SVI,-,851024060,0
61.0,F,f,f,f,f,f,f,f,t,f,f,f,f,f,f,t,1.1,t,1.4,t,110.0,f,,f,,f,,other,-,851024062,0
50.0,F,f,f,f,f,f,f,f,t,f,f,f,f,f,f,t,1.7,f,,t,90.0,t,0.92,t,98.0,f,,other,-,851024063,0
53.0,M,f,f,f,f,f,f,f,f,f,f,f,f,f,f,t,0.9,f,,t,88.0,t,1.05,t,84.0,f,,other,-,851024064,0
37.0,M,f,f,f,f,f,f,f,f,f,f,f,f,f,f,t,2.6,t,2.3,t,68.0,t,0.94,t,72.0,f,,other,-,851024066,0
63.0,F,f,f,f,f,f,f,f,f,f,f,f,f,f,f,t,1.9,f,,t,118.0,t,1.02,t,115.0,f,,other,-,851024071,0
60.0,F,f,f,f,f,f,f,f,f,f,f,f,f,f,f,t,2.1,f,,t,127.0,t,1.01,t,126.0,f,,other,-,851024074,0
59.0,F,f,f,f,f,f,f,f,f,f,f,f,f,f,f,t,1.2,f,,t,140.0,t,1.63,t,86.0,f,,other,I,851024077,1
59.0,,f,f,f,f,f,f,f,f,f,f,f,f,f,f,f,,t,2.2,f,,f,,f,,f,,other,-,851024079,0
78.0,F,f,f,f,f,f,f,f,f,f,f,f,f,f,t,t,1.1,t,2.0,t,123.0,t,0.91,t,135.0,f,,SVHC,-,851024081,0
67.0,F,f,f,f,f,f,f,f,f,f,f,f,f,f,f,t,46.0,t,1.0,t,48.0,t,0.98,t,49.0,f,,SVI,F,851024084,1
60.0,M,f,f,f,t,f,f,f,t,f,f,f,f,f,f,t,2.7,f,,t,88.0,t,1.07,t,82.0,f,,other,-,851024085,0
60.0,F,f,f,f,f,f,f,f,f,f,f,f,f,f,f,t,1.0,t,1.5,t,102.0,f,,f,,f,,other,-,851024086,0
73.0,F,t,f,f,f,f,f,f,f,f,f,f,f,f,f,t,3.1,t,1.5,t,120.0,t,0.94,t,127.0,f,,SVI,-,851024087,0
73.0,,f,f,f,f,t,f,f,f,f,f,f,f,f,f,t,2.2,t,2.5,t,110.0,t,1.28,t,85.0,f,,other,-,851024089,0
61.0,F,f,f,f,f,f,f,f,f,t,f,f,f,f,f,t,0.3,t,2.0,t,93.0,t,0.99,t,93.0,f,,other,-,851024091,0
47.0,M,t,f,f,f,f,f,f,f,f,f,f,f,f,f,t,2.7,t,2.0,t,110.0,t,1.02,t,108.0,f,,other,-,851024092,0
47.0,F,f,f,f,f,f,f,f,f,f,f,f,f,f,f,t,1.1,t,2.8,t,96.0,t,0.94,t,103.0,f,,other,-,851024109,0
69.0,F,t,f,f,f,f,f,f,f,f,f,f,t,f,f,t,0.015,f,,t,176.0,t,1.11,t,158.0,f,,other,L,851024110,1
69.0,M,f,f,f,f,f,f,f,f,f,f,f,f,f,f,f,,f,,t,118.0,t,1.11,t,107.0,f,,other,-,851025004,0
13.0,M,f,f,f,f,f,f,f,f,f,f,f,f,f,f,t,2.7,t,2.8,t,110.0,t,1.1,t,100.0,f,,other,-,851025015,0
31.0,F,t,f,f,f,f,f,f,t,f,f,f,f,f,f,t,0.045,t,2.7,t,163.0,t,0.94,t,172.0,f,,STMW,N,851025016,1
25.0,M,f,f,f,f,f,f,f,f,f,t,f,f,f,f,t,2.1,f,,t,101.0,t,1.0,t,101.0,f,,SVHC,-,851025018,0
60.0,F,f,f,f,f,f,f,f,f,f,f,f,f,f,f,t,0.045,f,,t,139.0,t,1.07,t,129.0,f,,other,-,851025019,0
84.0,F,f,f,f,f,f,f,f,f,f,f,f,f,f,f,t,17.0,f,,t,35.0,t,0.83,t,42.0,f,,other,F,851025022,1
28.0,M,f,f,f,f,f,f,f,f,f,f,f,f,f,f,t,0.045,t,2.6,t,143.0,t,1.07,t,134.0,f,,other,-,851025024,0
29.0,F,f,f,f,f,f,f,f,f,f,f,f,f,f,f,t,1.6,f,,t,140.0,t,1.41,t,99.0,f,,other,I,851025025,1
50.0,F,f,f,f,f,f,f,f,f,f,f,f,f,f,f,t,0.6,t,2.0,t,83.0,t,1.31,t,63.0,f,,SVI,I,851025041,1
87.0,M,f,f,f,f,f,f,f,f,f,f,f,f,f,f,t,1.0,t,1.2,t,103.0,t,0.87,t,118.0,f,,SVI,-,851025044,0
87.0,F,f,f,f,f,f,f,f,f,f,f,f,f,f,f,t,3.0,t,1.6,t,71.0,t,1.06,t,67.0,f,,other,-,851025048,0
76.0,M,f,f,f,f,f,f,f,f,f,f,f,f,f,f,t,2.7,t,1.4,t,91.0,t,0.85,t,108.0,f,,SVI,-,851025051,0
48.0,M,f,f,f,f,f,f,f,f,f,f,f,f,f,f,t,3.5,t,3.5,t,166.0,t,1.35,t,123.0,f,,SVI,I,851025052,1
29.0,,f,f,f,f,f,f,f,f,f,f,f,f,f,f,t,0.5,t,2.5,t,80.0,t,0.88,t,91.0,f,,SVI,-,851025053,0
72.0,F,f,f,f,t,f,f,f,f,f,f,f,f,f,f,t,0.7,t,1.4,t,110.0,t,0.88,t,124.0,f,,SVI,-,851025054,0
46.0,F,f,f,f,f,f,f,f,f,f,f,f,f,f,f,t,2.4,t,2.3,t,99.0,t,1.05,t,91.0,f,,STMW,-,851025068,0
48.0,F,f,f,f,f,f,f,f,f,f,f,f,f,f,f,t,0.7,f,,t,114.0,t,0.98,t,117.0,f,,other,-,851025087,0
46.0,F,f,f,f,f,f,f,f,f,f,f,f,f,f,f,t,0.045,t,1.5,t,75.0,t,0.9,t,83.0,f,,other,-,851025089,0
77.0,F,f,f,f,f,f,f,f,f,f,f,f,f,f,f,t,0.045,t,1.2,t,67.0,t,0.96,t,69.0,f,,other,-,851025090,0
77.0,M,f,f,f,f,f,f,f,f,f,f,f,f,f,f,t,0.015,t,10.599999,t,226.0,t,0.65,t,349.0,f,,other,A,851028005,1
25.0,F,f,f,f,f,f,f,f,f,f,f,f,f,f,f,t,468.0,t,0.7,t,21.0,t,1.1,t,19.0,f,,other,F,851028008,1
29.0,F,f,f,f,f,f,f,f,f,f,f,f,f,f,f,t,1.3,t,2.8,t,144.0,t,1.17,t,123.0,f,,other,-,851028010,0
63.0,F,f,f,f,f,f,f,f,f,f,f,f,f,f,t,t,1.2,t,2.4,t,134.0,t,0.92,t,145.0,f,,SVHC,-,851028013,0
34.0,M,f,f,f,f,f,f,f,f,f,f,f,f,f,t,t,2.2,t,2.3,t,99.0,t,0.79,t,125.0,f,,SVHC,-,851028015,0
22.0,F,f,f,f,f,f,f,f,f,f,f,f,f,f,f,t,1.0,t,2.7,t,150.0,t,1.22,t,124.0,f,,SVHC,-,851028016,0
84.0,F,f,f,f,f,f,f,f,f,f,f,f,f,f,t,t,1.4,t,2.5,t,134.0,t,1.12,t,120.0,f,,SVHC,-,851028017,0
31.0,F,f,f,f,f,f,f,f,f,f,f,f,f,f,f,t,1.2,t,2.2,t,103.0,t,0.92,t,112.0,f,,SVI,-,851028019,0
41.0,M,f,f,f,f,f,f,f,f,f,f,f,f,f,f,t,5.6,f,,t,93.0,t,0.84,t,110.0,f,,other,-,851028020,0
60.0,F,t,f,f,f,f,f,f,f,f,f,f,f,f,f,t,0.1,f,,t,150.0,t,0.99,t,151.0,f,,other,-,851028032,0
55.0,F,t,f,f,f,f,f,f,f,f,f,f,f,f,f,t,3.2,t,1.7,t,126.0,t,1.24,t,101.0,f,,other,-,851028034,0
63.0,F,t,f,f,f,f,f,f,f,f,f,f,f,f,f,t,0.025,t,1.6,t,124.0,t,0.89,t,139.0,f,,other,-,851028050,0
35.0,F,f,f,f,f,f,f,f,f,f,f,f,f,f,f,f,,f,,t,96.0,t,0.76,t,127.0,f,,other,-,851028051,0
46.0,F,f,f,f,f,f,f,f,f,f,f,f,f,f,f,t,2.2,f,,t,119.0,t,0.9,t,131.0,f,,other,-,851028052,0
65.0,F,f,f,f,f,f,f,f,f,f,f,f,f,f,f,t,1.5,t,2.2,t,97.0,t,0.87,t,111.0,f,,other,-,851028055,0
75.0,F,f,f,f,f,f,f,f,f,f,f,f,f,f,f,f,,f,,f,,f,,f,,t,24.0,other,-,851028058,0
40.0,F,f,f,f,f,f,f,f,f,f,f,f,f,f,f,t,2.6,t,1.8,t,62.0,t,0.85,t,73.0,f,,other,-,851028059,0
85.0,F,f,f,f,f,f,f,f,f,f,f,f,f,f,f,t,3.3,t,2.3,t,120.0,t,0.96,t,126.0,f,,SVI,-,851028062,0
59.0,F,f,f,f,f,f,f,f,f,f,f,f,f,f,f,t,11.4,f,,t,99.0,t,0.97,t,102.0,f,,other,G,851029001,1
84.0,F,f,f,f,f,f,f,f,f,f,f,f,f,f,f,t,3.5,f,,t,77.0,t,0.74,t,104.0,f,,other,-,851029002,0
71.0,M,f,f,f,f,f,f,f,f,f,f,f,f,f,f,t,1.2,t,2.6,t,105.0,t,1.02,t,103.0,f,,other,-,851029003,0
90.0,F,f,f,f,f,f,f,f,f,f,f,f,f,f,f,t,1.8,t,2.4,t,73.0,t,1.07,t,69.0,f,,other,-,851029005,0
74.0,F,f,f,f,f,f,f,f,f,f,f,f,f,f,f,t,1.8,t,2.6,t,131.0,t,1.18,t,111.0,f,,other,-,851029039,0
72.0,F,f,f,f,f,f,f,f,f,f,f,f,f,f,f,t,0.015,t,2.9,t,198.0,t,0.91,t,217.0,f,,SVHC,A,851029040,1
46.0,M,f,f,f,f,f,f,f,f,f,f,f,f,f,f,t,1.1,t,2.8,t,143.0,t,1.3,t,110.0,f,,SVI,-,851029042,0
65.0,F,f,f,f,f,f,f,f,f,f,f,f,f,f,f,t,3.9,t,1.6,t,103.0,t,1.13,t,91.0,f,,SVI,-,851029043,0
65.0,M,f,f,f,f,f,f,f,f,f,f,f,f,f,f,t,103.0,t,1.3,t,31.0,f,,f,,f,,SVI,F,851029061,1
71.0,F,f,f,f,f,f,f,f,f,f,f,f,f,f,f,t,1.0,t,1.7,t,79.0,t,0.95,t,83.0,f,,other,-,851030002,0
52.0,M,f,f,f,f,f,f,f,f,f,f,f,f,f,f,t,1.8,f,,t,92.0,t,0.87,t,106.0,f,,other,-,851030003,0
54.0,F,f,f,f,f,f,f,f,f,f,f,f,f,f,t,t,0.51,f,,t,118.0,t,1.15,t,103.0,f,,SVHC,-,851030006,0
54.0,F,f,f,f,f,f,f,f,f,f,f,f,f,f,f,t,0.14,t,3.4,t,105.0,f,,f,,f,,other,I,851030007,1
64.0,F,f,f,f,f,f,f,f,f,f,f,f,f,f,f,t,10.0,t,0.8,t,99.0,t,0.97,t,102.0,f,,SVI,GK,851030008,1
4.0,M,f,f,f,f,f,f,f,f,f,f,f,f,f,f,t,0.07,t,3.2,t,246.0,t,1.06,t,232.0,f,,STMW,I,851030017,1
32.0,F,f,f,f,f,f,f,f,f,f,f,f,f,f,f,t,1.1,t,2.2,t,107.0,t,0.94,t,114.0,f,,other,-,851030028,0
63.0,F,f,f,f,f,f,f,f,f,f,f,f,f,f,f,t,0.88,t,2.2,t,101.0,t,1.03,t,97.0,f,,SVI,-,851030029,0
62.0,F,f,f,f,f,f,f,f,f,f,f,f,f,f,f,t,13.0,f,,t,75.0,t,1.35,t,55.0,f,,SVI,F,851030030,1
56.0,M,f,f,f,f,f,f,f,f,f,f,f,f,f,f,t,3.2,t,1.7,t,87.0,t,0.87,t,100.0,f,,SVI,-,851030031,0
72.0,F,f,f,f,f,f,f,f,f,f,f,f,f,f,f,t,0.08,f,,t,133.0,t,0.84,t,158.0,f,,other,-,851030032,0
72.0,F,t,f,f,t,f,f,f,f,f,f,f,f,f,f,t,1.7,f,,t,113.0,t,0.85,t,132.0,f,,other,-,851030039,0
63.0,F,f,f,f,f,f,f,f,f,f,f,f,f,f,f,t,0.67,t,1.8,t,107.0,t,0.85,t,126.0,f,,other,-,851030062,0
59.0,M,t,f,f,f,f,f,f,f,f,f,f,f,f,f,t,0.02,t,2.7,t,117.0,t,0.74,t,157.0,f,,SVI,L,851030069,1
75.0,F,f,f,f,f,f,t,f,f,f,f,f,f,f,f,t,0.83,t,1.9,t,116.0,t,0.99,t,117.0,f,,SVI,-,851031002,0
75.0,,f,f,f,f,f,f,f,f,f,f,f,f,f,f,t,2.3,t,1.6,t,111.0,t,0.77,t,145.0,f,,SVHC,-,851031003,0
30.0,F,f,f,f,f,f,f,f,f,f,f,f,f,f,f,f,,f,,t,90.0,t,0.92,t,98.0,f,,other,-,851031012,0
64.0,F,t,f,f,f,f,f,f,f,f,f,f,f,f,f,t,7.7,f,,t,111.0,t,1.12,t,99.0,f,,other,M,851031013,1
75.0,F,f,f,f,f,f,f,t,f,f,f,f,f,f,f,t,0.31,t,2.2,t,85.0,t,1.19,t,71.0,f,,other,-,851031017,0
47.0,F,f,f,f,f,f,f,f,f,f,f,f,f,f,f,t,0.68,t,1.8,t,104.0,t,0.89,t,117.0,f,,other,-,851031041,0
38.0,F,f,f,f,f,f,f,f,f,f,f,f,f,f,f,t,1.0,t,2.0,t,131.0,t,0.95,t,138.0,f,,SVI,-,851031042,0
61.0,M,f,f,f,f,f,f,f,f,f,f,f,f,f,f,t,2.2,t,1.7,t,79.0,t,0.78,t,101.0,f,,other,-,851031043,0
61.0,M,f,f,f,f,f,f,f,f,f,f,f,f,f,f,t,0.44,f,,t,75.0,t,0.6,t,124.0,f,,SVI,-,851031044,0
41.0,F,f,f,f,f,f,f,f,f,f,f,f,f,f,f,t,1.2,t,2.7,t,113.0,t,1.06,t,107.0,f,,other,-,851031045,0
60.0,F,f,f,f,f,f,f,f,f,f,f,f,f,f,f,t,2.4,f,,f,,f,,f,,f,,other,-,851031050,0
52.0,F,f,f,f,f,f,f,f,f,f,f,f,f,f,f,t,0.03,f,,t,163.0,t,0.95,t,172.0,f,,other,A,851031057,1
52.0,M,f,f,f,f,f,f,f,f,f,f,f,f,f,f,t,9.2,t,2.2,t,72.0,t,1.08,t,66.0,f,,other,G,851031064,1
46.0,F,f,f,f,f,f,f,f,f,t,f,f,f,f,f,t,0.15,t,5.3,t,233.0,t,0.92,t,253.0,f,,other,-,851031066,0
66.0,F,t,f,f,f,f,f,f,f,f,f,f,f,f,f,t,1.1,f,,t,117.0,t,1.08,t,108.0,f,,other,-,851031067,0
42.0,M,f,f,f,f,f,f,f,f,f,f,f,f,f,f,t,1.0,t,2.4,t,128.0,t,1.11,t,115.0,f,,other,-,851031070,0
67.0,F,f,f,f,f,f,f,f,f,f,f,f,f,f,f,t,52.0,t,1.2,t,65.0,t,0.92,t,71.0,f,,SVI,G,851101017,1
16.0,F,f,f,f,f,f,f,f,f,f,f,f,f,f,f,t,3.6,t,2.6,t,94.0,t,0.94,t,100.0,f,,other,-,851101021,0
16.0,,t,f,f,f,f,f,f,f,t,f,f,f,f,f,t,4.9,t,1.8,t,143.0,t,0.97,t,148.0,f,,other,-,851101030,0
30.0,F,f,f,f,f,f,f,f,f,f,f,f,f,f,f,t,5.3,t,2.1,t,92.0,t,1.05,t,88.0,f,,other,-,851101032,0
86.0,F,f,f,f,f,f,f,f,f,f,f,f,f,f,f,t,13.0,f,,t,87.0,t,0.92,t,94.0,f,,other,G,851101035,1
39.0,M,f,f,f,f,f,f,f,f,f,f,f,f,f,f,t,0.55,f,,t,83.0,t,1.04,t,80.0,f,,other,-,851101036,0
19.0,F,f,f,f,f,f,f,f,f,f,f,f,f,f,f,t,1.7,t,1.9,t,100.0,t,1.06,t,93.0,f,,other,-,851101038,0
78.0,F,f,f,f,f,f,f,f,f,f,f,f,f,f,f,t,0.74,t,0.5,t,85.0,t,0.77,t,110.0,f,,SVI,K,851101045,1
68.0,M,f,f,f,t,f,f,f,f,f,f,f,f,f,f,t,6.7,t,1.4,t,101.0,f,,f,,f,,SVI,G,851101046,1
68.0,,t,f,f,f,f,f,f,f,f,f,f,f,f,f,t,1.5,t,0.8,t,98.0,t,0.82,t,119.0,f,,SVI,K,851101047,1
58.0,M,f,f,f,f,f,f,f,f,f,f,t,f,f,f,t,0.8,t,2.2,t,97.0,t,1.1,t,88.0,f,,other,-,851101068,0
77.0,F,f,f,f,f,f,f,f,f,f,f,f,f,f,f,t,0.07,t,0.9,t,61.0,t,0.99,t,61.0,f,,other,-,851101081,0
70.0,F,f,f,f,f,f,f,f,f,f,f,f,f,f,f,t,4.4,t,1.3,t,107.0,t,1.12,t,95.0,f,,other,-,851101083,0
68.0,F,f,f,f,f,f,f,t,f,f,f,f,f,f,f,t,2.6,t,1.8,t,104.0,t,1.1,t,95.0,f,,other,-,851101084,0
69.0,F,f,f,f,f,f,f,f,f,f,f,f,f,f,f,t,0.31,f,,t,118.0,t,0.83,t,142.0,f,,other,-,851101091,0
39.0,F,f,f,f,f,f,f,f,t,t,f,f,f,f,f,t,1.5,t,2.8,t,99.0,t,0.95,t,104.0,f,,other,-,851104003,0
30.0,F,f,f,f,f,f,f,f,f,f,f,f,f,f,f,f,,t,1.6,t,106.0,t,1.4,t,76.0,f,,other,-,851104004,0
42.0,F,f,f,f,f,f,t,f,f,f,f,f,f,f,f,t,0.04,t,1.9,t,117.0,t,0.77,t,153.0,f,,other,-,851104010,0
69.0,F,f,f,f,f,f,f,f,f,f,f,f,f,f,f,t,3.1,f,,t,110.0,t,1.02,t,108.0,f,,other,-,851104013,0
61.0,M,f,f,f,f,f,f,f,f,f,f,f,f,f,f,t,1.2,f,,t,93.0,t,0.94,t,98.0,f,,SVI,-,851104014,0
61.0,,f,f,f,f,f,f,f,f,f,f,f,f,f,f,t,0.29,t,1.5,t,119.0,t,0.9,t,132.0,f,,other,-,851104015,0
58.0,F,t,f,f,f,f,f,f,f,f,f,f,f,f,f,t,1.3,f,,t,88.0,t,0.81,t,109.0,f,,other,-,851104017,0
56.0,F,f,f,f,f,f,f,f,f,t,f,f,f,f,f,t,0.015,t,4.1,t,191.0,t,1.0,t,191.0,f,,other,A,851104018,1
47.0,F,f,f,f,f,f,f,f,f,f,f,f,f,f,f,t,4.4,t,1.6,t,100.0,t,1.01,t,99.0,f,,STMW,-,851104021,0
26.0,F,t,f,f,f,f,f,f,f,f,f,f,f,f,f,t,2.1,f,,t,83.0,t,0.7,t,117.0,f,,other,-,851104027,0
44.0,M,f,f,f,f,f,f,f,f,f,f,f,t,f,f,t,0.015,f,,t,135.0,t,0.82,t,166.0,f,,other,-,851104035,0
37.0,F,f,f,f,f,f,f,t,f,f,f,f,f,f,f,t,25.0,f,,t,71.0,t,1.04,t,68.0,f,,other,G,851104041,1
29.0,F,f,f,f,t,f,f,f,f,f,f,f,f,f,f,t,5.1,f,,t,72.0,t,0.8,t,90.0,f,,other,-,851104050,0
91.0,M,f,f,f,f,f,f,f,f,f,f,f,f,f,f,t,3.4,f,,t,112.0,t,0.99,t,113.0,f,,SVI,-,851104056,0
73.0,M,f,f,f,f,f,f,f,f,f,f,f,f,f,f,t,2.7,t,1.1,t,62.0,t,0.7,t,89.0,f,,SVI,K,851104059,1
73.0,M,f,f,f,f,f,f,f,f,f,f,f,f,f,f,t,1.4,f,,t,87.0,t,0.92,t,95.0,f,,SVI,-,851104060,0
64.0,M,f,f,f,f,f,f,f,f,f,f,f,f,f,f,t,2.6,t,1.7,t,85.0,f,,f,,f,,other,-,851104065,0
45.0,F,f,f,f,f,f,f,f,f,f,f,f,f,f,f,t,2.0,t,1.7,t,93.0,t,0.84,t,111.0,f,,other,-,851105001,0
47.0,M,f,f,f,f,f,f,f,f,f,f,f,f,f,f,t,1.5,t,1.4,t,90.0,t,0.97,t,92.0,f,,SVI,-,851105002,0
65.0,F,f,f,f,f,f,f,f,f,f,f,f,f,f,f,t,3.2,t,1.4,t,84.0,t,0.96,t,88.0,f,,SVI,-,851105003,0
65.0,F,f,f,f,f,f,f,f,t,f,f,f,f,f,f,t,0.36,t,2.4,t,128.0,t,1.01,t,127.0,f,,SVI,-,851105005,0
65.0,F,t,f,f,f,f,f,f,f,f,f,f,f,f,f,t,1.5,t,1.7,t,116.0,t,1.07,t,108.0,f,,other,-,851105006,0
50.0,F,f,f,f,f,f,t,f,f,f,f,f,f,f,f,t,3.0,f,,t,106.0,t,1.07,t,99.0,f,,other,-,851105007,0
63.0,F,f,f,f,f,f,f,f,f,f,f,f,f,f,f,t,3.9,t,1.8,t,103.0,t,0.84,t,124.0,f,,SVHC,-,851105008,0
31.0,F,f,f,f,f,f,f,f,f,f,f,f,f,f,t,t,0.1,t,1.8,t,93.0,f,,f,,f,,SVHC,-,851105009,0
27.0,F,f,f,f,f,f,f,f,f,f,f,f,f,f,f,f,,t,2.2,f,,f,,f,,f,,other,-,851105010,0
8.0,M,f,f,f,f,f,f,f,f,f,f,f,f,f,f,t,1.1,t,2.2,t,77.0,t,0.85,t,91.0,f,,other,-,851105015,0
42.0,F,t,f,f,f,f,f,f,t,f,f,f,f,f,f,t,2.9,f,,t,141.0,t,1.08,t,131.0,f,,other,-,851105030,0
61.0,F,t,f,f,f,f,f,f,f,f,f,f,f,f,f,t,2.6,f,,t,113.0,t,0.82,t,138.0,f,,other,-,851105042,0
61.0,F,f,f,f,f,f,f,f,f,f,f,f,f,f,f,t,0.05,t,2.4,t,128.0,t,1.13,t,114.0,f,,other,-,851105051,0
29.0,F,f,f,f,f,f,f,f,f,f,f,f,f,f,f,f,,f,,f,,f,,f,,t,34.0,other,S,851105054,1
71.0,M,f,f,f,f,f,f,f,f,f,f,f,f,f,f,t,2.3,f,,t,56.0,t,1.12,t,50.0,f,,SVI,K,851105061,1
41.0,M,f,f,f,t,f,f,f,f,f,f,f,f,f,f,t,0.39,t,1.9,t,120.0,t,1.03,t,117.0,f,,SVI,-,851105062,0
71.0,F,f,f,f,f,f,f,f,t,f,f,f,f,f,f,t,9.4,t,1.4,t,77.0,t,0.89,t,87.0,f,,SVI,G,851105063,1
63.0,F,f,f,f,f,f,f,f,f,f,f,f,f,f,f,t,0.005,f,,t,127.0,t,0.92,t,138.0,f,,SVI,-,851105064,0
54.0,M,f,f,f,f,f,f,f,f,t,f,f,f,f,f,t,16.0,t,1.5,t,60.0,t,0.78,t,77.0,f,,SVI,G,851105065,1
54.0,F,f,f,f,f,f,f,f,f,f,f,f,f,f,t,t,3.3,t,0.7,t,76.0,t,0.72,t,105.0,f,,SVHC,K,851105066,1
64.0,F,f,f,f,f,f,f,f,f,f,f,f,t,f,f,t,0.1,f,,t,113.0,t,0.91,t,125.0,f,,other,-,851105068,0
64.0,F,f,f,f,f,f,f,f,f,f,f,f,t,f,f,t,1.5,t,2.3,t,116.0,t,1.08,t,107.0,f,,other,-,851105078,0
64.0,F,f,f,f,f,f,f,f,f,f,f,f,f,f,f,t,3.2,t,1.5,t,106.0,t,0.91,t,117.0,f,,SVI,-,851106002,0
27.0,M,f,f,f,f,f,f,f,f,f,f,f,f,f,f,t,2.9,f,,t,112.0,t,0.95,t,117.0,f,,other,-,851106003,0
27.0,F,f,f,f,f,f,f,f,f,f,f,f,f,f,f,t,3.3,t,1.7,t,92.0,f,,f,,f,,SVHC,-,851106005,0
27.0,F,f,f,f,f,f,f,f,t,f,f,f,f,f,f,t,2.1,f,,t,70.0,t,0.48,t,146.0,f,,other,-,851106006,0
62.0,M,f,f,f,f,f,f,f,f,f,f,f,f,f,f,t,5.0,f,,t,82.0,t,0.81,t,101.0,f,,SVHC,-,851106010,0
66.0,F,f,f,f,f,f,f,f,f,f,f,f,f,f,f,t,1.9,t,1.3,t,109.0,t,1.04,t,105.0,f,,other,-,851106049,0
59.0,,f,f,f,f,f,f,f,f,f,f,f,f,f,f,t,1.5,f,,t,92.0,t,0.93,t,99.0,f,,SVI,-,851106055,0
65.0,,f,f,f,f,f,f,f,f,f,f,f,f,f,f,t,4.3,f,,t,88.0,t,0.72,t,122.0,f,,SVI,-,851106056,0
76.0,M,f,f,f,f,f,f,f,f,f,f,f,f,f,f,t,1.8,t,1.4,t,111.0,t,0.78,t,142.0,f,,SVI,-,851106057,0
63.0,F,f,f,f,f,f,f,f,f,f,f,f,f,f,f,t,2.7,t,0.7,t,41.0,t,0.6,t,69.0,f,,SVI,-,851106058,0
63.0,,f,f,f,f,f,f,f,f,f,f,f,f,f,f,t,0.98,f,,f,,t,0.72,t,118.0,f,,other,-,851106068,0
15.0,F,f,f,f,f,f,f,f,f,f,f,f,f,f,f,t,1.6,t,2.4,t,105.0,t,1.16,t,91.0,f,,other,-,851107001,0
65.0,F,f,f,f,f,f,f,f,t,f,f,f,f,f,f,t,12.0,f,,t,99.0,t,1.14,t,87.0,f,,other,G,851107007,1
75.0,F,f,f,f,f,f,f,f,f,f,f,f,f,f,f,t,1.9,t,1.4,t,107.0,t,0.92,t,116.0,f,,other,-,851107008,0
73.0,F,f,f,f,f,f,f,f,f,f,f,f,f,f,f,t,2.1,f,,t,88.0,t,0.93,t,95.0,f,,other,-,851107009,0
14.0,M,f,f,f,f,f,f,f,f,f,f,f,f,f,f,t,2.9,t,3.1,t,112.0,t,1.06,t,106.0,f,,other,-,851107013,0
27.0,M,f,f,f,f,f,f,f,f,f,f,f,f,f,f,t,2.2,t,1.7,t,89.0,t,0.86,t,104.0,f,,other,-,851107016,0
27.0,F,t,f,f,f,f,f,f,t,t,f,f,f,f,f,f,,t,1.9,f,,f,,f,,f,,other,-,851107020,0
31.0,F,f,f,f,f,f,f,f,f,f,f,f,f,f,f,t,1.0,t,2.2,t,124.0,f,,f,,f,,other,-,851107021,0
31.0,F,f,f,f,t,f,f,f,f,f,f,f,f,f,f,t,3.1,t,1.8,t,120.0,t,1.22,t,99.0,f,,other,-,851107022,0
34.0,F,f,f,f,f,t,f,f,f,t,f,f,f,f,f,t,2.4,t,3.2,t,137.0,t,1.71,t,80.0,f,,other,I,851107026,1
34.0,F,f,f,f,f,f,f,f,f,f,f,f,f,f,f,f,,f,,t,178.0,t,1.0,t,178.0,f,,other,A,851107027,1
42.0,M,f,f,t,f,f,f,f,f,f,f,f,f,f,f,t,1.1,t,1.7,t,79.0,t,0.88,t,90.0,f,,other,-,851107030,0
21.0,M,t,f,f,f,f,f,f,f,f,f,f,f,f,f,f,,f,,t,170.0,t,1.01,t,167.0,f,,other,L,851107039,1
39.0,F,f,f,f,f,f,f,f,t,f,f,f,f,f,f,t,2.2,t,1.9,t,98.0,t,0.88,t,110.0,f,,other,-,851107045,0
70.0,,t,f,f,f,f,f,f,f,t,f,f,f,f,f,t,0.02,t,1.5,t,160.0,t,0.94,t,171.0,f,,other,N,851107047,1
64.0,M,f,f,f,f,f,f,f,f,f,f,f,f,f,f,t,0.1,t,1.0,t,145.0,f,,f,,f,,SVI,K,851107048,1
83.0,F,f,f,f,t,f,f,f,f,f,f,f,f,f,f,t,2.5,f,,t,118.0,t,0.97,t,121.0,f,,other,-,851107051,0
49.0,F,f,f,f,f,f,f,f,f,f,f,f,f,f,f,t,1.1,f,,t,124.0,t,1.15,t,108.0,f,,other,-,851107052,0
49.0,F,f,f,f,f,f,f,f,f,f,f,f,f,f,f,t,1.2,t,1.8,t,109.0,t,1.04,t,104.0,f,,SVI,-,851107053,0
36.0,F,f,f,f,f,f,f,f,f,f,f,f,f,f,f,t,0.24,t,2.4,t,119.0,t,1.1,t,109.0,f,,other,-,851107056,0
63.0,F,f,f,f,f,f,f,f,f,f,f,f,f,f,f,t,3.3,t,0.9,t,82.0,t,1.1,t,75.0,f,,other,-,851107058,0
76.0,F,t,f,f,f,f,f,f,f,f,f,f,f,f,f,t,1.1,t,2.6,t,122.0,t,1.25,t,98.0,f,,other,-,851107060,0
69.0,F,t,t,f,f,f,f,f,f,f,f,f,f,f,f,t,7.1,f,,t,93.0,t,1.1,t,85.0,f,,other,M,851107067,1
69.0,F,f,f,f,f,f,f,f,f,f,f,f,f,f,f,t,1.1,t,1.9,t,135.0,t,0.96,t,141.0,f,,SVI,-,851108025,0
70.0,M,f,f,f,f,f,f,f,f,f,f,f,f,f,f,t,0.43,f,,t,116.0,t,0.78,t,149.0,f,,SVI,-,851108026,0
83.0,,f,f,f,f,f,f,f,f,f,f,f,f,f,f,t,2.9,f,,t,85.0,t,0.65,t,131.0,f,,SVI,-,851108027,0
31.0,F,f,f,f,f,f,f,f,f,f,f,f,f,f,f,t,3.4,f,,t,79.0,t,0.95,t,83.0,f,,other,-,851108032,0
34.0,M,f,f,f,f,f,f,f,f,f,f,f,f,f,f,t,2.1,t,1.7,t,138.0,t,1.03,t,134.0,f,,SVI,-,851108034,0
72.0,F,f,f,f,f,f,f,f,f,f,f,f,f,f,f,t,0.01,t,1.8,t,151.0,t,0.94,t,161.0,f,,SVI,R,851108035,1
60.0,F,f,f,f,f,f,f,f,f,f,f,f,f,f,f,t,6.5,f,,t,45.0,t,0.47,t,96.0,f,,other,-,851108036,0
60.0,F,f,f,f,f,f,f,f,f,f,f,f,f,f,f,t,1.1,f,,t,90.0,t,1.07,t,84.0,f,,other,-,851108038,0
57.0,M,f,f,f,f,f,f,f,f,f,f,f,f,f,f,t,0.43,f,,t,96.0,t,0.88,t,109.0,f,,other,-,851108040,0
57.0,F,f,f,f,f,f,f,f,f,f,f,f,f,f,f,f,,t,2.2,f,,f,,f,,f,,other,-,851108062,0
28.0,F,f,f,f,f,f,f,f,f,t,f,f,f,f,f,t,0.15,f,,t,133.0,t,0.99,t,135.0,f,,other,-,851108076,0
18.0,F,t,f,f,f,f,f,f,f,f,f,f,f,f,f,t,1.1,f,,t,93.0,t,1.04,t,89.0,f,,STMW,-,851108081,0
18.0,M,f,f,f,f,f,f,f,f,f,f,f,f,f,f,f,,f,,t,95.0,t,0.93,t,102.0,f,,other,-,851108084,0
25.0,F,f,f,f,f,f,f,f,f,f,f,f,f,f,f,t,26.4,t,2.3,t,73.0,t,1.09,t,67.0,f,,other,G,851108093,1
83.0,F,f,f,f,f,f,f,f,f,f,f,f,f,f,f,t,4.7,t,1.9,t,89.0,f,,f,,f,,other,-,851111015,0
83.0,F,f,f,f,f,f,f,f,f,f,f,f,f,f,f,t,7.0,f,,t,71.0,t,0.78,t,90.0,f,,other,G,851111016,1
83.0,M,f,f,f,f,f,f,f,f,f,f,f,f,f,f,t,1.6,f,,t,120.0,t,1.29,t,92.0,f,,other,I,851111017,1
83.0,F,f,f,f,f,f,f,f,f,f,f,f,f,f,f,t,2.5,t,1.5,t,91.0,t,0.81,t,113.0,f,,other,-,851111018,0
83.0,F,f,f,f,f,f,f,f,f,f,f,f,f,f,f,t,1.4,f,,t,95.0,t,0.86,t,111.0,f,,other,-,851111019,0
83.0,,f,f,f,f,f,f,f,f,f,f,f,f,f,f,t,19.0,f,,t,148.0,t,1.11,t,134.0,f,,other,G,851111023,1
47.0,M,f,f,f,t,f,f,f,f,f,f,f,f,f,f,t,1.1,f,,t,94.0,t,0.97,t,97.0,f,,SVI,-,851111039,0
60.0,F,f,f,f,f,f,f,f,f,f,f,f,f,f,f,t,1.6,t,2.1,t,112.0,t,0.98,t,114.0,f,,other,-,851111040,0
58.0,M,f,f,f,f,f,f,f,f,f,f,f,f,f,f,t,0.64,t,1.0,t,103.0,f,,f,,f,,SVI,K,851111041,1
58.0,M,f,f,f,f,f,f,f,f,f,f,f,f,f,f,f,,t,1.6,f,,f,,f,,f,,other,-,851111042,0
84.0,F,f,f,f,f,f,f,f,f,f,f,f,t,f,f,t,0.5,t,2.1,t,138.0,t,0.92,t,150.0,f,,SVI,-,851111047,0
37.0,M,f,f,f,f,f,f,f,f,t,f,f,f,f,f,t,0.65,t,1.3,t,136.0,t,1.19,t,115.0,f,,other,-,851111049,0
80.0,F,f,f,t,f,f,f,f,f,f,f,f,f,f,f,t,5.3,t,2.0,t,86.0,t,1.02,t,83.0,f,,other,-,851111050,0
44.0,M,t,f,f,f,f,t,f,f,f,f,f,f,f,f,t,21.0,f,,t,76.0,t,0.9,t,84.0,f,,other,M,851111051,1
65.0,M,f,f,f,f,f,f,f,f,f,f,f,f,f,f,t,1.3,t,2.1,t,111.0,t,0.99,t,112.0,f,,other,-,851111061,0
55.0,M,f,f,f,f,f,f,f,f,f,f,f,f,f,f,t,2.1,t,2.2,t,84.0,t,0.85,t,99.0,f,,other,-,851112002,0
28.0,F,f,f,f,f,f,f,f,f,f,f,f,f,f,f,t,7.1,t,1.7,t,96.0,t,0.89,t,108.0,f,,SVI,G,851112004,1
28.0,F,f,f,f,f,f,f,f,f,f,f,f,f,f,f,t,0.47,t,2.2,t,161.0,t,1.05,t,153.0,f,,SVHC,-,851112005,0
53.0,M,f,f,f,f,f,f,f,f,f,f,f,f,f,t,t,1.7,t,1.9,t,110.0,t,0.73,t,150.0,f,,SVHC,-,851112006,0
44.0,M,t,f,f,f,f,f,f,f,f,f,f,f,f,f,t,0.26,f,,t,127.0,t,1.03,t,124.0,f,,other,-,851112029,0
37.0,F,t,f,f,f,f,f,f,f,f,f,f,f,f,f,t,0.21,f,,t,156.0,t,0.84,t,187.0,f,,other,L,851112032,1
41.0,F,t,f,f,f,f,f,f,f,f,f,f,f,f,f,t,0.02,t,2.0,t,122.0,t,0.94,t,122.0,f,,other,-,851112033,0
42.0,M,f,f,f,f,f,f,f,f,f,f,f,f,f,f,t,2.8,t,1.7,t,105.0,t,1.03,t,101.0,f,,other,-,851112039,0
77.0,F,f,f,f,f,f,f,f,f,f,f,f,f,f,f,t,2.2,t,0.2,t,80.0,t,0.8,t,99.0,f,,SVI,K,851112040,1
57.0,F,f,f,f,f,f,f,f,f,f,f,f,f,f,f,t,1.6,t,2.5,t,103.0,t,1.02,t,101.0,f,,SVI,-,851112043,0
57.0,,f,f,f,f,f,f,f,f,f,f,f,f,f,f,t,0.67,t,2.6,t,79.0,t,0.84,t,93.0,f,,other,-,851112044,0
27.0,F,f,f,f,f,f,f,f,f,f,f,f,f,f,f,t,2.6,t,2.2,t,94.0,t,0.89,t,106.0,f,,SVI,-,851112045,0
72.0,F,f,f,f,f,f,f,f,t,f,f,f,f,f,f,t,1.1,f,,t,131.0,t,0.5,t,265.0,f,,other,-,851112049,0
81.0,M,f,f,f,f,f,f,f,f,f,f,f,f,f,f,f,,t,1.7,t,71.0,t,0.92,t,77.0,f,,other,-,851112051,0
39.0,F,f,f,f,f,f,f,f,f,t,f,f,f,f,f,f,,t,6.6,t,248.0,t,0.89,t,280.0,f,,other,A,851112057,1
49.0,F,f,f,f,f,f,f,f,f,t,f,f,f,f,f,f,,f,,f,,f,,f,,t,27.0,other,-,851113007,0
49.0,M,f,f,f,f,f,f,f,f,f,f,f,f,f,f,t,0.02,f,,t,131.0,t,0.83,t,158.0,f,,other,-,851113016,0
40.0,M,f,f,f,f,f,f,f,f,f,f,f,t,f,f,t,1.1,t,2.8,t,107.0,t,1.09,t,99.0,f,,other,-,851113029,0
28.0,F,f,f,f,f,f,f,f,f,f,f,f,f,f,f,t,1.3,t,1.4,t,120.0,t,0.82,t,146.0,f,,SVI,-,851113030,0
57.0,M,f,f,f,f,f,f,f,f,f,f,f,f,f,f,t,0.62,t,2.4,t,118.0,t,1.12,t,106.0,f,,SVI,-,851113031,0
65.0,F,f,f,f,f,f,f,f,f,f,f,f,f,f,f,t,55.0,t,0.7,t,15.0,t,1.08,t,14.0,f,,SVI,F,851113032,1
28.0,F,f,f,f,f,f,f,f,f,f,f,f,f,f,f,t,1.2,f,,t,166.0,t,1.46,t,115.0,f,,other,I,851113033,1
34.0,M,f,f,f,f,f,f,f,f,f,f,f,f,f,f,t,4.0,t,1.8,t,135.0,t,1.0,t,134.0,f,,SVI,-,851113034,0
30.0,F,f,f,f,f,f,f,f,f,f,f,f,f,f,f,t,1.9,f,,t,98.0,t,0.99,t,99.0,f,,other,-,851113036,0
44.0,F,f,f,f,f,f,f,f,f,f,f,f,f,f,f,t,2.3,f,,t,88.0,t,1.05,t,83.0,f,,other,-,851113045,0
73.0,F,f,f,f,f,f,f,f,f,t,f,f,f,f,f,t,2.5,t,2.0,t,134.0,t,1.17,t,115.0,f,,SVHD,-,851113046,0
69.0,F,f,f,f,f,f,f,f,f,f,f,f,f,f,f,t,0.69,t,1.6,t,89.0,t,0.96,t,93.0,f,,other,-,851113047,0
72.0,M,f,f,f,f,f,f,f,f,f,f,f,f,f,f,t,2.3,t,1.2,t,77.0,t,0.85,t,91.0,f,,SVI,-,851113048,0
65.0,F,f,f,f,f,f,f,f,f,t,f,f,f,f,f,t,0.32,t,2.7,t,96.0,t,1.4,t,69.0,f,,other,-,851113049,0
36.0,F,t,f,f,f,f,f,f,t,f,f,f,f,f,f,t,0.05,t,2.2,t,162.0,t,1.15,t,140.0,f,,other,-,851113053,0
47.0,F,f,f,f,t,f,f,f,f,f,f,f,f,f,f,t,1.7,t,1.7,t,91.0,t,0.96,t,94.0,f,,SVHD,-,851113058,0
48.0,F,f,f,f,f,f,f,f,f,f,f,f,f,f,f,t,1.8,t,2.7,t,124.0,t,1.2,t,104.0,f,,SVI,-,851113059,0
27.0,M,f,f,f,f,f,f,f,f,f,f,f,f,f,f,t,2.3,t,1.9,t,94.0,t,1.05,t,89.0,f,,other,-,851113066,0
55.0,F,f,f,f,f,f,f,f,f,t,f,f,f,f,f,t,4.5,t,1.7,t,91.0,t,1.09,t,84.0,f,,other,-,851113072,0
61.0,M,f,f,f,f,f,f,f,f,f,f,f,f,f,f,t,1.2,t,2.3,t,143.0,t,1.02,t,141.0,f,,SVHC,-,851114004,0
23.0,M,f,f,f,f,f,f,f,f,f,f,f,f,f,t,t,0.66,t,2.3,t,114.0,t,0.88,t,129.0,f,,SVHC,-,851114005,0
73.0,M,f,f,f,f,f,f,f,f,f,f,f,f,f,f,t,2.1,t,1.9,t,118.0,t,0.9,t,131.0,f,,SVI,-,851114007,0
68.0,F,f,f,f,f,f,f,f,f,f,f,f,f,f,f,t,1.2,f,,t,125.0,t,1.11,t,113.0,f,,SVI,-,851114011,0
71.0,F,t,f,f,f,f,f,f,f,f,f,f,f,f,f,t,0.5,t,2.2,t,198.0,t,1.23,t,160.0,f,,other,L,851114013,1
24.0,F,t,f,f,f,f,f,f,f,f,f,f,f,f,f,t,0.09,f,,t,126.0,t,0.86,t,146.0,f,,other,-,851114014,0
14.0,M,f,f,f,f,f,f,f,f,f,f,f,f,f,f,t,3.8,t,2.5,t,80.0,t,0.89,t,90.0,f,,other,-,851114015,0
31.0,F,t,f,f,f,t,f,f,f,t,f,f,f,f,f,t,0.44,t,1.5,t,75.0,t,0.92,t,81.0,f,,STMW,-,851114023,0
43.0,,t,f,f,f,f,f,f,f,f,f,f,f,f,f,t,6.6,t,1.4,t,137.0,t,1.12,t,123.0,f,,other,M,851114024,1
22.0,F,f,f,f,f,f,f,f,f,f,f,f,f,f,f,t,2.6,t,1.1,t,102.0,t,0.81,t,125.0,f,,other,-,851114028,0
32.0,F,t,f,f,f,t,f,f,f,f,f,f,f,f,f,t,0.05,t,3.9,t,289.0,t,1.75,t,165.0,f,,other,I,851114029,1
22.0,F,f,f,t,f,f,f,f,f,f,f,f,f,f,f,t,1.3,t,1.8,t,118.0,t,0.96,t,123.0,f,,other,-,851114030,0
42.0,F,t,f,f,f,f,f,f,f,f,f,f,f,f,f,t,0.02,t,2.6,t,203.0,t,1.01,t,200.0,f,,other,N,851114051,1
27.0,F,f,f,f,f,f,f,f,f,f,f,f,f,f,f,t,2.6,f,,t,112.0,t,1.15,t,97.0,f,,other,-,851114052,0
81.0,F,f,f,f,f,f,f,f,f,f,f,f,f,f,f,t,1.4,t,1.0,t,92.0,t,0.99,t,93.0,f,,other,K,851114053,1
40.0,F,f,f,f,f,f,f,f,f,f,f,f,t,f,f,t,12.0,t,2.1,t,81.0,t,1.09,t,74.0,f,,other,G,851114055,1
49.0,F,t,f,f,f,f,f,f,f,f,f,f,f,f,f,t,0.93,f,,t,74.0,t,0.87,t,85.0,f,,other,-,851114058,0
71.0,F,t,f,f,f,f,f,f,f,f,f,f,f,f,f,t,0.03,f,,t,175.0,t,1.04,t,168.0,f,,other,L,851114059,1
39.0,F,t,f,f,f,f,f,f,f,f,f,f,f,f,f,t,0.06,t,2.4,t,148.0,t,1.07,t,138.0,f,,other,-,851114062,0
39.0,F,f,f,f,f,f,f,f,f,t,f,f,f,f,f,t,1.2,t,2.0,t,102.0,t,0.93,t,110.0,f,,other,-,851114066,0
64.0,F,t,f,f,f,f,f,f,f,f,f,f,f,f,f,t,0.07,t,1.9,t,112.0,t,0.94,t,119.0,f,,other,-,851114068,0
52.0,M,f,t,f,f,f,f,f,f,f,f,f,f,f,f,f,,f,,t,98.0,t,0.71,t,138.0,f,,other,-,851114070,0
53.0,M,t,f,f,f,f,t,f,f,f,f,f,f,f,f,t,0.08,f,,t,127.0,t,0.9,t,141.0,f,,other,-,851114071,0
47.0,M,f,t,f,f,f,f,f,f,f,f,f,f,f,f,t,0.02,t,1.2,t,72.0,t,0.82,t,88.0,f,,other,-,851114072,0
13.0,M,f,f,f,f,f,f,f,f,f,f,f,f,f,f,f,,t,2.1,t,82.0,t,0.88,t,93.0,f,,other,-,851114077,0
81.0,F,f,f,f,f,f,f,f,f,f,f,f,f,f,t,t,1.8,t,1.8,t,148.0,t,1.19,t,125.0,f,,SVHC,-,851115008,0
74.0,F,f,f,f,t,f,f,f,f,f,f,f,f,f,f,t,5.4,t,1.4,t,109.0,t,0.83,t,131.0,f,,SVI,-,851115009,0
55.0,M,f,f,f,f,f,f,f,f,f,f,f,f,f,f,t,2.0,t,1.2,t,95.0,t,0.98,t,96.0,f,,SVI,-,851115010,0
55.0,F,f,f,f,f,f,f,f,f,f,f,f,f,f,f,t,0.9,t,1.6,t,126.0,t,0.93,t,135.0,f,,other,-,851115011,0
29.0,F,f,f,f,f,f,f,f,f,f,f,f,f,f,f,t,2.1,t,2.2,t,101.0,t,0.79,t,129.0,f,,other,-,851115019,0
29.0,F,f,f,f,f,f,f,f,f,f,f,f,f,f,f,t,7.0,f,,t,112.0,t,1.08,t,103.0,f,,other,G,851115020,1
22.0,F,f,f,f,f,f,f,f,f,f,f,f,f,f,t,t,2.7,t,2.4,t,157.0,t,1.2,t,131.0,f,,SVHC,-,851115021,0
28.0,F,f,f,f,f,f,f,f,f,f,f,f,f,f,t,t,0.36,t,3.0,t,131.0,t,1.04,t,126.0,f,,SVHC,-,851115022,0
64.0,F,f,f,f,f,f,f,f,t,f,f,f,f,f,f,t,0.82,f,,t,125.0,t,1.01,t,124.0,f,,other,-,851115023,0
52.0,M,f,f,f,f,f,f,f,f,f,f,f,f,f,f,t,4.5,f,,t,75.0,t,0.84,t,89.0,f,,SVI,-,851115024,0
52.0,M,f,f,f,f,f,f,f,t,f,f,f,f,f,f,t,1.3,t,2.0,t,102.0,f,,f,,f,,other,-,851115045,0
49.0,M,f,f,f,f,f,f,f,f,f,f,f,f,f,f,f,,f,,t,87.0,t,1.2,t,73.0,f,,other,-,851115052,0
63.0,M,f,f,f,f,f,f,f,f,f,f,f,f,f,f,t,0.75,t,1.4,t,112.0,t,0.86,t,130.0,f,,SVHC,-,851118001,0
70.0,M,f,f,f,f,f,f,f,f,f,f,f,f,f,f,t,3.6,t,1.0,t,60.0,t,0.88,t,68.0,f,,SVI,K,851118003,1
65.0,F,f,f,f,f,f,f,f,f,f,f,f,f,f,f,t,2.2,t,1.9,t,101.0,t,0.99,t,102.0,f,,SVI,-,851118006,0
72.0,,f,f,f,f,f,f,f,f,f,f,f,f,f,f,t,4.1,t,1.6,t,94.0,t,0.92,t,102.0,f,,other,-,851118007,0
42.0,M,f,f,f,f,f,f,f,f,f,f,f,f,f,f,t,0.2,t,1.9,t,151.0,t,0.98,t,154.0,f,,SVHC,-,851118008,0
74.0,,f,f,f,f,f,f,f,f,f,f,f,f,f,f,t,22.0,t,1.2,t,71.0,t,1.11,t,64.0,f,,SVI,F,851118009,1
51.0,F,f,f,f,f,f,f,f,f,f,f,f,f,f,f,t,0.04,t,3.7,t,169.0,t,1.14,t,148.0,f,,SVI,I,851118010,1
24.0,F,f,f,f,f,f,f,f,f,f,f,f,f,f,f,t,0.4,f,,t,142.0,t,1.2,t,118.0,f,,other,-,851118043,0
68.0,F,f,f,f,f,f,f,f,f,f,f,f,f,f,f,t,4.8,t,2.0,t,87.0,t,0.95,t,91.0,f,,other,-,851118048,0
65.0,F,f,f,f,f,f,f,f,f,f,f,f,f,f,f,t,0.035,f,,t,113.0,t,0.85,t,133.0,f,,other,-,851118050,0
25.0,M,f,f,f,f,f,f,f,f,f,f,f,f,f,f,t,236.0,t,0.2,t,16.0,t,0.94,t,17.0,f,,other,F,851118051,1
45.0,F,f,f,f,f,f,f,f,f,f,f,f,f,f,f,t,0.08,t,4.8,t,257.0,t,1.2,t,214.0,f,,other,I,851118059,1
51.0,F,f,f,f,f,f,f,f,f,f,f,f,f,f,f,t,2.1,t,2.2,f,,f,,t,95.0,f,,other,-,851118077,0
53.0,F,f,f,f,f,f,f,f,f,f,f,f,f,f,f,t,0.05,t,4.3,t,184.0,t,1.19,t,155.0,f,,other,I,851119001,1
63.0,M,f,f,f,f,f,f,f,f,f,f,f,f,f,f,t,33.0,t,1.5,t,128.0,f,,f,,f,,other,G,851119021,1
42.0,F,f,f,f,f,f,f,f,f,f,f,f,f,f,f,f,,f,,t,101.0,t,1.09,t,93.0,f,,other,-,851119032,0
54.0,F,f,f,f,f,f,f,f,f,f,f,f,f,f,f,t,1.8,t,1.8,t,94.0,t,1.0,t,94.0,f,,other,-,851119033,0
30.0,F,f,f,f,f,f,f,f,f,f,f,f,f,f,f,t,0.76,t,3.4,t,129.0,t,1.53,t,84.0,f,,STMW,I,851119042,1
40.0,M,f,f,f,f,f,f,f,f,f,f,f,f,f,f,f,,f,,t,63.0,t,0.88,t,72.0,f,,other,-,851119044,0
40.0,,f,f,f,f,f,f,f,f,f,f,f,f,f,f,t,2.1,t,0.6,t,79.0,t,0.91,t,87.0,f,,other,-,851119056,0
40.0,,f,f,f,f,f,f,f,f,f,f,f,f,f,f,t,34.0,t,1.7,t,78.0,t,0.9,t,87.0,f,,other,G,851119058,1
57.0,M,f,f,f,f,f,f,f,f,f,f,f,f,f,f,f,,f,,t,99.0,t,0.99,t,100.0,f,,other,-,851119061,0
60.0,F,t,f,f,f,f,f,f,f,f,f,f,f,f,f,t,0.02,t,1.6,t,155.0,t,0.72,t,216.0,f,,other,N,851119067,1
60.0,F,f,f,f,f,f,f,f,f,f,f,f,f,f,f,f,,t,2.2,f,,f,,f,,f,,other,-,851119093,0
75.0,F,f,f,f,f,f,f,f,f,f,f,f,f,f,f,t,6.7,t,2.1,t,160.0,t,1.21,t,132.0,f,,other,I,851119095,1
58.0,F,f,f,f,f,f,f,f,f,f,f,f,f,f,f,t,0.26,t,2.7,t,120.0,t,1.27,t,95.0,f,,other,-,851119096,0
55.0,F,f,f,f,t,f,f,f,f,f,f,f,f,f,f,t,0.99,t,1.3,t,93.0,t,0.86,t,108.0,f,,SVI,-,851120002,0
12.0,F,f,f,f,t,f,f,f,f,f,f,f,f,f,f,t,2.4,f,,t,166.0,t,1.2,t,138.0,f,,other,I,851120003,1
70.0,F,f,f,f,f,f,f,f,f,f,f,f,f,f,f,t,2.4,f,,t,101.0,t,0.9,t,113.0,f,,other,-,851120005,0
68.0,F,t,f,f,f,f,f,f,f,f,f,f,f,f,f,t,0.47,f,,t,117.0,t,1.02,t,115.0,f,,other,-,851120006,0
28.0,F,f,f,f,f,f,f,f,f,f,f,f,f,f,f,t,6.1,t,2.2,t,136.0,t,1.24,t,110.0,f,,other,G,851120028,1
60.0,F,t,f,f,f,f,f,f,f,f,f,f,f,f,f,t,0.035,t,2.3,t,160.0,t,1.05,t,151.0,f,,other,-,851120030,0
62.0,M,f,f,f,f,f,f,f,f,f,f,f,f,f,f,t,0.72,t,0.5,t,78.0,t,0.95,t,82.0,f,,SVI,K,851120037,1
63.0,F,t,f,f,f,f,f,f,f,f,f,f,f,f,f,t,0.02,f,,t,166.0,t,0.97,t,170.0,f,,other,L,851120039,1
34.0,F,f,f,t,f,f,f,f,f,t,f,f,f,f,f,t,27.0,t,4.4,t,273.0,t,1.22,t,222.0,f,,STMW,D,851120041,1
77.0,F,f,f,f,f,f,f,f,f,f,f,f,f,f,f,t,1.6,t,1.5,t,117.0,t,0.86,t,136.0,f,,SVI,-,851120042,0
74.0,F,t,f,f,f,f,f,f,f,f,f,f,f,f,f,t,1.5,f,,t,175.0,t,1.15,t,153.0,f,,other,-,851120048,0
80.0,F,t,f,f,f,f,f,f,f,f,f,f,f,f,f,t,7.9,t,1.5,t,106.0,t,0.94,t,113.0,f,,other,M,851120049,1
53.0,F,t,f,f,f,f,f,f,f,f,f,f,f,f,f,t,0.07,f,,t,171.0,t,1.06,t,162.0,f,,other,L,851120050,1
59.0,F,f,f,f,f,f,f,f,f,f,f,f,f,f,f,t,2.8,t,1.7,t,97.0,t,0.91,t,107.0,f,,SVI,-,851120054,0
59.0,F,f,f,f,t,f,f,f,f,f,f,f,f,f,f,t,1.7,t,1.2,t,101.0,t,0.9,t,112.0,f,,other,-,851120058,0
65.0,M,f,f,f,f,f,f,f,f,f,f,f,f,f,f,t,0.4,t,1.0,t,154.0,t,1.03,t,149.0,f,,other,-,851120059,0
23.0,F,f,f,f,f,f,f,f,f,f,f,f,f,f,f,t,1.6,t,1.4,t,76.0,t,0.83,t,91.0,f,,SVI,-,851120068,0
79.0,M,f,f,t,f,f,f,f,f,f,f,f,f,f,f,t,0.02,t,2.4,t,99.0,t,0.73,t,135.0,f,,other,-,851120069,0
79.0,F,f,f,f,f,f,f,f,f,f,f,f,f,f,f,t,6.8,f,,t,144.0,t,1.29,t,111.0,f,,other,G,851120070,1
79.0,F,f,f,f,f,f,f,f,f,f,f,f,f,f,f,t,143.0,t,0.7,t,73.0,t,1.01,t,72.0,f,,other,GK,851120076,1
25.0,F,f,f,f,f,t,f,f,f,f,f,f,t,f,f,f,,t,2.2,t,113.0,t,1.08,t,105.0,f,,STMW,-,851120078,0
45.0,M,f,f,f,f,f,f,f,f,f,f,f,f,f,t,t,0.75,t,2.3,t,119.0,t,0.94,t,126.0,f,,other,-,851120082,0
37.0,F,f,f,f,f,f,f,f,f,f,f,f,f,f,f,t,2.4,t,2.7,t,155.0,t,1.43,t,109.0,f,,SVHC,-,851120083,0
23.0,F,f,f,f,f,f,f,f,f,t,t,f,f,f,f,t,7.9,t,2.2,t,104.0,t,1.07,t,97.0,f,,SVHC,G,851120084,1
23.0,M,f,f,f,f,f,f,f,f,f,f,f,f,f,f,t,1.3,t,1.8,t,122.0,t,1.1,t,111.0,f,,other,-,851120085,0
70.0,F,f,f,f,f,f,f,f,f,f,f,f,f,f,f,t,1.2,f,,t,131.0,t,0.95,t,137.0,f,,other,-,851120086,0
47.0,F,f,f,f,f,f,f,f,f,f,t,f,f,f,f,t,2.2,t,2.0,t,108.0,t,1.08,t,100.0,f,,SVHC,-,851120087,0
44.0,M,f,f,f,t,f,f,f,f,f,f,f,f,f,f,t,2.0,t,1.3,t,136.0,t,0.94,t,145.0,f,,SVHD,-,851120088,0
31.0,F,f,f,f,f,f,f,f,f,f,f,f,f,f,f,t,3.0,t,2.1,t,86.0,t,0.99,t,86.0,f,,STMW,-,851121009,0
31.0,M,t,f,f,f,f,t,f,f,f,f,f,f,f,f,t,1.6,f,,t,111.0,t,1.0,t,111.0,f,,other,-,851121011,0
75.0,M,f,f,f,t,f,f,f,f,f,f,f,f,f,f,t,0.02,f,,t,150.0,t,0.88,t,171.0,f,,SVHD,A,851121018,1
72.0,F,f,f,f,f,f,f,f,f,f,f,f,f,f,f,t,0.005,t,2.1,t,98.0,t,0.9,t,109.0,f,,SVHC,-,851121019,0
63.0,F,f,f,f,f,f,f,f,f,f,f,f,f,f,f,t,0.63,t,2.3,t,139.0,t,1.11,t,125.0,f,,other,-,851121020,0
27.0,F,f,f,f,f,f,f,f,f,f,f,f,f,f,f,t,0.02,t,5.3,t,272.0,t,0.97,t,281.0,f,,other,A,851121021,1
77.0,F,f,f,f,f,f,f,f,f,t,f,f,f,f,f,t,1.3,t,1.8,t,104.0,t,1.04,t,100.0,f,,other,-,851121029,0
47.0,M,f,f,f,f,f,f,f,f,f,f,f,f,f,f,t,1.3,f,,t,98.0,t,1.14,t,86.0,f,,SVI,-,851121031,0
46.0,M,f,f,f,f,f,f,f,f,t,f,f,f,f,f,t,0.02,t,4.5,t,156.0,t,0.76,t,205.0,f,,other,A,851121044,1
42.0,M,f,f,t,f,f,f,f,f,t,f,f,f,f,f,t,0.67,t,1.9,t,74.0,t,0.79,t,93.0,f,,other,-,851121046,0
50.0,M,f,f,f,f,f,f,f,f,t,f,f,f,f,f,t,13.0,t,1.3,t,86.0,t,0.87,t,99.0,f,,other,G,851121047,1
19.0,F,f,f,f,f,f,f,f,f,f,f,f,f,f,f,t,1.6,t,1.6,t,94.0,t,1.06,t,89.0,f,,other,-,851121048,0
19.0,M,t,f,f,f,f,f,f,f,f,f,f,f,f,f,t,0.005,t,2.0,t,147.0,t,0.9,t,163.0,f,,other,L,851121051,1
49.0,F,f,f,f,f,f,f,f,f,f,f,f,f,f,f,f,,f,,f,,f,,f,,t,32.0,other,S,851121053,1
53.0,F,t,f,f,f,f,f,f,f,f,f,f,f,f,f,t,0.32,f,,t,145.0,t,0.96,t,152.0,f,,other,-,851121060,0
28.0,M,f,f,f,f,f,f,f,f,f,f,f,f,f,f,t,4.2,t,1.5,t,83.0,f,,f,,f,,other,-,851121063,0
28.0,F,f,f,f,f,f,f,f,f,f,f,f,f,f,f,t,3.4,t,1.9,t,86.0,f,,f,,f,,other,-,851121066,0
60.0,F,t,f,f,f,f,f,f,f,f,f,f,f,f,f,t,0.81,f,,t,192.0,t,1.44,t,134.0,f,,other,-,851121067,0
19.0,F,f,f,f,f,f,f,f,t,f,f,f,f,f,f,t,3.7,t,1.1,t,126.0,t,0.91,t,138.0,f,,SVI,K,851121075,1
32.0,F,t,f,f,f,f,f,f,f,f,f,f,f,f,f,t,0.005,t,2.9,t,138.0,t,1.15,t,120.0,f,,other,-,851121081,0
53.0,F,f,f,f,t,f,f,f,f,f,f,f,f,f,f,t,2.4,t,3.7,t,172.0,t,1.67,t,103.0,f,,other,I,851121083,1
64.0,F,t,f,f,f,f,f,f,f,f,f,f,f,f,f,t,1.2,t,2.3,t,177.0,t,1.51,t,117.0,f,,other,-,851121086,0
19.0,M,f,f,f,f,f,f,f,f,f,f,f,f,f,f,t,2.3,t,2.3,t,82.0,t,0.88,t,92.0,f,,other,-,851122002,0
21.0,F,t,f,f,f,f,f,f,f,f,f,f,f,f,t,t,1.2,t,1.6,t,99.0,t,0.87,t,114.0,f,,SVHC,-,851122007,0
35.0,M,f,f,f,f,f,f,f,f,f,f,f,f,f,f,t,2.5,f,,t,139.0,t,1.13,t,123.0,f,,other,-,851122008,0
69.0,F,f,f,f,f,f,f,f,f,f,f,f,f,f,f,f,,t,2.1,t,113.0,t,0.88,t,128.0,f,,SVI,-,851122035,0
44.0,M,f,f,f,f,f,f,f,f,f,f,f,f,f,f,t,11.0,t,0.8,t,86.0,t,0.66,t,130.0,f,,SVI,GK,851122036,1
76.0,F,t,f,f,f,f,f,f,f,f,f,f,f,f,f,t,3.6,t,0.5,t,57.0,f,,f,,f,,other,M,851122037,1
76.0,M,t,f,f,f,f,f,f,t,f,f,f,f,f,f,t,1.2,t,2.1,t,81.0,t,0.94,t,86.0,f,,other,-,851122049,0
18.0,F,t,f,f,f,f,f,f,f,f,f,f,f,f,f,t,478.0,f,,t,45.0,t,1.3,t,34.0,f,,other,F,851122052,1
51.0,F,f,f,f,f,f,f,f,f,f,f,f,f,f,f,t,0.02,t,3.3,t,200.0,t,1.0,t,200.0,f,,SVI,A,851122058,1
26.0,F,f,f,f,f,f,f,f,f,f,f,f,f,f,f,t,1.3,f,,t,98.0,t,1.04,t,95.0,f,,other,-,851125001,0
36.0,F,f,f,f,f,f,f,f,t,f,f,f,f,f,f,t,2.3,f,,t,125.0,t,0.93,t,135.0,f,,other,-,851125002,0
23.0,F,f,f,f,f,f,f,f,f,f,f,f,t,f,f,t,4.6,f,,t,157.0,t,1.71,t,92.0,f,,STMW,I,851125004,1
61.0,F,f,f,f,f,f,f,f,f,f,f,f,f,f,f,t,3.6,f,,t,129.0,t,1.14,t,114.0,f,,STMW,-,851125005,0
30.0,F,f,f,f,f,f,f,f,f,f,f,f,f,f,f,t,5.0,t,2.4,t,99.0,t,1.07,t,93.0,f,,other,-,851125009,0
55.0,F,f,f,f,f,f,f,f,f,f,f,f,f,f,f,t,9.299999,t,1.9,t,85.0,t,1.07,t,80.0,f,,SVHC,G,851125010,1
42.0,F,f,f,f,f,f,f,f,f,f,f,f,f,f,f,t,2.5,t,2.1,t,121.0,t,1.12,t,108.0,f,,SVI,-,851125012,0
45.0,F,f,f,f,f,f,f,f,f,f,t,f,f,f,t,t,1.6,t,1.8,t,89.0,t,0.8,t,112.0,f,,SVHC,-,851125013,0
89.0,F,f,f,f,f,f,f,f,f,f,f,f,f,f,f,t,2.5,t,1.8,t,86.0,t,1.04,t,83.0,f,,other,-,851125014,0
54.0,F,f,f,f,f,f,f,f,f,f,f,f,f,f,f,t,0.52,f,,t,96.0,t,0.69,t,140.0,f,,SVI,-,851125015,0
26.0,M,f,f,f,f,f,f,f,f,f,f,f,f,f,f,t,1.9,t,2.9,t,94.0,t,1.15,t,82.0,f,,SVHC,-,851125016,0
26.0,F,f,f,f,f,f,f,f,f,f,f,f,f,f,f,t,2.7,t,2.8,t,96.0,t,0.82,t,118.0,f,,other,-,851125017,0
75.0,M,f,f,f,f,f,f,f,t,f,f,f,f,f,f,t,1.8,t,2.0,t,102.0,t,0.83,t,124.0,f,,other,-,851125021,0
43.0,F,f,f,f,f,f,f,f,f,f,f,f,f,f,f,t,2.0,t,2.6,t,87.0,t,1.13,t,78.0,f,,other,-,851125029,0
70.0,F,f,f,f,f,f,f,f,f,f,f,f,f,f,f,t,3.6,t,1.9,t,114.0,f,,f,,f,,SVI,-,851125034,0
36.0,,f,f,f,f,f,f,f,f,f,f,f,f,f,f,t,1.9,f,,t,59.0,t,0.59,t,99.0,f,,SVHC,J,851125046,1
35.0,F,f,f,f,f,f,f,f,f,f,f,f,f,f,f,t,2.7,t,1.7,t,101.0,f,,f,,f,,other,-,851125052,0
41.0,F,f,f,f,f,f,f,f,f,f,f,f,f,f,f,t,3.6,t,2.3,t,114.0,f,,f,,f,,other,-,851125061,0
54.0,M,f,f,f,f,f,f,f,f,f,f,f,f,f,f,t,3.3,f,,t,147.0,t,1.07,t,138.0,f,,other,-,851126002,0
45.0,F,f,f,f,f,f,f,f,f,f,f,f,f,f,f,t,0.94,t,2.4,t,80.0,t,1.06,t,76.0,f,,other,-,851126003,0
41.0,F,f,f,f,f,f,f,f,f,f,f,f,f,f,t,t,2.0,t,2.5,t,109.0,t,1.03,t,105.0,f,,SVHC,-,851126004,0
41.0,F,t,f,f,f,f,f,f,t,f,f,f,f,f,f,t,2.8,f,,t,149.0,t,1.0,t,148.0,f,,other,-,851126008,0
53.0,F,f,f,f,f,f,f,f,f,f,f,f,t,f,f,t,0.005,f,,t,103.0,t,1.08,t,95.0,f,,SVI,-,851126018,0
52.0,M,t,t,f,f,f,f,f,f,f,f,f,f,f,f,f,,f,,t,99.0,t,0.92,t,107.0,f,,other,-,851126019,0
74.0,M,f,f,f,f,f,f,f,t,f,f,f,f,f,f,t,1.4,f,,t,123.0,t,1.57,t,79.0,f,,other,I,851126020,1
63.0,F,f,f,f,f,f,f,t,f,f,f,f,f,f,f,t,42.0,t,1.6,t,60.0,t,0.93,t,64.0,f,,other,F,851126026,1
88.0,F,f,f,f,f,f,f,f,f,f,f,f,f,f,f,t,2.9,f,,t,78.0,t,0.78,t,100.0,f,,other,-,851126028,0
38.0,F,f,f,f,f,f,f,f,f,f,f,f,f,f,f,t,0.61,t,1.7,t,107.0,t,0.81,t,132.0,f,,SVI,-,851126031,0
38.0,,f,f,f,f,f,f,f,f,f,f,f,f,f,f,t,1.4,t,1.5,t,95.0,t,0.91,t,104.0,f,,SVI,-,851126034,0
33.0,F,f,f,f,f,f,f,f,f,f,f,f,f,f,f,t,6.9,f,,t,85.0,t,0.89,t,95.0,f,,other,G,851126035,1
68.0,F,f,f,f,f,f,f,f,f,f,f,f,f,f,t,t,1.4,t,1.8,t,120.0,t,1.09,t,110.0,f,,SVHC,-,851126042,0
23.0,M,f,f,f,f,f,f,f,f,f,f,f,f,f,f,t,0.78,t,2.0,t,102.0,t,0.97,t,106.0,f,,SVHC,-,851126045,0
60.0,F,f,f,f,f,f,f,f,f,f,f,f,f,f,f,t,0.55,f,,t,180.0,t,1.05,t,172.0,f,,other,R,851126073,1
60.0,F,f,f,f,f,f,f,f,f,f,f,f,f,f,f,t,1.4,t,1.7,t,103.0,t,0.89,t,116.0,f,,SVI,-,851126079,0
46.0,M,f,f,f,f,f,f,f,f,f,f,f,f,f,t,t,0.98,t,2.5,t,120.0,t,1.06,t,113.0,f,,SVHC,-,851126081,0
79.0,F,f,f,f,f,f,f,f,f,f,f,f,f,f,t,t,1.4,t,1.6,t,110.0,t,0.85,t,129.0,f,,SVHC,-,851126082,0
74.0,M,f,f,f,f,f,f,f,f,f,f,f,f,f,f,t,2.9,t,1.6,t,90.0,t,0.79,t,114.0,f,,other,-,851127010,0
74.0,F,f,f,f,f,f,f,f,f,f,f,f,f,f,f,t,4.8,t,2.5,t,66.0,t,0.89,t,75.0,f,,other,-,851127024,0
66.0,M,f,f,f,f,f,f,f,f,f,f,f,f,f,f,t,2.0,f,,t,134.0,t,0.98,t,137.0,f,,SVI,-,851127025,0
17.0,F,f,f,f,f,f,f,f,f,f,f,f,f,f,f,t,1.1,f,,t,154.0,t,1.34,t,115.0,f,,SVI,-,851127027,0
17.0,F,f,f,f,f,f,f,f,f,f,f,f,f,f,f,t,1.6,t,1.1,t,52.0,t,0.36,t,145.0,f,,other,J,851127028,1
14.0,F,f,f,f,f,f,f,f,f,f,f,f,f,f,f,t,1.9,t,3.0,t,128.0,t,1.11,t,116.0,f,,other,I,851127029,1
31.0,F,f,f,f,f,f,f,f,f,f,f,f,f,f,f,t,2.2,t,2.5,t,85.0,t,0.81,t,105.0,f,,SVI,-,851127030,0
45.0,F,f,f,f,f,f,f,f,f,f,f,f,f,f,f,t,3.2,t,2.0,t,73.0,t,0.74,t,99.0,f,,other,-,851127032,0
56.0,M,f,f,f,f,f,f,f,f,f,f,f,f,f,f,t,0.66,t,1.7,t,114.0,t,0.89,t,128.0,f,,SVI,-,851127033,0
61.0,F,f,t,f,f,f,f,f,f,f,f,f,f,f,f,f,,f,,t,63.0,t,0.71,t,89.0,f,,other,-,851127036,0
41.0,F,f,f,f,f,f,f,f,f,f,f,f,f,f,t,t,0.82,t,1.4,t,129.0,t,0.88,t,147.0,f,,SVHC,-,851127037,0
68.0,F,f,f,f,f,f,f,f,f,f,f,f,f,f,f,t,0.92,f,,t,98.0,t,0.79,t,125.0,f,,other,-,851127038,0
59.0,F,f,f,f,f,f,f,f,f,t,f,f,f,f,f,f,,t,2.1,t,98.0,t,0.9,t,108.0,f,,other,-,851127041,0
57.0,F,f,f,f,f,f,f,f,f,f,f,f,f,f,f,t,1.8,t,3.0,t,106.0,t,1.12,t,96.0,f,,other,-,851127061,0
63.0,F,f,f,f,f,f,f,f,t,f,f,f,f,f,f,t,6.5,t,0.7,t,86.0,t,0.72,t,120.0,f,,SVI,GK,851127064,1
74.0,M,t,f,t,f,f,f,f,t,t,f,f,f,f,f,t,5.2,f,,f,,f,,f,,f,,other,-,851127070,0
65.0,F,t,f,f,f,f,f,f,f,f,f,f,f,f,f,t,0.03,t,1.9,t,139.0,t,0.84,t,165.0,f,,other,L,851127079,1
61.0,F,t,f,f,f,f,f,f,f,f,f,f,f,f,f,t,0.03,t,1.8,t,145.0,t,1.04,t,140.0,f,,SVHD,-,851127082,0
38.0,F,f,f,f,f,f,f,f,f,f,f,t,f,f,f,t,0.88,t,1.6,t,108.0,t,0.85,t,127.0,f,,SVI,-,851127083,0
94.0,F,f,f,f,f,f,f,f,f,f,f,f,f,f,f,t,3.9,f,,t,157.0,t,1.02,t,154.0,f,,SVI,-,851127084,0
50.0,F,f,f,t,f,f,f,f,f,t,f,f,f,f,f,t,0.03,t,3.4,t,131.0,t,1.02,t,129.0,f,,other,B,851127088,1
18.0,F,t,f,f,f,f,f,f,f,f,f,f,f,f,f,t,0.03,f,,t,183.0,t,1.3,t,141.0,f,,other,-,851127090,0
18.0,M,t,f,f,f,f,f,t,t,t,f,f,f,f,f,t,25.0,t,1.1,t,136.0,t,0.96,t,143.0,f,,other,MK,851127095,1
22.0,F,f,f,f,f,f,f,f,f,t,f,f,f,f,f,t,2.3,t,3.6,t,148.0,t,1.42,t,104.0,f,,other,-,851127096,0
53.0,F,f,f,f,f,f,f,f,f,t,f,f,f,f,f,t,0.03,t,5.4,t,162.0,t,0.73,t,222.0,f,,other,A,851127101,1
38.0,F,f,f,f,t,f,f,f,f,f,f,f,f,f,f,t,2.2,f,,t,93.0,t,1.15,t,81.0,f,,other,-,851127104,0
69.0,M,f,f,f,f,f,f,f,t,f,f,f,f,f,f,t,1.3,t,1.9,t,101.0,f,,f,,f,,other,-,851128006,0
29.0,M,f,f,f,f,f,f,f,t,f,f,f,f,f,f,t,2.3,t,1.9,t,100.0,t,0.93,t,107.0,f,,other,-,851128007,0
35.0,F,f,f,f,f,f,f,f,f,f,f,f,f,f,t,t,0.4,f,,t,135.0,t,0.84,t,160.0,f,,SVHC,-,851128009,0
39.0,M,f,f,f,f,f,f,f,f,f,f,f,f,f,t,t,1.5,f,,t,93.0,t,0.75,t,125.0,f,,SVHC,-,851128010,0
43.0,M,f,f,f,f,f,f,f,f,f,f,f,f,f,t,t,3.9,t,1.5,t,58.0,t,0.59,t,99.0,f,,SVHC,J,851128014,1
73.0,F,t,f,f,f,f,f,f,t,f,f,f,f,f,f,t,0.03,t,1.7,t,127.0,t,0.89,t,143.0,f,,other,-,851128024,0
63.0,F,f,f,f,f,f,f,f,f,f,f,f,f,f,f,t,0.03,t,5.5,t,199.0,t,1.05,t,190.0,f,,other,A,851128030,1
41.0,F,f,f,f,f,f,f,t,f,f,f,f,f,f,f,t,5.1,t,1.8,t,91.0,t,1.12,t,82.0,f,,other,-,851128032,0
64.0,F,t,f,f,f,f,f,t,t,f,f,f,f,f,f,t,0.73,t,2.0,t,152.0,t,1.15,t,131.0,f,,other,-,851128033,0
67.0,F,t,f,f,f,f,f,f,f,f,f,f,f,f,f,t,0.03,f,,t,152.0,t,0.99,t,153.0,f,,other,-,851128034,0
29.0,M,t,f,f,f,f,f,f,f,f,f,f,f,f,f,t,0.33,t,2.2,t,142.0,t,0.93,t,153.0,f,,other,-,851128035,0
35.0,F,f,f,f,f,f,t,f,f,f,f,f,f,f,f,t,0.14,t,1.9,t,73.0,t,1.16,t,63.0,t,37.0,other,-,851128040,0
66.0,M,f,f,f,f,f,f,f,f,f,f,f,f,f,f,t,2.3,f,,t,78.0,t,1.02,t,77.0,f,,SVI,-,851128050,0
62.0,F,f,f,f,f,f,f,f,f,f,f,f,f,f,f,t,1.7,f,,t,97.0,t,0.86,t,112.0,f,,other,-,851128051,0
60.0,F,f,f,f,f,f,f,f,f,f,f,f,f,f,f,t,1.7,t,1.6,t,130.0,t,1.05,t,123.0,f,,SVI,-,851128052,0
57.0,F,f,f,f,f,f,f,f,f,f,f,f,f,f,f,t,2.2,f,,t,100.0,t,1.0,t,100.0,f,,other,-,851128058,0
36.0,F,f,f,f,f,f,f,f,f,f,f,f,t,f,f,t,1.3,t,2.1,t,81.0,t,0.9,t,90.0,f,,other,-,851128068,0
57.0,M,t,f,f,f,f,f,f,f,f,f,f,f,f,f,t,0.62,t,1.5,t,74.0,t,0.78,t,96.0,f,,other,-,851128071,0
54.0,F,t,f,f,f,f,f,f,t,f,f,f,f,f,f,t,0.58,t,2.6,t,100.0,t,1.01,t,99.0,f,,other,-,851128072,0
51.0,F,f,f,f,f,f,f,f,f,f,f,f,t,f,f,t,5.8,f,,t,261.0,t,2.32,t,113.0,f,,other,I,851128075,1
72.0,F,f,f,f,f,f,f,f,f,f,f,f,f,f,f,t,0.34,t,1.4,t,100.0,t,0.8,t,124.0,f,,SVHC,-,851128076,0
83.0,M,f,f,f,f,f,f,f,f,f,f,f,f,f,f,t,2.3,t,0.9,t,56.0,t,0.67,t,84.0,f,,SVHC,K,851128077,1
26.0,M,f,f,f,f,f,f,f,f,f,f,f,f,f,f,t,0.17,t,0.9,t,122.0,f,,f,,f,,SVI,K,851128078,1
58.0,F,f,f,f,f,f,f,f,f,f,t,f,f,f,f,t,3.0,f,,t,115.0,t,1.07,t,107.0,f,,SVI,-,851128079,0
72.0,M,f,f,f,f,f,f,f,f,f,f,f,f,f,f,f,,f,,t,108.0,t,1.02,t,106.0,f,,SVI,-,851128081,0
38.0,F,f,f,f,f,f,f,f,f,f,f,f,f,f,f,t,44.0,t,1.7,t,59.0,t,1.04,t,57.0,f,,other,F,851128084,1
38.0,F,t,f,f,f,f,f,f,f,f,f,f,f,f,f,t,0.93,t,1.6,t,131.0,t,1.3,t,101.0,f,,other,-,851128085,0
38.0,F,f,f,f,f,f,f,f,f,f,f,f,f,f,f,t,1.5,t,2.1,t,109.0,t,1.02,t,107.0,f,,other,-,851128088,0
37.0,F,f,f,f,f,f,f,f,t,f,f,f,f,f,f,t,1.6,t,2.2,t,104.0,t,0.99,t,105.0,f,,other,-,851128089,0
20.0,F,f,f,f,f,f,f,f,f,f,f,f,f,f,f,t,1.3,t,1.7,t,104.0,t,0.96,t,108.0,f,,other,-,851128092,0
53.0,F,f,f,f,f,f,f,f,f,f,f,f,t,f,f,f,,t,2.8,f,,f,,f,,f,,SVI,-,851129012,0
56.0,F,t,f,f,f,f,f,f,f,f,f,f,f,f,f,t,0.38,f,,t,105.0,t,0.9,t,116.0,f,,other,-,851129014,0
68.0,F,f,f,f,f,f,f,f,f,f,f,f,f,f,f,t,1.2,f,,t,95.0,t,1.02,t,93.0,f,,other,-,851129027,0
29.0,F,f,f,f,f,f,f,f,f,f,f,f,f,f,f,t,0.31,f,,t,146.0,t,1.04,t,141.0,f,,other,-,851129029,0
48.0,M,f,f,f,f,f,f,f,f,f,f,f,f,f,f,f,,t,2.4,t,130.0,t,1.24,t,105.0,f,,other,-,851129030,0
58.0,F,f,f,f,t,f,f,f,f,f,f,f,f,f,f,t,0.98,f,,t,99.0,t,1.08,t,92.0,f,,other,-,851129034,0
69.0,F,f,f,f,f,f,f,f,f,f,f,f,f,f,f,t,0.005,t,1.7,t,116.0,f,,f,,f,,SVI,-,851129058,0
40.0,F,f,f,f,f,f,f,f,f,f,f,f,f,f,f,f,,f,,f,,f,,f,,t,31.0,other,S,851129061,1
20.0,,f,f,f,f,f,f,f,f,f,f,f,f,f,f,t,1.6,t,1.4,t,96.0,f,,f,,f,,SVI,-,851129062,0
16.0,,f,f,f,f,f,f,f,f,f,f,f,f,f,f,t,3.1,t,1.1,t,96.0,t,0.87,t,111.0,f,,SVI,K,851129063,1
60.0,M,f,f,f,f,f,f,f,f,f,f,f,f,f,f,t,5.2,f,,t,88.0,t,0.95,t,92.0,f,,SVI,-,851129064,0
83.0,M,f,f,f,f,f,f,f,f,f,f,f,f,f,f,t,2.3,f,,t,100.0,t,0.82,t,122.0,f,,SVI,-,851129065,0
38.0,M,f,f,f,f,f,f,f,f,f,f,f,f,f,f,t,3.0,t,1.7,t,84.0,t,0.99,t,85.0,f,,SVI,-,851129066,0
38.0,M,f,f,f,f,f,f,f,f,f,f,f,f,f,f,t,1.7,f,,f,,f,,f,,f,,other,-,851129077,0
38.0,M,f,f,f,f,f,f,f,f,f,f,f,f,f,f,f,,f,,t,78.0,t,0.87,t,90.0,f,,other,-,851129078,0
61.0,F,f,f,f,f,f,f,f,f,f,f,f,f,f,f,t,0.35,t,1.4,t,108.0,t,1.02,t,105.0,f,,SVI,-,851129080,0
30.0,F,f,f,f,f,f,f,f,f,f,f,f,f,f,f,t,1.8,t,2.1,t,116.0,t,1.05,t,110.0,f,,STMW,-,851202004,0
2.0,F,f,f,f,f,f,f,f,t,f,f,f,f,f,f,t,4.2,t,2.1,t,152.0,t,0.93,t,163.0,f,,STMW,R,851202005,1
47.0,M,f,f,f,f,f,f,f,f,f,f,f,f,f,f,t,2.6,t,1.7,t,66.0,t,0.75,t,88.0,f,,other,-,851202010,0
21.0,F,t,f,f,f,f,f,f,f,f,f,t,f,f,t,t,1.3,t,1.9,t,112.0,t,1.06,t,106.0,f,,SVHC,-,851202011,0
21.0,,f,f,f,f,f,f,f,f,f,f,f,f,f,f,t,3.1,t,3.1,t,164.0,t,0.81,t,201.0,f,,other,I,851202017,1
21.0,,f,f,f,f,f,f,f,f,f,f,f,f,f,f,f,,f,,t,90.0,t,0.98,t,92.0,f,,other,-,851202019,0
21.0,,f,f,f,f,f,f,f,f,f,f,f,f,f,f,f,,t,1.8,t,163.0,t,1.05,t,155.0,f,,other,-,851202020,0
35.0,M,f,f,f,f,f,f,f,f,f,f,f,f,f,f,t,0.46,f,,t,77.0,t,0.67,t,115.0,f,,other,-,851202021,0
37.0,F,f,f,f,f,f,t,f,f,t,f,f,t,f,f,t,0.57,t,2.6,t,159.0,t,1.39,t,114.0,f,,SVI,-,851202022,0
66.0,M,f,f,f,f,f,f,f,t,f,f,f,f,f,f,t,0.045,t,0.3,t,72.0,t,0.61,t,119.0,f,,SVI,K,851202024,1
37.0,M,f,f,f,f,f,f,f,f,f,f,f,f,f,f,t,12.0,f,,t,68.0,t,0.62,t,111.0,f,,other,G,851202025,1
60.0,F,f,f,f,f,f,f,f,f,f,f,f,f,f,f,t,1.4,f,,t,100.0,t,0.83,t,121.0,f,,other,-,851202030,0
19.0,M,f,f,f,f,f,f,f,f,f,f,f,f,f,f,t,58.0,f,,t,74.0,t,0.9,t,82.0,f,,other,G,851202035,1
67.0,F,t,f,f,f,f,f,f,f,f,f,f,f,f,f,t,0.035,f,,t,124.0,t,1.04,t,119.0,f,,other,-,851202037,0
59.0,F,f,f,f,f,f,f,f,f,f,f,f,f,f,f,t,0.09,t,1.3,t,80.0,t,1.02,t,79.0,f,,other,-,851202039,0
30.0,M,f,f,f,f,f,f,f,f,f,f,f,f,f,f,t,1.1,t,3.1,t,119.0,t,1.08,t,109.0,f,,other,-,851202044,0
21.0,F,f,f,f,f,f,f,f,f,f,f,f,f,f,f,t,1.5,t,2.0,t,76.0,t,1.03,t,73.0,f,,other,-,851202056,0
21.0,F,f,f,f,f,f,f,f,f,f,f,f,f,f,f,t,5.1,f,,t,87.0,t,0.89,t,98.0,f,,other,-,851202059,0
41.0,F,f,f,f,f,f,f,f,f,f,f,f,f,f,f,t,2.8,t,1.6,t,75.0,t,0.76,t,99.0,f,,other,-,851202060,0
41.0,F,f,f,f,f,f,f,f,f,f,f,f,f,f,f,f,,t,2.0,t,99.0,t,0.96,t,104.0,f,,other,-,851202062,0
69.0,F,f,f,f,f,f,f,f,f,f,f,f,f,f,f,t,26.0,t,2.0,t,89.0,t,1.5,t,59.0,f,,other,F,851202067,1
50.0,F,f,f,f,f,f,f,f,f,f,f,f,f,f,f,t,0.17,t,1.7,t,120.0,t,0.98,t,122.0,f,,other,-,851202070,0
75.0,F,t,f,f,f,f,f,f,f,f,f,f,f,f,f,t,0.12,f,,t,109.0,t,0.85,t,128.0,f,,other,-,851202074,0
30.0,F,f,f,f,f,f,f,f,t,f,f,f,f,f,f,t,2.6,t,1.7,t,82.0,t,1.03,t,79.0,f,,other,-,851202075,0
33.0,F,t,f,f,f,f,f,f,f,f,f,f,f,f,f,t,0.045,f,,t,112.0,t,0.83,t,134.0,f,,other,-,851202089,0
62.0,M,f,f,f,t,f,f,f,t,f,f,f,f,f,t,t,13.0,t,0.8,t,83.0,t,0.81,t,103.0,f,,SVHC,GK,851202090,1
55.0,F,f,f,f,f,f,f,f,f,t,f,f,f,f,f,t,0.035,t,4.4,t,195.0,t,0.82,t,237.0,f,,other,A,851203009,1
62.0,F,f,f,f,f,f,f,f,f,f,f,f,f,f,f,t,0.76,f,,t,105.0,t,0.85,t,124.0,f,,other,-,851203017,0
62.0,F,f,f,f,f,f,f,f,f,f,f,f,f,f,f,t,1.9,f,,t,68.0,t,0.64,t,106.0,f,,other,-,851203018,0
62.0,,f,f,f,f,f,f,f,f,f,f,f,f,f,f,t,1.3,t,1.5,t,96.0,t,0.88,t,109.0,f,,SVHC,-,851203020,0
86.0,,f,f,f,f,f,f,f,f,f,f,f,f,f,f,t,2.0,f,,t,131.0,t,1.01,t,131.0,f,,other,-,851203021,0
36.0,F,f,f,f,f,f,f,f,f,f,f,f,f,f,f,f,,f,,t,81.0,t,0.85,t,95.0,f,,other,-,851203031,0
72.0,F,f,f,f,t,f,f,f,f,f,f,f,f,f,f,t,5.8,t,1.4,t,107.0,t,1.07,t,100.0,f,,SVI,-,851203035,0
72.0,,f,f,f,f,f,f,f,f,f,f,f,f,f,f,t,1.4,f,,t,113.0,t,0.97,t,117.0,f,,other,-,851203036,0
41.0,F,f,f,f,f,f,f,f,f,f,f,f,f,f,f,f,,f,,f,,f,,f,,t,24.0,other,-,851203042,0
61.0,F,f,f,f,f,f,f,f,f,f,f,f,f,f,f,f,,f,,t,91.0,t,0.71,t,128.0,f,,other,-,851203045,0
50.0,F,t,f,f,f,f,f,f,f,f,f,f,f,f,f,t,0.66,f,,t,127.0,t,0.97,t,131.0,f,,other,-,851203052,0
63.0,F,f,f,f,f,f,f,f,f,f,f,f,f,f,f,t,70.0,f,,t,63.0,t,1.19,t,53.0,f,,other,F,851203070,1
45.0,F,f,f,f,f,f,f,f,f,f,f,f,f,f,f,f,,f,,t,57.0,t,0.85,t,65.0,f,,SVI,-,851203071,0
19.0,F,f,f,f,f,t,f,f,f,f,f,f,t,f,f,t,0.45,t,3.2,t,130.0,t,1.83,t,71.0,f,,STMW,C|I,851204001,1
19.0,F,f,f,f,f,f,f,f,f,f,f,f,f,f,f,t,5.0,t,2.2,t,115.0,t,1.02,t,114.0,f,,other,-,851204005,0
52.0,F,f,f,f,f,f,f,f,f,f,f,f,f,f,f,t,0.45,t,2.1,t,107.0,t,0.9,t,119.0,f,,other,-,851204006,0
39.0,F,f,f,f,f,f,f,f,f,f,f,f,f,f,f,t,2.1,f,,f,,f,,f,,f,,other,-,851204010,0
69.0,F,t,f,f,f,f,f,f,f,f,f,f,f,f,f,t,0.1,t,2.1,t,188.0,t,0.97,t,194.0,f,,other,L,851204015,1
36.0,F,f,f,f,f,f,f,f,f,f,f,f,f,f,f,t,1.9,f,,t,123.0,t,1.16,t,107.0,f,,other,-,851204019,0
36.0,F,f,f,f,f,f,f,f,f,f,f,f,f,f,f,t,0.59,t,1.5,t,116.0,t,0.93,t,124.0,f,,other,-,851204024,0
67.0,F,f,f,f,f,f,f,f,f,f,f,f,f,f,f,t,1.3,t,1.4,t,113.0,t,0.85,t,132.0,f,,other,-,851204043,0
78.0,F,f,f,f,f,f,f,f,f,f,f,f,f,f,f,t,2.9,t,2.2,t,129.0,t,0.97,t,133.0,f,,SVI,-,851204044,0
78.0,F,t,f,f,f,f,f,f,t,f,f,f,f,f,f,t,0.015,t,2.1,t,214.0,t,0.87,t,245.0,f,,other,N,851204045,1
77.0,F,f,f,f,t,f,f,f,t,f,f,f,f,f,f,t,3.5,t,0.8,t,68.0,t,0.97,t,70.0,f,,SVI,K,851204046,1
76.0,M,f,f,f,f,f,f,f,f,f,f,f,f,f,f,t,0.69,t,2.3,t,138.0,t,1.04,t,133.0,f,,SVI,-,851204047,0
70.0,M,f,f,f,f,f,f,f,f,f,f,f,f,f,f,t,3.0,t,1.3,t,105.0,t,0.94,t,112.0,f,,SVI,-,851204048,0
44.0,M,f,f,f,f,f,f,f,f,f,f,t,f,f,f,t,0.89,f,,t,40.0,t,0.96,t,42.0,f,,SVI,K,851204059,1
44.0,M,f,f,f,f,f,f,f,f,f,f,f,f,f,f,t,1.9,t,2.2,t,103.0,t,1.2,t,86.0,f,,other,-,851204067,0
47.0,F,f,f,f,f,f,f,f,f,t,f,f,f,f,f,t,2.1,f,,t,117.0,t,1.09,t,107.0,f,,other,-,851205001,0
37.0,F,f,f,f,f,f,f,f,f,f,f,f,f,f,f,t,55.0,t,0.9,t,45.0,t,1.04,t,43.0,f,,other,F,851205002,1
35.0,F,f,f,f,f,f,f,f,f,f,f,f,f,f,f,f,,f,,f,,f,,f,,t,54.0,other,S,851205005,1
55.0,M,f,f,f,f,f,f,f,f,f,f,f,f,f,t,t,0.57,t,1.4,t,75.0,t,0.72,t,104.0,f,,SVHC,-,851205007,0
55.0,F,t,f,f,f,f,f,f,f,f,f,f,f,f,f,t,0.015,t,1.9,t,115.0,t,0.77,t,149.0,f,,other,-,851205008,0
55.0,,f,f,f,f,f,f,f,t,f,f,f,f,f,t,t,0.59,f,,t,118.0,t,1.03,t,114.0,f,,SVHC,-,851205010,0
55.0,,f,f,f,f,f,f,f,f,f,f,f,f,f,t,f,,f,,t,89.0,t,0.96,t,93.0,f,,SVHC,-,851205011,0
55.0,M,f,f,f,f,f,f,f,f,f,f,f,f,f,f,t,1.9,f,,t,128.0,t,0.98,t,131.0,f,,other,-,851205012,0
46.0,F,f,f,f,f,f,f,f,f,f,f,f,f,f,f,t,0.015,t,2.0,t,93.0,t,0.97,t,96.0,f,,other,-,851205016,0
52.0,F,t,f,f,f,f,f,f,f,f,f,f,f,f,f,t,44.0,t,2.5,t,66.0,t,1.22,t,54.0,f,,other,F,851205018,1
83.0,F,t,f,f,f,f,f,f,f,f,f,f,f,f,f,t,0.77,t,1.44,t,123.0,t,0.99,t,124.0,f,,other,-,851205019,0
70.0,M,t,f,f,f,f,f,t,f,f,f,f,f,f,f,t,2.3,t,1.2,t,107.0,t,1.01,t,105.0,f,,other,-,851205020,0
39.0,F,f,f,f,f,f,f,f,f,t,f,f,f,f,f,t,0.015,t,1.5,t,84.0,t,0.99,t,85.0,f,,other,-,851205021,0
29.0,F,f,f,f,f,f,f,f,f,f,f,f,f,f,f,t,0.84,t,1.5,t,100.0,t,0.74,t,135.0,f,,other,-,851205022,0
30.0,F,f,f,f,f,f,f,f,f,f,f,f,f,f,f,t,0.42,t,1.8,t,120.0,t,0.94,t,128.0,f,,other,-,851205030,0
65.0,M,t,f,f,f,f,f,f,f,f,f,f,f,f,f,f,,f,,t,99.0,t,0.53,t,188.0,f,,other,N,851205031,1
52.0,M,f,f,f,f,f,f,t,f,f,f,f,f,f,f,t,1.2,t,1.7,t,92.0,t,0.76,t,121.0,f,,other,-,851205032,0
47.0,F,f,f,f,f,f,f,f,f,t,f,f,f,f,f,t,0.04,t,2.0,t,104.0,t,0.87,t,120.0,f,,other,-,851205033,0
29.0,F,f,f,f,f,f,f,f,f,f,f,f,f,f,f,f,,f,,f,,f,,f,,t,18.0,other,-,851205036,0
35.0,M,t,f,f,f,f,f,f,f,f,f,f,f,f,f,t,0.44,t,1.8,t,94.0,t,0.86,t,110.0,f,,other,-,851205042,0
60.0,F,t,f,f,f,f,f,f,f,f,f,f,f,f,f,t,3.7,t,1.9,t,115.0,t,1.07,t,107.0,f,,other,-,851205044,0
33.0,,f,f,f,f,f,f,f,f,t,f,f,f,f,f,t,0.015,t,5.0,t,244.0,t,0.67,t,362.0,f,,other,A,851205046,1
72.0,F,t,f,f,f,f,f,f,f,f,f,f,f,f,f,t,2.9,t,1.2,t,174.0,f,,f,,f,,other,L,851205047,1
65.0,M,t,f,f,f,f,f,f,f,f,f,f,f,f,f,t,12.0,t,1.2,t,118.0,t,0.9,t,130.0,f,,other,M,851205048,1
78.0,M,t,f,f,f,f,f,f,f,f,f,f,f,f,f,t,8.2,f,,f,,f,,f,,f,,other,M,851205054,1
16.0,M,f,f,f,f,f,f,f,f,f,f,f,f,f,f,t,4.5,f,,f,,f,,f,,f,,other,-,851205062,0
51.0,F,t,f,f,f,f,f,f,f,f,f,f,f,f,f,t,0.1,f,,t,130.0,t,0.86,t,151.0,f,,other,-,851205067,0
46.0,M,t,f,f,f,f,t,f,t,f,f,f,f,f,f,t,1.4,t,2.2,t,122.0,t,1.03,t,119.0,f,,other,-,851205081,0
55.0,M,f,f,f,t,f,f,f,f,f,f,f,f,f,f,t,0.98,f,,t,107.0,t,0.99,t,107.0,f,,other,-,851205082,0
54.0,F,f,f,f,t,f,f,f,f,f,f,f,f,f,f,t,0.9,f,,t,113.0,t,0.9,t,125.0,f,,other,-,851205083,0
75.0,M,f,f,f,f,f,f,f,f,f,f,f,f,f,f,t,2.0,f,,t,74.0,t,1.05,t,70.0,f,,other,-,851205085,0
80.0,F,f,f,f,f,f,f,f,f,f,f,f,f,f,f,t,1.1,t,1.3,t,118.0,t,1.12,t,105.0,f,,other,-,851205087,0
34.0,F,f,f,f,f,f,f,f,f,t,f,f,f,f,f,t,19.0,t,3.9,t,146.0,t,1.16,t,125.0,f,,other,GI,851205089,1
55.0,F,f,f,f,f,f,f,f,f,f,f,f,f,f,f,t,0.015,t,1.8,t,180.0,t,0.82,t,219.0,f,,other,AK,851205090,1
18.0,F,f,f,f,f,f,f,f,t,f,f,f,f,f,f,t,1.1,f,,t,147.0,t,0.95,t,154.0,f,,STMW,-,851206009,0
41.0,F,t,f,f,f,f,f,f,f,f,f,f,f,f,f,t,15.0,t,1.7,t,119.0,t,0.99,t,120.0,f,,other,M,851206035,1
63.0,F,f,f,f,f,f,f,f,f,f,f,f,f,f,f,t,2.9,f,,t,95.0,t,1.08,t,88.0,f,,SVI,-,851206036,0
55.0,M,f,f,f,f,f,f,f,f,f,f,f,f,f,f,t,1.3,f,,t,72.0,t,0.75,t,96.0,f,,other,-,851206044,0
47.0,F,f,f,f,f,f,f,f,f,f,f,f,f,f,f,t,2.0,f,,t,114.0,t,0.89,t,129.0,f,,other,-,851206046,0
46.0,F,f,f,f,f,f,f,f,f,f,f,f,f,f,f,t,4.6,t,1.2,t,48.0,t,0.89,t,54.0,f,,other,H|K,851206051,1
58.0,M,f,f,f,f,f,f,f,f,f,f,f,f,f,f,t,3.7,t,1.6,t,76.0,t,0.81,t,95.0,f,,other,-,851209003,0
50.0,M,f,f,f,f,f,f,f,f,f,f,f,f,f,t,t,0.82,t,2.1,t,124.0,t,1.03,t,121.0,f,,other,-,851209006,0
50.0,M,f,f,f,f,f,f,f,f,f,f,f,f,f,f,t,0.67,t,2.6,t,85.0,t,0.89,t,96.0,f,,SVHC,-,851209007,0
29.0,F,f,f,f,f,f,f,f,f,f,f,f,f,f,f,t,1.1,t,3.8,t,161.0,t,1.74,t,93.0,f,,STMW,I,851209016,1
42.0,F,f,f,f,f,f,f,f,f,t,f,f,f,f,f,f,,t,1.1,t,93.0,t,0.78,t,119.0,f,,other,-,851209017,0
48.0,F,f,f,f,f,f,f,f,f,f,f,f,f,f,f,t,2.3,t,0.9,t,105.0,t,0.61,t,173.0,f,,SVI,-,851209018,0
58.0,F,f,f,f,f,f,f,f,f,t,f,f,f,f,f,t,1.1,t,2.3,t,60.0,t,0.89,t,68.0,f,,other,-,851209024,0
29.0,F,t,f,f,f,f,f,f,f,f,f,f,f,f,f,t,15.0,f,,t,113.0,t,1.13,t,100.0,f,,other,M,851209025,1
29.0,,f,f,f,f,f,f,f,f,f,f,f,f,f,f,t,1.0,t,1.2,t,84.0,t,0.67,t,125.0,f,,other,-,851209036,0
36.0,F,f,f,f,f,f,f,f,f,f,f,f,f,f,f,t,1.9,t,1.0,t,77.0,t,0.86,t,90.0,f,,other,-,851209039,0
37.0,F,f,f,f,f,f,f,f,f,f,f,f,f,f,f,t,1.6,f,,t,67.0,t,0.71,t,95.0,f,,other,-,851209040,0
37.0,M,f,f,f,f,f,f,f,f,f,f,f,f,f,f,t,1.5,t,1.8,t,109.0,t,0.97,t,112.0,f,,other,-,851209041,0
53.0,F,f,f,f,f,f,f,f,f,f,f,f,f,f,f,t,60.0,t,0.3,t,13.0,t,0.99,t,13.0,f,,other,F,851209043,1
57.0,F,f,f,f,f,f,f,f,f,t,f,f,f,f,f,t,2.6,t,0.7,t,115.0,f,,f,,f,,SVI,K,851209044,1
59.0,M,f,f,f,f,f,f,f,t,f,f,f,f,f,f,t,5.5,t,0.7,t,77.0,t,0.74,t,104.0,f,,SVI,K,851209045,1
73.0,F,f,f,f,f,f,f,t,f,f,f,f,f,f,f,t,0.005,f,,t,102.0,t,0.89,t,115.0,f,,other,-,851209046,0
47.0,F,f,f,f,f,f,f,t,f,f,f,f,f,f,f,t,3.4,t,2.2,t,102.0,t,1.02,t,101.0,f,,other,-,851209052,0
21.0,F,f,f,f,f,f,f,f,f,f,f,t,f,f,f,f,,f,,t,132.0,t,0.87,t,152.0,f,,other,-,851209053,0
34.0,F,t,f,f,f,f,f,f,f,f,f,f,f,f,f,t,0.005,f,,t,166.0,t,0.96,t,174.0,f,,other,N,851209054,1
31.0,F,t,f,f,f,f,f,f,t,f,f,f,f,f,f,t,5.0,f,,t,141.0,t,1.09,t,130.0,f,,other,-,851209060,0
60.0,F,f,f,f,f,f,f,f,f,f,f,f,f,f,f,t,0.005,f,,t,103.0,t,0.65,t,158.0,f,,other,-,851210022,0
26.0,M,f,f,f,f,f,f,f,f,f,f,f,f,f,f,t,2.6,t,2.0,t,111.0,t,0.8,t,138.0,f,,other,-,851210023,0
56.0,F,f,f,f,f,f,f,f,f,f,f,f,f,f,f,f,,t,3.9,t,141.0,t,1.12,t,126.0,f,,other,B,851210038,1
56.0,,f,f,f,f,f,f,f,f,f,f,f,f,f,f,f,,f,,f,,f,,f,,t,51.0,other,S,851210040,1
51.0,M,f,f,f,f,f,f,f,f,f,f,f,f,f,f,t,1.0,t,2.2,t,95.0,t,0.96,t,100.0,f,,SVHC,-,851210046,0
51.0,F,f,f,f,f,f,f,f,f,f,f,f,f,f,f,t,4.1,f,,t,85.0,t,0.92,t,92.0,f,,other,-,851210047,0
46.0,M,f,f,f,f,f,f,f,f,f,f,f,f,f,f,t,0.6,f,,t,98.0,t,0.94,t,104.0,f,,other,-,851210053,0
76.0,F,f,f,f,f,f,f,f,t,f,f,f,f,f,f,t,0.005,f,,t,143.0,t,0.76,t,189.0,f,,other,A,851210054,1
55.0,F,f,f,f,f,f,f,f,f,f,f,f,f,f,t,t,1.7,t,2.0,t,102.0,t,0.96,t,106.0,f,,SVHC,-,851210058,0
55.0,F,f,f,f,f,f,f,f,f,f,f,f,f,f,f,t,11.0,t,0.4,t,102.0,f,,f,,f,,SVI,GK,851210059,1
70.0,M,f,f,f,f,f,f,f,f,f,f,f,f,f,f,t,2.4,f,,t,70.0,t,0.9,t,78.0,f,,other,-,851210062,0
47.0,M,f,f,f,f,f,f,f,f,f,f,f,f,f,f,t,2.6,f,,t,73.0,t,0.79,t,92.0,f,,SVHC,-,851210065,0
58.0,M,f,f,f,f,f,f,f,f,f,f,f,f,f,f,t,3.0,t,1.6,t,71.0,t,0.82,t,86.0,f,,other,-,851210071,0
25.0,M,f,f,f,f,f,f,f,f,f,f,f,f,f,f,t,2.9,f,,t,88.0,t,0.87,t,100.0,f,,other,-,851210073,0
60.0,M,f,f,f,f,f,f,f,f,f,f,f,f,f,f,t,0.005,t,7.1,t,184.0,t,1.03,t,177.0,f,,other,A,851210076,1
60.0,F,f,f,f,f,f,f,f,f,f,f,f,f,f,f,t,1.4,f,,t,119.0,t,1.12,t,106.0,f,,other,-,851210080,0
26.0,F,f,t,f,f,f,f,f,f,f,f,f,f,f,f,t,9.4,f,,t,70.0,t,0.95,t,74.0,f,,other,G,851210082,1
39.0,F,f,f,t,f,f,f,f,f,f,f,f,f,f,f,t,4.3,t,2.4,t,135.0,t,1.51,t,89.0,f,,other,-,851210083,0
73.0,F,f,f,f,f,f,f,f,f,f,f,f,t,f,f,t,0.005,t,3.6,t,119.0,t,0.9,t,133.0,f,,other,C,851210084,1
73.0,F,f,f,f,f,f,f,f,f,f,f,f,f,f,f,t,0.42,t,3.0,t,91.0,t,1.15,t,79.0,f,,other,I,851211005,1
74.0,F,f,f,f,f,f,f,f,f,f,f,f,f,f,f,f,,t,1.9,t,98.0,t,1.06,t,92.0,f,,other,-,851211007,0
40.0,M,f,f,f,f,f,f,f,f,f,f,f,f,f,t,t,1.4,t,1.8,t,92.0,t,0.85,t,108.0,f,,SVHC,-,851211008,0
40.0,,f,f,f,f,f,f,f,f,f,f,f,f,f,f,t,1.7,f,,t,117.0,t,1.21,t,97.0,f,,other,-,851211009,0
48.0,F,f,f,f,f,f,f,f,f,f,f,f,f,f,f,t,0.96,f,,t,129.0,t,1.35,t,96.0,f,,other,I,851211010,1
68.0,F,f,f,f,f,f,f,f,f,f,f,f,f,f,f,t,1.0,f,,t,103.0,t,1.01,t,102.0,f,,SVI,-,851211011,0
35.0,F,f,f,f,f,f,f,f,f,f,f,f,f,f,f,t,0.27,t,1.6,t,104.0,t,0.78,t,134.0,f,,SVHC,-,851211012,0
75.0,F,f,f,f,f,f,f,f,f,f,f,f,t,f,f,t,0.045,t,2.0,t,146.0,t,1.05,t,139.0,f,,SVI,-,851211013,0
25.0,F,f,f,f,t,f,f,f,f,f,f,f,f,f,f,t,2.7,f,,t,73.0,t,0.97,t,76.0,f,,SVHD,-,851211014,0
44.0,F,f,f,f,f,f,f,f,f,f,f,t,f,f,f,f,,f,,f,,f,,f,,t,39.0,other,S,851211021,1
50.0,F,f,f,t,f,f,f,f,f,t,f,f,f,f,f,t,0.01,t,2.8,t,74.0,t,1.14,t,65.0,f,,other,-,851211029,0
53.0,M,f,f,f,f,f,f,f,f,f,f,f,f,f,f,t,1.8,t,2.4,t,104.0,t,0.81,t,128.0,f,,SVHC,-,851211053,0
57.0,F,f,f,f,f,f,f,f,f,f,f,f,f,f,f,t,1.9,f,,t,85.0,t,0.79,t,108.0,f,,other,-,851211054,0
18.0,F,f,f,f,f,f,f,f,f,f,f,f,f,f,f,t,0.98,f,,t,158.0,t,1.31,t,120.0,f,,other,-,851211055,0
18.0,,f,f,f,f,f,f,f,f,f,f,f,f,f,f,t,4.2,f,,t,78.0,t,0.77,t,102.0,f,,SVI,-,851211056,0
18.0,F,f,f,f,f,f,f,f,f,f,f,f,f,f,f,t,12.0,f,,t,142.0,t,1.37,t,104.0,f,,other,G,851211060,1
18.0,M,f,f,f,f,f,f,f,f,f,f,f,f,f,f,t,1.3,f,,t,91.0,t,0.98,t,93.0,f,,SVI,-,851211061,0
44.0,M,f,t,f,f,f,f,f,f,f,f,t,f,f,f,t,0.1,t,0.6,t,61.0,t,0.86,t,71.0,f,,SVI,K,851211062,1
28.0,M,f,f,f,f,f,f,f,f,f,f,f,f,f,t,t,3.1,t,2.7,t,100.0,t,0.93,t,108.0,f,,SVHC,-,851211069,0
73.0,F,f,f,f,f,f,f,f,f,t,f,f,f,f,f,t,3.9,t,2.1,t,130.0,t,1.11,t,116.0,f,,SVHD,-,851211070,0
25.0,F,f,f,f,f,f,f,f,f,f,f,f,f,f,f,t,2.1,f,,t,107.0,t,1.15,t,92.0,f,,other,-,851211088,0
45.0,M,t,f,f,f,f,f,f,f,f,f,f,f,f,f,t,1.4,f,,t,101.0,t,0.95,t,106.0,f,,other,-,851211090,0
45.0,F,f,f,f,f,f,f,f,f,f,f,f,f,f,f,t,0.97,t,1.1,t,77.0,t,0.86,t,89.0,f,,SVI,K,851212001,1
45.0,M,f,f,f,t,f,f,f,t,f,f,f,f,f,t,t,10.0,t,0.3,t,67.0,f,,f,,f,,SVI,GK,851212002,1
55.0,F,f,f,f,f,f,f,f,f,f,f,f,f,f,t,t,2.6,t,1.9,t,115.0,t,1.02,t,114.0,f,,SVHC,-,851212003,0
30.0,F,f,f,f,f,t,f,f,f,f,f,f,f,f,f,t,2.7,f,,t,125.0,t,1.43,t,87.0,f,,STMW,I,851212007,1
72.0,F,f,f,f,f,f,f,f,f,f,f,f,f,f,f,t,0.005,t,4.1,t,139.0,t,0.71,t,196.0,f,,other,-,851212010,0
42.0,M,f,f,f,f,f,f,f,f,f,f,f,f,f,f,t,52.0,t,0.8,t,28.0,t,0.86,t,33.0,f,,other,F,851212013,1
55.0,F,t,f,f,f,f,f,f,f,f,f,f,f,f,f,t,0.005,t,1.9,t,107.0,t,0.74,t,144.0,f,,other,-,851212014,0
71.0,F,t,f,f,f,f,f,f,f,f,f,f,f,f,f,t,2.6,t,1.3,t,93.0,t,0.81,t,115.0,f,,other,-,851212015,0
45.0,F,f,f,f,f,f,f,f,f,t,f,f,f,f,f,f,,t,1.3,f,,f,,f,,f,,other,-,851212037,0
56.0,M,f,f,f,f,f,f,f,f,f,f,f,f,f,f,f,,t,2.2,t,74.0,t,0.86,t,86.0,f,,other,-,851212042,0
42.0,M,f,f,f,f,f,f,f,f,t,f,f,f,f,f,t,0.06,t,2.0,t,79.0,t,0.81,t,98.0,f,,other,-,851212043,0
47.0,F,f,f,f,f,f,f,f,f,f,f,f,f,f,f,t,0.79,t,1.2,t,117.0,t,0.85,t,138.0,f,,other,-,851212044,0
47.0,,f,f,f,f,f,f,f,f,f,f,f,f,f,f,t,0.005,t,2.0,t,128.0,t,0.94,t,136.0,f,,other,-,851212055,0
73.0,M,f,t,f,f,f,f,f,f,f,f,f,f,f,f,f,,t,0.7,t,63.0,t,0.88,t,72.0,f,,other,K,851212064,1
29.0,F,f,f,f,f,f,f,f,f,f,f,f,f,f,f,t,0.59,f,,t,80.0,t,0.82,t,98.0,f,,other,-,851212065,0
57.0,M,t,f,f,f,f,f,f,f,t,f,f,f,f,f,t,50.0,t,1.3,t,64.0,f,,f,,f,,other,M,851212067,1
57.0,M,f,f,f,f,f,f,f,f,f,f,f,f,f,f,t,0.8,f,,t,82.0,t,0.99,t,83.0,f,,SVHC,-,851212076,0
31.0,F,f,f,f,f,f,f,f,f,f,f,f,f,f,f,t,1.3,f,,t,161.0,t,1.33,t,121.0,f,,other,I,851212077,1
20.0,F,f,f,f,f,f,f,f,f,f,f,f,f,f,f,t,2.1,f,,t,105.0,t,1.04,t,101.0,f,,other,-,851212078,0
55.0,M,f,f,f,f,f,f,f,f,f,f,f,f,f,f,t,0.34,t,1.4,t,123.0,t,0.96,t,128.0,f,,SVI,-,851212080,0
25.0,F,f,f,f,f,f,f,f,f,f,f,f,t,f,f,t,1.1,f,,t,101.0,t,1.07,t,94.0,f,,other,-,851212082,0
25.0,F,f,f,f,f,f,t,f,f,f,f,f,f,f,f,t,14.0,f,,t,81.0,t,0.9,t,90.0,f,,other,-,851212083,0
71.0,F,f,f,f,f,f,t,f,f,f,f,f,f,f,f,t,0.01,f,,t,146.0,t,0.93,t,156.0,f,,other,-,851212085,0
26.0,F,f,f,f,f,f,f,f,f,f,f,f,f,f,f,t,3.4,f,,t,104.0,t,1.12,t,92.0,f,,other,-,851212088,0
58.0,F,f,f,f,f,f,f,f,f,f,f,f,f,f,f,t,1.9,f,,t,96.0,t,0.87,t,110.0,f,,SVI,-,851213016,0
58.0,F,f,f,f,f,f,f,f,t,f,f,f,f,f,f,t,1.8,f,,t,63.0,t,0.86,t,73.0,f,,other,-,851213017,0
57.0,M,f,f,f,f,f,f,f,f,f,f,f,f,f,f,t,1.4,f,,t,82.0,t,1.07,t,77.0,f,,other,-,851213018,0
35.0,F,f,f,f,f,f,f,f,f,f,t,f,f,f,f,t,3.9,f,,t,83.0,t,0.85,t,97.0,f,,SVHC,-,851213020,0
53.0,F,f,f,f,f,f,f,f,f,f,f,f,f,f,f,t,0.045,t,1.8,t,102.0,t,1.0,t,102.0,f,,other,-,851213035,0
35.0,F,f,f,t,f,f,f,f,f,f,f,f,f,f,f,t,0.045,t,2.1,t,71.0,t,1.1,t,64.0,f,,other,-,851213036,0
60.0,M,t,f,f,f,f,f,f,f,f,f,f,f,f,f,f,,f,,f,,f,,f,,t,23.0,other,-,851213053,0
38.0,M,f,f,f,f,f,f,f,f,f,f,f,f,f,f,t,2.5,f,,t,81.0,t,0.86,t,94.0,f,,other,-,851213062,0
79.0,F,f,f,f,f,f,f,f,f,f,f,f,f,f,f,t,1.4,t,0.6,t,94.0,f,,f,,f,,SVI,K,851213064,1
38.0,F,f,f,f,f,f,f,f,f,f,f,f,f,f,f,t,2.5,t,1.5,t,81.0,t,0.86,t,94.0,f,,SVI,-,851213065,0
48.0,F,f,f,f,f,f,f,f,f,f,f,f,f,f,f,f,,f,,t,91.0,t,0.91,t,100.0,f,,other,-,851213080,0
45.0,M,f,f,f,t,f,f,f,f,f,f,f,f,f,f,t,2.1,f,,t,93.0,t,1.16,t,80.0,f,,other,-,851216009,0
64.0,M,f,f,f,f,f,f,f,f,f,f,f,f,f,t,t,1.3,t,2.4,t,111.0,t,1.15,t,97.0,f,,SVHC,-,851216013,0
64.0,F,f,f,f,f,f,f,f,f,f,f,f,f,f,f,t,4.3,f,,t,114.0,t,1.06,t,108.0,f,,other,-,851216014,0
57.0,F,f,f,f,f,f,f,f,t,f,f,f,f,f,f,t,2.1,f,,t,76.0,t,1.0,t,75.0,f,,other,-,851216015,0
55.0,F,f,f,f,f,f,f,f,f,f,f,f,f,f,f,t,0.13,t,1.0,t,102.0,t,0.82,t,124.0,f,,SVI,K,851216017,1
55.0,F,f,f,f,f,f,f,f,f,f,f,f,f,f,f,t,1.8,f,,t,84.0,t,0.95,t,88.0,f,,other,-,851216018,0
55.0,F,f,f,f,f,f,f,f,f,f,f,f,f,f,f,t,2.4,t,2.3,t,104.0,t,1.03,t,101.0,f,,SVHC,-,851216019,0
72.0,F,f,f,f,f,f,f,f,f,f,f,f,f,f,f,t,4.8,f,,t,87.0,t,0.93,t,93.0,f,,other,-,851216021,0
72.0,F,f,f,f,f,f,f,f,f,f,f,f,f,f,f,t,4.0,t,3.2,t,106.0,t,0.87,t,122.0,f,,other,I,851216022,1
39.0,M,f,f,f,f,f,f,f,f,f,f,f,f,f,t,t,1.6,t,1.2,t,95.0,t,0.93,t,102.0,f,,SVHC,-,851216023,0
45.0,F,f,f,f,f,f,f,t,f,f,f,f,f,f,f,t,0.065,t,4.6,t,210.0,t,1.11,t,190.0,f,,other,A,851216028,1
45.0,F,t,f,f,f,f,t,f,f,f,f,f,f,f,f,t,0.44,t,2.8,t,153.0,t,0.91,t,168.0,f,,other,L,851216044,1
54.0,F,f,f,f,f,f,f,f,f,t,f,f,f,f,f,t,1.4,f,,t,98.0,t,1.01,t,97.0,f,,other,-,851216047,0
46.0,M,f,f,f,f,f,f,f,f,t,f,f,f,f,f,t,0.05,t,2.2,t,97.0,t,0.77,t,125.0,f,,other,-,851216049,0
33.0,F,t,f,f,f,f,f,f,f,f,f,f,f,f,f,t,1.5,t,2.1,t,104.0,t,0.85,t,122.0,f,,other,-,851216052,0
70.0,M,f,f,f,f,f,f,f,f,f,f,f,f,f,f,t,2.7,f,,t,155.0,t,1.05,t,148.0,f,,SVI,-,851216055,0
7.0,M,f,f,f,f,f,f,f,f,f,f,f,f,f,f,t,2.4,f,,t,155.0,t,0.94,t,165.0,f,,other,R,851216056,1
38.0,F,t,f,f,f,f,t,f,f,f,f,f,f,f,f,t,0.065,t,1.8,t,139.0,f,,f,,f,,other,-,851216058,0
27.0,F,f,f,f,f,f,f,f,f,f,f,f,f,f,f,t,3.1,t,1.6,t,86.0,t,1.04,t,83.0,f,,SVI,-,851217001,0
27.0,F,f,f,f,f,f,f,f,f,f,f,f,f,f,f,t,13.0,f,,t,87.0,t,0.85,t,103.0,f,,SVI,G,851217003,1
58.0,F,f,f,f,f,f,f,f,f,f,f,f,f,f,f,t,5.5,t,2.1,t,82.0,t,0.92,t,89.0,f,,other,-,851217005,0
58.0,M,t,f,f,f,f,f,f,f,f,f,f,f,f,f,t,2.6,f,,t,164.0,t,1.1,t,149.0,f,,SVI,-,851217006,0
49.0,F,t,f,f,f,f,f,f,f,f,f,f,f,f,f,t,116.0,t,0.7,t,72.0,t,0.95,t,76.0,f,,other,MK,851217007,1
82.0,M,f,f,f,f,f,f,f,f,f,f,f,f,f,t,t,6.6,t,1.6,t,92.0,t,1.0,t,91.0,f,,SVHC,G,851217008,1
18.0,F,f,f,f,f,f,f,f,f,f,f,f,f,f,f,t,0.73,f,,t,194.0,t,0.97,t,200.0,f,,STMW,R,851217011,1
33.0,F,f,f,f,f,f,f,f,f,t,f,f,f,f,f,t,0.16,t,5.2,t,183.0,t,0.83,t,220.0,f,,other,-,851217021,0
33.0,F,f,f,f,f,f,f,f,f,f,f,f,f,f,f,t,0.045,t,2.1,t,159.0,t,1.01,t,157.0,f,,SVI,R,851217022,1
37.0,F,t,f,f,f,f,f,f,f,f,f,f,f,f,f,t,2.8,f,,f,,f,,f,,f,,other,-,851217028,0
55.0,M,f,f,f,f,f,f,f,f,f,f,f,f,f,f,f,,t,2.1,f,,f,,f,,f,,other,-,851217050,0
72.0,F,f,t,f,f,f,f,f,f,f,f,f,f,f,f,f,,f,,t,114.0,t,1.11,t,102.0,f,,other,-,851217057,0
77.0,F,t,f,f,f,f,f,f,f,f,f,f,f,f,f,t,3.5,f,,t,114.0,t,1.0,t,115.0,f,,other,-,851217058,0
62.0,M,f,f,f,f,f,f,f,f,f,f,f,f,f,f,t,2.1,t,1.7,t,96.0,f,,f,,f,,other,-,851217062,0
53.0,M,f,f,t,f,f,f,f,f,f,f,f,f,f,f,t,0.05,t,2.2,t,89.0,t,0.83,t,107.0,f,,other,-,851217066,0
69.0,F,f,f,f,f,f,f,f,f,f,f,f,f,f,f,t,1.4,f,,t,123.0,t,0.91,t,136.0,f,,SVI,-,851218004,0
76.0,M,f,f,f,f,f,f,f,f,f,f,f,f,f,f,t,3.4,f,,t,77.0,t,0.67,t,115.0,f,,SVI,-,851218006,0
72.0,F,f,f,f,f,f,f,f,f,f,f,f,f,f,f,f,,f,,t,98.0,f,,f,,f,,other,-,851218007,0
38.0,,f,f,f,f,f,f,f,f,f,f,f,f,f,t,t,1.1,t,2.2,t,145.0,t,1.23,t,118.0,f,,SVHC,-,851218010,0
30.0,F,f,f,f,f,f,f,f,f,f,f,f,f,f,f,t,3.0,f,,t,96.0,t,0.82,t,118.0,f,,other,-,851218011,0
68.0,M,f,f,f,f,f,f,f,f,f,t,f,f,f,f,t,1.9,f,,t,93.0,t,0.86,t,108.0,f,,SVHC,-,851218014,0
31.0,F,f,f,f,f,f,f,f,f,f,f,f,f,f,f,t,3.4,f,,t,104.0,t,0.94,t,112.0,f,,STMW,-,851218021,0
35.0,F,f,f,f,f,f,f,f,f,f,f,f,f,f,f,t,5.2,f,,t,95.0,t,1.11,t,85.0,f,,STMW,-,851218022,0
35.0,,f,f,f,f,f,f,f,f,f,f,f,f,f,f,t,1.8,t,1.7,t,118.0,t,1.1,t,107.0,f,,other,-,851218029,0
54.0,M,f,f,f,f,f,f,f,f,f,f,f,f,f,f,t,0.75,t,2.3,t,109.0,t,1.14,t,95.0,f,,SVHD,-,851218032,0
43.0,F,f,f,f,f,f,f,f,f,t,f,f,f,f,f,t,1.7,f,,t,104.0,t,0.91,t,115.0,f,,other,-,851218058,0
16.0,M,f,f,f,f,f,f,f,f,f,f,f,f,f,f,f,,t,2.5,t,71.0,t,0.8,t,88.0,f,,other,-,851218061,0
16.0,F,f,f,f,f,f,f,f,f,f,f,f,f,f,f,t,9.7,f,,t,98.0,t,1.3,t,76.0,f,,other,G,851219004,1
16.0,F,f,f,f,f,f,f,f,t,f,f,f,f,f,f,t,6.2,f,,t,108.0,t,1.14,t,94.0,f,,other,G,851219005,1
45.0,F,f,f,f,f,f,f,f,t,f,f,f,f,f,f,t,0.005,f,,t,132.0,t,0.9,t,147.0,f,,SVI,-,851219006,0
32.0,F,f,f,f,f,f,f,f,f,f,f,f,f,f,f,t,1.4,f,,t,108.0,t,1.15,t,94.0,f,,other,-,851219009,0
36.0,M,f,f,f,f,f,f,f,f,f,f,f,f,f,f,t,0.74,t,1.5,t,72.0,t,0.5,t,145.0,f,,SVHC,-,851219010,0
60.0,M,t,f,f,f,f,f,f,f,f,f,f,f,f,f,t,13.0,t,1.4,t,57.0,t,0.62,t,92.0,f,,other,M,851219018,1
37.0,F,t,f,f,f,f,f,f,f,f,f,f,f,f,f,t,2.1,t,2.4,t,177.0,t,1.46,t,122.0,f,,other,-,851219020,0
26.0,F,t,f,f,f,f,f,f,f,f,f,f,t,f,f,t,0.08,t,1.7,t,174.0,t,1.23,t,142.0,f,,other,-,851219021,0
30.0,F,t,f,f,f,f,f,f,f,f,f,f,f,f,f,t,0.08,t,1.9,t,147.0,t,1.03,t,143.0,f,,other,-,851219022,0
50.0,F,f,f,f,f,f,f,f,t,f,f,f,f,f,f,t,3.3,t,2.1,t,107.0,t,1.07,t,100.0,f,,other,-,851219023,0
59.0,F,t,f,f,f,f,f,f,f,f,f,f,f,f,f,t,0.01,t,2.0,t,113.0,t,0.86,t,131.0,f,,other,-,851219025,0
72.0,F,f,f,f,f,f,f,f,f,f,f,f,f,f,f,t,5.0,f,,t,101.0,t,0.88,t,115.0,f,,other,-,851219036,0
65.0,F,t,f,f,f,f,f,f,f,f,f,f,f,f,f,t,0.47,t,0.8,t,154.0,t,0.75,t,204.0,f,,other,L,851219037,1
77.0,F,f,f,f,f,f,f,f,f,f,f,f,f,f,f,t,0.06,f,,t,125.0,t,1.07,t,117.0,f,,other,-,851219038,0
41.0,F,f,f,f,f,f,f,f,f,f,f,f,f,f,f,t,1.3,t,2.5,t,125.0,t,1.14,t,109.0,f,,SVHC,-,851219039,0
88.0,F,f,f,f,f,f,f,f,f,f,f,f,f,f,f,t,13.0,f,,t,123.0,t,0.99,t,124.0,f,,SVI,G,851219040,1
64.0,M,f,f,f,f,f,f,f,f,f,f,f,f,f,f,t,0.78,f,,t,106.0,t,0.88,t,121.0,f,,SVI,-,851219041,0
46.0,F,f,f,f,f,f,f,f,f,f,f,f,f,f,f,f,,f,,t,93.0,t,0.91,t,102.0,f,,other,-,851219042,0
71.0,F,t,f,f,f,f,f,t,t,t,f,f,f,f,f,t,2.4,t,1.9,t,133.0,t,1.09,t,123.0,f,,other,-,851219053,0
43.0,F,t,f,f,f,f,f,f,f,f,f,f,f,f,f,t,0.13,f,,t,182.0,t,1.04,t,175.0,f,,other,L,851219055,1
58.0,F,f,f,f,f,f,f,t,f,f,f,f,f,f,f,t,2.4,f,,t,122.0,t,1.12,t,108.0,f,,other,-,851219056,0
68.0,M,f,t,f,f,f,f,f,f,f,f,f,f,f,f,f,,t,1.1,t,128.0,t,0.68,t,188.0,f,,other,-,851219059,0
36.0,F,f,f,f,f,f,f,f,f,t,f,f,f,f,f,t,0.22,t,4.0,t,191.0,t,0.98,t,194.0,f,,other,-,851219070,0
75.0,F,t,f,f,f,f,f,f,f,f,f,f,f,f,f,t,1.9,f,,t,124.0,t,0.86,t,144.0,f,,other,-,851220001,0
75.0,F,t,f,f,f,f,f,f,f,f,f,f,f,f,f,t,0.76,f,,t,138.0,t,0.96,t,143.0,f,,other,-,851220002,0
16.0,M,t,t,f,f,f,f,f,f,f,f,t,f,f,f,f,,t,3.0,t,135.0,t,1.02,t,131.0,f,,other,-,851220042,0
45.0,F,f,f,f,f,f,f,f,f,f,f,f,f,f,f,t,0.07,f,,t,168.0,t,0.92,t,183.0,f,,other,R,851220059,1
64.0,F,f,f,f,f,f,f,f,f,f,f,f,f,f,f,t,2.0,f,,t,118.0,t,1.22,t,97.0,f,,other,-,851223008,0
61.0,F,f,f,f,f,f,f,f,f,f,f,f,f,f,f,t,6.9,f,,t,126.0,t,1.36,t,93.0,f,,other,G,851223010,1
61.0,,f,f,f,f,f,f,f,f,f,f,f,f,f,f,t,2.1,f,,t,114.0,t,1.05,t,109.0,f,,SVI,-,851223011,0
40.0,F,f,f,f,f,f,f,f,f,f,f,f,f,f,f,t,12.0,f,,t,97.0,t,1.01,t,97.0,f,,other,G,851223012,1
71.0,F,f,f,f,f,f,f,f,f,f,f,f,f,f,f,t,0.65,f,,t,120.0,t,1.07,t,112.0,f,,SVI,-,851223015,0
68.0,F,f,f,f,t,f,f,f,f,f,f,f,f,f,f,t,0.41,f,,t,123.0,t,0.98,t,125.0,f,,other,-,851223016,0
65.0,F,f,f,f,f,f,f,f,f,f,f,f,f,f,f,t,3.5,f,,t,106.0,t,1.08,t,98.0,f,,other,-,851223017,0
70.0,M,f,f,f,t,f,f,f,f,f,f,f,f,f,f,t,1.1,t,0.9,t,94.0,t,0.91,t,103.0,f,,SVI,K,851223019,1
70.0,F,f,f,f,f,f,f,f,f,f,f,f,f,f,f,t,0.7,t,1.3,t,96.0,t,1.14,t,84.0,f,,other,-,851223020,0
70.0,F,f,f,f,f,f,f,f,f,t,f,f,f,f,f,t,1.0,t,1.8,t,112.0,t,1.06,t,106.0,f,,SVI,-,851223022,0
34.0,M,f,f,f,f,f,f,f,f,t,f,f,f,f,f,t,0.08,t,2.1,t,99.0,t,0.87,t,113.0,f,,other,-,851223023,0
74.0,M,f,f,f,f,f,f,f,f,f,f,f,f,f,t,t,1.3,t,1.8,t,96.0,t,1.06,t,90.0,f,,SVHC,-,851223025,0
55.0,F,f,f,f,f,f,f,f,f,f,f,t,f,f,f,t,0.29,f,,t,81.0,t,0.7,t,116.0,f,,SVI,-,851223029,0
53.0,F,f,f,f,f,f,f,f,f,t,f,f,t,f,f,t,0.09,t,3.9,t,216.0,t,1.15,t,188.0,f,,other,-,851223039,0
64.0,M,f,f,f,f,f,f,f,f,f,f,f,f,f,f,t,2.7,t,2.2,t,174.0,f,,f,,f,,other,R,851223043,1
70.0,F,f,f,f,f,f,f,f,f,t,f,f,f,f,f,t,0.08,t,2.1,t,136.0,t,1.07,t,127.0,f,,other,-,851223048,0
34.0,F,f,f,f,f,f,f,f,f,f,f,f,f,f,f,t,6.2,f,,t,116.0,t,1.13,t,103.0,f,,other,G,851223052,1
34.0,M,f,f,f,f,f,f,f,f,f,f,f,f,f,t,t,1.3,t,1.8,t,86.0,t,0.86,t,101.0,f,,SVHC,-,851223062,0
62.0,F,f,f,f,f,f,f,f,f,f,f,f,f,f,f,f,,t,1.3,f,,f,,f,,f,,other,-,851223072,0
62.0,M,f,f,f,t,f,f,f,f,f,f,f,f,f,f,t,1.1,f,,t,108.0,t,0.95,t,113.0,f,,other,-,851224010,0
68.0,F,f,f,f,f,f,f,f,f,f,f,f,f,f,f,t,3.9,t,1.0,t,104.0,t,0.75,t,137.0,f,,SVI,K,851224012,1
58.0,F,f,f,f,f,f,f,f,f,f,f,f,f,f,f,t,2.2,t,2.1,t,114.0,t,0.94,t,121.0,f,,SVI,-,851224013,0
76.0,F,f,f,f,f,f,f,f,f,f,f,f,f,f,f,t,11.0,t,0.8,t,60.0,t,1.04,t,58.0,f,,SVI,F,851224014,1
68.0,F,f,f,f,f,f,f,f,t,f,f,f,f,f,f,t,2.1,f,,t,112.0,t,0.93,t,120.0,f,,other,-,851224015,0
79.0,F,f,f,f,t,f,f,f,f,f,f,f,f,f,f,t,2.8,t,1.5,t,105.0,t,1.05,t,100.0,f,,other,-,851224016,0
45.0,F,f,f,f,f,f,f,f,f,f,f,f,f,f,t,t,1.1,t,2.0,t,111.0,t,0.97,t,114.0,f,,SVHC,-,851224017,0
68.0,F,f,f,f,f,f,f,f,f,f,f,f,f,f,f,t,2.1,t,1.5,t,126.0,t,1.26,t,100.0,f,,SVHC,-,851224018,0
29.0,F,f,f,f,f,f,f,f,f,f,f,f,f,f,f,t,6.1,t,2.8,t,111.0,t,1.31,t,85.0,f,,other,G,860102036,1
32.0,F,f,f,f,f,f,f,f,f,f,f,f,f,f,f,t,1.3,t,1.9,t,84.0,t,0.78,t,107.0,f,,other,-,860131016,0
35.0,F,f,f,f,f,f,f,f,f,f,f,f,f,f,f,t,0.005,t,3.1,t,239.0,t,1.0,t,239.0,f,,STMW,A,860203001,1
21.0,F,f,f,f,f,f,f,f,f,f,f,f,f,f,f,t,1.0,t,1.8,t,87.0,t,0.88,t,99.0,f,,STMW,-,860203002,0
22.0,F,f,f,f,t,f,f,f,f,f,f,f,f,f,f,t,0.4,t,2.2,t,134.0,t,1.35,t,99.0,f,,SVI,-,860203003,0
22.0,F,f,f,f,f,f,f,f,f,f,f,f,f,f,f,t,1.6,t,2.0,t,123.0,t,1.13,t,109.0,f,,other,-,860203004,0
39.0,F,f,f,f,f,f,f,f,f,t,f,f,f,f,f,t,1.6,t,3.6,t,133.0,t,1.44,t,93.0,f,,other,-,860203005,0
77.0,M,f,f,f,f,f,f,f,f,f,f,f,f,f,f,t,0.81,t,2.0,t,80.0,f,,f,,f,,other,-,860203006,0
23.0,F,f,f,f,f,f,f,f,f,f,f,f,f,f,f,t,0.255,t,1.4,t,113.0,f,,f,,f,,SVHC,-,860203007,0
23.0,F,f,f,f,f,f,f,f,f,f,f,f,f,f,f,t,2.6,t,1.1,t,104.0,t,1.05,t,99.0,f,,SVI,K,860203014,1
45.0,M,f,f,f,f,f,f,f,f,f,f,f,f,f,f,t,61.0,t,0.6,t,23.0,t,0.87,t,26.0,f,,SVI,F,860203016,1
65.0,F,t,f,f,f,f,f,t,t,f,f,f,f,f,f,t,0.03,t,2.3,t,154.0,t,0.9,t,170.0,f,,other,L,860203025,1
53.0,F,f,f,f,f,f,f,f,f,t,f,f,f,f,f,t,0.045,t,2.2,t,115.0,t,0.93,t,124.0,f,,other,-,860203029,0
79.0,F,f,f,f,f,f,f,f,f,t,f,f,f,f,f,t,4.2,t,1.1,t,78.0,t,0.97,t,81.0,f,,other,K,860203030,1
79.0,F,f,f,f,f,f,f,f,f,f,f,f,f,f,f,t,3.2,t,1.5,t,159.0,t,1.17,t,136.0,f,,other,-,860203043,0
57.0,M,f,f,f,f,f,f,f,f,f,f,f,f,f,f,t,1.1,f,,t,120.0,t,1.0,t,120.0,f,,SVI,-,860203050,0
54.0,F,t,f,f,f,f,f,f,f,f,f,f,f,f,f,t,0.025,f,,t,225.0,t,0.83,t,273.0,f,,other,N,860203056,1
61.0,F,t,f,f,f,f,f,t,f,f,f,f,f,f,f,t,0.7,t,2.2,t,118.0,f,,f,,f,,other,-,860203058,0
61.0,F,t,f,f,f,f,f,f,f,f,f,f,f,f,f,t,0.04,f,,t,115.0,t,0.83,t,138.0,f,,other,-,860203061,0
14.0,M,f,f,f,f,f,f,f,f,f,f,f,f,f,f,t,2.4,f,,t,89.0,t,0.74,t,121.0,f,,other,-,860204003,0
57.0,M,f,f,f,f,f,f,f,f,f,f,f,f,f,f,t,1.1,f,,t,103.0,t,0.92,t,112.0,f,,other,-,860204005,0
55.0,F,f,f,f,f,f,f,f,f,f,f,f,f,f,f,t,1.0,t,2.8,t,122.0,t,1.12,t,109.0,f,,other,-,860204006,0
59.0,F,f,f,f,f,f,f,f,f,f,f,f,f,f,f,t,7.7,t,1.8,t,111.0,t,1.07,t,104.0,f,,other,G,860204007,1
60.0,F,f,f,f,f,f,f,f,f,f,f,f,f,f,f,t,0.06,t,1.6,t,123.0,t,0.81,t,152.0,f,,other,-,860204020,0
73.0,F,f,f,f,f,f,f,f,f,f,f,f,f,f,f,t,0.89,t,1.9,t,151.0,t,0.97,t,155.0,f,,other,-,860204026,0
60.0,F,f,f,f,f,f,f,f,f,f,f,f,f,f,f,t,0.025,f,,t,175.0,t,1.03,t,169.0,f,,other,A,860204033,1
56.0,F,f,f,f,f,f,f,f,f,f,f,f,f,f,f,t,27.0,f,,t,74.0,t,1.01,t,74.0,f,,other,G,860204052,1
38.0,F,f,f,f,f,f,f,f,f,f,f,f,f,f,f,t,19.0,t,1.2,t,102.0,f,,f,,f,,other,G,860204053,1
61.0,F,f,f,f,f,f,f,t,f,f,f,f,f,f,f,t,5.9,t,2.0,t,82.0,f,,f,,f,,other,-,860204055,0
42.0,F,f,t,f,f,f,f,f,f,f,f,f,f,f,f,f,,f,,t,125.0,t,1.12,t,112.0,f,,other,-,860204060,0
78.0,F,t,f,f,f,f,f,f,f,f,f,f,f,f,f,t,8.599999,f,,t,124.0,t,0.98,t,126.0,f,,other,M,860204062,1
64.0,M,t,f,f,f,f,f,f,f,f,f,f,f,f,f,t,0.03,f,,t,65.0,t,0.82,t,80.0,f,,other,-,860204063,0
52.0,F,t,f,f,f,f,f,f,f,f,f,f,f,f,f,t,0.005,f,,t,160.0,t,0.82,t,195.0,f,,other,N,860204065,1
81.0,F,f,f,f,f,f,f,f,f,f,f,f,f,f,f,t,1.9,t,1.9,t,118.0,t,1.02,t,116.0,f,,SVI,-,860204067,0
21.0,F,f,f,f,f,f,f,f,f,f,f,f,f,f,f,t,2.5,t,1.4,t,109.0,t,0.73,t,148.0,f,,SVI,-,860204069,0
75.0,M,f,f,f,t,f,f,f,t,f,f,f,f,f,f,t,5.2,f,,t,96.0,t,0.89,t,108.0,f,,other,-,860204071,0
64.0,F,f,t,f,f,f,f,f,f,f,f,f,f,f,f,t,0.38,f,,t,100.0,t,0.84,t,119.0,f,,other,-,860204075,0
23.0,M,t,f,f,f,f,f,f,f,f,f,f,f,f,f,t,2.0,f,,t,136.0,t,0.67,t,203.0,f,,other,-,860204087,0
21.0,F,f,f,f,f,f,f,f,f,f,f,f,f,f,f,t,1.5,f,,t,140.0,t,1.37,t,102.0,f,,other,I,860204088,1
53.0,F,f,f,t,f,f,f,f,f,f,f,f,f,f,f,t,0.12,f,,t,47.0,t,0.93,t,50.0,f,,other,K,860204090,1
39.0,M,f,f,f,f,f,f,f,f,f,f,f,f,f,t,t,1.1,t,1.6,t,133.0,t,1.02,t,131.0,f,,SVHC,-,860205007,0
39.0,F,f,f,f,f,f,f,f,f,f,f,f,f,f,f,t,4.5,t,1.7,t,171.0,t,1.46,t,117.0,f,,SVHC,I,860205008,1
45.0,M,f,f,f,f,f,f,f,f,f,f,f,f,f,f,t,1.4,t,2.2,t,141.0,t,0.98,t,144.0,f,,other,-,860205009,0
35.0,M,f,f,f,f,f,f,f,f,f,f,f,f,f,f,t,2.6,t,2.5,t,161.0,t,1.26,t,128.0,f,,SVHC,I,860205010,1
36.0,M,f,f,f,f,f,f,f,f,f,f,f,f,f,t,t,1.0,t,1.8,t,101.0,t,0.92,t,110.0,f,,SVHC,-,860205011,0
36.0,F,f,f,f,f,f,f,f,f,f,f,f,f,f,f,t,1.2,t,2.6,t,148.0,t,1.29,t,115.0,f,,SVI,-,860205012,0
51.0,M,f,f,f,f,f,f,f,f,f,f,f,f,f,f,t,2.1,t,1.9,t,63.0,t,0.58,t,107.0,f,,other,-,860205013,0
29.0,F,f,f,f,f,f,f,f,f,t,f,f,f,f,f,t,1.9,t,2.1,t,96.0,t,1.02,t,96.0,f,,STMW,-,860205014,0
76.0,M,f,f,f,f,f,f,f,f,f,f,f,f,f,f,f,,t,2.6,t,105.0,f,,f,,f,,other,-,860205018,0
81.0,M,f,f,f,f,f,f,f,f,f,f,f,f,f,f,t,3.0,t,0.7,t,69.0,f,,f,,f,,SVI,K,860205037,1
70.0,M,f,f,f,t,f,f,f,f,f,f,f,f,f,f,t,1.4,t,1.4,t,71.0,t,0.8,t,89.0,f,,SVHD,-,860205049,0
87.0,F,f,f,f,f,f,f,f,f,f,f,f,f,f,f,t,1.9,t,1.8,t,119.0,t,0.89,t,134.0,f,,SVI,-,860205053,0
63.0,F,f,f,f,f,f,f,f,f,f,f,f,f,f,f,f,,t,1.5,t,116.0,t,0.88,t,132.0,f,,SVI,-,860205054,0
63.0,M,f,f,f,f,f,f,f,f,f,f,f,f,f,f,t,1.4,t,2.0,t,136.0,t,1.14,t,119.0,f,,other,-,860205055,0
63.0,F,f,f,f,f,f,f,f,f,f,f,f,f,f,f,t,33.0,t,1.9,t,65.0,t,0.94,t,70.0,f,,other,G,860205056,1
61.0,F,t,f,f,f,f,f,f,f,f,f,f,f,f,f,t,0.065,t,1.5,t,147.0,t,0.6,t,247.0,f,,other,L,860205057,1
77.0,F,f,f,f,f,f,f,f,f,t,f,f,f,f,f,t,12.0,t,1.7,t,123.0,t,1.03,t,120.0,f,,other,G,860205058,1
63.0,F,t,f,f,f,f,f,f,f,t,f,f,f,f,f,t,3.2,f,,t,160.0,t,0.98,t,162.0,f,,other,L,860205059,1
55.0,F,f,f,f,f,f,f,f,f,t,f,f,f,f,f,t,0.065,f,,t,206.0,t,0.81,t,254.0,f,,other,A,860205060,1
29.0,F,f,f,f,f,f,f,f,f,f,f,f,f,f,f,t,3.4,t,2.1,t,164.0,t,1.36,t,121.0,f,,other,I,860205061,1
40.0,F,f,f,f,t,f,f,f,f,f,f,f,f,f,f,t,1.3,f,,t,152.0,t,1.5,t,102.0,f,,other,-,860205062,0
16.0,M,f,f,f,f,f,f,f,f,f,f,f,f,f,f,t,4.4,f,,t,101.0,t,1.02,t,99.0,f,,other,-,860205065,0
28.0,M,f,f,f,f,f,f,f,f,t,f,f,f,f,f,f,,f,,t,104.0,t,1.03,t,101.0,f,,other,-,860205068,0
39.0,F,t,f,f,f,f,f,f,f,f,f,f,f,f,f,t,0.11,f,,t,135.0,t,1.01,t,135.0,f,,other,-,860205071,0
26.0,F,f,f,f,f,f,f,f,f,f,f,f,f,f,f,t,1.6,f,,t,121.0,t,1.08,t,112.0,f,,STMW,-,860206005,0
25.0,M,f,f,f,f,f,f,f,f,f,f,f,f,f,f,t,3.6,t,2.1,t,107.0,t,0.95,t,113.0,f,,other,-,860206013,0
76.0,F,f,f,f,f,f,f,f,f,f,f,f,f,f,f,t,0.065,t,2.2,t,137.0,t,1.02,t,135.0,f,,other,-,860206015,0
32.0,F,f,f,f,f,f,f,f,f,f,f,f,f,f,f,t,2.5,t,2.4,t,150.0,t,0.96,t,155.0,f,,SVHC,-,860206020,0
32.0,F,f,f,f,f,f,f,f,f,f,f,f,f,f,f,t,15.0,f,,t,163.0,t,1.56,t,104.0,f,,other,I,860206021,1
61.0,F,f,f,f,t,f,f,f,f,f,f,f,f,f,f,t,29.0,t,1.5,t,61.0,t,0.96,t,64.0,f,,other,F,860206022,1
76.0,F,f,f,f,f,f,f,f,f,f,f,f,f,f,f,t,4.1,f,,t,56.0,t,0.76,t,73.0,f,,other,-,860206023,0
27.0,F,f,t,f,f,t,f,f,f,f,f,f,f,f,f,f,,f,,t,110.0,t,1.1,t,100.0,f,,other,-,860206025,0
75.0,F,t,f,f,f,f,f,f,t,f,f,f,f,f,f,t,32.0,t,1.5,t,96.0,t,0.98,t,98.0,f,,other,M,860206026,1
78.0,F,t,f,f,f,f,f,t,t,f,f,f,f,f,f,t,1.2,t,1.2,t,82.0,t,1.01,t,81.0,f,,other,-,860206030,0
69.0,M,f,f,f,f,f,f,t,f,f,f,f,f,f,f,t,2.1,t,2.5,t,131.0,t,1.03,t,126.0,f,,other,-,860206031,0
78.0,F,f,f,f,f,f,f,f,f,f,f,f,f,f,f,t,1.8,t,2.3,t,116.0,t,1.08,t,107.0,f,,other,-,860206032,0
63.0,M,f,f,f,f,f,f,f,t,f,f,f,f,f,f,t,3.0,t,1.7,t,93.0,t,0.64,t,146.0,f,,other,-,860206033,0
62.0,F,f,t,f,f,f,f,f,f,f,f,f,f,f,f,f,,f,,t,69.0,t,0.87,t,79.0,f,,other,-,860206034,0
67.0,F,t,f,f,f,f,f,f,f,f,f,f,f,f,f,t,0.98,t,1.6,t,147.0,t,0.89,t,165.0,f,,other,-,860206035,0
67.0,F,f,f,f,f,f,f,f,f,f,f,f,f,f,f,t,1.9,t,2.5,t,102.0,t,0.93,t,110.0,f,,other,-,860206036,0
57.0,F,t,f,f,f,f,f,f,t,f,f,f,f,f,f,t,0.57,t,2.7,t,189.0,t,1.35,t,140.0,f,,other,-,860206042,0
16.0,F,t,f,f,f,f,f,f,f,f,f,f,t,f,f,t,29.0,t,1.9,t,58.0,t,1.03,t,56.0,f,,other,F,860206043,1
61.0,F,t,f,f,f,f,f,f,f,f,f,f,f,f,f,t,0.85,t,2.3,t,66.0,t,1.07,t,62.0,f,,other,-,860206044,0
71.0,F,f,f,f,f,f,f,f,f,f,f,f,f,f,f,t,0.49,t,2.0,t,123.0,f,,f,,f,,other,-,860206054,0
70.0,F,f,f,f,f,f,f,f,f,t,f,f,f,f,f,t,0.6,t,2.8,t,122.0,t,1.09,t,112.0,f,,other,-,860206060,0
42.0,F,f,f,f,f,f,f,f,f,f,f,f,f,f,f,t,0.73,f,,t,127.0,t,1.05,t,121.0,f,,other,-,860206062,0
54.0,M,f,f,f,f,f,f,f,f,f,f,f,f,f,f,t,0.72,f,,t,120.0,t,0.97,t,123.0,f,,SVI,-,860206070,0
66.0,F,f,f,f,f,f,f,f,f,f,f,f,f,f,f,t,2.8,t,2.3,t,119.0,t,0.9,t,132.0,f,,SVI,-,860206071,0
66.0,F,f,f,f,f,f,f,f,f,f,f,f,f,f,f,t,1.9,t,0.6,t,86.0,t,0.87,t,100.0,f,,SVI,K,860206072,1
56.0,F,f,f,f,f,f,f,f,f,f,f,f,f,f,f,t,0.51,t,1.2,t,76.0,t,0.74,t,102.0,f,,SVI,-,860206073,0
85.0,F,f,f,f,f,f,f,f,f,f,f,f,f,f,f,t,114.0,t,0.3,t,24.0,t,0.61,t,39.0,f,,SVI,F,860206074,1
61.0,F,t,f,f,f,f,f,f,f,f,f,f,f,f,f,t,0.18,t,1.5,t,90.0,t,0.79,t,115.0,f,,SVI,-,860206075,0
38.0,F,f,f,f,f,f,f,f,t,f,f,f,f,f,f,t,1.8,t,1.6,t,131.0,f,,f,,f,,other,-,860206078,0
43.0,F,f,f,f,f,f,f,f,f,f,f,t,f,f,f,f,,f,,t,96.0,t,0.95,t,100.0,f,,other,-,860206088,0
46.0,M,f,f,f,f,f,f,f,f,f,f,f,t,f,f,t,0.01,t,4.7,t,141.0,t,0.9,t,156.0,f,,other,-,860206090,0
65.0,F,t,f,f,f,f,f,t,f,t,f,f,f,f,f,t,2.1,t,1.7,t,164.0,t,1.09,t,151.0,f,,other,-,860206092,0
78.0,F,t,f,f,f,f,f,f,f,f,f,f,f,f,f,t,7.2,t,1.4,t,131.0,t,1.09,t,121.0,f,,other,M,860206094,1
42.0,F,f,f,f,f,f,t,f,f,f,f,f,f,f,f,t,9.099999,f,,t,120.0,t,1.07,t,112.0,f,,other,-,860206096,0
42.0,M,t,f,f,f,f,f,f,f,f,f,f,f,f,f,t,55.0,f,,t,77.0,t,0.97,t,80.0,f,,other,M,860206097,1
42.0,M,f,f,f,f,f,f,f,f,f,f,f,f,f,f,t,0.92,t,1.6,t,89.0,t,0.82,t,108.0,f,,other,-,860207002,0
26.0,F,f,f,f,f,t,f,f,f,f,f,f,t,f,f,t,0.41,f,,t,177.0,t,1.49,t,119.0,f,,STMW,I,860207003,1
48.0,F,f,f,f,f,f,f,f,f,f,f,f,f,f,f,t,0.96,t,1.5,t,77.0,t,1.15,t,67.0,f,,STMW,-,860207004,0
26.0,F,f,f,f,f,t,f,f,f,f,f,f,t,f,f,t,1.2,f,,t,131.0,t,1.53,t,86.0,f,,STMW,I,860207005,1
61.0,M,f,f,f,f,f,f,f,f,f,f,f,f,f,f,t,1.6,t,1.1,t,113.0,t,1.13,t,100.0,f,,SVI,K,860207008,1
69.0,M,f,f,f,f,f,f,f,f,f,f,f,f,f,f,t,0.34,f,,t,115.0,t,1.02,t,113.0,f,,other,-,860207009,0
63.0,M,f,f,f,f,f,f,f,f,f,f,f,f,f,f,t,2.6,f,,t,48.0,t,0.55,t,87.0,f,,SVI,J,860207010,1
40.0,M,f,f,f,f,f,f,f,f,f,f,f,f,f,f,t,1.5,f,,t,93.0,t,0.91,t,102.0,f,,other,-,860207011,0
40.0,,f,f,f,f,f,f,f,f,f,f,f,f,f,f,t,33.0,t,3.2,f,,f,,f,,f,,other,-,860207012,0
40.0,,f,f,f,f,f,f,f,f,f,f,f,f,f,f,f,,f,,t,71.0,t,1.01,t,70.0,f,,other,-,860207013,0
24.0,F,f,f,f,f,f,f,f,f,f,f,f,f,f,f,t,1.8,f,,t,99.0,t,1.01,t,98.0,f,,other,-,860207015,0
23.0,F,f,f,f,f,f,f,f,f,f,f,f,f,f,f,t,4.0,t,2.7,t,132.0,t,1.39,t,96.0,f,,other,-,860207029,0
62.0,M,f,f,f,f,f,f,f,f,f,f,f,f,f,f,t,1.5,t,1.3,t,71.0,f,,f,,f,,other,-,860207034,0
53.0,F,f,f,f,f,f,f,f,f,f,f,f,f,f,f,t,0.33,t,0.4,t,83.0,t,0.54,t,154.0,f,,SVI,K,860207042,1
64.0,M,f,f,f,t,f,f,f,f,f,f,f,f,f,f,t,0.91,t,1.1,t,170.0,t,0.96,t,176.0,f,,other,R,860207051,1
27.0,F,f,f,f,f,f,f,f,f,f,f,f,f,f,f,t,0.76,t,2.5,t,160.0,t,1.38,t,116.0,f,,other,I,860207052,1
76.0,M,f,f,f,t,f,f,f,f,f,f,f,f,f,f,f,,f,,t,98.0,t,1.12,t,87.0,f,,other,-,860207058,0
31.0,F,f,f,f,f,f,f,f,f,f,f,f,f,f,f,t,3.9,f,,t,106.0,t,1.15,t,93.0,f,,SVI,-,860207067,0
38.0,M,f,f,f,f,f,f,f,f,f,f,f,f,f,f,t,0.87,t,1.8,t,107.0,t,0.88,t,121.0,f,,SVHC,-,860207069,0
28.0,M,f,f,f,f,f,f,f,f,f,f,f,f,f,f,t,4.6,t,1.5,t,92.0,t,1.02,t,90.0,f,,SVHC,-,860207070,0
28.0,M,f,f,f,f,f,f,f,f,f,f,f,f,f,f,t,0.96,t,1.4,t,105.0,t,1.01,t,105.0,f,,SVI,-,860207071,0
68.0,F,f,f,f,f,f,f,f,f,f,f,f,f,f,f,t,3.9,t,1.6,t,139.0,t,0.93,t,150.0,f,,SVHC,-,860207072,0
79.0,F,t,f,f,f,f,f,f,t,f,f,f,f,f,f,t,13.0,t,0.7,t,124.0,t,1.02,t,122.0,f,,other,MK,860207074,1
43.0,F,f,f,f,f,f,t,f,f,f,f,f,f,f,f,t,0.52,t,0.05,t,46.0,t,0.53,t,86.0,f,,SVI,J,860207075,1
43.0,M,f,f,f,f,f,f,f,f,f,f,f,f,f,f,t,0.93,f,,t,81.0,t,0.84,t,97.0,f,,other,-,860207081,0
43.0,F,f,f,f,f,f,f,f,f,f,f,f,f,f,f,t,2.4,t,1.7,t,138.0,t,1.02,t,136.0,f,,SVHC,-,860207082,0
74.0,F,f,f,f,f,f,f,f,f,f,f,f,f,f,f,t,6.4,t,0.9,t,102.0,t,0.97,t,106.0,f,,other,GK,860207084,1
53.0,F,f,f,f,f,f,f,f,f,f,f,f,f,f,f,t,0.36,t,0.4,t,82.0,t,0.59,t,140.0,f,,SVI,K,860210002,1
53.0,M,f,f,f,f,f,f,f,f,f,f,f,f,f,f,t,3.3,t,1.5,t,39.0,t,0.85,t,46.0,f,,SVHC,R,860210003,1
44.0,F,f,f,f,f,f,f,f,f,f,f,f,t,f,f,f,,f,,f,,f,,f,,f,,other,-,860210006,0
44.0,F,f,f,f,f,f,f,f,f,f,f,f,f,f,f,t,1.4,f,,t,94.0,t,0.9,t,105.0,f,,other,-,860210007,0
,M,f,f,f,f,f,f,f,f,f,f,f,f,f,f,t,0.38,t,2.0,t,113.0,t,1.08,t,104.0,f,,other,-,860210008,0
73.0,,f,f,f,f,f,f,f,f,f,f,f,f,f,f,t,2.1,f,,t,123.0,t,1.01,t,121.0,f,,other,-,860210009,0
37.0,F,f,f,f,f,f,f,f,f,f,f,f,f,f,f,t,1.2,f,,t,159.0,t,1.8,t,88.0,f,,STMW,I,860210010,1
33.0,F,f,f,f,f,f,f,f,f,f,f,f,f,f,f,t,0.66,f,,t,160.0,t,1.78,t,90.0,f,,STMW,I,860210011,1
76.0,F,f,f,f,f,f,f,f,f,f,f,f,t,f,f,t,0.72,f,,t,131.0,t,0.91,t,143.0,f,,SVI,-,860210015,0
69.0,M,f,f,f,f,f,f,f,f,f,f,f,f,f,f,t,12.0,t,0.7,t,84.0,t,0.7,t,121.0,f,,SVI,GK,860210016,1
75.0,M,f,f,f,f,f,f,f,f,f,f,f,f,f,f,t,49.0,t,0.3,t,5.0,t,1.17,t,4.0,f,,SVI,F,860210018,1
41.0,,f,f,f,f,f,f,f,f,t,f,f,f,f,f,t,0.55,t,1.7,t,110.0,t,1.07,t,102.0,f,,other,-,860210019,0
51.0,F,f,f,f,t,f,f,f,f,f,f,f,f,f,f,t,1.8,f,,t,104.0,t,1.06,t,98.0,f,,other,-,860210054,0
40.0,,f,f,f,f,f,f,f,f,f,f,f,f,f,f,t,0.63,f,,t,74.0,t,0.99,t,75.0,f,,other,-,860210058,0
40.0,M,f,f,f,f,f,f,f,f,f,f,f,f,f,f,t,1.03,t,2.0,t,98.0,t,0.95,t,103.0,f,,other,-,860210061,0
82.0,F,t,f,f,f,f,f,f,t,f,f,f,f,f,f,t,0.59,t,0.9,t,111.0,f,,f,,f,,other,K,860210062,1
20.0,M,f,f,f,f,f,f,f,f,f,f,f,f,f,f,t,1.2,t,1.5,t,103.0,t,1.1,t,93.0,f,,SVHC,-,860210063,0
20.0,F,f,f,f,f,f,f,f,f,f,f,f,f,f,f,t,5.9,f,,t,114.0,t,1.31,t,87.0,f,,other,I,860210064,1
20.0,F,f,f,f,f,f,f,f,f,f,f,f,f,f,f,t,1.1,f,,t,95.0,t,0.95,t,100.0,f,,other,-,860210065,0
57.0,F,f,f,f,f,f,f,f,f,f,f,f,f,f,f,t,1.8,f,,t,83.0,t,0.76,t,108.0,f,,SVI,-,860210066,0
62.0,M,f,f,f,f,f,f,f,f,f,f,f,f,f,f,t,4.6,f,,t,96.0,t,1.01,t,95.0,f,,SVI,-,860210067,0
81.0,F,f,f,f,f,f,f,f,f,f,f,f,f,f,f,t,10.0,t,0.05,t,91.0,t,0.97,t,93.0,f,,other,GK,860210068,1
57.0,F,f,f,f,f,f,f,f,f,f,f,f,f,f,f,t,3.1,t,1.0,t,128.0,t,1.07,t,119.0,f,,SVI,K,860210069,1
39.0,,f,f,f,f,f,f,f,f,f,f,f,f,f,f,t,1.7,t,0.5,t,77.0,t,1.1,t,70.0,f,,SVI,K,860210070,1
15.0,F,f,f,f,f,f,f,f,f,f,f,f,f,f,f,t,0.68,f,,t,82.0,t,0.95,t,86.0,f,,other,-,860210071,0
59.0,M,f,f,f,f,f,f,f,f,f,f,f,f,f,f,t,2.3,t,0.8,t,99.0,t,1.08,t,92.0,f,,SVI,K,860210073,1
44.0,M,f,f,f,f,f,f,f,f,f,f,f,f,f,f,f,,f,,t,131.0,t,0.94,t,138.0,f,,other,-,860210074,0
66.0,M,f,f,f,f,f,f,f,f,f,f,f,f,f,f,t,1.2,f,,t,98.0,t,0.76,t,130.0,f,,other,-,860211004,0
47.0,M,t,f,f,f,f,f,f,f,f,f,f,f,f,f,t,3.0,f,,t,123.0,t,1.02,t,120.0,f,,other,-,860211005,0
52.0,M,f,f,f,f,f,f,f,f,f,f,f,f,f,f,t,3.0,f,,t,125.0,t,0.9,t,138.0,f,,other,-,860211006,0
43.0,F,f,f,f,f,f,f,f,f,f,f,f,f,f,f,t,8.299999,t,1.9,t,95.0,t,1.17,t,81.0,f,,other,G,860211012,1
58.0,F,f,f,f,f,f,f,f,f,f,f,f,f,f,t,t,2.7,t,1.4,t,120.0,t,0.85,t,141.0,f,,SVHC,-,860211013,0
58.0,F,f,f,f,f,f,f,f,f,f,f,f,f,f,f,t,0.64,f,,t,98.0,t,0.63,t,156.0,f,,other,-,860211014,0
91.0,F,f,f,f,f,f,f,f,f,f,f,f,f,f,f,t,4.7,t,1.4,t,101.0,t,0.88,t,115.0,f,,other,-,860211015,0
33.0,F,f,f,f,f,f,f,f,f,t,f,f,f,f,f,t,0.025,t,5.3,t,278.0,t,0.78,t,356.0,f,,other,A,860211018,1
49.0,F,f,f,f,f,f,f,f,f,f,f,f,f,f,f,f,,f,,t,87.0,t,0.84,t,103.0,f,,other,-,860211043,0
63.0,F,f,f,f,f,f,f,f,f,t,f,f,t,f,f,t,0.09,t,4.9,t,221.0,t,0.93,t,237.0,f,,other,-,860211044,0
57.0,F,f,f,f,f,f,f,f,f,f,f,f,f,f,f,t,2.7,f,,t,123.0,t,0.89,t,139.0,f,,SVI,-,860211045,0
73.0,F,f,f,f,f,f,f,f,f,f,f,f,f,f,f,t,1.6,f,,t,107.0,t,0.93,t,115.0,f,,SVI,-,860211047,0
65.0,F,f,f,f,f,f,f,f,f,f,f,f,f,f,f,t,0.1,f,,t,145.0,t,1.05,t,137.0,f,,SVI,-,860211048,0
65.0,F,f,f,f,f,f,f,f,f,f,f,f,f,f,f,t,7.0,f,,t,116.0,t,0.9,t,128.0,f,,SVI,G,860211051,1
85.0,F,f,f,f,f,f,f,f,t,f,f,f,f,f,f,t,197.0,f,,f,,f,,f,,f,,SVI,F,860211052,1
63.0,,f,f,f,f,f,f,f,f,f,f,f,f,f,f,t,3.4,f,,t,96.0,t,0.91,t,105.0,f,,other,-,860211056,0
25.0,F,t,f,f,f,f,f,f,f,f,f,f,f,f,f,t,1.6,t,1.7,t,123.0,t,1.06,t,116.0,f,,other,-,860211064,0
39.0,F,f,f,f,f,f,f,f,f,f,f,f,f,f,f,t,1.3,t,1.2,t,58.0,t,0.84,t,68.0,f,,other,-,860211066,0
85.0,,f,f,f,f,f,f,f,f,f,f,f,f,f,f,t,197.0,f,,t,14.0,t,0.62,t,23.0,f,,SVI,F,860211068,1
31.0,F,f,f,f,f,f,f,f,f,f,f,f,f,f,f,t,1.4,f,,t,112.0,t,1.14,t,98.0,f,,other,-,860211069,0
49.0,F,f,f,f,f,f,f,f,t,f,f,f,f,f,f,t,2.4,f,,t,90.0,t,0.92,t,98.0,f,,other,-,860212019,0
22.0,F,t,f,f,f,f,f,f,f,f,f,f,f,f,f,t,0.3,f,,t,159.0,t,1.04,t,153.0,f,,other,-,860212020,0
76.0,F,f,f,f,f,f,f,f,t,f,f,f,f,f,f,t,0.76,t,0.8,t,96.0,t,0.86,t,111.0,f,,other,K,860212030,1
49.0,M,f,f,f,f,f,f,f,f,f,f,f,f,f,f,t,96.0,t,0.4,t,2.9,t,1.2,t,2.4,f,,SVI,F,860212037,1
65.0,F,f,f,f,f,f,f,f,t,f,f,f,f,f,f,t,0.05,f,,t,147.0,t,1.14,t,129.0,f,,other,-,860212047,0
95.0,F,f,f,f,f,f,f,f,f,f,f,f,f,f,f,t,0.96,t,0.8,t,103.0,t,0.89,t,116.0,f,,SVI,K,860212049,1
70.0,M,f,f,f,t,f,f,f,f,f,f,f,f,f,f,t,1.4,t,1.0,t,77.0,t,0.72,t,107.0,f,,SVI,K,860212050,1
75.0,F,f,f,f,t,f,f,f,f,f,f,f,f,f,f,t,1.1,f,,t,91.0,t,0.79,t,114.0,f,,other,-,860212051,0
60.0,M,f,f,f,f,f,f,f,f,f,f,f,f,f,f,t,1.2,t,1.6,t,100.0,t,0.86,t,117.0,f,,SVI,-,860212052,0
71.0,M,f,f,f,f,f,f,f,f,f,f,f,f,f,f,t,0.11,f,,t,105.0,t,0.74,t,143.0,f,,other,-,860212055,0
71.0,F,f,f,f,f,f,f,f,f,f,f,f,f,f,f,t,3.0,f,,t,93.0,t,0.77,t,121.0,f,,SVI,-,860212057,0
31.0,F,f,f,f,f,f,f,f,f,f,f,f,f,f,f,t,1.4,f,,t,113.0,t,1.17,t,96.0,f,,other,-,860212059,0
48.0,M,f,f,f,f,f,f,f,f,f,f,f,f,f,f,t,1.6,t,2.3,t,82.0,t,0.89,t,91.0,f,,SVHC,-,860212060,0
56.0,M,f,f,f,f,f,f,f,f,f,f,f,f,f,f,t,1.1,t,2.6,t,142.0,t,0.96,t,149.0,f,,SVI,-,860212062,0
56.0,F,f,f,f,f,f,f,f,f,f,f,f,f,f,f,t,2.2,t,1.3,t,97.0,t,0.85,t,115.0,f,,other,-,860212063,0
56.0,M,f,t,f,t,f,f,f,f,f,f,f,f,f,f,f,,f,,t,98.0,t,0.86,t,115.0,f,,other,-,860212064,0
39.0,F,f,f,f,f,f,f,f,f,f,f,f,f,f,f,t,5.7,f,,t,97.0,t,1.0,t,96.0,f,,other,-,860212065,0
58.0,F,f,f,f,t,f,f,f,f,f,f,f,f,f,f,f,,f,,t,106.0,t,1.13,t,94.0,f,,other,-,860212069,0
42.0,F,f,f,f,f,f,f,f,f,f,f,f,f,f,f,f,,f,,f,,f,,f,,t,22.0,other,-,860213003,0
72.0,F,f,f,f,f,f,f,f,f,f,f,f,f,f,f,t,0.06,t,0.8,t,61.0,t,0.98,t,62.0,f,,SVI,-,860213007,0
74.0,F,f,f,f,f,f,f,f,f,f,f,f,f,f,f,t,0.59,t,2.0,t,130.0,t,1.02,t,128.0,f,,other,-,860213017,0
70.0,,f,f,f,f,f,f,f,t,f,f,f,f,f,f,t,11.5,t,1.0,t,128.0,t,0.96,t,133.0,f,,other,GK,860213020,1
71.0,F,f,f,f,f,f,f,f,f,f,f,f,f,f,f,t,1.01,t,2.5,t,125.0,t,1.02,t,122.0,f,,other,-,860213023,0
75.0,F,f,f,f,f,f,f,f,t,f,f,f,f,f,f,t,1.5,f,,t,102.0,t,1.18,t,87.0,f,,other,-,860213033,0
55.0,F,f,f,f,f,f,f,f,f,t,f,f,f,f,f,t,0.02,t,2.8,t,105.0,f,,f,,f,,other,-,860213034,0
57.0,M,f,t,f,f,f,f,f,f,f,f,f,f,f,f,f,,f,,t,105.0,t,0.94,t,111.0,f,,other,-,860213036,0
57.0,M,f,f,f,f,f,f,f,f,f,f,f,f,f,f,t,0.97,f,,t,79.0,t,0.74,t,107.0,f,,other,-,860213037,0
33.0,F,f,f,f,f,f,f,f,f,f,f,f,f,f,f,t,0.02,t,3.7,t,46.0,t,0.92,t,51.0,f,,other,I,860213038,1
49.0,M,f,f,f,f,f,f,f,f,f,f,f,f,f,f,f,,f,,t,91.0,t,0.88,t,103.0,f,,other,-,860213066,0
50.0,F,f,f,t,f,f,f,f,f,t,f,f,f,f,f,t,5.5,t,1.6,t,44.0,t,1.08,t,40.0,f,,other,O,860213067,1
82.0,M,f,f,f,f,f,f,f,f,f,f,f,f,f,f,t,0.32,t,1.6,t,98.0,t,0.89,t,110.0,f,,SVI,-,860213069,0
40.0,M,f,f,f,f,f,f,f,f,f,f,f,f,f,f,t,1.3,t,1.8,t,81.0,t,0.85,t,95.0,f,,SVHC,-,860213070,0
36.0,M,f,f,f,f,f,f,f,f,f,f,f,f,f,f,t,0.5,t,2.7,t,163.0,t,1.04,t,156.0,f,,SVHC,R,860213071,1
73.0,F,f,f,f,f,f,f,f,f,f,f,f,f,f,f,t,1.9,f,,t,119.0,t,0.9,t,132.0,f,,SVI,-,860213073,0
74.0,M,f,f,f,f,f,f,f,t,f,f,f,f,f,f,t,4.4,t,2.4,t,115.0,t,1.14,t,101.0,f,,SVI,-,860213074,0
56.0,F,f,t,f,f,f,f,f,f,f,f,f,f,f,f,t,1.2,f,,t,120.0,t,0.98,t,122.0,f,,other,-,860213077,0
47.0,F,t,f,f,f,f,f,f,f,f,f,f,f,f,f,t,0.25,f,,t,139.0,t,1.04,t,134.0,f,,other,-,860213079,0
63.0,M,t,f,f,f,f,f,f,f,f,f,f,f,f,f,t,0.07,f,,t,100.0,t,0.95,t,106.0,f,,other,-,860213083,0
77.0,M,t,f,f,f,f,f,t,t,f,f,f,f,f,f,t,1.9,t,1.6,t,114.0,t,0.99,t,114.0,f,,other,-,860213089,0
19.0,F,f,f,f,f,f,f,f,f,f,f,f,f,f,f,f,,f,,t,98.0,t,1.04,t,94.0,f,,other,-,860213091,0
19.0,F,f,f,f,f,f,f,f,f,f,f,f,f,f,f,t,1.7,f,,f,,f,,f,,f,,other,-,860213092,0
62.0,M,f,f,f,f,f,f,f,f,f,f,t,f,f,f,t,0.02,f,,t,127.0,t,0.95,t,134.0,f,,other,-,860213093,0
56.0,F,t,f,f,f,f,t,f,f,f,f,f,t,f,f,t,0.47,f,,t,125.0,t,1.05,t,119.0,f,,other,-,860213097,0
27.0,F,f,f,f,f,f,f,f,f,f,f,f,f,f,f,t,1.3,t,3.8,t,146.0,t,1.42,t,103.0,f,,STMW,I,860213102,1
18.0,F,t,f,f,f,f,f,f,t,f,f,f,f,f,f,t,0.74,t,2.3,t,143.0,t,1.15,t,124.0,f,,STMW,-,860213103,0
35.0,F,f,f,f,f,f,f,f,t,f,f,f,f,f,f,t,3.7,t,2.8,t,190.0,t,1.4,t,136.0,f,,SVI,I,860214006,1
63.0,F,f,f,f,f,f,f,f,f,f,f,f,f,f,f,t,2.2,f,,t,116.0,t,0.98,t,118.0,f,,other,-,860214007,0
81.0,M,f,f,f,f,f,f,f,f,f,f,f,f,f,f,t,2.2,f,,t,138.0,t,0.84,t,165.0,f,,SVI,-,860214008,0
71.0,M,f,f,f,f,f,f,f,f,f,f,f,f,f,f,t,0.08,f,,t,108.0,t,0.8,t,134.0,f,,SVI,-,860214009,0
58.0,F,f,f,f,f,f,f,f,f,f,f,f,f,f,f,t,1.6,t,2.0,t,119.0,t,1.11,t,107.0,f,,SVI,-,860214010,0
57.0,F,f,f,f,f,f,f,f,t,f,f,f,f,f,f,t,1.7,f,,t,118.0,t,1.11,t,106.0,f,,other,-,860214012,0
35.0,F,f,f,f,f,t,f,f,f,f,f,f,f,f,f,t,1.1,t,2.8,t,127.0,t,1.58,t,80.0,f,,STMW,-,860214019,0
41.0,F,f,f,f,f,f,f,f,f,f,f,f,f,f,f,t,1.5,t,2.0,t,79.0,f,,f,,f,,STMW,-,860214021,0
50.0,M,f,t,f,f,f,f,f,f,f,f,f,f,f,f,t,0.3,f,,t,157.0,t,1.2,t,131.0,f,,other,L,860214052,1
74.0,F,t,f,f,f,f,f,f,t,f,f,f,f,f,f,t,2.9,t,1.5,t,96.0,t,0.84,t,114.0,f,,SVI,-,860214059,0
61.0,F,f,f,f,t,f,f,f,f,f,f,f,f,f,f,t,1.0,t,1.4,t,118.0,t,1.02,t,116.0,f,,SVI,-,860214060,0
64.0,F,f,f,f,f,f,f,f,f,f,f,f,f,f,f,t,0.92,t,1.9,t,162.0,t,1.07,t,151.0,f,,SVI,-,860214061,0
29.0,F,f,f,f,f,f,f,f,f,f,f,f,f,f,f,t,1.5,t,2.5,t,100.0,t,0.93,t,107.0,f,,other,-,860217001,0
28.0,F,f,f,f,f,f,f,f,f,f,f,f,f,f,f,f,,f,,f,,f,,f,,t,37.0,other,S,860217018,1
35.0,M,f,f,f,f,f,f,f,f,f,f,f,f,f,f,t,1.3,t,2.5,t,126.0,t,1.13,t,112.0,f,,SVHC,-,860217019,0
35.0,M,f,f,f,t,f,f,f,f,f,f,f,f,f,f,t,2.5,t,1.8,t,77.0,f,,f,,f,,other,-,860217020,0
66.0,F,f,f,f,f,f,f,f,t,f,f,f,f,f,f,t,1.2,t,1.2,t,93.0,t,1.25,t,74.0,f,,other,-,860217021,0
51.0,F,f,f,f,f,f,f,f,f,f,f,f,f,f,f,t,131.0,t,0.3,t,8.4,t,1.01,t,8.299999,f,,other,F,860217022,1
16.0,F,f,f,f,f,f,f,f,f,t,f,f,f,f,f,t,1.5,t,1.9,t,106.0,t,1.04,t,104.0,f,,other,-,860217034,0
16.0,F,f,f,f,f,f,f,f,f,f,f,f,f,f,f,t,0.1,f,,t,143.0,f,,f,,f,,other,-,860217035,0
30.0,F,f,f,f,f,f,f,f,f,f,f,f,f,f,f,t,4.2,t,2.5,t,114.0,t,1.17,t,97.0,f,,other,-,860217042,0
43.0,F,f,f,f,f,f,f,f,f,f,f,f,f,f,f,f,,f,,t,101.0,t,1.13,t,90.0,f,,other,-,860217044,0
14.0,F,f,f,f,f,f,f,f,f,f,f,f,f,f,f,f,,f,,f,,f,,f,,t,18.0,other,-,860217050,0
42.0,M,t,f,f,f,f,f,f,f,t,f,f,f,f,f,t,8.9,t,1.3,t,75.0,t,0.74,t,102.0,f,,other,M,860217056,1
42.0,F,f,f,f,f,f,f,f,f,t,f,f,f,f,f,t,1.4,t,1.4,t,116.0,t,0.95,t,123.0,f,,other,-,860217058,0
60.0,M,f,f,t,f,f,f,f,f,f,f,f,f,f,f,t,0.1,t,6.9,t,132.0,f,,f,,f,,other,-,860217061,0
47.0,F,f,f,f,f,f,f,f,f,f,f,f,f,f,f,t,2.7,f,,t,82.0,t,1.01,t,82.0,f,,other,-,860217068,0
36.0,M,f,f,t,f,f,f,f,f,f,f,f,f,f,f,f,,t,3.0,t,71.0,t,0.85,t,84.0,f,,other,-,860217074,0
74.0,F,t,f,f,f,f,f,f,f,f,f,f,f,f,f,t,4.5,t,1.3,t,108.0,f,,f,,f,,other,-,860217088,0
24.0,F,f,f,f,f,f,f,f,f,f,f,f,f,f,f,t,3.6,f,,t,133.0,t,0.83,t,161.0,f,,SVI,-,860218002,0
24.0,F,f,f,f,f,f,f,f,f,f,f,f,f,f,f,t,3.8,f,,t,84.0,t,1.04,t,80.0,f,,SVI,-,860218003,0
24.0,F,f,f,f,f,f,f,f,f,f,f,f,f,f,f,t,5.6,f,,t,138.0,t,1.21,t,114.0,f,,SVI,-,860218004,0
50.0,M,f,f,f,f,f,f,f,f,f,f,f,f,f,f,t,0.97,f,,t,91.0,t,0.8,t,114.0,f,,other,-,860218005,0
75.0,M,f,f,f,f,f,f,f,f,f,f,f,f,f,f,t,3.7,t,2.0,t,112.0,t,0.97,t,115.0,f,,SVHC,-,860218007,0
40.0,F,f,f,f,f,f,f,f,f,f,f,f,f,f,f,t,1.2,f,,t,157.0,t,1.89,t,83.0,f,,STMW,I,860218012,1
20.0,F,f,f,t,f,f,f,f,f,t,f,f,f,f,f,t,0.03,t,2.0,t,92.0,t,1.03,t,89.0,f,,other,-,860218026,0
20.0,F,t,f,f,f,f,f,f,f,f,f,f,f,f,f,t,6.2,t,0.7,t,101.0,t,0.84,t,120.0,f,,other,MK,860218028,1
66.0,F,t,f,f,f,f,f,t,t,f,f,f,f,f,f,t,4.7,t,1.3,t,145.0,f,,f,,f,,other,-,860218045,0
28.0,F,f,f,t,f,f,f,f,f,t,f,f,f,f,f,t,3.0,t,2.1,t,136.0,f,,f,,f,,other,-,860218046,0
44.0,M,t,f,f,f,f,f,f,f,f,f,f,f,f,f,t,0.02,f,,t,172.0,t,0.99,t,174.0,f,,other,L,860218055,1
72.0,M,f,f,f,f,f,f,f,f,f,f,f,f,f,f,t,1.1,t,1.4,t,100.0,t,0.8,t,123.0,f,,SVI,-,860218060,0
76.0,F,f,f,f,f,f,f,f,f,t,f,f,f,f,f,t,1.0,t,1.9,t,130.0,t,1.21,t,107.0,f,,SVI,-,860218062,0
44.0,F,f,f,f,f,f,f,f,f,f,f,f,f,f,f,t,1.9,t,0.9,t,125.0,t,1.06,t,119.0,f,,SVI,K,860218063,1
58.0,F,f,f,f,f,f,f,f,f,f,f,f,f,f,f,t,3.3,t,1.8,t,106.0,t,0.95,t,111.0,f,,SVHC,-,860218064,0
57.0,M,f,f,f,f,f,f,f,f,f,f,f,f,f,f,t,1.5,t,1.2,t,97.0,t,0.97,t,100.0,f,,other,-,860218066,0
57.0,F,f,f,f,f,f,f,f,f,f,t,f,f,f,f,t,1.9,t,2.1,t,113.0,t,1.01,t,112.0,f,,other,-,860218068,0
82.0,M,f,f,f,f,f,f,f,f,f,f,f,f,f,f,t,1.6,f,,t,46.0,t,0.88,t,52.0,f,,SVI,K,860218069,1
61.0,F,t,f,f,f,f,f,f,f,t,f,f,f,f,f,t,0.03,f,,t,180.0,t,0.93,t,194.0,f,,other,N,860218070,1
61.0,M,f,f,f,f,f,f,f,f,f,f,f,f,f,f,t,8.799999,f,,t,166.0,t,1.28,t,130.0,f,,STMW,I,860219006,1
56.0,M,f,f,f,t,f,f,f,f,t,f,f,f,f,f,t,3.0,t,1.5,t,103.0,t,0.8,t,128.0,f,,SVI,-,860219007,0
15.0,F,f,f,f,f,f,f,f,f,f,f,f,f,f,f,t,1.9,f,,t,104.0,t,1.06,t,98.0,f,,other,-,860219008,0
70.0,F,f,f,f,f,f,f,f,f,f,f,f,f,f,f,t,0.62,t,2.5,t,111.0,t,1.25,t,88.0,f,,other,-,860219009,0
32.0,M,f,f,f,f,f,f,f,f,f,f,f,f,f,f,t,1.5,t,2.8,t,133.0,t,0.89,t,149.0,f,,SVHC,-,860219010,0
42.0,F,f,f,f,f,f,f,f,f,t,f,f,f,f,f,t,0.83,t,2.9,t,123.0,t,0.95,t,130.0,f,,other,-,860219011,0
76.0,M,f,f,f,f,f,f,f,f,f,f,f,f,f,t,t,2.6,t,2.2,t,162.0,t,1.04,t,156.0,f,,SVHC,R,860219012,1
71.0,F,f,f,f,f,f,f,f,f,f,f,f,f,f,f,t,1.6,t,2.0,t,81.0,t,0.76,t,106.0,f,,other,-,860219013,0
55.0,M,f,f,f,f,f,f,f,f,f,f,f,f,f,f,t,0.81,t,2.5,t,81.0,t,0.73,t,112.0,f,,other,-,860219014,0
69.0,F,f,f,f,f,f,f,f,f,f,f,f,f,f,f,t,0.5,t,1.0,t,111.0,t,0.85,t,131.0,f,,other,-,860219016,0
60.0,M,f,f,f,f,f,f,f,f,f,f,f,f,f,f,t,1.1,t,2.9,t,104.0,t,0.95,t,110.0,f,,SVHC,-,860219018,0
85.0,F,f,f,f,t,f,f,f,f,f,f,f,f,f,f,t,0.55,f,,t,24.0,t,1.11,t,22.0,f,,other,K,860219024,1
48.0,F,f,f,f,f,f,f,f,f,f,f,f,f,f,f,f,,f,,t,65.0,t,0.77,t,85.0,f,,other,-,860219027,0
41.0,F,f,f,f,f,f,f,f,f,f,f,f,f,f,f,f,,f,,f,,f,,f,,t,30.0,other,-,860219065,0
50.0,F,t,f,f,f,f,f,f,t,f,f,f,f,f,f,t,67.0,t,0.7,t,80.0,t,1.07,t,74.0,f,,other,MK,860219069,1
64.0,F,f,f,f,t,f,f,f,f,f,f,f,f,f,f,f,,f,,t,100.0,t,0.91,t,110.0,f,,other,-,860219078,0
29.0,F,f,t,f,f,f,f,f,t,f,f,f,f,f,f,t,20.0,f,,t,79.0,t,1.16,t,68.0,f,,other,G,860219080,1
51.0,F,f,f,f,f,f,f,f,f,f,f,f,f,f,f,t,0.63,f,,t,93.0,t,1.01,t,93.0,f,,other,-,860220004,0
26.0,M,f,f,f,f,f,f,f,f,f,f,f,f,f,f,t,1.6,t,2.3,t,115.0,t,0.85,t,136.0,f,,SVHC,-,860220007,0
69.0,M,f,f,f,f,f,f,f,f,f,f,f,f,f,f,t,1.6,f,,t,135.0,t,0.69,t,196.0,f,,SVI,-,860220008,0
64.0,F,f,f,f,f,f,f,f,f,f,f,f,f,f,f,t,8.2,t,1.4,t,127.0,t,1.11,t,114.0,f,,SVI,G,860220009,1
64.0,M,f,f,f,f,f,f,f,f,f,f,f,f,f,f,t,2.0,f,,t,116.0,t,1.01,t,115.0,f,,SVI,-,860220011,0
32.0,M,f,f,f,f,f,f,f,f,f,f,f,f,f,f,t,1.8,t,2.5,t,138.0,t,0.89,t,154.0,f,,SVHC,-,860220012,0
32.0,F,f,f,f,f,f,f,f,f,f,f,f,f,f,f,t,7.8,t,5.5,t,166.0,t,1.21,t,138.0,f,,SVI,-,860220013,0
32.0,F,f,f,f,f,f,f,f,f,f,f,t,f,f,f,t,1.6,t,1.7,t,102.0,t,0.89,t,115.0,f,,SVI,-,860220015,0
72.0,F,f,f,f,f,f,f,f,f,f,f,f,f,f,f,t,1.2,f,,t,123.0,t,0.93,t,133.0,f,,other,-,860220019,0
32.0,F,f,f,f,f,f,f,f,f,f,f,f,f,f,t,t,1.8,t,1.7,t,123.0,t,0.95,t,130.0,f,,SVHC,-,860220020,0
32.0,F,f,f,f,f,f,f,f,f,f,f,f,f,f,f,t,1.4,f,,t,75.0,t,0.78,t,96.0,f,,SVHC,-,860220023,0
42.0,M,f,f,f,f,f,f,f,f,t,f,f,f,f,f,t,0.045,t,3.1,t,119.0,t,0.8,t,149.0,f,,other,B,860220031,1
41.0,F,f,f,f,f,t,f,f,f,f,f,t,f,f,f,t,3.1,t,1.2,t,144.0,t,1.03,t,139.0,f,,other,-,860220032,0
41.0,F,f,f,f,f,f,f,f,f,f,f,f,f,f,f,t,1.7,t,1.8,t,135.0,t,0.94,t,145.0,f,,other,-,860220036,0
43.0,M,f,t,f,f,f,f,f,f,f,f,f,f,f,f,t,0.55,t,2.9,t,128.0,t,0.87,t,148.0,f,,other,-,860220038,0
68.0,F,f,f,f,f,f,f,f,f,f,f,f,f,f,f,t,0.1,f,,t,147.0,t,0.97,t,152.0,f,,other,-,860220041,0
46.0,F,f,f,f,f,f,f,f,f,f,f,f,f,f,f,t,1.3,f,,t,73.0,t,0.77,t,95.0,f,,other,-,860220046,0
59.0,F,f,f,f,f,f,f,f,f,f,f,f,f,f,f,t,3.8,f,,t,182.0,t,1.5,t,121.0,f,,SVI,I,860220052,1
40.0,F,f,f,f,f,f,f,f,f,f,f,f,f,f,f,t,0.85,f,,t,103.0,t,0.87,t,118.0,f,,other,-,860220053,0
40.0,F,f,f,f,f,f,f,f,f,f,f,f,f,f,f,t,1.1,f,,t,139.0,f,,f,,f,,other,-,860220054,0
40.0,F,f,f,f,f,f,f,f,f,f,f,f,f,f,f,t,0.81,f,,t,107.0,t,1.0,t,108.0,f,,other,-,860220057,0
72.0,F,t,f,f,f,f,f,f,f,f,f,f,f,f,f,t,85.0,t,0.6,t,22.0,t,1.11,t,20.0,f,,other,F,860220059,1
33.0,F,t,f,f,f,f,f,f,f,f,f,t,t,f,f,t,1.2,t,2.2,t,117.0,t,0.94,t,126.0,f,,other,-,860220070,0
71.0,F,f,f,f,f,f,f,f,f,f,f,f,f,f,f,f,,t,6.2,f,,f,,f,,f,,other,-,860221003,0
58.0,F,f,f,t,f,f,f,f,f,f,f,f,f,f,f,t,1.8,t,2.2,t,78.0,t,0.97,t,79.0,f,,other,-,860221006,0
43.0,F,t,f,f,f,f,f,f,t,f,f,f,f,f,f,t,2.8,f,,t,117.0,t,0.77,t,151.0,f,,other,-,860221009,0
20.0,F,f,f,f,f,f,f,f,f,f,f,f,f,f,f,f,,f,,t,101.0,t,1.08,t,94.0,f,,other,-,860221010,0
37.0,F,f,f,f,f,f,f,f,f,f,f,f,f,f,f,t,1.8,f,,t,118.0,t,0.88,t,133.0,f,,STMW,-,860221011,0
79.0,F,f,t,f,f,f,f,f,f,f,f,f,f,f,f,t,1.7,t,0.3,t,92.0,t,0.44,t,206.0,f,,other,KJ,860221015,1
72.0,M,f,t,f,f,f,f,f,f,f,f,f,f,f,f,t,1.1,t,1.0,t,53.0,t,0.61,t,87.0,f,,other,K,860221016,1
48.0,F,f,f,f,f,f,f,f,f,f,f,f,f,f,f,t,1.0,t,3.3,t,157.0,t,1.28,t,123.0,f,,other,I,860221020,1
35.0,M,t,f,f,f,f,f,f,f,f,f,f,f,f,f,t,2.1,f,,t,115.0,t,0.96,t,121.0,f,,other,-,860221021,0
83.0,M,f,f,f,f,f,f,f,f,f,f,f,f,f,t,t,5.2,t,1.8,t,107.0,t,1.02,t,104.0,f,,SVHC,-,860221022,0
60.0,M,f,f,f,f,f,f,f,f,f,f,f,f,f,f,t,0.52,t,2.6,t,119.0,t,1.04,t,114.0,f,,other,-,860221050,0
85.0,M,f,f,f,f,f,f,f,f,f,f,f,f,f,f,t,1.4,t,0.6,t,124.0,t,0.96,t,129.0,f,,other,K,860221051,1
38.0,F,f,f,f,f,f,f,f,f,f,f,f,f,f,f,t,1.5,t,3.2,t,136.0,t,0.91,t,149.0,f,,SVHC,I,860221052,1
81.0,F,f,f,f,f,f,f,f,t,f,f,f,f,f,f,t,2.3,t,2.4,t,155.0,t,1.13,t,137.0,f,,other,-,860221054,0
60.0,M,f,f,f,f,f,f,f,f,f,f,f,f,f,f,t,1.8,t,0.7,t,76.0,t,0.75,t,102.0,f,,SVI,K,860221055,1
39.0,F,f,f,f,t,f,f,f,f,f,f,f,f,f,f,t,7.1,f,,t,106.0,t,0.94,t,114.0,f,,other,G,860221056,1
58.0,F,f,f,f,f,f,f,f,f,t,f,f,f,f,f,t,0.045,t,2.7,t,108.0,t,0.72,t,149.0,f,,other,-,860221057,0
67.0,F,f,f,f,f,f,f,f,f,f,f,f,f,f,f,t,2.1,t,1.8,t,98.0,f,,f,,f,,SVI,-,860221058,0
36.0,F,f,f,f,f,f,f,f,f,f,f,f,t,f,f,f,,f,,f,,f,,f,,t,35.0,other,S,860221062,1
42.0,F,f,f,f,f,f,f,f,f,f,f,f,f,f,f,f,,t,2.5,t,60.0,t,0.91,t,65.0,f,,SVI,-,860221077,0
75.0,M,f,f,f,f,f,f,f,f,f,f,f,f,f,f,t,2.6,f,,t,94.0,t,0.77,t,123.0,f,,other,-,860221090,0
86.0,F,f,f,f,f,f,f,f,t,f,f,f,f,f,f,t,1.2,t,1.2,t,128.0,t,0.94,t,137.0,f,,other,-,860221091,0
56.0,F,f,f,f,f,f,f,f,f,f,t,f,f,f,f,t,1.8,t,1.0,t,112.0,t,0.98,t,113.0,f,,SVHC,K,860221092,1
72.0,M,f,f,f,f,f,f,f,f,f,f,f,f,f,f,t,1.9,f,,t,86.0,t,1.09,t,79.0,f,,other,-,860221093,0
47.0,F,f,f,f,f,f,f,f,f,t,f,f,f,f,f,t,0.38,t,3.4,t,144.0,t,1.26,t,114.0,f,,other,-,860221101,0
30.0,M,f,f,f,f,f,f,f,f,f,f,f,f,f,f,f,,f,,t,80.0,t,0.86,t,93.0,f,,other,-,860221102,0
41.0,F,t,f,f,f,f,f,f,t,f,f,f,f,f,f,t,0.06,f,,t,159.0,t,0.94,t,169.0,f,,other,L,860221104,1
45.0,F,f,f,f,f,f,f,f,f,f,f,f,f,f,f,t,0.11,f,,t,147.0,t,1.16,t,127.0,f,,other,-,860224003,0
70.0,M,t,t,f,f,f,f,f,t,f,f,f,f,f,f,t,9.5,t,0.5,t,99.0,t,0.59,t,169.0,f,,other,-,860224004,0
66.0,M,f,f,f,f,f,f,f,f,f,f,f,f,f,f,t,0.32,t,1.7,t,152.0,t,1.13,t,135.0,f,,SVI,-,860224011,0
66.0,F,f,f,f,f,f,f,f,f,f,f,f,f,f,f,t,2.1,t,2.8,t,148.0,t,1.49,t,99.0,f,,other,-,860224012,0
29.0,F,f,f,f,f,f,f,f,f,f,f,f,f,f,f,t,0.68,t,2.0,t,142.0,t,1.05,t,135.0,f,,other,-,860224022,0
33.0,F,f,f,f,f,f,f,f,f,f,f,f,f,f,f,f,,f,,f,,f,,f,,t,23.0,other,-,860224028,0
51.0,F,f,f,f,f,f,f,f,f,f,f,f,f,f,f,t,2.7,t,2.9,t,136.0,t,1.2,t,114.0,f,,other,-,860224032,0
50.0,,f,f,f,f,f,f,f,t,f,f,f,f,f,f,t,2.8,t,1.5,t,84.0,t,1.02,t,82.0,f,,other,-,860224033,0
70.0,F,f,f,f,f,f,f,f,f,f,f,f,f,f,f,t,0.045,f,,t,159.0,t,1.04,t,153.0,f,,other,-,860224034,0
61.0,F,f,f,f,f,f,f,f,f,f,f,f,f,f,f,t,29.0,t,2.4,t,58.0,t,0.98,t,59.0,f,,other,F,860224040,1
80.0,F,f,f,f,f,f,f,f,f,f,f,f,t,f,f,t,0.75,t,2.1,t,129.0,t,1.06,t,122.0,f,,other,-,860224046,0
60.0,F,f,f,f,f,f,f,f,f,t,f,f,f,f,f,t,0.85,f,,t,196.0,t,1.73,t,113.0,f,,other,I,860225003,1
37.0,F,f,f,f,f,f,f,f,f,f,f,f,f,f,f,t,1.4,t,1.3,t,102.0,t,0.93,t,110.0,f,,other,-,860225005,0
45.0,M,f,f,f,f,f,f,f,f,f,f,f,f,f,f,t,1.1,t,1.6,t,123.0,t,1.02,t,120.0,f,,other,-,860225007,0
45.0,F,f,f,f,f,f,f,f,f,f,f,f,f,f,t,t,2.0,t,2.6,t,108.0,t,0.96,t,113.0,f,,SVHC,-,860225008,0
53.0,F,f,f,f,f,f,f,f,f,t,f,f,f,f,f,t,5.1,t,2.4,t,105.0,t,1.31,t,80.0,f,,other,-,860225024,0
35.0,F,f,f,f,f,f,f,f,f,f,f,f,f,f,f,t,5.0,f,,t,93.0,t,0.99,t,93.0,f,,other,-,860225032,0
72.0,F,f,f,f,f,f,f,f,f,t,f,f,f,f,f,t,1.1,t,2.2,t,116.0,t,1.03,t,112.0,f,,SVI,-,860225036,0
63.0,F,f,f,f,f,f,f,f,f,f,f,f,f,f,f,t,0.63,t,2.0,t,108.0,t,0.9,t,119.0,f,,SVI,-,860225037,0
32.0,F,f,f,f,f,f,f,f,f,f,f,f,f,f,f,t,3.8,t,2.6,t,144.0,t,1.43,t,101.0,f,,SVI,-,860225038,0
61.0,M,f,f,f,f,f,f,f,f,f,f,f,f,f,f,t,2.2,f,,t,126.0,t,1.15,t,110.0,f,,other,-,860225039,0
52.0,F,f,f,f,f,f,f,f,f,f,f,f,f,f,f,t,1.7,t,2.4,t,115.0,t,1.21,t,95.0,f,,SVI,-,860225040,0
20.0,F,f,f,f,f,f,f,f,f,f,f,f,f,f,f,t,0.55,t,1.6,t,95.0,t,0.85,t,112.0,f,,SVHC,-,860225041,0
57.0,F,f,f,f,f,f,f,f,f,f,f,f,f,f,f,t,2.3,f,,t,108.0,t,0.86,t,125.0,f,,SVI,-,860225042,0
67.0,F,f,f,f,f,f,f,f,f,f,f,f,f,f,t,t,2.0,t,1.6,t,104.0,t,1.07,t,97.0,f,,SVI,-,860225043,0
21.0,F,f,f,f,f,f,f,f,f,f,f,f,f,f,f,t,1.9,f,,t,120.0,t,1.17,t,102.0,f,,other,-,860225044,0
21.0,F,f,f,f,f,f,f,f,f,f,f,f,f,f,f,t,0.76,t,1.1,t,104.0,t,1.13,t,92.0,f,,other,-,860225047,0
21.0,F,f,f,f,f,f,f,f,t,f,f,f,f,f,f,t,11.0,t,1.4,t,82.0,t,0.99,t,83.0,f,,other,G,860225051,1
69.0,M,f,f,f,t,f,f,f,f,f,f,f,f,f,f,t,1.4,t,1.9,t,136.0,t,0.85,t,159.0,f,,other,R,860225083,1
55.0,F,f,f,f,f,f,f,f,t,f,f,f,f,f,f,t,0.66,f,,t,131.0,t,1.06,t,124.0,f,,other,-,860226018,0
75.0,F,f,f,f,f,f,f,f,f,f,f,f,f,f,f,t,5.3,f,,t,98.0,t,0.75,t,130.0,f,,SVI,-,860226020,0
72.0,F,f,f,f,f,f,f,f,f,t,f,f,f,f,f,t,0.25,t,4.4,t,192.0,t,0.91,t,211.0,f,,other,A,860226043,1
57.0,M,t,f,f,f,f,f,f,t,f,f,f,f,f,f,t,22.0,t,2.4,t,112.0,f,,f,,f,,other,M,860226044,1
48.0,F,f,f,f,f,f,f,f,f,t,f,f,f,f,f,f,,f,,f,,f,,f,,t,24.0,other,-,860226045,0
66.0,F,f,f,f,f,f,f,f,f,t,f,f,f,f,f,t,0.81,f,,t,126.0,t,0.96,t,131.0,f,,other,-,860226074,0
19.0,M,f,f,f,f,f,f,f,f,f,f,f,f,f,t,t,1.2,t,2.8,t,112.0,t,1.12,t,99.0,f,,SVHC,-,860226075,0
72.0,F,f,f,f,f,f,f,f,f,f,f,f,f,f,f,t,0.05,t,1.4,t,89.0,t,1.13,t,79.0,f,,SVI,-,860226076,0
22.0,F,f,f,f,f,f,f,f,f,t,f,f,f,f,f,t,1.6,f,,t,110.0,t,1.03,t,106.0,f,,SVI,-,860226077,0
87.0,F,f,f,f,f,f,f,f,f,f,f,f,f,f,f,t,1.2,t,1.1,t,118.0,t,0.75,t,157.0,f,,SVI,-,860226078,0
57.0,M,f,f,f,f,f,f,f,f,f,f,f,f,f,f,t,0.55,t,1.1,t,95.0,t,0.79,t,120.0,f,,SVI,K,860226079,1
55.0,F,f,f,f,f,f,f,f,f,t,f,f,f,f,f,f,,t,5.5,t,214.0,t,0.91,t,236.0,f,,other,A,860226081,1
71.0,M,f,f,f,f,f,f,f,f,f,f,f,f,f,f,t,1.2,f,,t,156.0,t,0.95,t,164.0,f,,SVI,R,860226083,1
68.0,M,f,f,f,t,f,f,f,f,f,f,f,f,f,f,f,,f,,t,125.0,t,1.05,t,119.0,f,,other,-,860226090,0
43.0,F,t,f,f,f,f,f,f,f,f,f,f,f,f,f,f,,f,,t,60.0,t,1.22,t,50.0,f,,other,-,860226092,0
34.0,F,f,f,f,f,f,f,f,f,f,f,f,f,f,f,t,0.83,f,,t,125.0,t,1.02,t,123.0,f,,other,-,860226099,0
34.0,F,f,f,f,f,f,f,f,f,f,f,f,f,f,f,t,6.0,f,,t,91.0,t,0.93,t,98.0,f,,other,-,860227002,0
34.0,M,f,f,f,f,f,f,f,f,f,f,f,f,f,f,t,0.98,t,1.9,t,133.0,t,1.0,t,133.0,f,,SVHC,-,860227003,0
28.0,M,f,f,f,f,f,f,f,f,f,f,f,f,f,f,t,1.4,t,2.6,t,91.0,t,0.67,t,135.0,f,,other,-,860227005,0
83.0,F,f,f,f,f,f,f,f,f,f,f,f,f,f,f,t,0.36,t,1.9,t,96.0,t,0.94,t,102.0,f,,SVI,-,860227007,0
51.0,F,t,f,f,f,f,f,f,f,f,f,f,f,f,f,f,,f,,t,119.0,t,0.94,t,127.0,f,,other,-,860227015,0
53.0,F,f,f,f,f,f,f,f,f,f,f,f,f,f,f,t,31.0,t,2.6,f,,f,,f,,f,,other,G,860227020,1
63.0,M,f,f,f,f,f,f,f,f,f,f,f,f,f,f,t,2.1,t,1.8,t,121.0,f,,f,,f,,other,-,860227051,0
16.0,M,f,f,f,f,f,f,f,f,f,f,f,f,f,f,t,1.8,f,,t,85.0,t,1.0,t,85.0,f,,other,-,860227052,0
62.0,F,t,f,f,f,f,f,f,f,f,f,f,f,f,f,t,0.025,f,,t,174.0,t,0.98,t,177.0,f,,other,N,860227053,1
41.0,M,f,f,f,f,f,f,f,f,f,f,f,f,f,f,t,2.8,f,,t,102.0,t,0.94,t,109.0,f,,other,-,860227064,0
62.0,M,f,f,f,f,f,f,f,f,f,f,f,f,f,f,t,2.9,t,2.9,t,122.0,t,1.11,t,110.0,f,,SVI,-,860227065,0
60.0,M,f,f,f,f,f,f,f,t,f,f,f,f,f,f,t,4.8,t,2.8,t,100.0,t,1.06,t,94.0,f,,SVI,-,860227067,0
40.0,F,f,f,f,f,f,f,f,f,f,f,f,f,f,f,t,6.7,f,,t,87.0,t,0.87,t,100.0,f,,SVI,G,860227068,1
82.0,F,f,f,f,f,f,f,f,f,f,f,f,f,f,f,t,0.76,t,2.3,t,93.0,t,1.01,t,92.0,f,,SVI,-,860227069,0
30.0,F,f,f,f,f,f,f,f,f,f,f,f,f,f,f,t,1.2,f,,t,113.0,t,1.12,t,101.0,f,,other,-,860227073,0
60.0,F,t,f,f,f,f,f,f,f,f,f,f,f,f,f,t,0.03,f,,t,161.0,t,1.03,t,157.0,f,,other,L,860227074,1
47.0,M,t,f,f,f,f,f,f,f,f,f,f,f,f,f,t,0.65,f,,t,131.0,t,0.99,t,132.0,f,,other,-,860227079,0
27.0,F,f,f,f,f,f,f,f,f,f,f,f,f,f,f,t,1.8,t,3.3,t,119.0,t,1.31,t,90.0,f,,other,I,860227080,1
30.0,M,f,f,f,t,f,f,f,f,f,f,f,f,f,f,t,0.61,t,1.5,t,82.0,t,1.19,t,69.0,f,,other,-,860227081,0
61.0,F,t,f,f,f,f,f,f,f,f,f,f,f,f,f,t,3.4,t,1.6,t,118.0,t,1.06,t,111.0,f,,other,-,860227087,0
61.0,M,f,f,f,f,f,f,f,f,f,f,f,f,f,f,t,1.5,t,2.3,t,104.0,t,0.92,t,113.0,f,,SVHC,-,860228007,0
61.0,F,f,f,f,f,f,f,f,f,f,f,f,f,f,f,t,3.3,f,,t,107.0,t,1.03,t,104.0,f,,SVI,-,860228008,0
43.0,M,f,f,f,f,f,f,f,f,f,f,f,f,f,f,t,0.62,t,2.5,t,134.0,t,1.09,t,123.0,f,,SVI,-,860228009,0
35.0,F,f,f,f,f,f,f,f,f,t,f,f,f,f,f,t,0.54,t,2.3,t,99.0,t,1.08,t,92.0,f,,other,-,860228067,0
35.0,F,f,f,f,f,f,f,f,f,f,f,f,f,f,f,t,3.0,f,,t,99.0,t,1.15,t,86.0,f,,other,-,860228069,0
71.0,M,f,f,f,f,f,f,f,f,f,f,f,f,f,f,t,0.63,t,1.3,t,164.0,t,1.0,t,164.0,f,,SVI,R,860228070,1
45.0,M,f,f,f,f,f,f,f,f,f,f,f,f,f,f,t,2.4,t,1.8,t,117.0,t,1.0,t,117.0,f,,other,-,860228071,0
64.0,F,f,f,f,f,f,f,f,f,f,f,f,f,f,f,t,2.1,f,,t,113.0,t,0.83,t,136.0,f,,other,-,860228073,0
76.0,F,f,f,f,f,f,f,f,f,f,f,f,f,f,f,t,24.0,f,,t,74.0,t,0.84,t,88.0,f,,SVI,G,860228075,1
27.0,F,t,f,f,f,f,f,f,t,t,f,f,f,f,f,t,1.0,f,,t,138.0,t,0.91,t,152.0,f,,other,-,860228076,0
73.0,F,t,f,t,f,f,f,f,f,f,f,f,f,f,f,t,0.51,t,2.4,t,192.0,t,1.19,t,162.0,f,,other,L,860228079,1
73.0,M,f,f,f,f,f,f,f,f,f,f,f,f,f,f,t,1.01,t,1.8,t,95.0,f,,f,,f,,SVHC,-,860303005,0
54.0,M,f,f,f,f,f,f,f,f,f,f,f,f,f,f,t,0.66,f,,t,117.0,t,1.09,t,107.0,f,,other,-,860303006,0
39.0,M,f,f,f,f,f,f,f,f,f,f,f,f,f,f,t,0.62,f,,t,151.0,t,0.96,t,157.0,f,,other,R,860303007,1
59.0,F,f,f,f,t,f,f,f,f,f,f,f,f,f,f,t,1.8,t,2.5,t,102.0,t,1.1,t,93.0,f,,other,-,860303008,0
59.0,M,f,f,f,f,f,f,f,f,f,f,f,f,f,f,t,42.0,t,0.2,t,14.0,t,1.17,t,12.0,f,,other,F,860303017,1
52.0,M,f,f,f,f,f,f,f,f,f,f,f,f,f,f,t,2.9,f,,t,138.0,t,1.24,t,111.0,f,,SVI,-,860303032,0
79.0,F,t,f,f,f,f,f,f,t,f,f,f,f,f,f,t,10.0,f,,t,125.0,t,0.99,t,127.0,f,,SVI,M,860303034,1
28.0,F,f,f,f,f,f,f,f,f,f,f,f,f,f,f,t,5.6,f,,t,107.0,t,0.94,t,114.0,f,,SVI,-,860303035,0
26.0,F,f,f,f,f,f,f,f,f,f,f,f,f,f,f,f,,f,,f,,f,,f,,t,4.9,other,-,860303036,0
74.0,F,f,f,f,f,f,f,t,f,f,f,f,f,f,f,t,2.9,f,,t,110.0,t,1.06,t,103.0,f,,other,-,860303046,0
19.0,M,f,f,f,f,f,f,f,f,f,f,f,f,f,f,t,1.0,t,2.4,t,106.0,t,0.87,t,122.0,f,,SVI,-,860303050,0
19.0,F,f,f,f,f,f,f,t,f,f,f,f,f,f,f,t,8.5,t,3.4,t,134.0,t,1.55,t,86.0,f,,other,GI,860303055,1
35.0,F,t,f,f,f,f,f,f,f,f,f,f,t,f,f,t,1.3,t,1.6,t,87.0,f,,f,,f,,other,-,860303061,0
46.0,M,f,f,f,t,f,f,f,f,f,f,f,f,f,f,t,1.1,t,1.8,t,103.0,t,0.87,t,118.0,f,,SVI,-,860304003,0
56.0,M,f,f,f,f,f,f,f,t,f,f,f,f,f,f,t,2.7,f,,t,125.0,t,1.04,t,119.0,f,,other,-,860304006,0
40.0,F,f,f,t,f,f,f,f,f,f,f,f,f,f,f,t,2.4,t,2.3,t,150.0,t,1.24,t,121.0,f,,other,-,860304019,0
54.0,F,f,f,f,f,f,f,f,t,f,f,f,f,f,f,t,7.2,f,,t,74.0,t,0.88,t,84.0,f,,other,G,860304020,1
65.0,F,f,f,f,f,f,f,f,f,f,f,f,f,f,f,t,2.7,f,,t,88.0,t,1.03,t,85.0,f,,other,-,860304021,0
42.0,F,f,f,f,f,f,f,f,f,f,f,t,f,f,f,t,1.0,f,,t,101.0,t,0.83,t,121.0,f,,other,-,860304024,0
44.0,F,f,f,f,f,f,f,f,f,f,f,f,f,f,f,t,1.1,f,,t,112.0,t,1.01,t,111.0,f,,other,-,860304025,0
76.0,F,f,f,f,f,f,f,f,f,f,f,f,f,f,f,t,2.8,f,,t,99.0,t,0.99,t,99.0,f,,other,-,860304032,0
76.0,M,f,f,f,f,f,f,f,f,f,f,f,f,f,f,t,1.1,t,3.0,t,96.0,t,0.81,t,119.0,f,,SVHC,-,860304033,0
23.0,F,f,f,f,f,f,f,f,f,f,t,f,f,f,f,t,1.7,t,3.9,t,120.0,t,1.18,t,102.0,f,,SVHC,-,860304034,0
60.0,M,f,f,f,f,f,f,f,f,f,f,f,f,f,f,t,0.44,t,1.7,t,115.0,t,0.87,t,133.0,f,,other,-,860304035,0
44.0,F,t,f,f,f,f,f,f,f,f,f,f,f,f,f,t,0.035,f,,t,189.0,t,1.0,t,190.0,f,,other,N,860304053,1
28.0,M,f,f,f,f,f,f,f,f,f,f,f,f,f,f,t,0.68,f,,t,118.0,f,,f,,f,,SVI,-,860304057,0
62.0,F,f,f,f,f,f,f,f,t,f,f,f,f,f,f,t,2.2,t,2.1,t,96.0,t,0.86,t,112.0,f,,SVI,-,860304058,0
72.0,M,f,f,f,f,f,f,f,f,f,f,f,f,f,f,t,3.5,f,,t,124.0,t,1.36,t,91.0,f,,SVI,I,860304059,1
62.0,F,f,f,f,f,f,f,f,f,f,f,f,f,f,f,t,0.06,f,,t,127.0,t,0.84,t,151.0,f,,SVI,-,860304060,0
76.0,M,f,f,f,f,f,f,f,f,f,f,f,f,f,f,t,5.7,f,,t,98.0,t,0.86,t,115.0,f,,SVI,-,860304061,0
67.0,F,f,f,f,f,f,f,f,t,f,f,f,f,f,f,t,1.3,f,,t,117.0,t,0.89,t,131.0,f,,SVI,-,860304062,0
59.0,F,t,f,f,f,f,f,f,f,f,f,f,f,f,f,t,2.9,f,,t,145.0,t,0.98,t,147.0,f,,SVI,-,860304063,0
63.0,M,f,f,f,f,f,f,f,f,f,f,f,f,f,f,t,0.51,f,,t,74.0,t,0.63,t,116.0,f,,SVI,-,860304064,0
63.0,F,t,f,f,f,f,f,f,f,f,f,f,f,f,f,t,6.6,t,2.2,t,103.0,t,0.86,t,120.0,f,,other,M,860304066,1
70.0,M,f,f,f,f,f,f,f,f,f,f,f,f,f,f,t,6.7,f,,t,117.0,t,1.04,t,113.0,f,,SVI,G,860304067,1
41.0,F,f,f,f,f,f,f,f,f,t,f,f,f,f,f,t,4.6,t,2.4,t,129.0,t,1.02,t,127.0,f,,other,-,860304071,0
73.0,F,f,f,f,f,f,f,f,f,f,f,f,f,f,f,t,6.1,t,1.4,t,82.0,t,0.85,t,97.0,f,,SVI,G,860304072,1
73.0,F,f,f,f,f,f,f,f,f,f,f,f,f,f,f,t,0.83,t,3.1,t,124.0,t,1.1,t,113.0,f,,other,I,860304078,1
53.0,F,f,f,t,f,f,f,f,f,f,f,f,f,f,f,f,,f,,t,78.0,t,0.85,t,91.0,f,,other,-,860304086,0
73.0,F,f,f,f,f,f,f,f,f,f,f,f,f,f,f,t,4.4,t,1.5,t,123.0,f,,f,,f,,SVI,-,860304087,0
32.0,F,t,f,f,f,f,f,f,f,f,f,f,f,f,f,t,0.025,t,1.9,t,137.0,t,0.8,t,172.0,f,,other,L,860305002,1
27.0,M,f,f,f,f,f,f,f,f,f,f,f,f,f,f,t,2.7,t,2.7,t,116.0,t,0.87,t,134.0,f,,SVHC,-,860305010,0
34.0,M,f,f,f,f,f,f,f,f,f,f,f,f,f,f,t,1.2,f,,t,70.0,t,0.66,t,106.0,f,,other,-,860305011,0
49.0,M,f,f,f,f,f,f,f,f,f,f,f,f,f,f,t,1.6,f,,t,126.0,t,0.97,t,129.0,f,,other,-,860305012,0
60.0,F,f,f,f,f,f,f,f,t,f,f,f,f,f,f,t,0.9,f,,t,89.0,t,0.96,t,92.0,f,,other,-,860305013,0
60.0,M,f,f,f,t,f,f,f,f,f,f,f,f,f,f,t,1.9,f,,t,126.0,t,1.16,t,109.0,f,,other,-,860305014,0
11.0,F,f,f,f,f,f,f,f,f,f,f,f,f,f,f,t,3.0,t,2.7,t,99.0,t,1.0,t,99.0,f,,other,-,860305015,0
64.0,F,f,f,f,f,f,f,f,f,t,f,f,f,f,f,t,0.13,t,3.0,t,122.0,t,0.95,t,128.0,f,,other,-,860305018,0
58.0,F,f,f,f,t,f,f,f,f,f,f,f,f,f,f,f,,f,,f,,f,,f,,t,106.0,other,S,860305035,1
80.0,F,t,f,f,f,f,f,f,f,f,f,f,f,f,f,t,2.2,f,,t,111.0,t,0.88,t,127.0,f,,other,-,860305037,0
25.0,F,f,f,f,f,f,f,f,f,f,f,f,f,f,f,t,2.1,f,,t,136.0,t,1.5,t,90.0,f,,STMW,I,860305041,1
38.0,F,f,f,f,f,f,f,f,f,f,f,f,f,f,f,t,1.4,f,,t,170.0,t,1.84,t,92.0,f,,STMW,I,860305042,1
19.0,F,f,f,f,f,f,f,f,t,f,f,t,f,f,f,t,3.2,t,2.2,t,118.0,t,0.99,t,119.0,f,,other,-,860305050,0
19.0,F,f,f,f,f,f,f,f,f,f,f,f,f,f,f,t,5.5,f,,t,141.0,t,1.06,t,133.0,f,,other,-,860305062,0
74.0,,f,f,f,f,f,f,f,t,f,f,f,f,f,f,t,4.4,f,,t,58.0,t,0.58,t,100.0,f,,SVI,J,860305063,1
77.0,F,f,f,f,f,f,f,f,f,f,f,f,f,f,f,t,0.09,t,1.8,t,120.0,t,0.96,t,124.0,t,45.0,SVI,-,860305064,0
73.0,M,f,f,f,f,f,f,f,f,f,f,f,f,f,f,t,1.1,t,1.6,t,89.0,t,0.74,t,119.0,t,24.0,SVI,-,860305065,0
70.0,F,f,f,f,f,f,f,f,f,f,f,f,f,f,f,t,2.7,t,1.0,t,67.0,t,0.96,t,70.0,f,,SVI,K,860305066,1
60.0,F,f,f,f,f,f,f,f,f,t,f,f,f,f,f,t,1.3,t,1.7,t,148.0,t,1.05,t,141.0,f,,SVI,-,860305067,0
77.0,F,f,f,f,f,f,f,f,f,f,f,f,f,f,f,t,0.025,f,,t,143.0,t,0.92,t,155.0,f,,other,-,860305068,0
59.0,F,f,f,f,f,f,f,f,f,t,f,f,f,f,f,t,2.9,f,,t,133.0,t,0.97,t,137.0,f,,SVI,-,860305070,0
74.0,M,f,f,f,t,f,f,f,f,f,f,f,f,f,f,t,1.3,t,1.9,t,100.0,t,0.92,t,108.0,f,,SVHD,-,860305071,0
72.0,M,f,f,f,f,f,f,f,f,t,f,f,f,f,f,t,4.0,f,,t,138.0,t,1.5,t,92.0,f,,SVI,I,860305072,1
36.0,F,f,f,f,t,f,f,f,f,f,f,f,f,f,f,f,,f,,t,113.0,t,1.01,t,113.0,f,,other,-,860305081,0
18.0,F,f,f,f,f,f,f,f,f,f,f,f,f,f,f,f,,f,,t,136.0,t,0.98,t,138.0,f,,other,-,860305083,0
59.0,F,t,f,f,f,f,f,f,t,f,f,f,f,f,f,t,7.6,f,,t,106.0,t,1.07,t,100.0,f,,other,M,860305088,1
50.0,F,t,f,f,f,f,f,f,f,f,f,f,f,f,f,t,0.035,f,,t,165.0,t,0.9,t,182.0,f,,other,N,860306016,1
50.0,F,t,f,f,t,f,f,f,f,f,f,f,f,f,f,t,0.32,t,1.5,t,138.0,t,1.05,t,131.0,f,,SVHD,-,860306017,0
43.0,,t,f,f,f,f,f,f,f,f,f,f,f,f,f,t,3.2,t,2.1,t,140.0,t,1.14,t,123.0,f,,other,-,860306022,0
43.0,F,t,f,f,f,f,f,f,f,f,f,f,f,f,f,t,0.68,t,2.5,t,175.0,t,1.23,t,143.0,f,,other,-,860306023,0
42.0,F,t,f,f,f,f,f,f,f,f,f,f,f,f,f,t,24.0,t,0.9,t,62.0,t,0.9,t,69.0,f,,other,MK,860306031,1
42.0,F,t,f,f,f,f,f,f,f,f,f,f,f,f,f,t,2.8,f,,t,177.0,f,,f,,f,,other,L,860306032,1
71.0,M,f,f,f,f,f,f,f,f,f,f,f,f,f,f,t,1.3,f,,t,86.0,t,0.68,t,126.0,f,,other,-,860306046,0
70.0,F,f,f,f,f,f,f,f,f,f,f,f,f,f,f,t,1.7,f,,t,111.0,t,0.82,t,137.0,f,,other,-,860306048,0
50.0,F,t,f,f,f,f,f,f,f,f,f,f,f,f,f,t,0.68,t,2.4,t,118.0,t,1.01,t,117.0,f,,other,-,860306050,0
48.0,M,f,f,f,f,f,f,f,f,f,f,f,f,f,f,t,1.4,f,,t,94.0,t,0.79,t,119.0,f,,SVI,-,860306052,0
69.0,F,f,f,f,f,f,f,f,f,f,f,f,f,f,f,t,2.1,f,,t,166.0,t,1.35,t,123.0,f,,SVI,I,860306053,1
43.0,M,f,f,f,f,f,f,f,f,f,f,f,f,f,f,t,3.0,f,,t,93.0,t,0.69,t,135.0,f,,SVI,-,860306054,0
70.0,F,f,f,f,f,f,f,f,f,f,f,f,f,f,f,t,1.6,f,,t,114.0,t,1.09,t,104.0,f,,SVHC,-,860306057,0
56.0,F,f,f,f,f,f,f,f,f,f,f,f,f,f,f,t,1.4,f,,t,163.0,t,1.26,t,130.0,f,,SVI,I,860306058,1
53.0,F,f,f,f,f,f,f,f,f,f,f,f,f,f,f,t,1.4,t,2.4,t,54.0,t,0.85,t,63.0,f,,other,R,860306066,1
4.0,M,f,f,f,f,f,t,f,f,f,f,f,f,f,f,t,0.065,f,,t,103.0,t,0.86,t,120.0,f,,other,-,860306068,0
73.0,F,f,f,f,f,f,f,t,f,f,f,f,f,f,f,t,0.23,f,,t,95.0,t,1.18,t,81.0,f,,other,-,860306082,0
49.0,F,t,f,f,f,f,f,f,t,f,f,f,f,f,f,t,2.1,f,,t,114.0,t,0.85,t,135.0,f,,other,-,860306084,0
63.0,F,f,f,f,t,f,f,f,f,f,f,f,f,f,f,f,,f,,t,85.0,t,0.75,t,113.0,f,,other,-,860307001,0
35.0,F,f,f,f,f,f,f,f,f,f,f,f,f,f,f,t,1.2,f,,t,104.0,t,0.96,t,108.0,f,,other,-,860307002,0
40.0,F,f,f,f,f,f,f,f,f,f,f,f,f,f,f,t,6.1,f,,t,139.0,t,1.35,t,103.0,f,,other,G,860307008,1
69.0,M,f,f,f,f,f,f,f,f,f,f,f,f,f,f,t,1.4,f,,t,85.0,t,0.82,t,104.0,f,,other,-,860307009,0
69.0,F,f,f,f,f,f,f,f,f,f,f,f,f,f,f,t,1.0,f,,t,105.0,t,0.96,t,109.0,f,,other,-,860307011,0
69.0,M,f,f,f,f,f,f,f,f,f,f,f,f,f,f,t,1.8,f,,t,77.0,t,0.85,t,91.0,f,,other,-,860307012,0
29.0,M,f,f,f,f,f,f,f,f,f,f,f,f,f,f,t,2.7,f,,t,89.0,t,0.74,t,121.0,f,,other,-,860307013,0
29.0,F,f,f,f,f,f,f,f,f,f,f,f,f,f,f,t,0.62,f,,t,119.0,t,0.98,t,121.0,f,,other,-,860307014,0
66.0,F,f,f,f,f,f,f,f,t,f,f,f,f,f,f,t,20.0,f,,t,42.0,t,0.98,t,43.0,f,,other,F,860307021,1
24.0,F,f,f,f,f,f,f,f,f,f,f,f,f,f,f,t,4.3,f,,t,141.0,t,1.73,t,81.0,f,,STMW,I,860307027,1
24.0,F,f,f,f,f,f,f,f,f,f,f,f,f,f,f,t,0.06,t,1.7,t,66.0,t,0.79,t,84.0,f,,other,-,860307047,0
65.0,F,f,f,f,f,f,f,f,t,f,f,f,f,f,f,t,8.2,t,1.6,t,96.0,f,,f,,f,,other,G,860307048,1
30.0,F,f,f,f,f,f,f,f,f,f,f,f,t,f,f,t,1.4,t,1.3,t,117.0,t,1.16,t,101.0,f,,other,-,860307049,0
66.0,F,t,f,f,f,f,f,f,f,f,f,f,f,f,f,t,0.065,t,1.9,t,158.0,t,1.07,t,148.0,f,,other,-,860307060,0
15.0,M,f,f,f,f,f,f,f,f,f,f,f,f,f,f,f,,f,,t,118.0,t,1.28,t,93.0,f,,other,I,860307078,1
38.0,F,f,f,f,f,f,f,f,f,f,f,f,f,f,f,t,2.4,t,2.1,f,,f,,t,123.0,f,,other,-,860307081,0
38.0,F,f,f,f,t,f,f,f,f,f,f,f,f,f,f,f,,f,,t,129.0,t,1.18,t,110.0,f,,other,-,860307082,0
38.0,M,t,f,f,f,f,f,f,f,f,f,f,f,f,f,t,1.2,t,1.8,t,99.0,f,,f,,f,,SVHC,-,860310002,0
32.0,M,f,f,f,f,f,f,f,f,f,f,f,f,f,f,t,0.76,t,2.1,t,82.0,t,0.86,t,95.0,f,,SVI,-,860310010,0
58.0,F,f,f,f,f,f,f,f,f,f,f,f,f,f,f,t,1.1,f,,t,60.0,t,0.82,t,72.0,f,,SVI,-,860310012,0
62.0,F,f,f,f,f,f,f,f,f,f,f,f,t,f,f,t,1.6,f,,t,117.0,t,1.07,t,109.0,f,,other,-,860310014,0
42.0,M,f,f,f,f,f,f,f,f,t,f,f,f,f,f,t,0.05,t,2.7,t,111.0,t,0.88,t,127.0,f,,other,-,860310017,0
56.0,M,f,f,f,f,f,f,f,f,f,f,f,f,f,f,t,1.3,t,1.9,t,86.0,t,0.71,t,120.0,f,,other,-,860310019,0
50.0,F,f,f,f,f,f,f,f,t,f,f,f,f,f,f,t,3.3,t,1.9,f,,t,1.18,t,105.0,f,,STMW,-,860310030,0
40.0,F,f,f,f,f,f,f,f,f,t,f,f,f,f,f,t,1.6,f,,t,155.0,t,0.93,t,166.0,f,,SVI,R,860310033,1
55.0,F,f,f,f,f,f,f,f,f,f,f,f,f,f,f,t,0.05,t,6.8,t,169.0,t,0.84,t,201.0,f,,other,A,860310034,1
66.0,M,f,f,f,f,f,f,f,f,f,f,f,f,f,f,t,2.5,t,1.5,t,77.0,f,,f,,f,,other,-,860310038,0
23.0,F,f,f,f,f,f,f,f,t,f,f,f,f,f,f,t,1.9,f,,t,167.0,t,1.11,t,150.0,f,,other,-,860310039,0
23.0,F,f,f,f,f,f,f,f,f,f,t,f,f,f,t,t,1.4,t,2.8,t,87.0,t,1.14,t,87.0,f,,SVHC,-,860310053,0
72.0,F,t,f,f,f,f,f,f,t,f,f,f,f,f,f,f,,f,,t,102.0,t,0.96,t,102.0,f,,SVI,-,860310054,0
66.0,M,f,f,f,t,f,f,f,f,f,f,f,f,f,f,t,3.2,f,,t,94.0,t,0.78,t,99.0,f,,SVI,-,860310055,0
60.0,M,f,f,f,f,f,f,f,f,f,f,f,f,f,f,t,2.2,t,2.3,t,87.0,t,0.94,t,93.0,f,,SVI,-,860310056,0
45.0,F,f,f,f,f,f,f,f,f,f,f,f,f,f,f,t,0.37,t,2.2,t,97.0,t,1.0,t,97.0,f,,SVHC,-,860310057,0
43.0,M,f,f,f,f,f,f,f,f,f,f,f,f,f,f,t,4.2,f,,t,93.0,t,0.64,t,146.0,f,,SVI,-,860310062,0
73.0,F,f,f,f,f,f,f,f,f,f,f,f,f,f,f,t,1.4,f,,t,77.0,t,0.99,t,78.0,f,,SVI,-,860310066,0
55.0,F,f,f,f,f,f,f,f,f,t,f,f,f,f,f,t,0.035,t,2.0,t,109.0,t,0.93,t,117.0,f,,other,-,860311001,0
51.0,M,f,f,f,f,f,f,f,f,f,f,f,f,f,f,t,106.0,t,0.4,t,10.0,t,1.11,t,8.7,f,,other,F,860311002,1
23.0,F,t,f,f,f,f,f,f,f,f,f,f,f,f,f,t,0.69,f,,t,204.0,t,1.34,t,152.0,f,,other,-,860311007,0
45.0,M,f,f,f,f,f,f,f,f,f,f,f,f,f,f,t,1.6,t,2.6,t,113.0,t,1.13,t,100.0,f,,SVHC,-,860311013,0
45.0,F,f,f,f,f,f,f,f,f,f,f,f,f,f,f,t,0.77,t,1.7,t,91.0,t,0.96,t,95.0,f,,other,-,860311015,0
68.0,F,f,f,f,f,f,f,f,f,f,f,f,f,f,f,t,0.6,t,1.6,t,86.0,t,0.94,t,92.0,f,,SVHC,-,860311016,0
58.0,F,f,f,f,f,f,f,f,f,f,f,f,f,f,t,t,1.3,t,3.0,t,136.0,t,1.0,t,135.0,f,,SVHC,-,860311017,0
39.0,M,f,f,f,f,f,f,f,f,f,f,f,f,f,f,t,3.2,t,2.4,t,107.0,t,0.98,t,110.0,f,,SVHC,-,860311025,0
68.0,F,f,f,f,f,f,f,f,t,f,f,f,f,f,f,t,2.1,f,,t,100.0,t,1.04,t,96.0,f,,other,-,860311026,0
34.0,F,f,f,f,f,f,f,f,t,f,f,f,f,f,f,t,1.2,f,,t,105.0,t,1.07,t,99.0,f,,other,-,860311028,0
47.0,F,f,f,f,f,f,f,f,f,f,f,f,f,f,f,t,2.2,f,,t,101.0,t,1.06,t,96.0,f,,other,-,860311029,0
77.0,F,f,f,f,f,f,f,f,f,f,f,f,f,f,f,t,2.9,f,,t,105.0,t,0.93,t,113.0,f,,SVI,-,860311030,0
54.0,M,t,t,f,f,f,f,f,f,f,f,f,f,f,f,f,,f,,t,88.0,t,0.87,t,100.0,f,,other,-,860311033,0
54.0,F,f,f,f,f,f,f,f,f,f,f,f,f,f,f,f,,f,,f,,f,,f,,t,29.0,other,-,860311043,0
41.0,F,t,f,f,f,f,f,f,f,f,f,f,f,f,f,t,0.05,t,2.3,t,190.0,t,1.07,t,177.0,f,,other,N,860311051,1
57.0,F,f,f,f,f,f,f,f,f,f,f,f,f,f,f,t,0.23,f,,t,85.0,t,0.76,t,111.0,f,,SVI,-,860311055,0
90.0,F,f,f,f,f,f,f,f,f,f,f,f,f,f,f,t,3.4,f,,t,87.0,t,0.84,t,103.0,f,,SVI,-,860311057,0
86.0,F,f,f,f,f,f,f,f,f,f,f,f,f,f,f,f,,f,,t,139.0,t,1.24,t,112.0,f,,SVI,-,860311058,0
65.0,M,f,f,f,f,f,f,f,f,f,f,f,f,f,f,t,0.65,f,,t,106.0,t,0.94,t,113.0,f,,SVI,-,860311059,0
40.0,F,f,f,f,f,f,f,f,f,f,f,f,f,f,f,t,0.82,f,,t,140.0,t,1.06,t,132.0,f,,SVI,-,860311060,0
29.0,F,f,f,f,f,f,f,f,f,f,f,f,f,f,f,t,5.9,f,,t,115.0,t,0.87,t,131.0,f,,SVI,-,860311061,0
32.0,M,f,f,f,f,f,f,f,f,f,f,f,f,f,f,t,3.9,t,2.0,t,104.0,t,0.91,t,113.0,f,,SVHC,-,860311091,0
74.0,F,f,f,f,f,f,f,f,t,f,f,f,f,f,f,f,,t,0.4,f,,f,,f,,f,,SVI,-,860312001,0
87.0,F,f,f,f,f,f,f,f,f,f,f,f,f,f,f,t,3.4,t,1.4,t,111.0,t,1.26,t,88.0,f,,other,-,860312003,0
64.0,M,f,f,f,f,f,f,f,f,f,f,f,f,f,f,t,2.5,f,,t,143.0,t,0.91,t,156.0,f,,other,-,860312006,0
64.0,,t,f,f,f,f,f,f,f,t,f,f,f,f,f,t,0.92,t,0.9,t,39.0,t,0.91,t,43.0,f,,other,M,860312007,1
41.0,M,f,f,f,f,f,f,f,f,f,f,f,f,f,f,t,1.8,t,1.5,t,123.0,f,,f,,f,,other,-,860312008,0
41.0,M,f,f,f,f,f,f,f,f,f,f,f,f,f,f,t,8.0,t,1.5,t,72.0,f,,f,,f,,other,G,860312009,1
34.0,M,f,f,f,f,f,f,f,f,f,f,f,f,f,f,t,2.3,t,1.7,t,117.0,t,0.74,t,158.0,f,,SVHC,R,860312010,1
25.0,M,f,f,f,f,f,f,f,f,f,f,f,f,f,f,t,0.88,t,1.7,t,84.0,t,0.77,t,109.0,f,,SVHC,-,860312011,0
29.0,F,f,f,f,f,f,f,f,f,f,f,f,f,f,f,t,1.0,f,,t,101.0,t,0.92,t,110.0,f,,STMW,-,860312016,0
62.0,F,f,f,f,f,f,f,f,f,f,f,f,f,f,f,t,1.7,f,,t,129.0,t,1.08,t,120.0,f,,SVI,-,860312044,0
82.0,M,f,f,f,f,f,f,f,f,f,f,f,f,f,f,t,2.6,f,,t,65.0,t,0.64,t,103.0,f,,SVI,-,860312045,0
60.0,M,f,f,f,f,f,f,t,f,f,f,f,f,f,f,t,0.65,f,,t,114.0,t,0.95,t,120.0,f,,other,-,860312048,0
34.0,M,f,f,f,f,f,f,f,f,f,f,f,f,f,f,t,1.2,t,2.1,t,115.0,t,1.04,t,111.0,f,,SVHC,-,860312050,0
57.0,F,f,f,f,t,f,f,f,t,f,f,f,f,f,f,t,4.8,t,2.1,t,85.0,t,0.97,t,87.0,f,,other,-,860312058,0
30.0,F,f,f,f,f,f,f,f,f,f,f,f,f,f,f,t,0.055,f,,t,187.0,t,0.72,t,262.0,f,,other,A,860312066,1
34.0,F,f,f,f,f,f,f,f,f,f,f,f,f,f,f,t,2.3,f,,t,102.0,t,0.9,t,114.0,f,,other,-,860313002,0
77.0,F,f,f,t,f,f,f,f,f,f,f,f,f,f,f,t,6.2,t,1.6,t,109.0,f,,f,,f,,other,G,860313003,1
77.0,F,f,f,f,f,f,f,f,f,f,f,f,f,f,f,t,2.2,f,,t,72.0,t,0.75,t,96.0,f,,other,-,860313006,0
77.0,F,f,f,f,f,f,f,f,f,f,f,f,f,f,f,t,3.3,f,,t,116.0,t,0.99,t,117.0,f,,other,-,860313007,0
37.0,F,f,f,f,f,f,f,f,f,f,f,f,f,f,f,t,1.3,t,1.9,t,108.0,f,,f,,f,,other,-,860313010,0
51.0,F,f,f,f,t,f,f,f,f,f,f,f,f,f,f,t,0.73,f,,t,110.0,t,0.85,t,129.0,f,,other,-,860313011,0
60.0,F,t,f,f,f,f,f,f,f,f,f,f,f,f,f,t,0.53,t,1.4,t,131.0,t,0.98,t,133.0,f,,other,-,860313027,0
27.0,F,t,f,f,f,f,f,f,f,f,f,f,f,f,f,t,8.2,t,1.4,t,60.0,t,1.25,t,48.0,f,,other,-,860313028,0
33.0,F,f,f,t,f,f,f,f,f,f,f,f,f,f,f,t,2.3,t,1.6,t,13.0,t,0.92,t,14.0,f,,other,O,860313029,1
38.0,F,t,f,f,f,f,f,f,f,f,f,f,f,f,f,t,0.045,t,1.6,t,149.0,t,0.97,t,154.0,f,,other,-,860313030,0
74.0,F,t,f,f,f,f,f,f,f,f,f,f,f,f,f,t,3.0,t,1.5,t,131.0,t,1.12,t,117.0,f,,other,-,860313032,0
40.0,F,t,f,f,f,f,f,f,f,f,f,f,f,f,f,t,2.2,t,1.7,t,129.0,t,0.87,t,148.0,f,,other,-,860313035,0
61.0,M,t,f,f,f,f,f,f,f,f,f,f,f,f,f,t,2.2,t,1.8,t,83.0,t,0.71,t,117.0,f,,other,-,860313036,0
56.0,F,t,f,t,f,f,f,f,f,t,f,f,f,f,f,t,6.0,f,,t,110.0,t,1.03,t,107.0,f,,other,-,860313053,0
33.0,M,f,f,f,f,f,f,f,f,f,f,t,f,f,f,t,0.56,t,2.4,t,97.0,f,,f,,f,,other,-,860313057,0
33.0,M,f,f,f,t,f,f,f,f,f,f,f,f,f,f,t,6.2,f,,t,51.0,t,0.66,t,78.0,f,,other,-,860313058,0
33.0,,f,f,f,f,f,f,f,f,f,f,f,f,f,f,t,0.96,t,3.2,t,154.0,t,1.32,t,117.0,f,,SVHC,I,860313059,1
65.0,M,f,f,f,f,f,f,f,f,f,f,f,f,f,f,t,0.81,f,,t,102.0,t,0.84,t,122.0,f,,SVI,-,860313062,0
51.0,F,f,f,f,f,f,f,f,f,t,f,f,f,f,f,t,1.2,f,,t,85.0,t,0.96,t,89.0,f,,other,-,860313063,0
38.0,M,f,f,f,f,f,f,f,f,f,f,f,f,f,f,t,1.3,f,,t,105.0,t,0.87,t,121.0,f,,SVI,-,860313064,0
64.0,M,f,f,f,f,f,f,f,f,f,f,f,f,f,f,t,1.4,t,1.3,t,119.0,t,0.76,t,157.0,f,,SVI,R,860313065,1
61.0,F,f,f,f,f,f,t,f,t,f,f,f,f,f,f,t,0.025,f,,t,113.0,t,0.93,t,122.0,f,,other,-,860314009,0
72.0,F,f,f,f,f,f,f,t,f,f,f,f,f,f,f,t,1.6,t,2.1,t,114.0,t,1.14,t,100.0,f,,other,-,860314010,0
67.0,F,f,f,f,f,f,f,t,f,f,f,f,f,f,f,t,6.9,f,,t,82.0,t,0.91,t,90.0,f,,other,G,860314021,1
35.0,F,f,f,f,f,f,f,f,f,f,f,f,f,f,f,t,0.8,f,,t,189.0,t,1.47,t,128.0,f,,STMW,I,860314026,1
29.0,F,f,f,f,f,f,f,f,f,f,f,f,f,f,f,t,0.005,f,,t,178.0,t,1.57,t,114.0,f,,STMW,I,860314027,1
65.0,M,f,f,f,f,f,f,f,f,f,f,f,f,f,f,f,,t,2.0,t,104.0,t,0.93,t,112.0,f,,SVI,-,860314055,0
73.0,F,f,f,f,f,f,f,f,f,f,f,f,f,f,f,f,,f,,f,,f,,f,,t,47.0,other,S,860314060,1
73.0,F,t,f,f,f,f,f,f,f,f,f,f,f,f,f,t,1.3,t,1.5,t,102.0,t,0.87,t,117.0,f,,other,-,860314069,0
73.0,F,t,f,f,f,f,f,f,f,f,f,f,t,f,f,t,0.05,f,,t,185.0,t,0.94,t,197.0,f,,other,N,860317009,1
35.0,F,f,f,f,f,f,f,f,f,f,f,f,f,f,f,t,2.1,f,,t,132.0,t,1.12,t,118.0,f,,other,-,860317010,0
47.0,M,f,f,f,t,f,f,f,f,f,f,f,f,f,f,f,,f,,t,114.0,t,1.11,t,102.0,f,,other,-,860317016,0
30.0,F,f,f,f,f,f,f,f,f,f,f,t,f,f,f,f,,f,,t,87.0,t,0.99,t,87.0,f,,other,-,860317023,0
74.0,F,f,f,f,f,f,f,f,f,f,f,f,f,f,f,t,2.9,f,,t,103.0,t,0.99,t,104.0,f,,other,-,860317039,0
74.0,F,f,f,f,f,f,f,f,f,f,f,f,f,f,f,t,2.8,t,2.0,t,99.0,t,1.03,t,95.0,f,,SVHC,-,860317043,0
25.0,M,f,f,f,f,f,f,f,f,f,f,f,f,f,f,t,1.2,t,2.5,t,123.0,t,1.1,t,111.0,f,,SVHC,-,860317044,0
64.0,F,f,f,f,f,f,f,f,f,f,f,f,f,f,f,t,0.63,f,,t,104.0,t,1.13,t,92.0,f,,other,-,860317045,0
65.0,M,f,f,f,f,f,f,f,f,f,f,f,f,f,f,t,0.78,f,,t,110.0,t,0.96,t,115.0,f,,SVI,-,860317046,0
69.0,M,f,f,f,f,f,f,f,f,f,f,f,f,f,f,t,1.0,f,,t,106.0,t,0.92,t,116.0,f,,SVI,-,860317047,0
57.0,F,f,f,f,f,f,f,f,f,f,f,f,f,f,f,t,7.7,f,,t,63.0,t,0.81,t,79.0,f,,SVI,G,860317050,1
19.0,M,f,f,f,f,f,f,f,f,f,f,f,f,f,f,t,3.6,t,1.7,t,76.0,t,0.78,t,98.0,f,,other,-,860317051,0
49.0,F,f,f,f,f,f,f,f,f,f,f,f,f,f,f,t,0.76,t,1.9,t,99.0,t,1.19,t,83.0,f,,SVHC,-,860317052,0
71.0,M,f,f,f,f,f,f,t,f,f,f,f,f,f,f,t,2.8,f,,t,106.0,t,0.88,t,120.0,f,,other,-,860317075,0
77.0,F,f,f,f,f,f,f,f,f,t,f,f,f,f,f,t,0.42,t,1.3,t,67.0,t,1.08,t,62.0,f,,other,-,860317078,0
65.0,F,t,f,f,f,f,f,f,f,f,f,f,f,f,f,t,0.025,f,,t,121.0,t,0.94,t,129.0,f,,other,-,860317080,0
36.0,M,f,f,f,f,f,f,f,f,f,t,f,f,f,f,t,0.71,t,1.7,t,93.0,t,0.88,t,106.0,f,,SVHC,-,860317082,0
13.0,F,f,f,f,f,f,f,f,f,f,f,f,f,f,f,t,2.5,t,1.7,t,96.0,t,0.68,t,142.0,f,,SVI,-,860317083,0
57.0,M,f,f,f,f,f,f,f,f,f,f,f,f,f,f,t,1.6,t,1.5,t,93.0,t,0.97,t,95.0,f,,SVHC,-,860317084,0
22.0,F,f,f,f,f,f,f,f,f,f,f,f,t,f,f,t,1.8,f,,t,95.0,t,0.98,t,97.0,f,,other,-,860317087,0
53.0,F,f,f,f,f,f,f,f,f,f,f,f,f,f,t,f,,f,,f,,f,,f,,t,19.0,other,-,860317104,0
42.0,M,f,f,f,f,f,f,f,f,f,f,f,f,f,f,t,1.9,t,1.7,t,101.0,t,0.84,t,120.0,f,,SVHC,-,860318002,0
66.0,F,f,f,f,f,f,f,f,f,t,f,f,f,f,f,t,0.05,t,1.1,t,69.0,t,0.78,t,88.0,f,,other,-,860318004,0
80.0,F,t,f,f,f,f,f,f,f,f,f,f,t,f,f,t,0.83,t,1.9,t,116.0,f,,f,,f,,other,-,860318009,0
54.0,M,f,f,f,f,f,f,f,f,f,f,f,f,f,f,f,,f,,f,,f,,f,,t,27.0,other,-,860318022,0
60.0,F,f,f,f,f,f,f,f,f,f,f,f,f,f,f,f,,f,,f,,f,,f,,t,23.0,other,-,860318023,0
22.0,F,f,f,f,f,f,f,f,f,f,f,f,f,f,f,t,1.2,f,,t,86.0,t,0.86,t,99.0,f,,other,-,860318027,0
58.0,F,t,f,f,f,f,f,f,f,f,f,f,f,f,f,t,1.2,f,,t,175.0,t,1.08,t,161.0,f,,other,L,860318029,1
80.0,M,f,f,f,f,f,f,f,f,f,f,f,f,f,f,t,0.46,t,1.8,t,115.0,t,1.0,t,115.0,f,,SVI,-,860318038,0
73.0,,f,f,f,f,f,f,f,f,f,f,f,f,f,f,t,37.0,f,,t,86.0,t,0.82,t,105.0,f,,SVI,G,860318039,1
76.0,M,f,f,f,f,f,f,f,f,f,f,f,f,f,f,t,8.2,f,,t,125.0,t,0.81,t,153.0,f,,SVI,G,860318040,1
59.0,M,f,f,f,f,f,f,f,f,f,f,f,f,f,f,t,2.8,t,1.8,t,101.0,t,1.07,t,94.0,f,,SVHC,-,860318042,0
53.0,F,f,f,f,f,f,f,f,f,f,f,f,f,f,f,t,1.2,t,1.6,t,68.0,t,0.87,t,78.0,f,,SVHC,-,860318043,0
53.0,M,f,f,f,f,f,f,f,f,f,f,f,f,f,f,t,2.3,t,1.5,t,119.0,t,1.01,t,118.0,f,,SVHC,-,860318044,0
80.0,F,f,f,f,f,f,f,f,f,f,f,f,f,f,f,t,172.0,f,,t,29.0,t,0.84,t,35.0,f,,SVI,F,860318046,1
71.0,F,f,f,f,f,f,f,f,f,f,f,f,f,f,f,t,1.6,f,,t,114.0,t,1.01,t,113.0,f,,SVI,-,860318047,0
56.0,M,t,f,f,f,f,f,f,f,t,f,f,f,f,f,t,0.04,f,,t,134.0,t,0.66,t,204.0,f,,SVI,L,860318048,1
62.0,M,f,f,f,f,f,f,f,f,f,f,f,f,f,f,t,0.71,t,2.2,t,91.0,t,0.94,t,96.0,f,,other,-,860319004,0
75.0,F,f,f,f,f,f,t,f,f,f,f,f,f,f,f,t,2.6,f,,t,96.0,t,1.12,t,86.0,f,,other,-,860319036,0
62.0,F,f,f,f,f,f,f,f,f,f,f,f,f,f,f,t,0.64,t,1.4,t,110.0,t,0.78,t,142.0,f,,SVI,-,860319039,0
51.0,F,f,f,f,t,f,f,f,f,f,f,f,f,f,f,t,2.2,f,,t,120.0,t,1.22,t,99.0,f,,SVHD,-,860319045,0
51.0,F,f,f,f,f,f,f,f,f,f,f,f,f,f,f,t,2.9,t,1.5,t,124.0,t,0.88,t,141.0,f,,SVHC,-,860319057,0
52.0,M,f,f,f,f,f,f,f,f,f,f,f,f,f,f,t,1.9,t,2.8,t,124.0,t,1.16,t,106.0,f,,SVHC,-,860319058,0
52.0,F,f,f,f,f,f,f,f,f,f,f,f,f,f,f,t,0.035,t,2.1,t,183.0,t,1.02,t,179.0,f,,other,AK,860319072,1
42.0,F,f,f,f,t,f,f,f,f,f,f,f,f,f,f,t,4.4,t,1.9,t,127.0,t,1.14,t,111.0,f,,SVI,-,860320001,0
79.0,F,f,f,f,f,f,f,f,f,f,f,f,f,f,f,t,2.0,f,,t,120.0,t,1.11,t,108.0,f,,other,-,860320004,0
79.0,F,f,f,f,f,f,f,f,f,f,f,f,f,f,f,t,0.6,f,,t,97.0,t,0.9,t,108.0,f,,other,-,860320005,0
72.0,F,f,f,f,f,f,f,f,f,f,f,f,f,f,f,t,0.95,f,,t,85.0,t,0.8,t,106.0,f,,SVHD,-,860320006,0
16.0,M,f,f,f,f,f,f,f,f,f,f,f,f,f,f,t,2.7,f,,t,100.0,t,1.03,t,96.0,f,,other,-,860320007,0
50.0,F,t,f,f,f,f,f,f,f,f,f,f,f,f,f,t,2.7,t,1.5,t,172.0,t,1.15,t,149.0,f,,other,-,860320010,0
51.0,M,t,f,f,f,f,f,f,f,f,f,f,f,f,f,t,6.4,t,2.1,t,120.0,t,1.09,t,110.0,f,,other,M,860320024,1
48.0,F,f,f,f,f,f,f,f,f,f,f,f,f,f,f,t,0.45,f,,t,113.0,t,1.05,t,107.0,f,,other,-,860320026,0
45.0,M,f,f,f,f,f,f,f,f,t,f,f,f,f,f,t,0.025,t,4.2,t,183.0,t,0.78,t,235.0,f,,other,A,860320027,1
42.0,F,f,f,f,f,f,f,f,t,f,f,f,f,f,f,t,114.0,t,0.8,t,4.06,t,1.06,t,3.84,f,,other,F,860320028,1
32.0,F,f,f,f,f,f,f,f,f,f,f,f,f,f,f,t,0.09,t,2.3,t,212.0,t,1.34,t,158.0,f,,other,R,860320029,1
79.0,F,t,f,f,f,f,f,f,f,f,f,f,f,f,f,t,6.4,t,1.8,t,109.0,t,0.97,t,113.0,f,,other,M,860320030,1
61.0,F,t,f,f,f,f,f,f,f,f,f,f,f,f,f,t,0.75,t,1.7,t,88.0,t,0.92,t,96.0,f,,other,-,860320032,0
42.0,M,t,f,f,f,f,f,f,f,f,f,f,f,f,f,t,0.025,t,2.7,t,172.0,t,1.01,t,172.0,f,,other,N,860320034,1
42.0,F,f,f,t,f,f,f,f,f,t,f,f,f,f,f,t,0.025,t,3.1,t,136.0,t,1.0,t,136.0,f,,other,B,860320043,1
76.0,F,t,f,f,f,f,f,f,f,f,f,f,f,f,f,t,0.19,t,1.6,t,129.0,t,0.99,t,130.0,f,,other,-,860320047,0
22.0,F,f,f,f,f,f,f,f,f,f,f,f,f,f,f,f,,f,,t,119.0,t,1.12,t,107.0,f,,other,-,860320048,0
22.0,F,f,f,f,f,f,f,f,f,f,f,f,f,f,f,t,1.2,t,2.3,f,,f,,f,,f,,other,-,860320049,0
46.0,F,t,f,f,f,f,f,f,f,f,f,f,f,f,f,t,0.84,t,1.7,t,111.0,t,0.98,t,113.0,f,,other,-,860320051,0
20.0,F,f,f,f,f,f,f,f,f,f,f,f,f,f,f,t,1.0,f,,t,145.0,t,1.51,t,96.0,f,,other,I,860320052,1
78.0,F,f,f,f,f,f,f,f,f,t,f,f,f,f,f,t,1.5,f,,t,115.0,t,1.08,t,106.0,f,,SVI,-,860320072,0
71.0,M,f,f,f,f,f,f,f,f,f,f,f,f,f,f,t,0.55,t,1.1,t,91.0,t,0.86,t,105.0,f,,SVI,K,860320073,1
10.0,F,f,f,f,f,f,f,f,f,f,f,f,f,f,f,t,2.5,f,,t,83.0,t,0.93,t,89.0,f,,other,-,860320074,0
69.0,F,f,f,f,f,f,f,f,f,f,f,f,f,f,f,t,2.6,t,1.6,t,116.0,t,1.04,t,111.0,f,,SVI,-,860320075,0
69.0,F,f,f,f,f,f,f,f,f,f,f,f,f,f,f,t,2.9,t,1.4,t,135.0,t,1.19,t,113.0,f,,SVI,-,860320078,0
69.0,F,f,f,f,f,f,f,f,f,f,f,f,f,f,f,t,2.3,f,,t,111.0,t,1.32,t,84.0,f,,other,I,860320079,1
75.0,F,t,f,f,f,f,f,f,t,f,f,f,f,f,f,t,4.3,t,1.7,t,142.0,t,1.12,t,127.0,f,,other,-,860320080,0
31.0,F,f,f,f,f,f,f,f,f,f,f,f,f,f,f,f,,f,,t,81.0,t,0.85,t,95.0,f,,other,-,860320087,0
25.0,F,f,f,f,f,f,f,f,f,t,f,f,f,f,f,t,1.5,t,1.8,t,93.0,t,0.99,t,94.0,f,,other,-,860320092,0
25.0,F,f,f,f,f,f,f,t,f,f,f,f,f,f,f,t,34.0,f,,t,14.0,t,1.03,t,13.0,f,,other,F,860320095,1
25.0,F,t,f,f,f,f,f,f,f,f,f,f,f,f,f,t,0.06,t,2.7,t,159.0,t,0.92,t,173.0,f,,other,L,860320097,1
44.0,F,f,f,f,f,f,f,f,f,f,f,f,f,f,f,t,0.95,f,,t,115.0,t,0.97,t,117.0,f,,other,-,860321004,0
44.0,M,f,f,f,f,f,f,f,f,f,f,f,f,f,f,t,0.66,f,,t,62.0,t,0.94,t,63.0,f,,other,-,860321005,0
75.0,F,f,f,f,f,f,f,f,f,f,f,f,f,f,f,t,1.2,f,,t,134.0,t,1.14,t,117.0,f,,other,-,860321008,0
52.0,F,f,f,f,f,f,f,f,f,f,f,f,f,f,f,t,2.9,f,,t,121.0,t,1.38,t,87.0,f,,other,I,860321009,1
28.0,F,f,f,f,f,f,f,f,f,f,f,f,f,f,f,t,1.4,f,,t,105.0,t,0.94,t,112.0,f,,other,-,860321010,0
28.0,F,t,f,f,f,f,f,f,f,f,f,f,f,f,f,t,0.07,t,1.9,t,175.0,t,1.23,t,143.0,f,,other,-,860321012,0
28.0,F,f,f,f,f,f,f,f,f,f,f,f,f,f,f,t,11.0,f,,t,106.0,t,0.97,t,110.0,f,,SVI,G,860321030,1
44.0,M,f,f,f,t,f,f,f,f,f,f,f,f,f,f,t,1.3,t,1.5,t,64.0,t,1.01,t,63.0,f,,SVI,-,860321031,0
24.0,M,f,f,f,f,f,f,f,f,f,f,f,f,f,f,t,2.0,f,,t,87.0,t,0.88,t,99.0,f,,other,-,860321055,0
57.0,F,f,f,f,f,f,f,f,t,f,f,f,f,f,f,t,3.3,t,1.3,t,67.0,t,0.96,t,70.0,f,,other,-,860321059,0
58.0,M,t,f,f,f,f,f,f,f,f,f,f,f,f,f,t,22.0,t,1.0,t,155.0,t,1.13,t,137.0,f,,other,-,860321062,0
42.0,M,t,f,f,f,f,f,f,f,f,f,f,f,f,f,t,8.0,t,1.5,t,110.0,f,,f,,f,,other,M,860321065,1
31.0,F,f,f,f,f,f,f,f,f,f,f,f,f,f,f,t,1.5,f,,t,75.0,t,0.75,t,100.0,f,,other,-,860321067,0
31.0,M,f,f,f,t,f,f,f,f,f,f,f,f,f,f,t,0.06,f,,t,123.0,f,,f,,f,,other,-,860324001,0
31.0,M,f,f,f,f,f,f,f,f,f,t,f,f,f,f,t,3.6,t,1.5,t,105.0,t,0.8,t,131.0,f,,SVHC,-,860324003,0
31.0,M,f,f,f,f,f,f,f,f,f,f,f,f,f,f,t,1.7,t,1.4,t,62.0,t,0.64,t,98.0,f,,SVHC,-,860324004,0
39.0,F,f,f,f,f,f,f,f,f,f,f,f,f,f,f,t,1.8,f,,t,152.0,t,1.51,t,101.0,f,,SVHC,-,860324005,0
39.0,M,f,f,f,f,f,f,f,f,f,t,f,f,f,t,t,1.1,t,1.8,t,91.0,t,0.94,t,97.0,f,,SVHC,-,860324006,0
39.0,F,f,f,f,f,f,f,f,f,f,f,f,f,f,f,t,1.6,f,,t,107.0,t,1.07,t,100.0,f,,other,-,860324010,0
46.0,M,f,f,f,f,f,f,f,f,f,f,f,f,f,f,t,2.2,f,,t,116.0,t,1.0,t,117.0,f,,other,-,860324015,0
48.0,F,f,f,f,f,f,f,f,f,f,f,f,f,f,f,f,,t,1.8,f,,f,,f,,f,,other,-,860324018,0
46.0,F,t,f,f,f,f,f,f,f,f,f,f,f,f,f,t,2.0,f,,t,78.0,t,0.93,t,84.0,f,,other,-,860324025,0
76.0,F,f,f,f,f,f,f,f,f,f,f,f,f,f,f,t,0.04,t,0.9,t,100.0,t,1.01,t,100.0,f,,SVI,K,860324027,1
76.0,F,f,f,f,f,f,f,f,f,f,f,f,t,f,f,f,,f,,f,,f,,f,,t,29.0,other,-,860324039,0
76.0,F,t,f,f,f,f,f,f,f,f,f,f,f,f,f,t,3.7,f,,t,103.0,t,1.03,t,100.0,f,,other,-,860324043,0
29.0,F,f,f,f,f,f,f,f,f,f,f,f,f,f,f,t,1.7,f,,t,125.0,t,1.08,t,115.0,f,,other,-,860324046,0
29.0,M,f,f,f,f,f,f,f,f,f,f,f,f,f,f,f,,f,,f,,f,,f,,t,21.0,other,-,860324074,0
32.0,M,f,f,f,f,f,f,f,f,f,f,f,f,f,f,t,0.06,t,2.9,t,116.0,f,,f,,f,,SVHC,-,860325007,0
32.0,F,f,f,f,f,f,f,f,f,f,f,f,f,f,f,t,1.7,t,1.7,t,138.0,t,1.15,t,125.0,f,,SVHC,-,860325008,0
67.0,F,f,f,f,f,f,f,f,t,f,f,f,f,f,f,t,2.3,f,,t,81.0,t,0.91,t,89.0,f,,SVI,-,860325009,0
41.0,F,f,f,f,f,f,f,f,f,f,f,f,f,f,f,t,0.84,f,,t,130.0,t,1.06,t,123.0,f,,other,-,860325010,0
62.0,F,f,f,f,f,f,f,f,f,f,f,f,f,f,f,t,5.7,f,,t,132.0,t,1.26,t,105.0,f,,SVI,I,860325013,1
56.0,F,f,f,f,f,f,f,f,f,f,f,f,f,f,f,t,0.05,t,3.8,t,200.0,t,0.76,t,264.0,f,,SVI,A,860325014,1
38.0,F,f,f,f,f,f,f,f,f,f,f,f,f,f,f,t,0.06,t,2.9,t,150.0,f,,f,,f,,SVHC,-,860325015,0
37.0,,f,f,f,t,f,f,f,f,f,f,f,f,f,f,t,1.4,f,,t,100.0,t,0.86,t,117.0,f,,other,-,860325018,0
81.0,F,f,f,f,f,f,f,f,f,f,f,f,f,f,f,t,4.0,f,,t,97.0,t,0.92,t,106.0,f,,other,-,860325019,0
55.0,M,t,f,f,f,f,f,f,f,f,f,f,f,f,f,t,0.07,f,,t,92.0,t,0.58,t,157.0,f,,other,-,860325023,0
50.0,F,f,f,f,f,f,f,f,f,f,f,f,f,f,f,t,0.05,t,1.7,t,185.0,t,0.8,t,231.0,f,,other,AK,860325029,1
66.0,F,f,f,f,f,f,f,f,t,t,f,f,f,f,f,t,48.0,t,0.4,t,12.0,t,1.35,t,9.099999,f,,other,F,860325034,1
66.0,F,f,f,f,f,f,f,t,f,f,f,f,f,f,f,t,2.7,t,1.0,t,67.0,t,0.83,t,80.0,f,,other,P,860325038,1
66.0,F,f,f,f,t,f,f,f,t,f,f,f,f,f,f,t,1.0,t,2.0,t,91.0,t,0.95,t,95.0,f,,SVHD,-,860325049,0
69.0,F,t,f,f,f,f,f,f,f,f,f,f,f,f,f,t,0.005,t,1.8,t,203.0,t,0.91,t,224.0,f,,other,N,860325050,1
36.0,F,t,f,f,f,f,f,f,t,f,f,f,f,f,f,t,2.8,f,,t,155.0,t,0.97,t,159.0,f,,other,L,860325051,1
65.0,F,f,f,f,t,f,f,f,f,f,f,f,f,f,f,t,1.3,t,1.4,t,144.0,t,1.3,t,110.0,f,,other,-,860326001,0
54.0,F,f,f,f,f,f,f,f,f,f,f,f,f,f,f,t,2.2,f,,t,113.0,t,0.97,t,117.0,f,,other,-,860326002,0
59.0,M,f,f,f,f,f,f,f,f,f,f,f,f,f,f,t,1.3,f,,t,83.0,t,0.81,t,103.0,f,,other,-,860326003,0
32.0,M,f,f,f,f,f,f,f,f,f,f,f,f,f,f,t,0.35,t,1.7,t,97.0,t,0.86,t,113.0,f,,SVHC,-,860326004,0
54.0,F,f,f,f,f,f,f,f,t,f,f,f,f,f,f,t,1.1,f,,t,146.0,t,1.08,t,136.0,f,,other,-,860326005,0
70.0,F,f,f,f,t,f,f,f,f,f,f,f,f,f,f,t,1.9,t,2.2,f,,f,,f,,f,,SVHD,-,860326006,0
70.0,F,f,f,f,t,f,f,f,f,f,f,f,f,f,f,f,,f,,f,,f,,f,,t,9.299999,other,-,860326023,0
56.0,F,f,f,f,f,f,f,f,f,f,f,f,f,f,f,t,2.1,t,1.7,t,124.0,t,1.11,t,112.0,f,,SVI,-,860326042,0
78.0,M,f,f,f,f,f,f,f,f,f,f,f,f,f,f,t,1.03,f,,t,90.0,t,1.02,t,89.0,f,,other,-,860326050,0
46.0,F,f,f,f,f,f,f,f,f,f,f,f,f,f,f,t,1.3,f,,t,124.0,t,1.01,t,122.0,f,,other,-,860326052,0
19.0,F,t,f,f,f,f,f,f,f,f,f,f,f,f,f,t,2.8,f,,t,134.0,t,1.12,t,109.0,f,,other,-,860326053,0
19.0,,f,f,f,f,f,f,f,f,f,f,f,f,f,f,t,3.6,t,1.7,t,102.0,f,,f,,f,,other,-,860326076,0
19.0,F,f,f,f,f,f,f,f,f,f,f,f,f,f,f,f,,f,,f,,f,,f,,t,27.0,other,-,860326078,0
49.0,F,f,f,f,f,f,f,f,f,f,f,f,f,f,f,t,1.1,f,,t,91.0,t,1.05,t,87.0,f,,SVI,-,860326083,0
62.0,M,f,f,f,f,f,f,f,f,f,f,f,f,f,f,t,0.7,f,,t,119.0,t,0.94,t,128.0,f,,SVI,-,860326087,0
53.0,M,f,f,f,f,f,f,f,f,f,f,f,f,f,f,t,1.8,t,1.8,t,96.0,t,0.86,t,112.0,f,,SVI,-,860326088,0
41.0,F,f,f,f,f,f,f,f,f,f,f,f,f,f,f,t,4.0,f,,t,98.0,t,0.83,t,118.0,f,,SVI,-,860326089,0
72.0,M,f,f,f,f,f,f,f,f,f,f,f,f,f,f,t,2.1,f,,t,90.0,t,0.89,t,102.0,f,,SVI,-,860326090,0
42.0,F,f,f,f,f,f,f,f,f,f,f,t,f,f,f,f,,f,,t,109.0,t,1.05,t,104.0,f,,other,-,860326102,0
65.0,F,f,f,f,f,f,f,f,f,f,f,f,f,f,f,f,,f,,t,148.0,t,0.85,t,174.0,f,,other,A,860326110,1
61.0,M,f,f,f,f,f,f,f,f,f,f,f,f,f,f,t,2.0,t,1.1,t,140.0,t,0.9,t,156.0,f,,SVHC,-,860327001,0
60.0,F,f,f,f,f,f,f,f,t,t,f,f,f,f,f,t,2.1,t,1.6,t,136.0,f,,f,,f,,SVI,-,860327002,0
57.0,F,f,f,f,f,f,f,f,f,f,f,f,f,f,f,t,4.0,f,,t,112.0,t,1.33,t,84.0,f,,other,I,860327003,1
57.0,F,f,f,f,f,f,f,f,f,f,f,f,f,f,f,t,3.8,f,,t,132.0,t,1.16,t,114.0,f,,other,-,860327004,0
36.0,M,f,f,f,f,f,f,f,f,f,f,f,f,f,f,t,0.44,t,1.6,t,122.0,t,0.86,t,141.0,f,,SVHC,-,860327005,0
69.0,M,f,f,f,f,f,f,f,f,f,f,f,f,f,f,t,1.3,f,,t,149.0,t,1.37,t,109.0,f,,other,I,860327006,1
32.0,F,f,f,f,f,f,f,f,f,f,f,f,f,f,f,t,2.8,f,,t,88.0,t,0.74,t,120.0,f,,other,-,860327007,0
78.0,F,f,f,f,f,f,f,f,f,f,f,f,f,f,f,t,0.72,t,1.7,t,122.0,t,1.07,t,114.0,f,,other,-,860327008,0
29.0,M,f,f,f,f,f,f,f,f,t,f,f,f,f,f,t,1.2,t,2.3,t,99.0,t,0.96,t,104.0,f,,other,-,860327015,0
19.0,F,t,f,f,f,f,f,f,f,f,f,f,f,f,f,t,164.0,f,,t,65.0,t,1.59,t,41.0,f,,other,F,860327016,1
73.0,F,t,f,f,f,f,f,t,t,f,f,f,f,f,f,t,3.2,f,,t,121.0,t,0.88,t,137.0,f,,other,-,860327033,0
19.0,F,t,f,f,f,f,f,f,f,f,f,f,f,f,f,t,6.6,t,1.8,t,122.0,t,1.17,t,104.0,f,,other,M,860327034,1
39.0,M,t,f,f,f,f,f,f,f,f,f,f,f,f,f,f,,f,,f,,f,,f,,t,17.0,other,-,860327036,0
46.0,M,f,t,f,f,f,f,f,f,f,f,f,f,f,f,f,,f,,t,141.0,t,0.98,t,143.0,f,,other,-,860327053,0
87.0,F,f,f,f,f,f,f,f,f,f,f,f,f,f,f,t,3.1,f,,t,80.0,t,0.88,t,91.0,f,,other,-,860327055,0
29.0,F,f,f,f,f,f,f,f,f,f,f,f,f,f,f,t,2.7,f,,t,104.0,t,0.93,t,112.0,f,,other,-,860327064,0
12.0,F,f,f,f,f,f,f,f,f,f,f,f,f,f,f,f,,f,,f,,f,,f,,t,27.0,other,-,860327069,0
26.0,F,f,f,f,f,f,f,f,f,t,f,f,f,f,f,t,1.1,t,1.4,t,36.0,t,0.86,t,42.0,f,,other,O,860327073,1
22.0,F,f,t,f,f,f,f,f,f,f,f,f,f,f,f,f,,f,,t,395.0,t,1.07,t,369.0,f,,other,L,860327074,1
74.0,F,t,f,f,f,f,f,f,t,f,f,f,f,f,f,t,7.2,t,1.3,t,96.0,t,0.99,t,97.0,f,,other,M,860327075,1
61.0,M,f,f,f,f,f,f,f,f,f,f,f,f,f,f,t,0.92,f,,t,128.0,t,1.02,t,125.0,f,,SVI,-,860327077,0
49.0,M,f,f,f,f,f,f,f,f,f,f,f,f,f,f,t,1.2,f,,t,98.0,t,0.89,t,110.0,f,,other,-,860327080,0
49.0,F,f,f,f,f,f,f,f,f,f,f,f,f,f,f,t,1.9,f,,t,134.0,t,1.28,t,105.0,f,,other,I,860327081,1
49.0,M,f,f,f,f,f,f,f,f,f,f,f,f,f,f,t,1.7,t,1.6,t,106.0,t,0.98,t,108.0,f,,SVHC,-,860327082,0
49.0,F,f,f,f,f,f,f,f,f,f,f,f,f,f,f,t,0.05,f,,t,193.0,t,1.05,t,184.0,f,,other,A,860327084,1
25.0,M,f,f,f,f,f,f,f,f,f,f,f,f,f,f,t,1.3,f,,t,77.0,t,0.87,t,88.0,f,,SVI,-,860327085,0
38.0,M,f,f,f,f,f,f,f,f,f,f,f,f,f,f,t,0.54,t,1.7,t,113.0,t,0.94,t,120.0,f,,SVI,-,860327086,0
38.0,F,f,f,f,f,f,f,f,f,f,f,f,f,f,f,t,3.4,t,1.9,t,124.0,t,1.2,t,103.0,f,,other,-,860327087,0
73.0,M,f,f,f,f,f,f,f,f,f,f,f,f,f,f,t,2.4,t,1.4,t,91.0,t,1.05,t,87.0,f,,SVI,-,860327088,0
38.0,F,f,f,f,f,f,f,f,f,f,f,f,f,f,f,t,0.93,f,,t,107.0,t,1.05,t,101.0,f,,other,-,860327090,0
61.0,F,f,f,f,f,f,f,f,f,f,f,f,f,f,f,t,2.5,f,,t,113.0,t,0.94,t,120.0,f,,other,-,860401007,0
61.0,M,f,f,f,f,f,f,f,f,f,t,f,f,f,t,t,0.06,t,2.6,t,110.0,f,,f,,f,,SVHC,-,860401008,0
46.0,M,f,f,f,f,f,f,f,f,f,f,f,f,f,f,t,0.77,t,1.3,t,50.0,t,0.67,t,75.0,f,,SVI,J,860401010,1
20.0,M,f,f,f,f,f,f,f,f,f,f,f,f,f,f,t,2.0,f,,t,86.0,t,0.91,t,95.0,f,,other,-,860401012,0
69.0,F,t,f,f,f,f,f,f,f,f,f,f,f,f,f,t,2.1,t,1.7,t,118.0,t,0.91,t,130.0,f,,other,-,860401013,0
28.0,F,f,f,f,f,f,f,f,f,f,f,f,f,f,f,t,2.5,f,,t,104.0,t,0.95,t,109.0,f,,other,-,860401014,0
52.0,F,f,f,f,f,f,f,f,f,f,f,f,f,f,f,t,3.5,f,,t,74.0,t,0.83,t,89.0,f,,other,-,860401015,0
52.0,,f,f,f,f,f,f,f,t,f,f,f,f,f,f,t,0.63,f,,t,111.0,t,0.99,t,113.0,f,,other,-,860401016,0
31.0,F,f,f,f,f,f,f,f,f,f,f,f,f,f,f,t,44.0,f,,t,79.0,t,0.82,t,96.0,f,,STMW,G,860401017,1
37.0,M,f,f,f,f,f,f,f,f,f,f,f,f,f,f,t,0.91,t,2.0,t,85.0,t,1.05,t,81.0,f,,other,-,860401027,0
33.0,F,f,f,f,f,f,f,f,f,t,f,f,f,f,f,t,0.005,t,3.2,t,185.0,t,0.91,t,206.0,f,,other,A,860401033,1
59.0,M,f,f,f,t,f,f,f,f,f,f,f,f,f,f,t,2.7,f,,t,148.0,t,1.09,t,136.0,f,,SVI,-,860401042,0
57.0,M,f,f,f,f,f,f,f,f,f,f,f,f,f,f,t,1.3,f,,t,133.0,t,1.0,t,133.0,f,,SVI,-,860401043,0
57.0,,f,f,f,f,f,f,f,f,f,f,f,f,f,f,t,1.6,t,0.5,t,110.0,t,0.86,t,127.0,f,,other,-,860401053,0
22.0,F,f,f,f,f,f,f,f,f,f,f,f,f,f,f,t,2.2,f,,t,121.0,t,0.93,t,131.0,f,,other,-,860401054,0
32.0,F,f,f,f,f,f,t,f,f,f,f,f,f,f,f,t,7.5,f,,t,109.0,t,1.13,t,96.0,f,,other,-,860401055,0
35.0,F,f,f,f,f,f,f,f,f,t,f,f,f,f,f,t,0.01,t,1.9,t,136.0,t,1.07,t,127.0,f,,other,-,860401057,0
78.0,F,f,f,f,f,f,f,f,f,f,f,f,f,f,f,t,0.17,f,,t,75.0,t,1.02,t,73.0,f,,SVI,-,860402021,0
78.0,M,f,f,f,f,f,f,f,f,f,f,f,f,f,f,t,0.59,t,2.0,t,101.0,t,0.9,t,112.0,f,,SVI,-,860402022,0
36.0,M,f,f,f,f,f,f,f,f,f,t,f,f,f,f,t,2.3,f,,t,95.0,t,0.91,t,104.0,f,,SVHC,-,860402025,0
69.0,M,f,f,f,f,f,f,f,f,f,f,f,f,f,t,t,0.45,t,1.4,t,91.0,t,0.8,t,114.0,f,,SVHC,-,860402027,0
38.0,M,f,f,f,f,f,f,f,f,f,f,f,f,f,f,t,0.97,t,1.6,t,105.0,t,0.86,t,122.0,f,,SVHC,-,860402028,0
49.0,F,t,f,f,f,f,f,f,t,f,f,f,f,f,f,t,68.0,t,0.3,t,68.0,t,0.88,t,77.0,f,,other,MK,860402030,1
43.0,M,f,f,f,f,f,f,f,f,f,f,f,f,f,f,t,3.8,t,2.2,t,130.0,t,0.97,t,134.0,f,,SVHC,-,860402031,0
43.0,F,f,f,f,f,f,f,f,f,f,f,f,f,f,t,t,1.9,t,1.8,t,98.0,t,0.88,t,112.0,f,,SVHC,-,860402032,0
68.0,M,f,f,f,f,f,f,f,f,f,t,f,f,f,f,t,1.0,f,,t,89.0,t,0.84,t,106.0,f,,SVHC,-,860402036,0
65.0,M,f,f,f,f,f,f,f,t,f,f,f,f,f,f,t,1.2,f,,t,98.0,t,0.78,t,126.0,f,,SVI,-,860402042,0
55.0,M,f,f,f,f,f,f,f,f,f,f,f,f,f,f,f,,f,,t,106.0,t,1.13,t,94.0,f,,other,-,860402060,0
43.0,F,f,f,f,f,f,f,f,f,f,f,f,f,f,f,t,3.6,f,,t,88.0,t,0.99,t,89.0,f,,SVI,-,860402061,0
43.0,M,f,f,f,f,f,f,f,f,f,f,f,f,f,f,t,1.1,t,2.3,t,121.0,t,0.88,t,137.0,f,,SVHC,-,860402065,0
43.0,F,f,f,f,f,f,f,f,f,f,f,f,f,f,f,t,2.1,t,0.6,t,87.0,t,0.87,t,100.0,f,,SVI,K,860402066,1
78.0,F,f,f,f,f,f,f,f,f,f,f,f,f,f,f,t,1.8,t,1.3,t,98.0,t,1.03,t,95.0,f,,SVI,-,860402067,0
75.0,F,f,f,f,f,f,f,f,f,f,f,f,f,f,f,t,4.0,f,,t,86.0,t,0.95,t,91.0,f,,other,-,860402068,0
42.0,F,f,f,f,f,f,f,f,f,f,f,f,t,f,f,t,5.8,t,2.7,t,79.0,t,1.0,t,79.0,f,,other,-,860402077,0
76.0,F,f,f,f,f,f,f,t,f,f,f,f,f,f,f,t,3.8,t,2.7,t,97.0,t,1.19,t,81.0,f,,other,-,860402079,0
38.0,F,f,f,f,f,f,f,f,f,f,t,f,f,f,f,t,5.1,t,1.6,t,91.0,t,1.08,t,85.0,f,,SVHC,-,860403001,0
38.0,M,f,f,f,f,f,f,f,f,f,f,f,f,f,f,t,2.5,f,,t,95.0,t,0.99,t,96.0,f,,other,-,860403004,0
38.0,F,f,f,f,f,f,f,f,f,f,f,f,f,f,f,t,7.5,f,,t,76.0,t,0.95,t,80.0,f,,other,G,860403006,1
54.0,F,f,f,f,f,f,f,f,f,f,f,f,t,f,f,t,3.3,f,,t,115.0,t,1.33,t,86.0,f,,other,I,860403007,1
54.0,M,f,f,f,f,f,f,f,f,f,f,f,f,f,f,t,3.0,f,,t,107.0,t,1.08,t,99.0,f,,other,-,860403009,0
62.0,M,f,f,f,f,f,f,f,f,f,f,f,f,f,f,f,,t,1.1,t,96.0,t,0.94,t,102.0,f,,other,-,860403010,0
73.0,F,f,f,f,f,f,f,f,f,f,f,f,f,f,f,t,3.8,f,,t,104.0,t,0.99,t,106.0,f,,other,-,860403011,0
73.0,M,f,f,f,f,f,f,f,f,f,f,f,f,f,f,t,3.9,t,1.9,t,91.0,t,0.8,t,114.0,f,,SVHC,-,860403012,0
70.0,M,f,f,f,f,f,f,t,f,f,f,f,f,f,f,t,2.3,t,2.8,t,90.0,t,1.1,t,82.0,f,,other,-,860403019,0
37.0,F,f,f,f,f,f,f,f,f,f,f,f,f,f,f,t,4.2,t,2.2,t,142.0,f,,f,,f,,STMW,-,860403021,0
52.0,M,f,f,f,f,f,f,t,f,t,f,f,f,f,f,t,3.4,t,2.3,t,84.0,t,0.72,t,117.0,f,,other,-,860403022,0
80.0,F,t,f,f,f,f,f,f,f,f,f,f,f,f,f,t,4.6,t,1.8,t,120.0,t,1.04,t,116.0,f,,other,-,860403028,0
20.0,F,f,f,t,f,f,f,f,f,f,f,f,f,f,f,t,3.2,t,2.6,t,38.0,t,1.1,t,35.0,f,,other,O,860403029,1
70.0,F,f,f,f,f,f,f,f,t,f,f,f,f,f,f,t,5.2,t,1.1,t,112.0,t,0.78,t,143.0,f,,other,-,860403036,0
60.0,F,t,f,f,f,f,f,f,f,f,f,f,f,f,f,t,4.1,t,0.7,t,105.0,t,0.85,t,124.0,f,,other,-,860403049,0
,M,f,f,f,f,f,f,f,f,t,f,f,f,f,f,t,0.03,t,2.8,t,112.0,t,0.84,t,133.0,f,,other,-,860403050,0
28.0,F,t,f,f,f,f,f,f,f,f,f,f,f,f,f,t,0.03,t,2.4,t,220.0,t,1.48,t,149.0,f,,other,-,860403053,0
34.0,F,f,f,f,f,t,f,f,f,f,f,t,f,f,f,f,,t,2.6,t,82.0,t,1.02,t,80.0,f,,other,-,860403054,0
34.0,F,f,f,f,f,f,f,f,f,f,f,f,t,f,f,t,0.03,t,3.2,t,123.0,t,1.08,t,114.0,f,,other,C,860403055,1
34.0,F,f,f,f,f,f,f,t,f,f,f,f,f,f,f,t,0.03,t,2.2,t,105.0,t,0.85,t,123.0,f,,other,-,860403056,0
47.0,F,f,f,f,f,f,f,f,f,f,f,f,f,f,f,t,2.1,f,,t,93.0,t,1.03,t,90.0,f,,other,-,860403057,0
53.0,F,f,f,f,f,f,f,f,f,f,f,f,f,f,f,t,0.04,t,1.0,t,65.0,t,0.6,t,108.0,f,,SVI,K,860403062,1
62.0,F,t,f,f,f,f,f,f,f,f,f,f,f,f,f,t,0.49,f,,t,111.0,t,0.9,t,124.0,f,,other,-,860403063,0
51.0,F,f,f,f,f,f,f,f,f,f,f,f,f,f,f,t,1.1,f,,t,108.0,t,0.99,t,110.0,f,,other,-,860403065,0
56.0,F,t,f,f,f,f,f,f,f,f,f,f,f,f,f,t,1.1,f,,t,120.0,t,1.03,t,116.0,f,,other,-,860403066,0
59.0,M,f,f,f,f,f,f,f,f,f,f,f,f,f,f,t,0.68,t,1.2,t,23.0,t,0.17,t,136.0,f,,other,J,860403067,1
83.0,F,f,f,f,f,f,f,f,f,f,f,f,f,f,f,t,0.73,t,2.0,t,105.0,t,0.85,t,125.0,f,,other,-,860403070,0
67.0,M,f,f,f,f,f,f,f,f,f,f,f,f,f,f,t,2.3,f,,t,84.0,t,0.96,t,88.0,f,,other,-,860403071,0
36.0,M,f,f,f,f,f,f,f,f,f,f,t,f,f,f,t,0.04,t,1.7,t,102.0,t,0.9,t,113.0,f,,SVI,-,860403073,0
55.0,F,f,f,f,f,f,f,f,f,f,f,f,f,f,f,t,0.04,t,1.4,t,130.0,t,0.85,t,153.0,f,,SVI,-,860403074,0
47.0,F,f,f,f,f,f,f,f,f,f,f,f,f,f,f,t,3.8,f,,t,80.0,t,0.91,t,88.0,f,,SVI,-,860403075,0
51.0,M,f,f,t,f,f,f,f,f,t,f,f,f,f,f,t,19.0,t,1.9,t,92.0,t,0.84,t,110.0,f,,SVI,G,860403076,1
64.0,F,f,f,f,t,f,f,f,f,f,f,f,f,f,f,t,0.88,f,,t,125.0,t,0.87,t,145.0,f,,SVI,-,860403077,0
64.0,F,f,f,f,f,f,f,f,f,f,f,f,f,f,f,f,,f,,f,,t,0.83,t,114.0,f,,other,-,860403079,0
69.0,M,t,t,f,f,f,f,f,t,f,f,f,f,f,f,t,0.09,f,,t,131.0,t,0.7,t,186.0,f,,other,-,860403081,0
56.0,F,t,f,f,f,f,f,f,f,f,f,f,f,f,f,t,14.0,f,,t,110.0,t,0.97,t,113.0,f,,other,M,860404004,1
56.0,F,f,f,f,f,f,f,f,f,t,f,f,f,f,f,t,0.04,t,3.8,t,162.0,t,1.04,t,155.0,f,,SVHD,-,860404010,0
56.0,M,f,f,f,f,f,f,f,f,f,f,f,f,f,f,f,,t,1.8,t,130.0,t,0.91,t,143.0,f,,SVHC,-,860404020,0
69.0,F,f,f,f,f,f,f,f,f,f,f,f,f,f,f,t,3.4,f,,t,131.0,t,0.92,t,141.0,f,,other,-,860404022,0
60.0,M,t,f,f,f,f,f,t,f,t,f,f,f,f,f,t,0.04,t,2.3,t,155.0,t,0.7,t,221.0,f,,other,N,860404023,1
63.0,F,f,f,f,f,f,t,f,f,f,f,f,f,f,f,f,,f,,f,,f,,f,,t,33.0,other,S,860404049,1
39.0,F,f,f,f,f,f,f,f,f,t,f,f,f,f,f,t,8.9,t,1.7,t,97.0,t,0.88,t,111.0,f,,other,G,860404054,1
27.0,F,f,f,f,f,f,f,f,f,f,f,f,f,f,f,t,0.04,t,2.3,t,166.0,t,0.84,t,198.0,f,,other,AK,860404055,1
46.0,F,f,f,f,f,f,f,f,f,t,f,f,f,f,f,t,35.0,t,1.2,t,16.0,t,0.86,t,19.0,f,,other,F,860404076,1
46.0,F,f,f,f,f,f,f,f,f,f,f,f,f,f,f,t,8.0,f,,t,88.0,t,0.99,t,89.0,f,,other,G,860404083,1
69.0,F,f,f,f,f,f,f,f,f,f,f,f,f,f,f,t,0.66,f,,t,107.0,t,0.86,t,124.0,f,,SVI,-,860404084,0
63.0,F,f,f,f,f,f,f,f,t,f,f,f,f,f,f,t,0.15,f,,t,173.0,t,1.12,t,154.0,f,,SVI,-,860404086,0
63.0,F,f,f,f,t,f,f,f,f,f,f,f,f,f,f,t,2.4,t,2.2,t,113.0,f,,f,,f,,other,-,860404087,0
63.0,F,f,f,f,f,f,f,f,f,f,f,f,f,f,f,f,,t,1.7,t,81.0,t,0.95,t,86.0,f,,SVHC,-,860404088,0
31.0,M,f,f,f,f,f,f,f,f,f,f,f,f,f,f,f,,t,1.8,t,67.0,t,0.89,t,72.0,t,26.0,other,-,860404089,0
69.0,M,f,f,f,f,f,f,f,f,f,f,f,f,f,f,t,0.04,t,1.4,t,199.0,t,0.98,t,204.0,f,,other,AK,860404090,1
60.0,M,f,f,f,f,f,f,f,f,f,f,f,f,f,t,t,6.2,t,0.7,t,55.0,t,0.58,t,96.0,f,,SVHC,GK,860404091,1
75.0,F,f,f,f,f,f,f,f,f,f,f,f,f,f,f,f,,t,1.4,t,161.0,t,0.88,t,183.0,f,,SVI,AK,860404094,1
75.0,,f,f,f,f,f,f,f,f,f,f,f,f,f,f,t,1.3,t,2.3,f,,f,,f,,f,,other,-,860404098,0
75.0,,f,f,f,f,f,f,f,f,f,f,f,f,f,f,f,,f,,t,107.0,t,1.01,t,106.0,f,,other,-,860404099,0
89.0,F,f,f,f,f,f,f,f,t,f,f,f,f,f,f,t,14.0,f,,f,,f,,f,,f,,other,F,860404112,1
50.0,M,f,f,f,f,f,f,f,f,f,f,f,f,f,f,t,2.9,f,,f,,f,,f,,f,,other,-,860404113,0
28.0,F,f,f,f,f,f,f,f,f,f,f,f,f,f,t,t,2.1,t,1.7,t,116.0,t,1.01,t,115.0,f,,SVHC,-,860407014,0
72.0,F,t,f,f,f,f,f,f,t,f,f,f,f,f,f,t,4.5,f,,t,102.0,t,0.94,t,108.0,f,,other,-,860407015,0
61.0,F,t,f,f,f,f,f,f,t,f,f,f,f,f,f,t,6.8,t,0.9,t,96.0,t,1.01,t,95.0,f,,other,MK,860407035,1
39.0,F,f,f,f,f,f,f,f,f,t,f,f,f,f,f,t,2.1,t,3.1,t,153.0,t,1.6,t,96.0,f,,other,I,860407037,1
62.0,F,f,f,f,f,f,f,f,t,f,f,f,f,f,f,t,0.18,t,1.5,t,103.0,f,,f,,f,,other,-,860407038,0
39.0,F,t,f,f,f,f,f,f,f,f,f,f,f,f,f,t,0.07,t,2.4,t,37.0,t,0.81,t,45.0,f,,other,M,860407044,1
39.0,F,t,f,f,f,f,f,f,f,f,f,f,f,f,f,t,1.1,f,,t,106.0,t,0.91,t,117.0,f,,other,-,860407045,0
69.0,F,f,f,f,f,f,f,f,f,f,f,f,f,f,f,t,2.9,f,,t,110.0,t,1.03,t,107.0,f,,other,-,860407047,0
25.0,F,f,f,f,f,f,f,f,f,f,f,f,f,f,f,f,,f,,t,110.0,t,1.08,t,102.0,f,,other,-,860407052,0
70.0,F,f,f,f,f,f,f,f,f,f,f,f,f,f,f,t,1.0,f,,t,123.0,t,0.85,t,145.0,f,,SVI,-,860407060,0
67.0,F,f,f,f,f,f,f,f,t,f,f,f,f,f,f,t,44.0,f,,t,31.0,t,1.04,t,29.0,f,,other,F,860407061,1
13.0,F,f,f,f,f,f,f,f,f,f,f,f,f,f,f,t,5.0,t,1.0,t,103.0,t,0.72,t,142.0,f,,SVI,K,860407063,1
13.0,F,f,f,f,f,f,f,f,f,f,f,f,f,f,f,t,3.9,f,,t,76.0,t,0.98,t,77.0,f,,other,-,860407065,0
13.0,F,f,f,f,f,f,f,f,f,f,f,f,f,f,f,t,1.5,f,,t,106.0,t,1.07,t,99.0,f,,other,-,860407066,0
73.0,F,f,f,f,f,f,f,f,f,t,f,f,f,f,f,t,2.3,t,1.6,t,77.0,t,1.04,t,75.0,f,,SVI,-,860408023,0
77.0,F,t,f,f,f,f,f,f,f,f,f,f,f,f,f,f,,f,,f,,f,,f,,t,21.0,other,-,860408029,0
36.0,M,f,f,f,f,f,f,f,f,t,f,f,f,f,f,t,0.07,t,4.1,t,153.0,t,0.86,t,178.0,f,,other,A,860408031,1
34.0,F,f,f,f,f,f,f,f,f,t,f,f,f,f,f,t,2.4,t,1.6,t,110.0,t,1.04,t,105.0,f,,other,-,860408033,0
75.0,F,f,f,f,f,f,f,f,f,f,f,f,f,f,f,t,2.6,f,,t,53.0,t,0.54,t,98.0,f,,other,J,860408042,1
75.0,M,f,f,f,f,f,f,f,f,f,f,f,f,f,f,t,0.075,t,3.0,t,139.0,t,0.98,t,141.0,f,,SVHC,-,860408043,0
77.0,F,f,f,f,f,f,f,f,f,f,f,f,f,f,f,t,6.6,t,1.3,t,146.0,t,1.06,t,137.0,f,,SVHC,G,860408057,1
73.0,F,f,f,f,f,f,f,f,f,f,t,f,f,f,f,t,3.3,t,0.9,t,90.0,t,0.88,t,102.0,f,,SVHC,K,860408059,1
73.0,F,f,f,f,f,f,f,f,f,f,f,f,f,f,f,f,,t,2.1,t,132.0,t,0.92,t,143.0,f,,SVHC,-,860408061,0
71.0,M,f,f,f,f,f,f,f,f,f,f,f,f,f,f,t,0.69,f,,t,135.0,t,1.02,t,133.0,f,,SVI,-,860408062,0
57.0,F,f,f,f,f,f,f,f,f,f,f,f,f,f,f,t,0.04,t,1.3,t,121.0,t,0.8,t,152.0,f,,SVI,-,860408064,0
57.0,M,f,f,f,f,f,f,f,f,f,f,f,f,f,f,t,2.4,t,1.9,t,124.0,t,1.08,t,115.0,f,,SVHC,-,860408065,0
86.0,M,f,f,f,f,f,f,f,f,f,f,f,f,f,f,t,1.4,f,,t,116.0,t,0.93,t,125.0,f,,SVI,-,860408067,0
86.0,M,f,f,f,f,f,f,f,f,f,f,f,f,f,f,f,,t,2.2,t,84.0,t,0.77,t,110.0,f,,other,-,860408068,0
76.0,F,t,f,f,f,f,f,f,t,f,f,f,f,f,f,t,6.5,f,,t,84.0,t,0.86,t,97.0,f,,other,M,860408069,1
60.0,M,t,f,f,f,f,t,f,f,t,f,f,f,f,f,t,0.075,t,1.3,t,131.0,t,0.93,t,142.0,f,,other,-,860408070,0
66.0,F,f,f,f,f,f,f,f,f,f,f,f,f,f,f,t,2.2,t,1.6,t,77.0,t,0.85,t,90.0,f,,other,-,860408071,0
77.0,F,f,f,f,f,f,f,f,f,f,f,f,f,f,f,t,0.43,f,,t,93.0,t,0.93,t,100.0,f,,other,-,860409006,0
72.0,F,f,f,f,t,f,f,f,f,f,f,f,f,f,f,t,0.45,f,,t,119.0,t,1.15,t,104.0,f,,SVHD,-,860409009,0
41.0,M,f,f,f,f,f,f,f,f,f,f,f,f,f,f,t,0.61,t,1.7,t,108.0,t,0.8,t,135.0,f,,SVHC,-,860409010,0
61.0,F,f,f,f,f,f,f,f,f,f,f,f,f,f,f,t,2.4,f,,t,176.0,t,0.93,t,189.0,f,,other,R,860409011,1
61.0,F,f,f,f,f,f,f,f,f,f,f,f,f,f,f,t,3.2,f,,t,147.0,t,1.34,t,110.0,f,,other,I,860409013,1
35.0,F,t,f,f,f,f,f,f,f,f,f,f,f,f,f,t,2.9,f,,t,100.0,t,0.98,t,102.0,f,,STMW,-,860409014,0
26.0,F,f,f,f,f,t,f,f,f,f,f,f,t,f,f,t,0.88,f,,t,119.0,t,1.52,t,78.0,f,,STMW,I,860409017,1
46.0,F,f,f,f,f,f,f,f,f,t,f,f,f,f,f,t,0.07,t,3.8,t,148.0,f,,f,,f,,other,-,860409027,0
61.0,F,f,f,f,f,f,f,f,f,f,f,f,f,f,f,t,0.72,t,1.5,t,151.0,f,,f,,f,,other,R,860409038,1
61.0,M,f,f,f,t,f,f,f,f,f,f,f,f,f,f,f,,f,,f,,f,,f,,t,24.0,other,-,860409048,0
62.0,F,f,f,f,t,f,f,f,f,f,f,f,f,f,f,t,1.9,t,2.1,t,116.0,t,1.12,t,103.0,f,,SVHD,-,860409054,0
56.0,F,f,f,f,f,f,f,f,f,f,f,f,f,f,f,t,0.3,t,1.6,t,131.0,t,0.95,t,138.0,f,,other,-,860409061,0
28.0,F,t,f,f,f,f,f,f,f,t,f,f,f,f,f,t,0.07,f,,t,172.0,t,1.71,t,101.0,f,,other,-,860409069,0
84.0,F,f,f,f,f,f,f,f,f,f,f,f,f,f,f,t,1.7,t,1.8,t,82.0,t,0.92,t,89.0,f,,other,-,860409073,0
66.0,F,f,f,f,f,f,f,f,t,f,f,f,f,f,f,t,48.0,t,0.5,t,4.2,t,1.36,t,3.1,f,,other,F,860410001,1
74.0,F,f,t,f,f,f,f,f,f,f,f,f,f,f,f,t,0.3,t,0.9,t,104.0,t,0.78,t,133.0,f,,SVI,K,860410002,1
74.0,F,f,f,f,f,f,f,f,f,f,f,f,f,f,f,t,1.2,f,,t,123.0,t,1.18,t,104.0,f,,other,-,860410004,0
63.0,M,f,f,f,f,f,f,f,f,f,f,f,f,f,t,t,4.4,f,,t,136.0,t,1.0,t,136.0,f,,SVI,-,860410007,0
80.0,F,f,f,f,f,f,f,f,f,f,f,f,f,f,f,t,8.299999,f,,t,115.0,t,0.86,t,134.0,f,,SVI,G,860410008,1
25.0,F,t,f,f,f,f,f,f,f,f,f,f,f,f,f,t,28.0,t,1.1,t,87.0,t,0.94,t,93.0,f,,other,MK,860410024,1
32.0,F,f,f,f,f,f,f,f,f,f,f,f,f,f,f,t,1.4,f,,t,88.0,t,0.78,t,113.0,f,,other,-,860410040,0
60.0,F,f,f,f,f,f,f,f,f,f,f,f,f,f,f,t,1.5,f,,t,157.0,t,1.06,t,148.0,f,,SVI,-,860410041,0
33.0,F,f,f,f,f,f,f,f,f,f,f,f,f,f,f,t,1.6,f,,t,141.0,t,1.36,t,104.0,f,,other,I,860410043,1
33.0,M,f,f,f,f,f,f,f,f,f,f,f,f,f,f,f,,t,1.6,t,65.0,t,0.76,t,86.0,f,,SVHC,-,860410044,0
37.0,F,t,f,f,f,f,f,f,f,f,f,f,f,f,f,t,1.8,t,2.1,t,184.0,t,1.41,t,130.0,f,,other,-,860410054,0
42.0,F,f,f,f,f,f,f,f,t,f,f,f,f,f,f,t,1.4,t,2.3,t,95.0,t,0.98,t,97.0,f,,other,-,860410055,0
22.0,M,f,f,f,f,f,f,f,f,f,f,f,f,f,f,f,,t,1.0,t,79.0,t,0.86,t,92.0,f,,other,-,860410056,0
67.0,F,t,f,f,f,f,f,f,f,f,f,f,f,f,f,t,2.0,t,1.9,t,101.0,t,0.96,t,105.0,f,,other,-,860410057,0
52.0,M,f,f,f,f,f,f,f,f,f,f,f,f,f,f,t,1.9,f,,t,110.0,t,0.81,t,137.0,f,,SVI,-,860410060,0
54.0,M,f,f,f,f,f,f,f,f,f,f,f,f,f,f,t,5.5,f,,t,57.0,t,0.65,t,87.0,f,,SVI,-,860410061,0
74.0,M,f,f,f,t,f,f,f,f,f,f,f,f,f,f,t,2.5,f,,t,112.0,t,0.96,t,116.0,f,,SVI,-,860410062,0
35.0,F,f,f,f,f,f,f,f,f,f,f,f,f,f,t,t,2.1,t,1.3,t,52.0,t,0.83,t,63.0,f,,SVHC,R,860410064,1
56.0,M,f,f,f,f,f,f,f,f,f,f,f,t,f,f,t,1.7,f,,t,127.0,t,0.94,t,136.0,f,,SVI,-,860410065,0
28.0,F,f,f,f,f,f,f,f,f,f,f,f,f,f,f,t,3.2,t,1.4,t,95.0,t,0.9,t,105.0,f,,other,-,860410066,0
38.0,F,f,f,f,f,f,f,f,t,t,f,f,f,f,f,t,1.1,t,1.8,t,81.0,t,0.87,t,93.0,f,,other,-,860410071,0
63.0,F,t,f,f,f,f,f,t,f,f,f,f,f,f,f,t,4.1,t,1.8,t,100.0,t,1.21,t,83.0,f,,other,-,860410097,0
57.0,F,f,t,f,f,f,f,f,f,f,f,f,f,f,f,t,0.07,f,,t,142.0,t,0.87,t,163.0,f,,other,A,860410098,1
62.0,F,t,f,f,f,f,f,f,f,f,f,f,f,f,f,t,0.07,t,2.0,t,209.0,t,0.96,t,218.0,f,,other,N,860410101,1
44.0,F,f,f,f,f,f,f,f,f,f,f,f,f,f,f,t,28.0,f,,t,85.0,t,1.01,t,84.0,f,,other,G,860410106,1
16.0,F,f,f,f,f,f,f,f,f,f,f,f,f,f,f,t,0.48,f,,t,161.0,t,0.87,t,185.0,f,,other,R,860411003,1
13.0,M,f,f,f,f,f,f,f,f,f,f,f,f,f,f,t,0.13,f,,t,139.0,t,0.89,t,156.0,f,,other,-,860411004,0
55.0,F,f,f,f,f,f,f,f,f,f,f,f,f,f,f,t,2.4,f,,t,90.0,t,1.03,t,87.0,f,,other,-,860411006,0
58.0,F,f,f,f,f,f,f,f,f,f,f,f,f,f,f,t,28.0,f,,t,86.0,t,1.02,t,84.0,f,,other,G,860411007,1
52.0,F,f,f,f,f,f,f,f,f,f,f,f,f,f,f,t,25.0,f,,t,33.0,t,0.96,t,34.0,f,,other,F,860411008,1
52.0,F,t,f,f,f,f,f,f,f,f,f,f,f,f,f,t,1.2,t,2.1,t,144.0,t,1.25,t,115.0,f,,other,-,860411009,0
68.0,F,t,f,f,f,f,f,f,f,f,f,f,f,f,f,t,0.16,f,,t,100.0,t,0.91,t,110.0,f,,other,-,860411010,0
24.0,F,f,f,f,f,f,f,f,t,f,f,f,f,f,f,t,2.5,t,3.1,t,119.0,t,1.23,t,97.0,f,,other,-,860411023,0
22.0,F,f,f,f,f,f,f,f,f,t,f,f,f,f,f,t,0.055,t,6.2,t,386.0,t,1.02,t,378.0,f,,other,A,860411024,1
32.0,F,f,f,f,f,f,f,f,f,f,f,f,f,f,f,t,1.6,f,,t,138.0,t,1.48,t,93.0,f,,STMW,I,860411027,1
78.0,F,f,f,f,f,f,f,f,f,f,f,f,f,f,f,t,0.9,t,1.8,t,100.0,t,0.91,t,110.0,f,,other,-,860411028,0
84.0,F,f,f,f,f,f,f,f,f,f,f,f,f,f,f,t,2.1,f,,t,95.0,t,0.63,t,151.0,f,,other,-,860411029,0
84.0,M,f,f,f,f,f,f,f,f,f,f,f,f,f,t,f,,t,2.9,t,139.0,t,0.93,t,150.0,f,,SVHC,R,860411030,1
76.0,F,f,f,f,t,f,f,f,f,f,f,f,f,f,f,t,1.3,f,,t,83.0,t,0.96,t,87.0,f,,other,-,860411031,0
29.0,F,f,f,f,f,f,f,f,f,f,f,f,f,f,f,t,1.5,t,2.4,t,133.0,t,1.09,t,122.0,f,,other,-,860411050,0
79.0,F,t,f,f,f,f,f,f,f,f,f,f,f,f,f,t,11.0,f,,t,127.0,t,0.93,t,137.0,f,,other,M,860411061,1
51.0,M,f,f,f,f,f,f,f,f,f,f,f,f,f,f,t,4.9,f,,t,100.0,t,0.81,t,122.0,f,,SVI,-,860411062,0
57.0,F,f,f,f,f,f,f,f,f,f,f,f,f,f,f,t,5.8,t,1.3,t,57.0,f,,f,,f,,other,H|K,860411063,1
57.0,F,f,f,f,f,f,f,f,f,f,f,f,f,f,t,t,11.0,t,2.1,t,75.0,t,1.01,t,74.0,f,,SVHC,G,860411064,1
83.0,M,f,f,f,f,f,f,f,f,f,f,f,f,f,f,t,0.79,t,1.3,t,108.0,t,0.76,t,141.0,f,,SVI,-,860411066,0
33.0,F,t,f,f,f,f,f,f,f,f,f,f,f,f,f,t,0.42,f,,t,125.0,t,0.86,t,145.0,f,,other,-,860411078,0
56.0,F,f,f,f,f,f,f,f,f,f,f,f,f,f,f,t,1.6,f,,t,149.0,t,1.06,t,140.0,f,,STMW,-,860414001,0
33.0,,f,f,f,f,t,f,f,f,f,f,f,f,f,f,t,0.62,f,,t,132.0,t,1.87,t,71.0,f,,STMW,I,860414002,1
48.0,M,f,f,f,f,f,f,f,f,f,f,f,f,f,f,t,1.1,f,,t,149.0,t,1.29,t,116.0,f,,other,I,860414008,1
49.0,M,f,f,f,f,f,f,f,f,f,f,f,f,f,f,t,1.1,f,,t,76.0,t,0.71,t,107.0,f,,other,-,860414009,0
77.0,F,f,f,f,f,f,f,f,f,f,f,f,f,f,f,t,141.0,t,0.05,t,3.0,t,1.06,t,3.0,f,,other,F,860414013,1
49.0,M,f,f,f,f,f,f,f,f,f,f,f,f,f,f,t,1.7,f,,t,85.0,t,0.79,t,107.0,f,,other,-,860414030,0
29.0,F,f,f,f,f,f,f,f,f,f,f,f,f,f,f,t,3.9,t,1.0,t,126.0,t,1.08,t,117.0,f,,other,-,860414031,0
29.0,F,f,f,f,f,f,f,f,f,f,f,f,f,f,f,f,,t,0.5,f,,f,,f,,f,,SVI,-,860414032,0
29.0,F,f,f,f,f,f,f,f,f,f,f,f,f,f,f,t,0.45,t,0.6,t,79.0,t,0.54,t,148.0,f,,SVHC,K,860414034,1
64.0,F,t,f,f,f,f,f,f,f,f,f,f,f,f,f,t,1.7,f,,t,119.0,t,1.01,t,119.0,f,,other,-,860414041,0
65.0,F,f,f,f,f,f,f,f,f,f,f,f,f,f,f,t,2.0,t,0.9,t,112.0,t,0.94,t,119.0,f,,other,-,860414048,0
37.0,F,f,f,f,f,f,f,f,f,f,f,f,f,f,f,t,1.4,t,1.6,t,81.0,t,1.1,t,74.0,f,,other,-,860414051,0
30.0,F,f,f,f,f,f,f,f,f,f,f,f,f,f,f,t,4.8,t,1.5,t,82.0,t,1.13,t,73.0,f,,other,-,860414052,0
30.0,F,f,f,f,f,f,f,f,f,f,f,f,f,f,f,t,2.3,f,,t,125.0,t,1.09,t,114.0,f,,other,-,860414056,0
30.0,M,t,f,f,f,f,f,f,f,f,f,f,f,f,f,t,0.13,f,,t,103.0,t,0.79,t,130.0,f,,other,-,860414059,0
35.0,F,f,f,f,f,f,f,f,f,f,f,f,f,f,f,t,0.77,t,1.5,t,141.0,t,1.05,t,134.0,f,,other,-,860415015,0
70.0,F,f,f,f,f,f,f,f,f,f,f,f,f,f,f,t,1.3,t,0.05,t,20.0,t,0.65,t,31.0,f,,SVI,K,860415016,1
58.0,M,f,f,f,f,f,f,f,f,f,f,f,f,f,f,t,0.61,f,,t,123.0,t,0.96,t,128.0,f,,SVI,-,860415020,0
19.0,M,f,f,f,f,f,f,f,f,f,f,f,f,f,f,t,1.5,t,1.1,t,105.0,t,0.81,t,129.0,f,,SVHC,K,860415021,1
39.0,M,f,f,f,f,f,f,f,f,f,f,f,f,f,f,t,2.1,f,,t,162.0,t,1.19,t,136.0,f,,SVHC,I,860415022,1
59.0,F,f,f,f,f,f,f,f,f,f,f,f,f,f,f,t,7.0,f,,t,77.0,t,0.98,t,78.0,f,,other,G,860415024,1
66.0,F,t,f,f,f,f,f,f,f,f,f,f,f,f,f,t,3.2,f,,t,80.0,t,0.72,t,110.0,f,,SVI,-,860415027,0
62.0,F,t,f,f,f,f,f,f,f,f,f,f,f,f,f,t,0.23,f,,t,118.0,t,0.87,t,136.0,f,,other,-,860415030,0
62.0,,f,f,f,f,f,f,f,f,f,f,f,f,f,f,t,21.0,t,1.4,t,88.0,t,0.77,t,115.0,f,,other,G,860415041,1
53.0,,f,t,f,f,f,f,f,f,f,f,f,f,f,f,t,0.29,f,,t,75.0,t,0.47,t,160.0,f,,SVI,-,860415049,0
46.0,F,f,f,f,f,f,f,f,f,f,f,f,f,f,f,t,2.0,f,,t,152.0,t,0.99,t,154.0,f,,SVI,-,860415052,0
73.0,F,f,f,f,f,f,f,f,f,t,f,f,f,f,f,t,2.4,t,1.3,t,43.0,t,0.9,t,48.0,f,,other,O,860415053,1
37.0,F,f,f,f,f,f,f,f,f,f,f,f,t,f,f,t,0.69,f,,t,123.0,t,0.97,t,128.0,f,,other,-,860415056,0
37.0,F,f,f,f,t,f,f,f,f,f,f,f,f,f,f,t,1.6,f,,t,142.0,t,1.23,t,115.0,f,,other,-,860415057,0
51.0,F,t,f,f,f,f,f,f,f,f,f,f,f,f,f,t,0.065,f,,t,248.0,t,1.43,t,173.0,f,,other,N,860415058,1
51.0,,f,f,f,f,f,f,f,f,f,f,f,f,f,f,f,,f,,f,,f,,f,,t,36.0,other,S,860415063,1
51.0,,f,f,f,f,f,f,f,f,f,f,f,f,f,f,t,1.1,t,5.3,t,116.0,t,0.97,t,119.0,f,,other,-,860415065,0
46.0,F,f,f,f,f,f,f,f,f,f,f,f,f,f,f,t,0.07,t,3.8,t,148.0,f,,f,,f,,other,-,860415069,0
46.0,F,f,f,f,f,f,f,f,f,f,f,f,f,f,f,t,3.0,t,1.3,t,127.0,t,1.11,t,115.0,f,,SVHC,-,860416002,0
46.0,F,f,f,f,f,f,f,f,f,f,f,f,f,f,f,t,1.2,t,1.4,t,140.0,t,0.9,t,156.0,f,,SVI,R,860416003,1
30.0,M,t,f,t,f,f,f,f,f,f,f,f,f,f,f,t,0.99,t,1.9,t,119.0,t,0.83,t,143.0,f,,other,-,860416012,0
30.0,F,t,f,f,f,f,f,f,f,f,f,f,f,f,f,t,2.0,t,1.9,t,107.0,t,0.85,t,126.0,f,,other,-,860416032,0
63.0,M,f,f,f,f,f,f,f,f,f,f,f,f,f,f,t,3.1,f,,t,55.0,t,0.9,t,62.0,f,,other,K,860416037,1
74.0,F,f,t,f,f,f,f,f,f,f,f,f,f,f,f,t,0.36,t,1.3,t,96.0,t,0.75,t,129.0,f,,SVI,-,860416038,0
55.0,M,f,f,f,f,f,f,f,f,f,f,f,f,f,f,t,3.2,f,,t,111.0,t,1.02,t,109.0,f,,SVI,-,860416042,0
54.0,F,t,f,f,f,f,f,f,f,f,f,f,f,f,f,t,0.065,t,1.7,t,148.0,t,0.95,t,155.0,f,,other,-,860416053,0
25.0,M,f,f,f,f,f,f,f,f,f,f,f,f,f,t,t,2.8,t,2.6,t,111.0,t,0.87,t,127.0,f,,SVHC,-,860416054,0
37.0,F,f,f,f,f,f,f,f,f,f,f,f,f,f,f,t,0.13,t,2.5,t,173.0,t,1.08,t,161.0,f,,other,R,860416055,1
55.0,F,t,f,f,f,f,f,f,f,f,f,f,f,f,f,t,2.4,t,2.3,t,143.0,t,0.95,t,151.0,f,,other,-,860417003,0
55.0,F,f,f,f,f,f,f,f,f,f,f,f,f,f,f,t,1.0,t,2.1,t,100.0,t,0.77,t,130.0,f,,SVHC,-,860417004,0
82.0,F,f,f,f,f,f,f,f,f,f,f,f,f,f,f,t,6.2,t,1.5,t,99.0,t,0.9,t,110.0,f,,SVHC,G,860417005,1
77.0,M,f,f,f,t,f,f,f,f,f,f,f,f,f,f,t,1.7,t,1.9,t,80.0,t,0.9,t,90.0,f,,SVHD,-,860417008,0
75.0,F,t,f,f,f,f,f,f,f,f,f,f,f,f,f,t,21.0,t,1.6,t,124.0,t,1.09,t,114.0,f,,other,M,860417023,1
74.0,F,f,f,f,f,f,f,f,f,t,f,f,f,f,f,t,0.19,t,1.9,t,109.0,t,0.97,t,112.0,f,,other,-,860417024,0
24.0,F,f,f,f,f,f,f,f,f,f,f,f,t,f,f,t,1.04,t,2.5,t,116.0,t,0.89,t,131.0,f,,other,-,860417029,0
32.0,F,f,f,f,f,f,f,f,f,f,f,f,f,f,f,t,5.9,t,1.2,t,53.0,t,0.79,t,67.0,f,,other,-,860417030,0
55.0,F,f,f,f,f,f,f,f,f,f,f,f,f,f,f,t,1.2,f,,t,63.0,t,0.89,t,71.0,f,,SVI,-,860417044,0
63.0,F,f,f,f,f,f,f,f,f,f,f,f,f,f,f,t,0.75,f,,t,98.0,t,0.72,t,135.0,f,,other,-,860417045,0
84.0,F,t,f,f,f,f,f,f,f,f,f,f,f,f,f,t,2.2,f,,t,92.0,t,0.63,t,146.0,f,,SVI,-,860417046,0
84.0,F,f,f,f,f,f,f,f,t,f,f,f,f,f,f,t,4.0,t,2.4,t,123.0,f,,f,,f,,other,-,860417047,0
78.0,F,f,f,f,f,f,f,f,f,f,f,f,f,f,f,t,3.2,t,1.1,t,126.0,t,0.89,t,142.0,f,,SVI,K,860417048,1
53.0,M,f,f,f,f,f,f,f,f,f,f,f,f,f,f,t,2.5,t,2.2,t,126.0,f,,f,,f,,other,-,860417049,0
83.0,M,f,f,f,f,f,f,f,f,f,f,f,f,f,f,t,1.9,t,0.5,t,134.0,t,0.73,t,183.0,f,,SVHC,-,860417055,0
37.0,M,f,f,f,f,f,f,f,f,f,f,f,f,f,f,t,0.61,t,1.1,t,73.0,t,0.79,t,93.0,f,,SVI,K,860417056,1
42.0,F,f,f,f,f,f,f,f,t,f,f,f,f,f,f,t,2.0,t,1.8,t,126.0,t,0.91,t,138.0,f,,other,-,860417057,0
56.0,F,f,t,f,f,f,f,f,f,f,f,f,f,f,f,f,,f,,t,109.0,t,0.89,t,122.0,f,,other,-,860417059,0
75.0,F,t,f,f,f,f,f,f,f,f,f,f,f,f,f,t,4.8,t,1.6,t,93.0,t,0.96,t,96.0,f,,other,-,860417061,0
32.0,F,t,f,f,f,f,f,f,f,f,f,f,f,f,f,f,,t,2.3,t,157.0,t,1.05,t,150.0,f,,other,-,860417065,0
32.0,,f,f,f,f,f,f,f,f,f,f,f,f,f,t,t,3.7,t,2.1,t,124.0,t,0.95,t,131.0,f,,SVHC,-,860417067,0
32.0,M,f,f,f,f,f,f,f,f,f,f,f,f,f,f,t,1.1,f,,t,90.0,t,0.79,t,114.0,f,,other,-,860417068,0
50.0,F,t,f,f,f,f,f,f,f,f,f,f,f,f,f,t,0.1,f,,t,163.0,t,0.89,t,182.0,f,,other,N,860417069,1
32.0,F,f,f,f,f,f,f,f,t,f,f,f,f,f,f,t,1.2,f,,t,104.0,t,0.96,t,108.0,f,,other,-,860417092,0
48.0,F,f,f,f,f,f,f,f,f,t,f,f,f,f,f,t,2.9,t,1.7,t,75.0,t,0.97,t,77.0,f,,other,-,860418001,0
34.0,F,f,f,f,f,f,f,f,f,f,f,f,f,f,f,t,4.5,f,,t,74.0,t,1.36,t,54.0,f,,other,I,860418002,1
17.0,F,f,f,f,t,f,f,f,f,f,f,f,f,f,f,t,1.2,f,,t,153.0,t,1.31,t,116.0,f,,other,-,860418003,0
68.0,F,f,f,f,f,f,f,f,t,f,f,f,f,f,f,t,1.6,f,,t,96.0,t,0.96,t,100.0,f,,SVI,-,860418004,0
59.0,F,f,f,f,f,f,f,f,f,f,f,f,f,f,f,t,0.1,t,1.7,t,122.0,t,0.91,t,135.0,f,,SVI,-,860418006,0
59.0,M,f,f,f,f,f,f,f,f,f,f,f,f,f,f,t,0.65,f,,t,114.0,t,0.96,t,118.0,f,,other,-,860418009,0
59.0,F,f,f,f,f,f,f,f,f,f,f,f,f,f,f,t,2.4,f,,t,88.0,t,0.82,t,108.0,f,,SVI,-,860418025,0
62.0,F,f,f,f,f,f,f,f,t,f,f,f,f,f,f,t,3.6,t,1.8,t,139.0,t,1.11,t,125.0,f,,SVI,-,860418028,0
58.0,F,f,f,f,f,f,f,f,f,f,f,f,f,f,f,t,1.3,t,1.8,t,111.0,t,0.92,t,120.0,f,,SVI,-,860418029,0
59.0,F,f,f,f,f,f,f,f,f,f,f,f,f,f,f,t,2.6,t,2.1,t,115.0,t,0.9,t,129.0,f,,SVI,-,860418030,0
21.0,F,f,f,f,f,f,f,f,f,f,f,f,f,f,f,f,,f,,f,,f,,f,,t,29.0,other,-,860418044,0
15.0,M,f,f,f,f,f,f,f,f,f,f,f,f,f,f,t,3.3,t,2.5,t,144.0,t,1.19,t,121.0,f,,SVI,-,860418053,0
15.0,F,f,f,f,f,f,f,f,f,f,f,f,f,f,f,t,3.3,t,2.3,t,120.0,t,1.09,t,110.0,f,,other,-,860418054,0
15.0,F,f,f,f,f,f,f,f,f,f,f,f,f,f,f,f,,f,,f,,f,,f,,t,110.0,other,S,860418066,1
15.0,F,f,f,f,f,f,f,f,f,f,f,f,f,f,f,t,1.3,f,,t,156.0,t,1.02,t,152.0,f,,other,-,860421001,0
15.0,M,f,f,f,f,f,f,f,f,f,f,f,f,f,f,t,0.9,t,2.9,t,101.0,t,0.96,t,106.0,f,,SVI,-,860421003,0
26.0,M,f,f,f,f,f,f,f,f,f,f,f,f,f,f,t,0.73,t,2.9,t,102.0,t,0.88,t,116.0,f,,SVHC,-,860421005,0
58.0,,f,f,f,t,f,f,f,f,f,f,f,f,f,f,t,1.1,f,,t,118.0,t,1.04,t,113.0,f,,other,-,860421012,0
35.0,F,f,f,f,f,t,f,f,f,f,f,f,f,f,f,t,0.39,f,,t,196.0,t,1.7,t,115.0,f,,STMW,I,860421013,1
20.0,F,f,f,f,f,f,f,f,f,f,f,f,t,f,f,t,1.5,f,,t,103.0,t,1.12,t,92.0,f,,STMW,-,860421014,0
20.0,F,t,f,f,f,f,f,f,t,t,f,f,f,f,f,t,2.0,t,1.8,t,130.0,t,1.01,t,128.0,f,,other,-,860421021,0
64.0,F,f,f,f,f,f,f,f,f,f,f,f,f,f,f,t,2.6,f,,t,142.0,t,1.2,t,118.0,f,,other,-,860421022,0
26.0,F,f,f,f,f,f,f,f,f,f,f,f,f,f,f,f,,f,,f,,f,,f,,t,44.0,other,S,860421030,1
66.0,F,f,f,f,f,f,f,f,f,f,f,f,f,f,f,t,0.87,t,1.8,t,110.0,t,0.89,t,124.0,f,,other,-,860421032,0
66.0,F,t,f,f,f,f,f,f,f,f,f,f,f,f,f,t,0.16,f,,t,140.0,t,0.74,t,189.0,f,,other,L,860421042,1
73.0,F,t,f,f,f,t,f,f,f,f,f,f,f,f,f,t,1.2,t,1.8,t,121.0,t,0.91,t,134.0,f,,other,-,860421046,0
73.0,F,f,f,f,f,f,f,f,f,f,f,f,t,f,f,t,0.85,t,2.1,t,93.0,f,,f,,f,,other,-,860421047,0
81.0,F,f,f,f,f,f,f,f,t,f,f,f,f,f,f,t,0.67,f,,t,112.0,t,0.95,t,118.0,f,,other,-,860421048,0
24.0,,f,f,f,f,f,f,f,f,f,f,f,f,f,f,t,1.9,t,2.2,t,77.0,t,0.78,t,100.0,f,,SVHC,-,860421049,0
18.0,M,f,f,f,f,f,f,f,f,f,f,f,f,f,f,t,0.48,t,1.5,t,87.0,t,0.87,t,100.0,f,,SVHC,-,860421050,0
32.0,M,f,f,f,f,f,f,f,f,f,f,f,f,f,f,t,1.7,t,1.7,t,101.0,t,0.8,t,126.0,f,,SVHC,-,860421051,0
83.0,F,f,f,f,f,f,f,f,f,f,f,f,f,f,f,t,7.0,f,,t,148.0,t,0.87,t,170.0,f,,SVI,-,860421052,0
58.0,M,f,f,f,f,f,f,f,f,f,f,f,f,f,f,t,0.95,f,,t,120.0,t,1.08,t,110.0,f,,other,-,860421053,0
46.0,M,f,f,f,f,f,f,f,f,f,f,f,f,f,t,t,3.0,t,2.3,t,85.0,t,0.9,t,94.0,f,,SVI,-,860421055,0
61.0,F,f,f,f,f,f,f,f,f,f,f,f,f,f,f,t,1.2,t,0.9,t,97.0,t,0.93,t,104.0,f,,SVI,K,860421056,1
61.0,,f,f,f,f,f,f,f,f,f,f,f,f,f,f,t,0.39,f,,t,139.0,t,0.78,t,179.0,f,,SVI,-,860421057,0
76.0,M,f,f,f,t,f,f,f,f,f,f,f,f,f,f,t,1.5,t,1.9,t,95.0,t,0.91,t,118.0,f,,SVI,-,860421059,0
74.0,F,f,f,f,f,f,f,f,f,f,f,f,f,f,f,t,2.1,t,0.7,t,89.0,t,0.72,t,123.0,f,,other,K,860421060,1
40.0,F,t,f,f,f,f,f,f,f,f,f,f,f,f,f,t,0.44,t,1.9,t,146.0,t,0.85,t,172.0,f,,other,-,860421071,0
40.0,M,f,f,f,f,f,f,f,f,f,f,f,f,f,t,f,,t,2.1,t,100.0,t,0.96,t,104.0,f,,SVHC,-,860422004,0
40.0,M,f,f,f,f,f,f,f,f,f,f,f,f,f,f,f,,t,1.6,t,99.0,t,0.71,t,140.0,f,,SVHC,-,860422005,0
55.0,F,f,f,f,f,f,f,f,f,f,f,f,f,f,f,t,0.31,f,,t,177.0,t,0.91,t,194.0,f,,STMW,R,860422018,1
63.0,M,f,f,f,f,f,f,f,f,f,f,f,f,f,f,t,1.3,t,2.4,t,91.0,t,0.79,t,115.0,f,,SVI,-,860422019,0
45.0,M,f,f,f,f,f,f,f,f,f,f,f,f,f,f,t,2.1,f,,t,117.0,t,0.99,t,118.0,f,,other,-,860422026,0
33.0,F,f,f,f,f,f,t,f,f,f,f,f,f,f,f,t,8.799999,t,2.0,t,91.0,t,0.82,t,111.0,f,,other,Q,860422027,1
49.0,M,t,f,f,f,f,f,f,f,f,f,f,f,f,f,t,2.1,f,,t,183.0,t,1.02,t,179.0,f,,other,L,860422030,1
72.0,F,f,f,f,f,f,f,t,f,t,f,f,f,f,f,t,0.135,t,2.2,t,112.0,t,0.95,t,118.0,f,,other,-,860422035,0
59.0,F,f,f,f,f,f,f,f,f,f,f,t,f,f,f,t,0.09,f,,t,172.0,t,0.96,t,180.0,f,,SVI,L,860422039,1
76.0,F,f,f,f,f,f,f,f,f,f,f,f,f,f,f,t,1.6,t,2.2,t,131.0,t,1.06,t,123.0,f,,SVI,-,860422040,0
53.0,F,f,f,f,f,f,f,f,f,f,f,f,f,f,f,t,1.0,t,0.9,t,93.0,t,0.85,t,109.0,f,,SVI,K,860422041,1
53.0,M,f,f,f,f,f,f,f,f,f,f,f,f,f,f,t,3.6,t,2.5,t,123.0,t,1.0,t,123.0,f,,SVI,-,860422042,0
35.0,F,f,f,f,f,f,f,f,f,f,f,f,f,f,f,t,3.3,t,2.9,t,132.0,t,1.06,t,124.0,f,,SVI,I,860422043,1
38.0,F,t,f,f,f,t,f,f,f,f,f,f,f,f,f,t,0.135,f,,t,146.0,t,1.41,t,104.0,f,,other,I,860422045,1
33.0,M,f,f,f,f,f,f,f,f,t,f,f,f,f,f,t,2.1,t,3.9,t,115.0,t,1.04,t,110.0,f,,other,-,860422055,0
26.0,,f,f,f,f,f,f,f,f,f,f,f,f,f,f,t,1.0,t,2.3,t,140.0,t,1.1,t,127.0,f,,other,-,860422057,0
26.0,F,f,f,f,f,f,f,f,f,f,f,f,f,f,f,t,3.1,t,1.5,t,113.0,t,0.93,t,122.0,f,,other,-,860422058,0
28.0,M,f,f,f,f,f,f,f,f,f,f,f,f,f,f,t,0.99,t,2.6,t,152.0,t,1.13,t,135.0,f,,SVHC,-,860422059,0
38.0,F,f,f,f,f,f,f,f,f,f,f,f,f,f,f,t,1.6,t,3.2,t,134.0,t,0.98,t,137.0,f,,SVHC,I,860422060,1
47.0,M,f,f,f,f,f,f,f,f,t,f,f,f,f,f,t,0.49,t,1.7,t,101.0,t,0.75,t,134.0,f,,other,-,860422061,0
38.0,F,f,f,f,f,f,f,f,t,t,f,f,f,f,f,t,2.5,t,2.0,t,128.0,t,1.12,t,115.0,f,,other,-,860422074,0
52.0,F,f,f,f,f,f,f,f,f,f,f,f,f,f,f,t,4.6,t,0.9,t,105.0,t,0.72,t,145.0,f,,SVI,K,860423001,1
27.0,F,f,f,f,f,t,f,f,f,f,f,f,f,f,f,t,0.36,t,2.4,t,114.0,t,1.0,t,115.0,f,,STMW,-,860423002,0
54.0,M,f,f,f,f,f,f,f,f,f,f,f,f,f,t,t,0.91,t,1.8,t,125.0,t,0.74,t,169.0,f,,other,R,860423006,1
57.0,F,f,f,f,t,f,f,f,f,f,f,f,f,f,f,t,0.51,t,1.9,t,136.0,t,0.76,t,180.0,f,,SVHD,R,860423008,1
72.0,F,f,f,f,f,f,f,f,f,f,f,f,f,f,f,t,0.04,t,2.6,t,214.0,t,0.99,t,216.0,f,,SVI,AK,860423015,1
20.0,F,f,f,f,f,f,f,f,f,f,f,f,f,f,f,t,3.1,t,2.0,t,119.0,f,,f,,f,,STMW,-,860423024,0
61.0,M,f,f,f,f,f,f,f,f,f,f,f,f,f,f,t,2.4,t,2.4,t,130.0,t,0.95,t,137.0,f,,other,-,860423028,0
45.0,F,t,f,f,f,f,f,t,f,f,f,f,f,f,f,t,0.04,f,,t,238.0,t,1.09,t,218.0,f,,other,N,860423029,1
52.0,F,f,f,f,f,f,f,f,f,f,f,f,f,f,f,t,4.5,t,1.2,t,108.0,t,0.73,t,148.0,f,,other,-,860423047,0
52.0,M,f,f,f,f,f,f,f,f,f,f,f,f,f,t,t,0.9,t,2.0,t,101.0,t,1.08,t,94.0,f,,SVHC,-,860423049,0
65.0,F,f,f,f,f,f,f,f,f,f,f,f,f,f,f,t,4.2,f,,t,99.0,t,0.89,t,111.0,f,,SVI,-,860423050,0
76.0,F,f,f,f,f,f,t,f,f,t,f,f,f,f,f,t,1.8,t,2.5,t,136.0,t,1.06,t,129.0,f,,other,-,860423063,0
69.0,F,f,t,f,f,f,f,f,f,f,f,f,f,f,f,t,0.18,t,1.4,t,104.0,t,0.68,t,153.0,f,,other,-,860424006,0
69.0,F,f,f,f,f,f,f,f,f,f,f,f,f,f,f,t,0.79,t,1.7,t,118.0,t,0.99,t,119.0,f,,other,-,860424007,0
87.0,F,f,f,f,f,f,f,f,f,f,f,f,f,f,f,t,2.1,t,2.1,t,118.0,t,0.93,t,127.0,f,,other,-,860424008,0
59.0,,f,f,f,f,f,f,f,f,f,f,f,f,f,f,t,0.74,t,2.2,t,95.0,t,0.84,t,113.0,f,,other,-,860424010,0
55.0,F,f,f,f,f,f,f,f,f,f,f,f,f,f,f,t,2.5,f,,t,98.0,t,0.81,t,120.0,f,,STMW,-,860424014,0
39.0,F,t,f,f,f,f,f,f,f,f,f,f,f,f,f,t,0.06,f,,t,169.0,t,0.89,t,189.0,f,,other,N,860424021,1
43.0,F,f,f,t,f,f,f,f,f,f,f,f,f,f,f,t,0.04,t,4.5,t,161.0,t,1.08,t,149.0,f,,other,-,860424028,0
57.0,M,f,f,f,f,f,f,f,t,f,f,f,f,f,f,t,11.0,t,2.1,t,134.0,f,,f,,f,,other,G,860424029,1
58.0,M,f,f,f,f,f,f,f,f,f,f,f,f,f,f,t,1.4,t,2.5,t,99.0,t,1.15,t,86.0,f,,other,-,860424030,0
36.0,F,f,f,f,f,f,f,f,f,f,f,f,f,f,f,t,1.3,t,1.8,t,82.0,t,0.95,t,86.0,f,,other,-,860424031,0
72.0,F,t,f,f,f,f,f,f,f,f,f,f,f,f,f,t,1.1,t,2.4,t,189.0,t,1.06,t,179.0,f,,other,L,860424044,1
70.0,M,f,f,f,f,f,f,f,f,f,f,f,f,f,f,t,0.97,t,1.3,t,113.0,t,0.91,t,124.0,f,,SVI,-,860424058,0
26.0,F,f,f,f,f,f,f,f,f,f,f,f,f,f,f,t,1.2,f,,t,130.0,t,0.91,t,143.0,f,,other,-,860424061,0
30.0,F,t,f,f,f,f,f,f,t,f,f,f,f,f,f,t,0.24,t,1.8,t,188.0,f,,f,,f,,other,L,860424067,1
59.0,F,f,f,f,f,f,f,f,f,f,f,f,f,f,f,f,,f,,t,183.0,t,1.6,t,114.0,f,,other,I,860424068,1
56.0,F,f,t,f,f,f,f,f,f,f,f,f,f,f,f,f,,f,,t,136.0,t,0.88,t,155.0,f,,other,-,860424076,0
78.0,M,f,f,f,f,f,f,f,f,f,f,f,f,f,f,t,0.5,t,0.3,t,57.0,t,1.1,t,52.0,f,,SVI,K,860424082,1
78.0,,f,f,f,f,f,f,f,f,f,f,f,f,f,f,t,29.0,t,2.2,t,103.0,t,0.9,t,114.0,t,30.0,other,G,860428001,1
47.0,M,f,f,f,f,f,f,f,f,f,f,f,f,f,f,t,1.1,f,,t,105.0,t,0.87,t,121.0,f,,other,-,860428005,0
47.0,M,f,f,f,f,f,f,f,f,f,f,f,f,f,t,t,0.96,t,1.4,t,106.0,t,0.9,t,118.0,f,,SVHC,-,860428006,0
66.0,F,f,f,f,f,f,f,f,f,f,f,f,f,f,f,t,3.9,t,2.8,t,124.0,t,1.08,t,115.0,f,,SVHC,-,860428007,0
34.0,M,f,f,f,f,f,f,f,f,f,f,f,f,f,f,t,1.4,f,,t,141.0,t,0.98,t,145.0,f,,other,-,860428008,0
67.0,F,f,f,f,f,f,f,f,f,f,f,f,f,f,f,t,2.3,f,,t,81.0,t,0.86,t,94.0,f,,other,-,860428009,0
75.0,F,f,f,f,f,f,f,f,f,f,f,f,f,f,f,t,2.2,t,1.6,t,71.0,t,0.99,t,72.0,f,,SVI,-,860428012,0
75.0,F,f,f,f,f,f,f,f,f,f,f,f,f,f,f,t,0.98,t,1.9,t,150.0,t,1.03,t,146.0,f,,SVI,-,860428013,0
31.0,F,f,f,f,f,f,f,f,f,f,f,f,f,f,f,t,2.0,f,,t,170.0,t,1.66,t,102.0,f,,other,I,860428014,1
19.0,F,f,f,f,f,f,f,f,f,f,f,f,f,f,f,f,,t,2.2,f,,f,,f,,t,37.0,other,-,860428015,0
61.0,F,t,f,f,f,f,f,t,f,t,f,f,f,f,f,t,36.0,t,1.2,t,109.0,t,1.06,t,103.0,f,,other,M,860428017,1
20.0,M,t,f,f,f,f,f,f,t,f,f,f,f,f,f,t,12.0,t,2.7,t,121.0,f,,f,,f,,other,M,860428023,1
40.0,F,f,f,f,f,f,f,f,f,f,f,f,f,f,f,t,2.0,t,1.8,t,130.0,t,0.87,t,149.0,f,,SVI,-,860428024,0
37.0,F,t,f,f,f,f,f,t,f,f,f,f,f,f,f,t,0.085,f,,t,168.0,t,1.04,t,162.0,f,,other,L,860428028,1
20.0,F,f,f,f,f,f,f,f,f,f,f,f,t,f,f,t,1.2,f,,t,105.0,t,0.98,t,107.0,f,,other,-,860428031,0
60.0,M,f,f,f,t,f,f,f,f,f,f,f,f,f,f,t,1.2,t,1.6,t,104.0,t,0.99,t,105.0,f,,SVI,-,860428057,0
36.0,F,f,f,f,f,f,f,f,f,t,f,f,f,f,f,t,0.085,t,4.5,t,198.0,t,1.15,t,172.0,f,,other,A,860428059,1
79.0,F,f,f,f,f,f,f,f,f,f,f,f,f,f,f,t,3.9,f,,t,91.0,t,0.77,t,118.0,f,,other,-,860428065,0
65.0,F,t,f,f,f,f,f,f,f,f,f,f,f,f,f,t,6.3,f,,t,108.0,t,1.03,t,105.0,f,,other,M,860428068,1
62.0,F,f,f,f,f,f,f,f,f,t,f,f,f,f,f,t,1.9,t,2.0,t,146.0,t,0.95,t,154.0,f,,other,-,860428069,0
66.0,F,f,f,f,f,f,f,f,f,f,f,f,f,f,f,t,1.7,t,0.3,t,61.0,t,1.18,t,52.0,f,,other,-,860429017,0
60.0,M,f,f,f,f,f,f,f,f,f,f,f,f,f,t,t,0.9,t,1.0,t,141.0,t,1.02,t,138.0,f,,SVHC,K,860429019,1
70.0,F,f,f,f,f,f,f,f,f,f,f,f,f,f,f,t,2.2,t,1.5,t,108.0,t,1.07,t,101.0,f,,other,-,860429056,0
46.0,F,f,f,f,f,f,t,f,f,f,f,f,f,f,f,t,1.7,t,1.0,t,105.0,t,1.0,t,105.0,f,,other,Q,860429058,1
69.0,F,t,f,f,f,f,f,f,f,f,f,f,f,f,f,t,4.6,f,,t,180.0,t,1.46,t,123.0,f,,other,-,860429065,0
64.0,F,f,f,t,f,f,f,f,f,f,f,f,f,f,f,t,0.085,t,1.5,t,131.0,t,1.08,t,121.0,f,,other,-,860429067,0
38.0,F,t,f,f,f,f,f,f,f,f,f,f,f,f,f,t,0.47,t,1.4,t,127.0,f,,f,,f,,other,-,860429068,0
66.0,M,f,f,f,f,f,f,f,f,f,f,f,f,f,f,t,7.5,t,1.7,t,127.0,t,0.97,t,131.0,f,,other,G,860429074,1
39.0,F,f,f,f,f,f,f,f,f,f,f,f,f,f,f,t,1.8,f,,t,112.0,t,1.06,t,106.0,f,,SVI,-,860429075,0
81.0,F,f,f,f,f,f,f,f,f,f,f,f,f,f,f,t,4.3,t,0.4,t,106.0,t,0.68,t,156.0,f,,SVI,-,860429076,0
73.0,F,f,f,f,f,f,f,f,f,f,f,f,f,f,f,t,1.7,t,0.7,t,82.0,t,0.95,t,86.0,f,,SVI,K,860429078,1
80.0,M,f,f,f,f,f,f,f,f,f,f,f,f,f,f,t,0.91,t,0.7,t,99.0,t,0.94,t,105.0,f,,SVI,K,860429079,1
52.0,M,f,f,f,f,f,f,f,f,f,f,f,f,f,f,t,3.8,t,1.5,t,111.0,t,0.73,t,152.0,f,,other,-,860429081,0
52.0,M,f,f,f,f,f,f,f,f,f,f,f,f,f,t,t,5.3,t,1.1,t,98.0,t,0.92,t,107.0,f,,SVHC,K,860429089,1
71.0,M,f,f,f,f,f,f,f,f,f,f,f,f,f,f,t,1.1,t,0.5,t,93.0,t,0.75,t,124.0,f,,SVI,K,860429090,1
45.0,F,f,f,f,f,f,f,f,t,f,f,f,f,f,f,t,0.085,f,,t,171.0,t,0.88,t,194.0,f,,other,A,860429092,1
33.0,F,f,f,f,f,f,f,f,t,f,f,f,f,f,f,t,1.7,f,,t,69.0,t,0.53,t,130.0,f,,other,-,860429102,0
48.0,F,f,f,f,f,f,t,f,f,t,f,f,f,f,f,t,0.72,t,1.7,t,144.0,t,1.08,t,133.0,f,,other,-,860429106,0
42.0,F,f,f,f,f,f,f,f,f,f,f,f,t,f,f,t,0.085,t,2.1,t,173.0,t,0.93,t,186.0,f,,other,-,860429108,0
40.0,M,f,f,f,f,f,f,f,f,f,f,f,f,f,f,t,0.91,t,3.1,t,102.0,t,0.75,t,136.0,f,,SVHC,-,860430007,0
40.0,,f,f,f,f,f,f,f,f,f,f,f,f,f,f,t,0.62,t,1.2,t,68.0,t,0.37,t,184.0,f,,other,R,860430010,1
46.0,F,f,f,t,f,f,f,f,f,f,f,f,f,f,f,t,0.035,t,4.0,t,131.0,t,1.0,t,131.0,f,,other,-,860430033,0
63.0,F,f,f,f,f,f,f,f,f,f,f,f,f,f,f,t,0.42,t,2.1,t,145.0,t,1.02,t,142.0,f,,other,-,860430041,0
64.0,,f,f,f,t,f,f,f,f,f,f,f,f,f,f,t,0.98,t,1.5,t,106.0,t,0.87,t,122.0,f,,SVI,-,860430044,0
56.0,F,f,f,f,f,f,f,f,f,f,f,f,f,f,f,t,0.07,t,2.3,t,124.0,t,0.82,t,151.0,f,,other,-,860506021,0
60.0,F,f,f,f,f,f,f,f,f,f,f,f,f,f,f,t,0.87,t,1.9,t,120.0,t,0.96,t,125.0,f,,other,-,860506025,0
39.0,F,f,f,f,f,f,f,f,f,f,f,f,f,f,f,t,1.7,f,,t,104.0,t,1.21,t,87.0,f,,other,-,860630018,0
20.0,M,f,f,f,f,f,f,f,f,f,f,f,f,f,f,t,4.7,t,3.0,t,109.0,t,1.06,t,103.0,f,,SVHC,-,860701001,0
62.0,F,f,f,f,f,f,f,f,f,f,f,f,f,f,f,t,1.7,t,2.0,t,132.0,t,1.1,t,120.0,f,,other,-,860701002,0
39.0,F,f,f,f,f,f,f,f,f,f,f,f,f,f,f,t,1.1,t,1.9,t,79.0,t,1.07,t,74.0,f,,SVI,-,860701003,0
62.0,F,f,f,f,f,f,f,f,f,f,f,f,f,f,f,t,0.07,t,2.1,t,182.0,t,1.03,t,177.0,f,,other,AK,860701008,1
74.0,F,f,f,f,f,f,f,f,f,t,f,f,f,f,f,f,,t,1.9,f,,f,,f,,f,,other,-,860701009,0
74.0,F,f,f,f,f,f,f,f,f,f,f,f,f,f,f,t,13.0,t,1.6,t,128.0,t,1.01,t,127.0,f,,other,G,860701011,1
60.0,M,f,f,f,f,f,f,f,f,f,f,f,f,f,f,t,5.8,t,1.4,t,96.0,t,0.99,t,97.0,f,,other,-,860701016,0
44.0,F,f,f,f,f,f,f,f,f,f,f,f,f,f,f,t,0.28,f,,t,179.0,t,0.79,t,227.0,f,,other,R,860701026,1
25.0,F,f,f,f,f,f,f,f,f,f,f,f,f,f,f,t,3.3,f,,t,151.0,t,1.14,t,133.0,f,,other,-,860701027,0
46.0,F,f,f,f,f,f,f,f,f,t,f,f,f,f,f,t,0.06,t,2.4,t,103.0,t,1.06,t,97.0,f,,other,-,860701034,0
29.0,M,f,f,f,f,f,f,f,f,f,f,f,f,f,f,t,0.46,t,2.3,t,96.0,t,0.65,t,148.0,f,,other,-,860702016,0
19.0,F,f,f,f,f,f,f,f,f,f,f,f,t,f,f,t,2.1,t,1.9,t,142.0,t,1.61,t,88.0,f,,STMW,-,860702017,0
19.0,F,f,f,f,f,f,f,f,t,t,f,f,f,f,t,t,4.1,t,2.6,t,124.0,t,1.3,t,95.0,f,,SVHC,-,860702018,0
19.0,F,f,f,f,f,f,f,f,f,f,f,f,f,f,f,t,1.6,t,1.8,t,125.0,t,0.74,t,169.0,f,,SVI,R,860702019,1
58.0,F,f,f,f,f,f,f,f,f,f,f,f,f,f,f,t,1.4,f,,t,141.0,t,0.75,t,188.0,f,,other,-,860702021,0
72.0,F,f,f,f,f,f,f,f,f,f,f,f,f,f,f,t,2.8,f,,t,114.0,t,0.95,t,120.0,f,,other,-,860702022,0
68.0,M,f,f,f,f,f,f,f,f,f,f,f,f,f,f,t,1.7,t,1.4,t,85.0,t,0.93,t,91.0,f,,SVHC,-,860702023,0
36.0,F,f,f,f,f,f,f,f,f,f,f,f,f,f,f,f,,f,,f,,f,,f,,t,19.0,other,-,860702028,0
26.0,F,f,f,f,f,f,f,f,f,f,f,f,f,f,f,t,1.4,t,2.2,t,116.0,t,1.14,t,102.0,f,,other,-,860702029,0
77.0,F,f,f,f,f,f,f,f,f,f,f,f,f,f,f,t,1.8,t,1.1,t,131.0,t,1.04,t,126.0,t,25.0,SVI,K,860702030,1
57.0,F,f,f,f,f,f,f,f,f,f,f,f,f,f,f,t,3.6,t,1.6,t,99.0,t,0.94,t,105.0,f,,SVI,-,860702031,0
57.0,M,f,f,f,f,f,f,f,f,f,f,f,f,f,f,t,2.8,t,0.8,t,48.0,t,0.7,t,69.0,f,,SVI,-,860702035,0
57.0,F,f,f,f,f,f,f,f,f,f,f,f,f,f,f,t,13.0,t,1.2,t,108.0,t,0.9,t,120.0,f,,SVI,G,860702036,1
57.0,F,f,f,f,f,f,f,f,f,f,f,f,f,f,f,t,0.86,t,1.7,t,95.0,t,0.96,t,99.0,f,,other,-,860702037,0
59.0,F,t,f,f,f,f,f,f,f,f,f,f,f,f,f,t,0.58,f,,t,120.0,t,0.93,t,129.0,f,,other,-,860702040,0
52.0,F,f,f,f,f,f,f,f,f,f,f,f,f,f,f,t,4.4,t,2.3,t,110.0,t,1.16,t,95.0,f,,other,-,860702043,0
61.0,F,t,f,f,f,f,f,f,f,f,f,f,f,f,f,t,2.4,f,,t,155.0,t,1.33,t,117.0,f,,other,-,860702044,0
32.0,F,f,f,f,f,f,f,f,f,f,f,f,f,f,f,t,0.09,t,0.6,t,91.0,t,0.68,t,134.0,f,,SVI,K,860702046,1
74.0,M,f,f,f,f,f,f,f,f,f,f,f,f,f,f,t,1.5,t,1.8,t,96.0,t,0.91,t,106.0,f,,other,-,860702092,0
74.0,F,f,f,f,f,f,f,f,f,f,f,f,f,f,f,t,1.6,t,2.3,t,118.0,t,0.97,t,120.0,f,,SVI,-,860702093,0
42.0,M,t,f,f,f,f,f,f,f,t,f,f,f,f,f,t,6.7,t,1.6,t,86.0,t,0.84,t,102.0,f,,other,M,860702113,1
45.0,F,t,f,f,f,f,f,f,f,f,t,f,f,f,f,t,3.0,f,,t,102.0,t,0.88,t,116.0,f,,SVHC,-,860703003,0
33.0,M,t,f,f,f,f,f,f,f,f,t,f,f,f,f,t,1.6,f,,t,85.0,t,1.02,t,83.0,f,,SVHC,-,860703004,0
54.0,F,f,f,f,f,f,f,f,t,f,f,f,f,f,f,t,10.0,t,2.2,t,81.0,t,1.09,t,74.0,f,,other,G,860703005,1
41.0,F,f,f,f,f,f,f,f,f,f,f,f,f,f,f,t,1.5,t,2.1,t,95.0,t,0.97,t,98.0,f,,other,-,860703006,0
63.0,F,f,f,f,f,f,f,f,f,f,f,f,f,f,f,t,1.1,t,2.0,t,92.0,t,0.86,t,107.0,f,,other,-,860703007,0
64.0,F,f,f,f,f,f,f,f,f,f,f,f,f,f,f,t,1.3,t,2.0,t,104.0,t,0.94,t,111.0,f,,other,-,860703008,0
73.0,F,f,f,f,f,f,f,f,f,f,f,f,f,f,f,t,2.5,f,,t,107.0,t,1.11,t,96.0,f,,other,-,860703009,0
73.0,M,f,f,f,f,f,f,f,f,f,f,f,f,f,t,t,0.83,t,1.4,t,76.0,t,0.74,t,103.0,f,,SVHC,-,860703010,0
36.0,F,f,f,f,f,f,f,f,f,f,f,f,t,f,f,t,0.21,f,,t,104.0,t,0.95,t,110.0,f,,other,-,860703020,0
31.0,F,f,f,f,f,f,f,f,f,f,f,f,f,f,f,f,,f,,f,,f,,f,,t,114.0,other,S,860703029,1
42.0,M,f,f,f,f,f,f,f,f,t,f,f,f,f,f,t,0.075,t,2.0,t,99.0,t,0.86,t,115.0,f,,other,-,860703037,0
58.0,F,f,f,f,f,f,f,f,f,f,f,f,f,f,f,t,4.2,t,2.7,t,132.0,t,1.7,t,78.0,f,,other,-,860703038,0
46.0,F,f,f,f,f,f,f,f,f,f,f,f,f,f,f,t,3.7,t,2.8,t,92.0,t,1.22,t,75.0,f,,other,-,860703043,0
94.0,F,f,f,f,f,f,f,f,f,f,f,f,f,f,f,t,3.4,t,0.9,t,106.0,t,1.14,t,93.0,f,,SVI,K,860703045,1
74.0,F,f,f,f,f,f,f,f,f,f,f,f,f,f,f,t,1.1,t,1.4,t,116.0,t,0.81,t,143.0,t,22.0,SVI,-,860703046,0
58.0,F,f,f,f,f,f,f,f,f,f,f,f,f,f,f,t,1.6,t,2.4,t,102.0,t,0.71,t,144.0,f,,SVI,-,860703047,0
73.0,F,f,f,f,f,f,f,f,t,f,f,f,f,f,f,t,6.4,f,,t,97.0,t,0.87,t,112.0,f,,SVI,G,860703048,1
34.0,F,f,f,f,f,f,f,f,f,t,f,f,f,f,f,t,1.2,t,3.0,t,95.0,t,1.34,t,71.0,f,,other,-,860703050,0
69.0,F,f,f,f,f,f,f,f,t,f,f,f,f,f,f,t,0.08,t,2.4,t,132.0,t,0.95,t,139.0,f,,other,-,860703052,0
42.0,F,t,f,f,f,f,f,f,t,f,f,f,f,f,f,t,0.07,t,2.2,t,138.0,t,0.85,t,162.0,f,,other,-,860704003,0
90.0,F,f,f,f,f,f,f,f,f,f,f,f,f,f,f,t,1.9,t,1.6,t,91.0,t,0.96,t,95.0,f,,other,-,860704012,0
53.0,M,f,f,f,f,f,f,f,f,f,f,f,f,f,f,t,0.65,t,2.1,t,87.0,t,0.83,t,105.0,f,,other,-,860704013,0
52.0,M,f,f,f,f,f,f,f,f,f,f,f,f,f,f,t,7.7,t,2.6,t,57.0,t,0.94,t,61.0,f,,other,F,860704014,1
52.0,F,f,f,f,f,f,f,f,f,f,f,f,t,f,f,t,0.74,t,3.9,t,148.0,t,1.53,t,97.0,f,,STMW,C|I,860704016,1
23.0,F,f,f,f,f,f,f,f,f,f,f,f,t,f,f,t,1.5,f,,t,150.0,t,1.6,t,94.0,f,,STMW,I,860704017,1
62.0,M,f,f,f,f,f,f,f,f,f,f,f,f,f,f,t,0.22,t,0.8,t,73.0,t,0.75,t,97.0,f,,other,-,860704023,0
72.0,F,f,f,f,f,f,f,f,f,f,f,f,f,f,f,t,3.4,t,2.1,t,88.0,t,0.96,t,92.0,f,,other,-,860704063,0
69.0,F,f,f,f,f,f,f,f,f,f,f,f,f,f,f,t,0.21,t,0.9,t,93.0,t,0.87,t,107.0,f,,SVI,K,860704064,1
69.0,M,f,f,f,f,f,f,f,f,f,f,f,f,f,t,t,1.4,t,3.2,t,148.0,t,1.14,t,130.0,f,,SVHC,-,860704065,0
42.0,M,f,f,f,f,f,f,f,f,f,f,f,f,f,f,t,1.1,t,2.6,t,114.0,t,0.95,t,120.0,f,,SVHC,-,860704066,0
58.0,M,f,f,f,f,f,f,f,f,f,f,f,f,f,f,t,20.0,f,,t,60.0,t,0.95,t,63.0,f,,SVI,F,860704069,1
58.0,F,f,f,f,f,f,f,f,f,f,f,f,f,f,f,t,0.21,t,2.0,t,142.0,t,1.03,t,138.0,f,,other,-,860704070,0
34.0,F,f,f,f,f,f,f,f,f,f,f,f,f,f,f,t,0.83,f,,t,123.0,t,1.15,t,107.0,f,,other,-,860704075,0
67.0,F,f,f,f,f,f,f,f,f,f,f,f,f,f,f,t,0.09,t,1.6,t,192.0,t,1.17,t,164.0,f,,SVI,AK,860704088,1
34.0,F,t,f,f,f,f,f,f,f,f,f,f,f,f,f,t,0.065,f,,t,600.0,t,1.1,t,546.0,f,,other,N,860704100,1
46.0,F,t,f,f,f,f,f,t,t,t,f,f,f,f,f,t,5.3,t,1.6,t,93.0,t,0.91,t,102.0,f,,other,-,860707004,0
51.0,M,f,f,f,f,f,f,f,f,f,f,f,f,f,f,t,34.0,f,,t,123.0,t,1.07,t,115.0,f,,other,G,860707005,1
57.0,,f,f,f,f,f,f,f,f,f,f,f,f,f,f,t,2.5,f,,t,125.0,t,1.16,t,108.0,f,,other,-,860707006,0
35.0,F,f,f,f,f,f,f,f,f,f,f,f,f,f,f,t,1.8,t,1.9,t,110.0,t,0.93,t,118.0,f,,other,-,860707009,0
24.0,F,f,f,f,f,f,f,f,f,f,f,f,f,f,f,t,1.4,t,3.8,t,180.0,t,1.57,t,115.0,f,,STMW,I,860707010,1
23.0,F,f,f,f,f,f,f,f,f,f,f,f,t,f,f,t,0.78,t,2.9,t,137.0,t,1.41,t,97.0,f,,STMW,C|I,860707012,1
78.0,F,f,f,f,f,f,f,f,t,f,f,f,f,f,f,t,4.4,f,,t,120.0,t,0.76,t,158.0,f,,other,-,860707016,0
66.0,F,f,f,f,f,f,f,f,f,f,f,f,f,f,f,t,1.3,f,,t,187.0,t,1.05,t,178.0,f,,other,R,860707017,1
83.0,F,f,f,f,t,f,f,f,f,t,f,f,f,f,f,t,1.5,f,,t,159.0,t,0.98,t,162.0,f,,other,R,860707018,1
81.0,F,f,f,f,f,f,f,f,f,f,f,f,f,f,f,t,2.6,f,,t,160.0,t,0.98,t,162.0,f,,other,R,860707019,1
60.0,F,f,f,f,f,f,f,f,t,f,f,f,f,f,f,t,1.5,f,,t,137.0,t,0.82,t,167.0,f,,other,-,860707020,0
63.0,M,f,f,f,f,f,f,f,t,f,f,f,f,f,f,t,6.7,t,1.5,t,101.0,t,0.65,t,155.0,f,,other,G,860707028,1
68.0,M,f,t,f,f,f,f,f,f,f,f,f,f,f,f,f,,f,,t,103.0,t,0.97,t,106.0,f,,other,-,860707042,0
72.0,F,f,f,f,f,f,f,f,f,f,f,f,f,f,f,t,17.0,t,2.7,t,90.0,t,0.74,t,122.0,f,,other,G,860707044,1
21.0,F,f,f,f,f,f,f,f,f,f,f,f,f,f,f,t,1.2,f,,t,106.0,t,1.0,t,106.0,f,,other,-,860707047,0
81.0,F,f,f,f,f,f,f,f,f,f,f,f,f,f,f,t,39.0,t,0.7,t,99.0,t,0.89,t,111.0,f,,other,GK,860707048,1
45.0,F,f,f,f,f,f,f,f,f,f,f,f,f,f,f,t,9.299999,t,1.5,t,57.0,t,0.69,t,83.0,f,,other,G,860707049,1
81.0,F,f,f,f,f,f,f,f,f,f,f,f,f,f,f,t,6.2,f,,t,98.0,t,0.84,t,117.0,f,,other,G,860707050,1
74.0,F,f,f,f,f,f,f,f,f,f,f,f,f,f,f,t,4.8,t,1.7,t,130.0,t,1.02,t,128.0,f,,SVI,-,860707051,0
61.0,M,f,f,f,f,f,f,f,f,f,f,f,f,f,f,t,1.7,t,2.2,t,91.0,t,1.04,t,88.0,f,,SVHC,-,860707054,0
50.0,F,t,f,f,f,f,f,f,f,f,f,f,f,f,f,t,0.08,f,,t,182.0,t,1.31,t,140.0,f,,other,-,860707064,0
67.0,F,f,f,f,f,f,f,f,t,f,f,f,f,f,f,t,0.09,t,1.9,t,160.0,t,0.8,t,200.0,f,,SVI,AK,860708001,1
40.0,M,f,f,f,f,f,f,f,f,f,f,f,f,f,t,t,2.3,t,2.2,t,123.0,t,1.09,t,113.0,f,,SVHC,-,860708006,0
28.0,F,f,f,f,f,f,f,f,f,f,f,f,f,f,t,t,2.0,t,2.3,t,69.0,t,0.91,t,76.0,f,,SVHC,-,860708007,0
59.0,F,t,f,f,f,f,f,f,f,f,f,f,t,f,f,t,0.28,f,,t,114.0,t,0.94,t,121.0,f,,other,-,860708010,0
76.0,M,f,f,f,f,f,f,f,f,f,f,f,f,f,f,t,0.065,t,3.9,t,186.0,t,0.94,t,198.0,f,,other,A,860708012,1
76.0,F,t,f,f,f,f,f,f,f,f,f,f,f,f,f,t,0.075,t,2.6,t,157.0,t,1.09,t,144.0,f,,other,-,860708013,0
37.0,M,f,f,f,f,f,f,f,f,f,f,f,f,f,t,t,0.125,t,0.7,t,53.0,f,,f,,f,,SVI,K,860708015,1
40.0,M,t,f,f,f,f,f,f,f,f,f,f,f,f,f,f,,f,,t,138.0,t,0.95,t,145.0,f,,other,-,860708020,0
80.0,M,f,f,f,f,f,f,f,f,f,f,f,f,f,f,t,2.0,t,1.3,t,122.0,t,0.99,t,123.0,f,,SVI,-,860708053,0
65.0,F,f,f,f,f,f,f,f,f,f,f,f,f,f,f,t,0.45,t,1.2,t,133.0,t,0.94,t,142.0,f,,SVI,-,860708054,0
76.0,M,f,f,f,f,f,f,f,f,f,f,f,f,f,f,t,0.97,f,,t,63.0,t,0.88,t,72.0,f,,other,-,860708055,0
60.0,F,f,f,f,f,f,f,f,f,f,f,f,f,f,f,t,2.1,t,2.4,t,127.0,t,1.2,t,106.0,f,,SVI,-,860708056,0
64.0,M,f,f,f,f,f,f,f,f,f,f,f,f,f,f,t,1.8,t,2.1,t,90.0,t,0.89,t,101.0,f,,SVI,-,860708057,0
46.0,M,f,f,f,f,f,f,f,f,f,f,f,f,f,f,t,1.7,t,1.4,t,93.0,t,0.77,t,121.0,f,,other,-,860708064,0
46.0,M,f,f,f,f,f,f,f,f,f,f,f,f,f,f,t,1.2,t,2.8,t,181.0,t,1.26,t,144.0,f,,other,-,860709001,0
32.0,M,f,f,f,f,f,f,f,f,f,f,f,f,f,f,t,3.1,t,2.3,t,76.0,t,0.86,t,88.0,f,,other,-,860709003,0
75.0,F,f,f,f,f,f,f,f,f,t,f,f,f,f,f,t,0.73,t,2.2,t,106.0,t,0.74,t,143.0,f,,other,-,860709008,0
75.0,M,f,f,f,f,f,f,f,f,f,f,f,f,f,t,t,2.1,t,3.4,t,135.0,t,1.05,t,129.0,f,,SVHC,-,860709009,0
46.0,M,f,f,f,f,f,f,f,f,f,f,f,f,f,t,t,0.9,t,1.2,t,97.0,t,0.91,t,107.0,f,,SVHC,-,860709012,0
35.0,F,f,f,f,f,f,f,f,f,f,f,f,f,f,t,t,0.85,t,1.8,t,122.0,t,0.66,t,185.0,f,,SVHC,R,860709015,1
38.0,F,f,f,f,f,f,f,f,t,f,f,f,f,f,f,t,2.0,t,2.3,t,122.0,f,,f,,f,,other,-,860709027,0
43.0,F,t,f,f,f,f,f,f,f,f,f,f,f,f,f,f,,f,,t,103.0,t,1.2,t,86.0,f,,other,-,860709039,0
39.0,F,f,f,f,f,f,f,f,f,f,f,f,f,f,f,f,,f,,f,,f,,f,,t,28.0,other,-,860709049,0
66.0,F,f,f,f,t,f,f,f,f,f,f,f,f,f,f,t,0.08,t,1.0,t,141.0,t,0.75,t,188.0,f,,SVI,-,860709055,0
84.0,M,f,f,f,t,f,f,f,f,f,f,f,f,f,f,t,1.9,t,2.5,t,137.0,t,1.1,t,125.0,f,,other,-,860709068,0
84.0,M,f,f,f,f,f,f,f,f,f,f,f,f,f,f,t,1.5,t,2.3,t,101.0,t,0.81,t,125.0,f,,other,-,860709069,0
35.0,F,f,f,f,f,f,f,f,f,f,f,f,f,f,f,t,0.87,t,2.8,t,113.0,t,1.18,t,96.0,f,,SVI,-,860709070,0
66.0,M,f,f,f,f,f,f,f,f,f,f,f,f,f,f,t,2.5,t,0.1,t,37.0,t,0.52,t,71.0,f,,SVI,J,860709071,1
58.0,M,f,f,f,f,f,f,f,f,f,f,f,f,f,f,t,1.7,t,1.1,t,105.0,t,0.87,t,121.0,f,,SVI,K,860709072,1
58.0,M,f,f,f,f,f,f,f,f,f,f,f,f,f,t,t,2.7,t,2.3,t,91.0,t,0.99,t,92.0,f,,SVHC,-,860709073,0
34.0,F,f,f,f,f,f,f,f,f,f,f,f,f,f,t,t,1.4,t,2.3,t,126.0,t,1.0,t,126.0,f,,SVHC,-,860709074,0
44.0,F,f,f,f,f,f,f,f,f,f,t,f,f,f,f,t,3.2,t,2.5,t,88.0,t,1.02,t,86.0,f,,SVHC,-,860709075,0
35.0,F,f,f,f,f,f,f,f,f,f,f,f,f,f,t,t,0.085,t,2.2,t,130.0,t,0.91,t,143.0,f,,SVHC,-,860709076,0
65.0,F,t,f,f,f,f,f,f,f,f,f,f,f,f,f,t,2.6,t,1.6,t,142.0,t,1.01,t,141.0,f,,other,-,860710001,0
65.0,F,f,f,f,f,f,f,f,f,t,f,f,f,f,f,t,1.3,t,3.3,t,130.0,t,1.21,t,107.0,f,,other,-,860710002,0
44.0,F,f,f,f,f,f,f,f,f,f,f,f,f,f,f,t,0.85,t,1.7,t,81.0,t,0.96,t,84.0,f,,SVHC,-,860710003,0
66.0,F,f,f,f,f,f,f,f,f,f,f,f,f,f,f,t,1.6,t,1.7,t,109.0,t,0.82,t,133.0,f,,other,-,860710007,0
44.0,F,f,f,f,f,f,f,f,f,f,f,f,f,f,f,t,0.1,t,2.9,t,165.0,t,1.12,t,147.0,f,,other,I,860710008,1
64.0,F,f,f,f,f,f,f,t,f,f,f,f,f,f,f,t,2.2,t,2.3,t,113.0,t,0.69,t,164.0,f,,other,R,860710010,1
42.0,F,t,f,f,f,f,f,f,f,f,f,t,f,f,f,t,1.9,t,2.2,t,126.0,t,0.97,t,130.0,f,,other,-,860710015,0
58.0,F,t,f,f,f,f,f,f,f,f,f,f,f,f,f,t,0.15,t,1.6,t,144.0,t,1.09,t,132.0,f,,other,-,860710016,0
20.0,F,f,f,f,f,f,f,f,f,t,f,f,f,f,f,t,2.0,t,3.1,t,135.0,t,1.17,t,115.0,f,,other,-,860710017,0
18.0,F,f,f,f,f,f,f,f,f,f,f,f,f,f,f,f,,f,,t,66.0,t,0.78,t,85.0,f,,other,-,860710019,0
41.0,M,t,f,f,f,f,f,f,f,f,f,f,f,f,f,f,,f,,f,,f,,f,,t,20.0,other,-,860710021,0
38.0,F,f,f,f,f,f,f,f,f,f,f,f,f,f,f,t,2.6,t,2.0,t,86.0,t,0.86,t,100.0,f,,SVI,-,860710040,0
66.0,F,f,f,f,f,f,f,f,f,f,f,f,f,f,f,t,1.9,t,2.2,t,135.0,t,1.07,t,126.0,f,,other,-,860710041,0
69.0,M,f,f,f,f,f,f,f,f,f,f,f,f,f,f,t,0.59,t,1.2,t,89.0,t,0.9,t,99.0,f,,other,-,860710042,0
60.0,M,f,f,f,f,f,f,f,f,f,f,f,f,f,f,t,1.4,t,1.1,t,92.0,t,0.84,t,110.0,t,21.0,other,-,860710043,0
66.0,F,f,f,f,f,f,f,f,f,f,f,f,t,f,f,t,0.085,t,1.1,t,138.0,t,0.8,t,173.0,t,15.0,SVI,-,860710044,0
66.0,F,f,f,f,f,f,f,f,f,f,f,f,f,f,f,f,,t,2.8,f,,f,,f,,f,,other,-,860710046,0
66.0,F,f,f,t,f,f,f,f,f,t,f,f,f,f,f,t,0.07,t,2.9,t,145.0,t,1.25,t,116.0,f,,other,B,860710048,1
51.0,F,t,f,f,f,f,f,f,t,f,f,f,f,f,f,t,12.0,t,2.9,t,44.0,t,1.13,t,39.0,f,,other,-,860710051,0
47.0,F,f,f,f,f,f,t,f,f,f,f,f,f,f,f,t,1.2,t,2.7,t,82.0,t,1.05,t,78.0,f,,other,-,860710057,0
66.0,F,f,f,f,f,f,f,f,f,t,f,f,f,f,f,t,0.115,t,2.6,t,118.0,t,0.93,t,127.0,f,,other,-,860710061,0
74.0,F,f,f,f,f,f,f,f,f,f,f,f,f,f,f,t,0.62,t,2.3,t,102.0,t,1.03,t,99.0,f,,other,-,860710063,0
17.0,M,f,f,f,f,f,f,f,f,f,f,f,f,f,f,t,1.6,f,,t,78.0,t,0.76,t,103.0,f,,other,-,860710064,0
69.0,M,f,f,f,f,f,f,f,f,f,f,f,f,f,f,t,1.8,t,2.6,t,122.0,t,1.03,t,118.0,f,,other,-,860710070,0
42.0,F,t,f,f,f,f,f,f,f,f,f,f,f,f,f,t,2.0,t,2.3,t,134.0,t,1.0,t,134.0,f,,other,-,860711001,0
2.0,F,f,f,f,f,f,f,f,f,f,f,f,t,f,f,t,0.05,t,7.6,t,257.0,t,0.96,t,268.0,f,,other,A,860711002,1
79.0,F,f,f,f,f,f,f,f,f,t,f,f,f,f,f,t,2.7,t,1.2,t,100.0,t,0.93,t,108.0,f,,other,-,860711003,0
85.0,M,f,f,f,f,f,f,f,f,f,f,f,f,f,f,t,1.6,f,,t,114.0,t,0.61,t,187.0,f,,other,-,860711004,0
69.0,F,f,f,f,f,f,f,f,f,f,f,f,f,f,f,f,,f,,t,90.0,t,0.91,t,99.0,f,,other,-,860711016,0
49.0,F,f,f,f,f,f,t,f,f,f,f,f,f,f,f,t,3.7,t,2.0,t,53.0,t,0.71,t,75.0,f,,other,-,860711021,0
46.0,F,f,f,f,f,f,f,f,f,f,t,f,f,f,f,t,2.5,t,1.5,t,69.0,t,0.9,t,77.0,f,,SVHC,-,860711023,0
42.0,M,f,f,f,f,f,f,f,f,t,f,f,f,f,f,t,0.045,t,2.1,t,111.0,t,0.89,t,125.0,f,,SVHC,-,860711024,0
42.0,F,f,f,f,f,f,f,f,f,f,f,f,f,f,f,t,1.2,t,2.5,t,106.0,t,0.98,t,108.0,t,27.0,other,-,860711039,0
73.0,F,f,f,f,f,f,f,f,f,t,f,f,f,f,f,t,17.0,t,1.7,t,112.0,t,1.16,t,97.0,f,,other,G,860711080,1
37.0,F,f,f,f,f,f,f,f,f,f,f,f,f,f,f,f,,f,,t,108.0,t,0.71,t,152.0,f,,other,-,860711081,0
46.0,F,f,f,f,f,f,f,f,f,t,f,f,f,f,f,t,2.0,t,2.2,t,92.0,t,0.71,t,130.0,f,,other,-,860711082,0
33.0,F,f,f,f,f,f,f,f,f,f,f,f,f,f,f,t,0.58,f,,t,98.0,t,0.99,t,99.0,f,,other,-,860711084,0
37.0,F,f,f,f,f,f,f,f,f,f,f,f,f,f,f,t,1.5,t,1.0,t,117.0,t,1.19,t,98.0,f,,other,-,860711090,0
82.0,F,f,f,f,f,f,f,f,f,f,f,f,f,f,f,t,0.87,f,,t,91.0,t,0.99,t,92.0,f,,other,-,860711097,0
52.0,M,f,f,f,f,f,f,f,f,f,f,f,f,f,f,t,0.1,t,2.9,t,123.0,t,1.03,t,119.0,f,,SVI,-,860711098,0
71.0,F,f,f,f,t,f,f,f,f,f,f,f,f,f,f,t,4.3,t,1.3,t,55.0,t,0.83,t,66.0,f,,SVI,-,860711099,0
45.0,F,f,f,f,f,f,f,f,f,t,f,f,f,f,f,t,22.0,f,,t,65.0,t,1.15,t,57.0,f,,other,F,860711100,1
30.0,M,f,f,f,f,f,f,f,f,f,f,f,f,f,t,t,2.0,t,3.5,t,120.0,t,1.18,t,102.0,f,,SVHC,-,860714004,0
30.0,M,f,f,f,f,f,f,f,f,f,f,f,f,f,t,t,0.6,t,1.9,t,104.0,t,1.01,t,103.0,f,,SVHC,-,860714005,0
66.0,M,f,f,f,f,f,f,f,f,f,f,f,f,f,f,t,7.1,t,2.3,t,90.0,t,0.98,t,92.0,f,,SVHC,G,860714006,1
54.0,F,t,f,f,f,f,f,f,f,f,f,f,f,f,f,t,0.045,t,2.2,t,132.0,t,0.93,t,142.0,f,,other,-,860714020,0
61.0,M,t,f,f,f,f,f,f,f,f,f,f,f,f,f,t,6.6,t,2.2,t,105.0,t,0.88,t,119.0,f,,other,M,860714037,1
74.0,F,f,f,f,f,f,f,t,f,f,f,f,f,f,f,t,0.125,t,2.3,t,106.0,t,0.92,t,115.0,f,,other,-,860714046,0
24.0,F,f,f,f,f,f,f,f,f,f,f,f,t,f,f,t,0.63,t,2.4,t,94.0,t,0.93,t,101.0,f,,other,-,860714047,0
63.0,M,f,f,f,f,f,f,f,f,f,f,f,f,f,f,t,0.14,f,,t,119.0,t,0.57,t,209.0,f,,other,-,860714050,0
62.0,F,f,f,f,f,f,f,f,f,f,f,f,f,f,f,t,2.7,t,2.5,t,131.0,t,1.18,t,110.0,f,,other,-,860714055,0
24.0,F,f,f,f,f,f,f,f,f,f,f,f,f,f,f,t,3.0,f,,t,105.0,t,1.0,t,105.0,f,,other,-,860714057,0
61.0,F,f,f,f,f,f,f,f,f,f,f,f,f,f,f,t,0.08,t,2.5,t,157.0,t,0.97,t,162.0,f,,other,R,860714058,1
26.0,F,f,f,f,f,f,f,f,f,f,f,f,f,f,f,t,1.3,f,,t,90.0,t,0.9,t,100.0,f,,other,-,860714066,0
78.0,F,f,f,f,f,f,f,f,f,f,f,f,f,f,f,t,1.8,t,2.3,t,109.0,t,1.38,t,79.0,f,,other,-,860715003,0
73.0,M,f,f,f,f,f,f,f,f,f,f,f,f,f,f,t,1.6,t,1.2,t,106.0,t,1.23,t,86.0,f,,SVI,-,860715004,0
34.0,M,f,f,f,f,f,f,f,f,f,f,f,f,f,f,t,3.8,t,2.0,t,87.0,t,1.15,t,76.0,f,,SVI,-,860715005,0
76.0,M,f,f,f,f,f,f,f,f,f,f,f,f,f,f,t,1.1,t,1.8,t,127.0,t,1.28,t,99.0,f,,SVI,-,860715006,0
46.0,F,f,f,f,f,f,f,f,f,f,f,f,f,f,f,t,0.87,t,2.6,t,129.0,t,1.42,t,91.0,f,,SVI,-,860715007,0
60.0,M,f,f,f,f,f,f,f,f,f,f,f,f,f,f,t,0.55,t,0.3,t,33.0,t,0.64,t,52.0,f,,SVI,K,860715009,1
42.0,M,f,f,f,f,f,f,f,f,f,f,f,f,f,t,t,0.97,t,2.7,t,69.0,t,0.52,t,133.0,f,,SVHC,-,860715013,0
22.0,F,f,f,f,f,f,f,f,f,f,f,f,f,f,f,t,1.5,f,,t,98.0,t,1.28,t,77.0,f,,STMW,I,860715018,1
28.0,F,f,f,f,f,f,f,f,f,f,f,f,f,f,f,t,2.1,t,2.6,t,63.0,t,0.74,t,85.0,f,,other,-,860715025,0
67.0,F,f,f,f,f,f,f,f,f,f,f,f,f,f,f,t,4.1,t,1.9,t,104.0,t,0.97,t,107.0,f,,SVI,-,860715063,0
73.0,M,f,f,f,f,f,f,f,f,f,f,f,f,f,f,f,,f,,t,85.0,t,0.83,t,102.0,f,,SVI,-,860715064,0
73.0,M,f,f,f,f,f,f,f,f,f,f,f,f,f,f,t,2.0,t,1.2,t,108.0,t,0.94,t,115.0,f,,SVI,-,860715065,0
78.0,F,f,f,f,f,f,f,f,f,f,f,f,f,f,f,t,1.1,t,2.5,t,131.0,t,1.11,t,118.0,f,,SVI,-,860715067,0
54.0,F,t,f,f,f,f,f,f,f,f,f,f,f,f,f,t,5.2,t,1.7,t,168.0,t,1.14,t,147.0,f,,SVI,-,860715068,0
76.0,M,f,f,f,f,f,f,f,f,f,f,f,f,f,f,t,1.1,t,1.4,t,99.0,t,0.6,t,165.0,f,,SVI,R,860715073,1
82.0,F,f,f,f,f,f,f,f,f,f,f,f,f,f,f,t,2.5,t,1.1,t,112.0,t,0.68,t,165.0,f,,other,-,860715074,0
72.0,F,f,f,f,f,f,f,f,f,f,f,f,f,f,t,t,1.7,t,1.3,t,108.0,t,0.94,t,115.0,f,,SVI,-,860715075,0
39.0,F,f,t,f,f,f,f,f,f,f,f,f,f,f,f,t,5.7,f,,t,163.0,t,1.23,t,133.0,f,,other,L,860715076,1
48.0,F,f,f,f,f,f,f,f,f,f,f,f,f,f,f,t,73.0,t,2.3,t,87.0,t,1.12,t,78.0,f,,other,G,860715083,1
47.0,F,t,f,f,f,f,f,f,f,f,f,f,f,f,f,t,0.3,f,,t,113.0,t,0.91,t,125.0,f,,other,-,860715084,0
34.0,F,f,f,f,f,f,f,f,f,f,t,f,f,f,f,t,0.1,t,3.1,t,30.0,t,0.89,t,34.0,f,,SVHC,-,860716014,0
19.0,M,f,f,f,f,f,f,f,f,f,f,f,f,f,t,t,0.35,t,0.8,t,70.0,t,0.83,t,84.0,f,,SVHC,K,860716015,1
33.0,M,f,f,f,f,f,f,f,f,f,t,f,f,f,f,t,12.0,t,1.5,t,86.0,t,1.0,t,86.0,f,,SVHC,G,860716016,1
25.0,M,f,f,f,f,f,f,f,f,f,f,f,f,f,t,t,1.3,t,2.2,t,133.0,t,0.92,t,145.0,f,,SVHC,-,860716018,0
69.0,M,f,f,f,f,f,f,f,f,f,t,f,f,f,f,t,3.5,t,1.3,t,70.0,t,0.92,t,76.0,f,,SVHC,-,860716019,0
75.0,M,f,f,f,f,f,f,f,f,f,f,f,f,f,f,t,0.7,t,1.5,t,112.0,t,0.89,t,126.0,f,,SVI,-,860716020,0
60.0,M,f,f,f,f,f,f,f,f,f,f,f,f,f,f,t,1.2,t,0.6,t,103.0,t,1.01,t,102.0,f,,other,-,860716035,0
27.0,F,f,f,f,f,f,f,f,f,f,f,f,f,f,f,t,1.4,t,1.9,t,148.0,t,1.13,t,131.0,f,,other,-,860716037,0
47.0,F,f,f,f,f,f,f,f,f,f,f,f,f,f,f,t,0.3,t,2.1,t,114.0,t,0.9,t,126.0,f,,other,-,860716038,0
56.0,F,f,f,f,f,f,f,f,f,f,f,f,f,f,f,t,0.12,f,,t,140.0,t,0.92,t,152.0,f,,other,-,860716054,0
54.0,F,f,f,f,f,f,f,f,f,f,f,f,f,f,f,t,436.0,f,,t,12.0,t,1.01,t,12.0,f,,other,F,860716056,1
54.0,M,f,f,f,f,f,f,f,f,f,f,f,f,f,f,t,0.2,f,,t,108.0,t,0.84,t,129.0,f,,other,-,860716057,0
29.0,F,f,f,f,f,f,f,f,f,f,f,f,f,f,f,t,2.1,t,2.1,t,122.0,t,1.14,t,107.0,t,36.0,SVI,-,860717007,0
29.0,F,f,f,f,f,f,f,f,f,f,f,f,f,f,f,t,2.3,t,2.3,t,135.0,t,0.98,t,138.0,f,,other,-,860717008,0
21.0,F,f,f,f,f,f,f,f,f,f,f,f,f,f,f,f,,t,2.3,f,,f,,f,,f,,other,-,860717010,0
71.0,F,f,f,f,f,f,f,f,f,f,f,f,f,f,f,t,1.2,t,3.3,t,153.0,t,1.19,t,129.0,f,,other,I,860717017,1
34.0,F,f,f,f,f,f,f,f,f,f,f,f,f,f,t,t,1.4,t,1.4,t,115.0,t,0.91,t,126.0,f,,SVHC,-,860717025,0
80.0,F,f,f,f,f,f,f,f,f,f,f,f,f,f,f,t,3.0,t,1.5,t,95.0,t,0.91,t,104.0,f,,SVI,-,860717026,0
63.0,F,f,f,f,f,f,f,f,f,f,f,f,f,f,f,t,5.3,t,2.0,t,142.0,t,1.15,t,123.0,f,,other,-,860717027,0
61.0,M,f,f,f,f,f,f,f,f,f,f,f,f,f,f,t,20.0,f,,t,104.0,f,,f,,f,,other,G,860717028,1
55.0,F,f,f,f,f,f,f,f,t,f,f,f,f,f,f,t,1.7,t,2.0,t,108.0,t,0.97,t,111.0,f,,SVI,-,860717029,0
44.0,M,f,f,f,f,f,f,f,f,f,t,f,f,f,f,t,1.6,t,1.7,t,87.0,t,0.89,t,98.0,f,,SVHC,-,860717030,0
22.0,M,f,f,f,f,f,f,f,f,f,f,f,f,f,f,t,2.8,t,2.0,t,75.0,f,,f,,f,,SVHC,-,860717031,0
67.0,M,f,f,f,f,f,f,f,f,f,f,f,f,f,f,t,2.6,t,0.4,t,80.0,t,0.57,t,140.0,f,,SVI,K,860717032,1
67.0,M,f,f,f,f,f,f,f,f,t,f,f,f,f,f,t,3.1,f,,t,118.0,t,1.01,t,117.0,f,,other,-,860717034,0
81.0,F,f,f,f,f,f,f,f,f,f,f,f,f,f,f,t,0.09,t,0.6,t,152.0,t,0.75,t,203.0,f,,other,R,860717035,1
78.0,F,f,f,f,f,f,f,f,f,f,f,f,f,f,f,t,56.0,t,4.9,t,37.0,t,0.78,t,47.0,f,,other,-,860717036,0
71.0,F,f,f,f,f,f,f,f,f,f,f,f,f,f,f,t,4.5,t,1.5,t,90.0,t,0.97,t,93.0,f,,other,-,860717037,0
34.0,F,f,f,f,f,f,t,f,f,f,f,f,f,f,f,t,0.38,t,1.9,t,137.0,t,0.82,t,167.0,f,,SVI,-,860717038,0
61.0,F,f,f,f,t,f,f,f,t,f,f,f,f,f,f,t,4.8,t,1.7,t,105.0,t,1.07,t,98.0,f,,SVHD,-,860717039,0
68.0,M,f,f,f,f,f,f,f,f,f,f,t,f,f,f,f,,f,,t,102.0,t,1.06,t,96.0,f,,other,-,860717044,0
55.0,F,t,f,f,f,f,f,f,f,f,f,f,f,f,f,t,0.67,t,1.8,t,120.0,t,0.88,t,136.0,f,,other,-,860717045,0
73.0,F,t,f,f,f,f,f,f,f,f,f,f,f,f,f,t,2.1,f,,t,156.0,t,0.99,t,158.0,f,,other,L,860717046,1
24.0,M,f,t,f,f,f,f,f,f,f,f,f,f,f,f,f,,t,1.9,t,68.0,t,1.03,t,66.0,f,,other,-,860717053,0
17.0,F,f,f,f,f,f,f,f,f,t,f,f,f,f,f,t,1.6,f,,t,118.0,t,0.62,t,190.0,f,,other,-,860717054,0
28.0,F,t,f,f,f,f,f,f,f,f,f,f,f,f,f,t,2.5,t,2.4,t,150.0,t,1.18,t,127.0,f,,other,-,860717056,0
78.0,F,f,f,f,f,f,f,f,f,t,f,f,f,f,f,t,1.9,t,1.7,t,107.0,t,1.08,t,99.0,f,,other,-,860717063,0
35.0,F,f,f,f,f,f,f,f,f,t,f,f,f,f,f,t,1.5,t,2.2,t,98.0,t,1.14,t,86.0,f,,other,-,860717064,0
66.0,F,t,f,f,f,f,f,t,t,f,f,f,f,f,f,t,2.4,f,,t,174.0,t,1.16,t,150.0,f,,other,-,860717084,0
76.0,F,f,f,t,f,f,f,f,f,f,f,f,f,f,f,t,33.0,t,2.4,t,64.0,t,1.16,t,55.0,f,,other,F,860717090,1
26.0,F,f,f,f,f,f,f,f,t,f,f,f,f,f,f,t,6.5,t,2.3,t,101.0,t,1.14,t,89.0,f,,other,G,860717092,1
46.0,F,f,f,f,f,f,f,f,f,f,f,f,f,f,f,t,2.9,t,1.2,t,101.0,t,1.07,t,94.0,f,,other,-,860717093,0
64.0,F,f,f,f,f,f,f,f,f,f,f,f,t,f,f,t,0.47,t,2.4,t,92.0,t,0.72,t,128.0,f,,other,-,860717096,0
29.0,F,f,f,f,f,f,f,f,f,t,f,f,f,f,f,t,0.27,t,2.1,t,92.0,t,1.04,t,88.0,f,,other,-,860717098,0
15.0,F,f,f,f,f,f,f,f,f,f,f,f,f,f,f,t,2.5,t,1.8,t,81.0,t,0.89,t,91.0,f,,other,-,860717099,0
86.0,F,f,f,f,f,f,f,f,f,f,f,f,f,f,f,t,6.0,t,0.7,t,58.0,t,0.67,t,87.0,f,,SVI,K,860717102,1
65.0,F,f,f,f,f,f,f,f,f,f,f,f,f,f,f,t,1.2,f,,t,94.0,t,0.8,t,118.0,f,,other,-,860717103,0
56.0,M,f,f,f,f,f,f,f,f,f,f,f,f,f,f,t,1.6,t,1.4,t,90.0,t,0.8,t,113.0,f,,SVI,-,860717104,0
35.0,M,f,f,f,f,f,f,f,f,f,f,f,f,f,f,t,3.2,t,2.3,t,80.0,t,0.64,t,125.0,f,,SVI,-,860717105,0
81.0,F,f,f,f,f,f,f,f,f,f,f,f,f,f,f,t,13.0,t,1.1,t,110.0,t,0.84,t,131.0,f,,SVI,GK,860717106,1
81.0,M,f,f,f,f,f,f,f,f,f,f,f,f,f,f,t,1.1,f,,t,97.0,f,,f,,f,,other,-,860717107,0
72.0,M,f,f,f,f,f,f,f,f,t,f,f,f,f,f,t,4.1,t,1.9,t,85.0,t,0.99,t,85.0,f,,other,-,860717116,0
52.0,F,f,f,f,f,f,f,f,f,f,f,f,f,f,f,t,0.51,f,,t,105.0,t,1.04,t,101.0,f,,other,-,860717120,0
34.0,F,f,f,f,f,f,f,f,f,t,f,f,f,f,f,t,0.09,t,3.7,t,201.0,t,0.97,t,207.0,f,,other,-,860717121,0
62.0,F,f,f,f,f,f,f,f,t,f,f,f,f,f,f,t,0.67,f,,t,108.0,t,0.99,t,109.0,f,,other,-,860718002,0
17.0,F,f,f,f,f,f,f,f,f,f,f,f,f,f,f,t,1.4,f,,t,89.0,t,1.1,t,81.0,f,,other,-,860718004,0
61.0,F,f,f,f,f,f,f,f,f,f,f,f,f,f,f,t,4.6,t,2.5,t,82.0,t,1.17,t,70.0,f,,SVI,-,860718005,0
61.0,F,f,f,f,f,f,f,f,f,f,f,f,f,f,f,t,8.0,f,,t,76.0,t,0.95,t,80.0,f,,other,G,860718008,1
3.0,F,f,f,f,f,f,f,f,f,f,f,f,f,f,f,f,,t,3.9,f,,f,,f,,f,,STMW,-,860718009,0
3.0,M,f,f,f,t,f,f,f,f,f,f,f,f,f,f,t,1.5,f,,t,77.0,t,0.76,t,101.0,f,,other,-,860718029,0
15.0,M,f,f,f,f,f,f,f,f,f,f,f,f,f,f,t,1.6,t,2.2,t,89.0,t,0.82,t,109.0,f,,other,-,860718042,0
71.0,F,t,f,f,f,f,f,f,f,f,f,f,f,f,f,t,29.0,f,,t,57.0,t,1.08,t,53.0,f,,other,F,860718052,1
87.0,M,f,f,f,f,f,f,f,f,f,f,f,f,f,f,t,1.0,t,1.5,t,96.0,t,0.8,t,120.0,f,,other,-,860718063,0
83.0,F,f,f,f,f,f,f,f,t,f,f,f,f,f,f,t,2.7,t,1.3,t,100.0,t,0.83,t,121.0,f,,SVI,-,860718064,0
68.0,F,f,f,f,f,f,f,f,f,f,f,f,f,f,f,t,5.0,t,1.3,t,113.0,t,0.84,t,135.0,f,,SVI,-,860718065,0
49.0,M,f,f,f,f,f,f,f,f,f,f,f,f,f,f,t,1.2,t,2.0,t,80.0,t,1.0,t,80.0,f,,SVI,-,860718066,0
39.0,F,f,f,f,t,f,f,f,f,f,f,f,f,f,f,t,1.7,f,,t,77.0,t,0.65,t,118.0,f,,other,-,860718068,0
37.0,F,t,f,f,f,f,f,f,f,f,f,f,f,f,f,t,0.1,t,1.9,t,156.0,f,,f,,f,,other,L,860718079,1
68.0,F,f,f,f,f,f,f,f,f,f,f,f,f,f,f,t,0.19,t,1.6,t,91.0,t,1.04,t,88.0,f,,other,-,860718084,0
70.0,F,f,f,f,f,f,f,f,f,f,f,f,f,f,f,t,14.0,f,,t,123.0,t,1.11,t,111.0,f,,other,G,860721007,1
49.0,M,f,f,f,f,f,f,f,f,f,f,f,f,f,f,t,10.0,f,,t,111.0,t,0.85,t,131.0,f,,other,G,860721008,1
63.0,F,f,f,f,f,f,f,f,f,f,f,f,f,f,f,t,1.9,t,1.5,t,63.0,t,0.57,t,111.0,f,,other,-,860721009,0
21.0,M,f,f,f,f,f,f,f,f,f,f,f,f,f,f,t,1.1,f,,t,115.0,t,0.71,t,162.0,f,,SVI,-,860721010,0
71.0,M,f,f,f,f,f,f,f,f,f,f,f,f,f,f,t,2.8,t,2.0,t,125.0,t,1.12,t,112.0,f,,SVI,-,860721011,0
71.0,M,f,f,f,f,f,f,f,f,f,f,f,f,f,f,t,0.99,t,1.1,t,129.0,t,0.8,t,162.0,f,,other,-,860721014,0
77.0,F,f,f,f,f,f,f,f,t,f,f,f,f,f,f,t,6.2,t,0.7,t,84.0,t,0.73,t,115.0,f,,other,GK,860721015,1
64.0,F,f,f,f,f,f,t,f,f,f,f,f,f,f,f,t,3.3,t,0.8,t,88.0,t,0.67,t,131.0,f,,other,Q,860721016,1
61.0,F,f,f,f,f,f,f,f,f,f,f,f,f,f,f,t,2.6,f,,t,100.0,t,1.06,t,94.0,f,,other,-,860721029,0
13.0,F,f,f,f,f,f,f,f,f,f,f,f,t,f,f,t,2.9,f,,t,104.0,t,0.87,t,120.0,f,,other,-,860721030,0
16.0,M,f,f,f,f,f,f,f,f,f,f,f,f,f,f,t,1.3,t,2.5,t,103.0,t,0.86,t,120.0,f,,other,-,860721040,0
75.0,F,f,f,f,f,f,f,f,f,f,f,f,f,f,f,t,1.2,t,1.5,t,128.0,t,0.89,t,144.0,f,,SVI,-,860721049,0
60.0,M,f,f,f,f,f,f,f,f,f,f,f,f,f,f,t,1.9,t,2.5,t,95.0,t,0.98,t,97.0,f,,SVI,-,860721050,0
49.0,M,f,f,f,f,f,t,f,f,f,f,f,f,f,f,t,3.0,t,2.2,t,91.0,t,0.86,t,105.0,f,,SVI,-,860721051,0
49.0,M,f,f,f,f,f,f,f,f,f,f,f,f,f,f,t,0.72,t,0.7,t,123.0,t,0.73,t,168.0,f,,SVI,-,860721052,0
83.0,F,f,f,f,f,f,f,f,f,f,f,f,f,f,f,t,1.2,t,1.6,t,100.0,t,0.89,t,112.0,f,,SVI,-,860721053,0
58.0,F,t,f,f,f,f,f,f,f,f,f,f,f,f,f,t,0.11,f,,t,132.0,t,0.76,t,174.0,f,,other,-,860721057,0
58.0,F,t,f,f,f,f,f,f,f,f,f,f,f,f,f,t,0.83,t,2.1,t,127.0,t,1.01,t,126.0,f,,other,-,860721063,0
30.0,F,f,f,f,f,f,f,f,f,f,f,f,f,f,f,t,1.8,f,,t,111.0,t,1.04,t,107.0,f,,other,-,860721065,0
64.0,F,f,f,f,f,f,f,f,f,f,f,f,f,f,f,t,3.8,t,1.8,t,97.0,t,0.85,t,114.0,f,,SVI,-,860721066,0
61.0,F,t,f,f,f,f,f,t,t,f,f,f,f,f,f,t,7.4,t,1.2,t,86.0,t,0.96,t,90.0,f,,other,M,860721075,1
42.0,F,t,f,f,f,f,f,f,f,t,f,f,f,f,f,t,0.12,t,1.3,t,93.0,t,0.67,t,139.0,f,,other,-,860721076,0
29.0,M,t,f,f,f,f,f,f,t,t,f,f,f,f,f,t,0.19,t,1.7,t,147.0,f,,f,,f,,other,-,860721079,0
37.0,F,f,f,f,f,f,f,f,f,f,f,f,f,f,f,t,1.4,t,2.6,t,136.0,t,1.15,t,118.0,f,,SVHC,-,860722001,0
44.0,M,f,f,f,f,f,f,f,f,f,f,f,f,f,f,t,2.9,t,3.3,t,82.0,t,0.89,t,92.0,f,,SVHC,R,860722002,1
30.0,M,f,f,f,f,f,f,f,f,f,f,f,f,f,f,t,2.9,t,2.1,t,116.0,t,0.67,t,173.0,f,,SVHC,R,860722003,1
31.0,F,f,f,f,f,f,f,f,f,f,f,f,f,f,f,f,,f,,t,90.0,t,0.87,t,103.0,f,,other,-,860722025,0
19.0,F,f,f,f,f,f,f,f,f,f,f,f,f,f,f,f,,f,,t,84.0,t,0.78,t,108.0,f,,other,-,860722027,0
59.0,F,f,f,f,f,f,f,f,t,f,f,f,f,f,f,t,11.0,t,1.6,t,120.0,f,,f,,f,,other,G,860722028,1
61.0,F,f,f,f,f,f,f,f,f,f,f,f,f,f,f,t,1.9,t,1.7,t,104.0,t,0.9,t,116.0,f,,SVI,-,860722039,0
30.0,M,f,f,f,f,f,f,f,f,f,f,f,f,f,f,t,2.5,t,1.4,t,77.0,t,0.7,t,110.0,f,,SVI,-,860722040,0
73.0,M,f,f,f,f,f,f,f,f,f,f,f,f,f,f,t,1.5,t,2.2,t,119.0,t,0.92,t,129.0,f,,other,-,860722041,0
75.0,M,f,f,f,f,f,f,f,f,f,f,f,f,f,f,t,1.3,t,1.8,t,78.0,t,0.65,t,121.0,f,,other,-,860722042,0
60.0,M,f,f,f,f,f,f,f,f,f,f,f,f,f,f,t,2.2,f,,t,77.0,t,0.63,t,122.0,f,,other,-,860722059,0
74.0,M,f,f,f,f,f,f,f,f,f,f,f,f,f,f,t,0.48,t,1.5,t,92.0,t,0.85,t,108.0,f,,other,-,860723006,0
74.0,F,f,f,f,f,f,f,f,f,f,f,f,f,f,t,t,1.2,t,1.9,t,122.0,t,0.56,t,218.0,f,,SVHC,R,860723007,1
63.0,F,f,f,f,f,f,f,f,f,f,f,f,f,f,f,t,1.7,t,1.6,t,98.0,t,0.88,t,111.0,f,,other,-,860723008,0
15.0,F,f,f,f,t,f,f,f,f,f,f,f,f,f,f,t,3.1,f,,t,88.0,t,0.74,t,119.0,f,,SVHD,-,860723009,0
15.0,F,f,f,f,f,f,f,f,f,f,f,f,f,f,f,t,2.6,t,1.4,t,137.0,t,0.81,t,169.0,f,,other,R,860723012,1
47.0,F,f,f,f,f,f,f,f,t,f,f,f,f,f,f,t,5.2,f,,t,98.0,t,0.74,t,132.0,f,,other,-,860723013,0
47.0,M,f,f,f,f,f,f,f,f,f,f,f,f,f,f,t,0.77,f,,t,80.0,f,,f,,f,,other,-,860723015,0
62.0,F,t,f,f,f,f,f,f,f,f,f,f,f,f,f,t,2.8,t,1.0,t,84.0,t,0.52,t,162.0,f,,other,KJ,860723027,1
56.0,,f,f,f,f,f,f,f,f,f,f,f,f,f,f,t,2.1,t,2.4,t,137.0,t,1.19,t,115.0,f,,SVI,-,860723038,0
56.0,M,f,f,f,f,f,f,f,f,f,f,f,f,f,f,t,0.95,t,0.9,t,116.0,t,0.45,t,258.0,f,,SVI,KJ,860723040,1
54.0,F,f,f,f,f,f,f,f,t,f,f,f,f,f,f,t,6.5,t,1.9,t,88.0,t,1.02,t,86.0,f,,other,G,860723041,1
58.0,F,t,f,f,f,f,f,f,f,f,f,f,f,f,f,t,10.0,f,,t,81.0,t,0.94,t,86.0,f,,other,M,860723080,1
58.0,F,f,f,f,f,f,f,f,f,f,f,f,f,f,f,t,0.71,t,2.5,t,94.0,t,0.94,t,100.0,f,,other,-,860723081,0
61.0,F,f,f,f,f,f,f,f,f,f,f,f,f,f,f,t,3.9,t,1.2,t,107.0,t,0.86,t,122.0,f,,SVI,-,860723086,0
70.0,M,t,f,f,f,f,f,t,f,t,f,f,f,f,f,t,1.9,t,1.3,t,136.0,t,0.8,t,170.0,f,,other,-,860723101,0
47.0,F,f,f,t,f,f,f,f,f,f,f,f,f,f,f,t,1.9,t,1.7,t,109.0,t,0.89,t,123.0,f,,other,-,860724002,0
82.0,F,f,f,f,f,f,f,f,f,f,f,f,f,f,t,t,73.0,t,1.0,t,25.0,t,0.99,t,25.0,f,,SVHC,F,860724005,1
58.0,F,f,f,f,f,f,f,f,f,f,f,f,t,f,f,t,0.63,t,1.6,t,107.0,t,0.93,t,115.0,f,,other,-,860724006,0
38.0,F,f,f,f,f,f,f,f,f,f,t,f,f,f,f,t,1.7,t,1.1,t,64.0,t,0.76,t,84.0,f,,SVHC,K,860724007,1
69.0,M,f,t,f,f,f,f,f,f,f,f,f,f,f,f,t,1.4,t,0.1,t,54.0,t,0.71,t,76.0,f,,SVI,K,860724008,1
42.0,M,f,f,f,f,f,f,f,f,f,f,f,f,f,f,t,1.4,t,1.7,t,124.0,t,0.49,t,253.0,f,,SVHC,R,860724009,1
42.0,F,f,f,f,f,f,f,f,f,f,f,f,f,f,f,t,0.3,t,2.8,t,118.0,t,0.97,t,122.0,f,,other,-,860724011,0
72.0,F,f,f,f,t,f,f,f,f,f,f,f,f,f,f,t,4.9,t,0.9,t,99.0,t,0.78,t,127.0,f,,other,K,860724012,1
28.0,F,f,f,f,f,f,f,f,f,f,f,f,f,f,f,t,1.0,t,1.9,t,98.0,t,0.95,t,103.0,f,,other,-,860724013,0
63.0,M,f,f,f,f,f,f,f,f,f,t,f,f,f,f,t,3.2,t,1.7,t,87.0,t,0.75,t,116.0,f,,SVHC,-,860724017,0
36.0,F,f,f,f,t,f,f,f,f,t,f,f,f,f,f,t,2.9,t,2.0,t,96.0,t,0.91,t,106.0,f,,other,-,860724020,0
63.0,F,f,t,f,f,f,f,f,f,f,f,f,t,f,f,t,0.085,t,1.9,t,186.0,f,,f,,f,,other,-,860724027,0
45.0,F,t,f,f,f,f,f,f,f,f,f,f,f,f,f,t,12.0,f,,t,137.0,t,0.74,t,185.0,f,,other,-,860724029,0
45.0,F,f,f,f,f,f,f,f,t,t,f,f,f,f,f,t,1.9,t,1.8,t,129.0,t,0.63,t,205.0,f,,other,R,860724030,1
49.0,F,f,f,f,f,f,f,f,t,t,f,f,f,f,f,f,,f,,f,,f,,f,,t,27.0,other,-,860724035,0
56.0,F,f,f,f,f,f,f,f,f,f,f,f,f,f,f,t,1.2,t,1.6,t,114.0,t,0.72,t,158.0,f,,SVI,R,860724057,1
72.0,F,f,f,f,f,f,f,f,f,f,f,f,f,f,f,t,4.1,t,0.3,t,100.0,t,0.87,t,115.0,f,,SVI,K,860724058,1
80.0,F,f,f,f,f,f,f,f,f,f,f,f,f,f,f,t,4.1,t,0.7,t,131.0,t,0.74,t,177.0,f,,other,-,860724061,0
59.0,M,f,f,f,f,f,f,f,f,t,f,f,f,f,f,t,7.8,f,,t,89.0,t,0.85,t,105.0,f,,other,G,860724062,1
37.0,F,f,f,f,f,f,f,f,f,f,f,f,f,f,f,t,1.8,t,1.9,t,115.0,t,1.19,t,97.0,f,,SVHC,-,860724063,0
37.0,F,f,f,f,f,f,f,f,f,f,f,f,f,f,f,t,2.4,t,2.0,t,99.0,t,0.83,t,119.0,f,,SVHC,-,860724064,0
72.0,F,t,f,f,f,f,f,f,f,f,f,f,f,f,f,f,,t,1.9,t,125.0,t,0.97,t,129.0,f,,other,-,860724065,0
58.0,F,t,f,f,f,f,f,f,f,f,f,f,f,f,f,t,1.5,f,,t,151.0,t,1.02,t,148.0,f,,other,-,860724067,0
26.0,F,t,f,f,f,f,f,f,f,f,f,f,f,f,f,t,0.39,t,1.8,t,147.0,t,0.79,t,185.0,f,,other,-,860724068,0
76.0,F,f,f,f,f,f,f,f,f,f,f,f,f,f,f,t,4.3,t,2.5,t,89.0,t,0.95,t,94.0,f,,other,-,860725010,0
33.0,M,f,f,f,f,f,f,f,f,f,f,f,f,f,f,t,6.5,t,1.2,t,90.0,t,0.86,t,105.0,f,,SVHC,G,860725011,1
33.0,F,t,f,f,f,f,f,f,f,f,f,f,f,f,t,t,1.0,t,2.1,t,108.0,t,0.92,t,117.0,f,,SVHC,-,860725012,0
58.0,F,f,f,f,f,f,f,f,f,f,t,f,f,f,f,t,6.4,t,2.3,t,85.0,t,1.06,t,80.0,f,,SVHC,G,860725013,1
34.0,F,t,f,f,f,f,f,f,f,f,f,f,f,f,f,t,0.095,t,6.1,t,182.0,t,1.0,t,182.0,f,,other,N,860725016,1
54.0,F,t,f,t,f,f,f,f,f,f,f,f,f,f,f,t,0.085,f,,t,184.0,t,1.09,t,169.0,f,,other,L,860725049,1
53.0,M,f,f,f,f,f,f,f,f,f,f,f,f,f,f,t,1.4,t,2.7,t,129.0,t,0.95,t,136.0,f,,SVHC,-,860728001,0
60.0,F,f,f,f,f,f,f,f,f,f,f,f,f,f,f,t,8.099999,t,2.1,t,118.0,t,1.05,t,112.0,f,,SVI,G,860728004,1
86.0,F,f,f,f,f,f,f,f,f,f,f,f,f,f,f,t,4.9,t,1.5,t,73.0,f,,f,,f,,SVI,-,860728005,0
76.0,M,f,f,f,f,f,f,f,f,f,f,f,f,f,f,t,2.1,t,1.3,t,93.0,t,0.82,t,113.0,f,,SVI,-,860728006,0
68.0,F,f,f,f,f,f,f,f,f,f,f,f,f,f,f,t,5.0,t,2.4,t,100.0,f,,f,,f,,other,-,860728007,0
60.0,F,f,f,f,f,f,t,f,f,f,f,f,f,f,f,t,1.7,t,2.6,t,113.0,t,0.9,t,126.0,f,,other,-,860728008,0
60.0,M,f,f,f,f,f,f,f,f,f,f,f,f,f,f,t,2.9,f,,t,82.0,t,0.74,t,111.0,f,,other,-,860728012,0
60.0,M,f,f,f,f,f,f,f,f,f,f,f,f,f,f,t,31.0,t,2.3,t,236.0,t,1.02,t,231.0,f,,other,R,860728014,1
34.0,F,f,f,f,f,f,f,f,f,f,f,f,t,f,f,t,1.1,f,,t,111.0,t,0.96,t,116.0,f,,STMW,-,860728016,0
22.0,F,f,f,f,f,f,f,f,f,f,f,f,f,f,f,t,1.9,f,,t,150.0,t,1.06,t,142.0,f,,STMW,-,860728017,0
30.0,F,f,f,f,f,t,f,f,f,f,f,f,f,f,f,t,1.5,f,,t,222.0,t,1.73,t,128.0,f,,STMW,I,860728018,1
27.0,F,f,f,f,f,t,f,f,f,f,f,f,f,f,f,t,0.26,f,,t,142.0,t,1.34,t,106.0,f,,STMW,I,860728019,1
61.0,M,f,f,f,f,f,f,f,f,f,f,f,f,f,f,f,,f,,f,,f,,f,,t,23.0,other,-,860728036,0
61.0,,f,f,f,f,f,f,f,f,f,f,f,f,f,f,t,17.0,t,1.6,t,89.0,t,0.69,t,129.0,t,18.0,other,G,860728044,1
31.0,F,f,f,f,t,f,f,f,t,f,f,f,f,f,f,t,0.14,t,1.0,t,103.0,t,0.66,t,156.0,f,,SVI,-,860728047,0
64.0,M,f,f,f,f,f,f,f,f,f,f,f,f,f,f,t,3.1,f,,t,98.0,t,0.9,t,109.0,f,,SVI,-,860728048,0
75.0,F,f,f,f,f,f,f,f,f,f,f,f,f,f,f,t,0.18,t,1.0,t,151.0,t,0.7,t,216.0,f,,SVI,R,860728049,1
28.0,F,f,f,f,f,f,f,f,f,f,f,f,f,f,f,t,1.9,t,1.5,t,102.0,t,0.8,t,128.0,f,,SVI,-,860728050,0
83.0,F,f,f,f,f,f,f,f,f,f,f,f,f,f,f,t,12.0,t,1.5,t,94.0,t,0.94,t,100.0,f,,SVI,G,860728058,1
30.0,F,f,f,f,f,f,f,f,f,f,f,f,f,f,f,f,,f,,t,91.0,t,0.84,t,108.0,f,,other,-,860728059,0
48.0,M,f,f,f,f,f,f,f,f,f,f,f,f,f,f,t,0.55,f,,t,81.0,t,0.57,t,142.0,f,,other,-,860728060,0
68.0,F,f,f,f,f,f,f,f,f,f,f,f,f,f,f,t,1.6,t,0.9,t,83.0,t,0.65,t,128.0,f,,other,-,860728064,0
35.0,F,f,f,f,f,f,f,f,f,f,f,f,f,f,f,t,2.0,t,3.2,t,146.0,t,1.2,t,122.0,f,,other,I,860728073,1
61.0,F,f,f,f,f,f,f,f,f,f,f,f,f,f,f,t,3.0,t,2.4,t,88.0,t,0.62,t,142.0,f,,other,-,860729001,0
33.0,F,f,f,f,f,f,f,f,f,f,f,f,f,f,f,t,1.7,t,2.5,t,93.0,t,0.78,t,119.0,f,,SVI,-,860729009,0
56.0,F,f,f,f,f,f,f,f,f,f,f,f,f,f,f,t,1.4,t,1.9,t,107.0,t,0.93,t,115.0,f,,SVHC,-,860729011,0
48.0,F,f,f,f,f,f,f,f,f,f,f,f,f,f,f,t,3.4,t,2.6,t,54.0,t,1.02,t,53.0,f,,SVHC,R,860729012,1
35.0,M,f,f,f,f,f,f,f,f,f,f,f,f,f,f,t,0.9,t,1.5,t,97.0,t,0.85,t,114.0,t,30.0,SVI,-,860729023,0
48.0,F,f,f,f,f,f,f,f,f,f,f,f,f,f,f,t,0.065,t,3.4,t,133.0,t,0.53,t,251.0,f,,SVI,-,860729035,0
76.0,F,f,f,f,f,f,f,t,f,f,f,f,f,f,f,t,1.3,t,2.4,t,97.0,t,0.99,t,98.0,f,,other,-,860729037,0
39.0,F,f,f,f,f,f,f,f,f,f,f,f,f,f,f,f,,f,,f,,f,,f,,t,38.0,other,S,860729064,1
44.0,F,f,f,f,f,f,f,f,f,f,f,f,f,f,f,t,1.2,t,2.4,t,135.0,t,1.01,t,135.0,t,32.0,SVI,-,860729072,0
64.0,M,f,f,f,f,f,f,f,f,f,f,f,f,f,f,t,0.85,t,1.6,t,122.0,t,0.79,t,154.0,f,,other,-,860729074,0
78.0,F,f,f,f,f,f,f,f,f,f,f,f,f,f,f,t,1.0,t,2.0,t,120.0,t,0.96,t,125.0,t,35.0,SVI,-,860729075,0
24.0,F,f,f,f,f,f,f,f,f,f,f,f,f,f,f,f,,f,,t,100.0,t,0.87,t,115.0,f,,other,-,860729078,0
37.0,F,f,f,f,f,f,f,f,f,f,f,f,f,f,f,t,1.2,t,1.4,t,72.0,t,0.47,t,153.0,f,,other,-,860729096,0
56.0,M,f,f,f,f,f,f,f,f,f,f,f,f,f,f,t,0.8,t,1.7,t,93.0,t,0.73,t,127.0,f,,other,-,860729099,0
81.0,F,f,f,f,f,f,f,f,f,f,f,f,f,f,f,t,3.8,t,2.1,t,87.0,t,1.05,t,83.0,f,,other,-,860730001,0
35.0,F,f,f,f,f,f,f,f,t,f,f,f,f,f,f,t,2.3,f,,t,127.0,t,1.11,t,114.0,f,,other,-,860730002,0
61.0,F,f,f,f,f,f,f,f,f,f,f,f,f,f,f,t,2.0,t,1.8,t,95.0,t,0.91,t,104.0,f,,other,-,860730003,0
72.0,F,f,f,f,f,f,f,f,f,f,f,f,f,f,t,t,1.4,f,,t,108.0,t,0.95,t,114.0,f,,other,-,860730004,0
72.0,F,f,f,f,f,f,f,f,f,t,f,f,f,f,f,t,1.5,t,1.8,t,97.0,t,1.0,t,97.0,f,,SVHD,-,860730005,0
72.0,F,f,f,f,f,f,f,f,f,f,f,f,f,f,f,t,2.4,t,1.8,t,82.0,t,0.84,t,99.0,f,,SVHC,-,860730007,0
57.0,M,f,f,f,f,f,f,f,f,f,f,f,f,f,f,t,1.7,t,2.2,t,86.0,t,0.69,t,126.0,f,,SVI,-,860730008,0
34.0,M,f,f,f,f,f,f,f,f,f,f,f,f,f,t,t,1.4,f,,t,116.0,t,0.88,t,132.0,f,,SVHC,-,860730009,0
41.0,M,f,f,f,f,f,f,f,f,f,t,f,f,f,f,t,8.4,f,,t,94.0,t,0.84,t,112.0,f,,SVHC,G,860730010,1
24.0,F,f,f,f,f,f,f,f,f,f,f,f,f,f,f,t,1.8,t,2.4,t,92.0,t,0.85,t,108.0,f,,STMW,-,860730013,0
27.0,M,f,f,f,f,f,f,f,f,t,f,f,f,f,f,t,0.78,t,2.3,t,116.0,t,0.73,t,159.0,f,,other,R,860730015,1
68.0,F,f,f,f,f,f,f,t,f,f,f,f,f,f,f,t,54.0,t,1.2,t,19.0,t,1.04,t,18.0,f,,SVI,P,860730018,1
47.0,M,t,f,f,f,f,f,f,f,f,f,f,f,f,f,t,0.55,t,1.8,t,134.0,t,0.97,t,138.0,f,,other,-,860730022,0
54.0,F,f,f,f,f,f,f,f,f,t,f,f,f,f,f,t,0.07,t,3.1,t,156.0,t,0.81,t,193.0,f,,other,-,860730030,0
56.0,F,t,f,f,f,f,f,f,f,f,f,f,f,f,f,t,0.21,t,2.4,t,232.0,t,0.98,t,237.0,f,,other,L,860730049,1
71.0,M,f,f,f,f,f,f,f,f,t,f,f,f,f,f,t,3.3,t,1.9,t,116.0,t,0.91,t,128.0,f,,SVI,-,860730070,0
70.0,M,f,f,f,f,f,f,f,f,t,f,f,f,f,f,t,3.2,t,1.0,t,85.0,t,0.59,t,144.0,f,,SVI,K,860730071,1
48.0,F,f,f,f,f,f,f,f,f,f,f,f,f,f,f,t,0.07,t,5.6,t,292.0,t,0.98,t,298.0,f,,other,I,860730072,1
65.0,F,f,f,f,f,f,f,f,f,t,f,f,f,f,f,t,2.0,t,2.7,t,121.0,t,0.97,t,125.0,f,,SVI,-,860730073,0
70.0,F,f,f,f,f,f,f,f,f,f,f,f,f,f,f,t,1.0,t,2.7,t,161.0,t,0.92,t,175.0,f,,other,R,860730074,1
58.0,F,f,f,f,f,f,f,f,f,f,f,f,f,f,f,t,6.9,t,1.5,t,91.0,t,0.95,t,96.0,f,,SVI,G,860730075,1
49.0,F,f,f,f,t,f,f,f,t,f,f,f,f,f,f,t,32.0,t,2.1,t,82.0,t,0.73,t,112.0,f,,SVHD,G,860730076,1
35.0,F,f,f,f,f,f,f,f,t,f,f,f,f,f,f,t,13.0,t,3.0,t,141.0,t,1.27,t,111.0,f,,other,GI,860730096,1
76.0,F,f,f,f,f,f,f,f,f,f,f,f,f,f,f,t,3.1,t,1.2,t,100.0,t,0.7,t,143.0,f,,other,-,860731001,0
38.0,F,f,f,f,f,f,f,f,f,f,t,f,f,f,f,t,2.8,f,,t,114.0,t,0.94,t,122.0,f,,SVHC,-,860731002,0
37.0,F,f,f,f,f,f,f,f,f,f,f,f,f,f,f,t,3.9,t,1.0,t,90.0,t,0.77,t,117.0,f,,other,-,860731003,0
17.0,F,f,f,f,f,f,f,f,f,f,f,f,f,f,f,t,2.9,t,2.5,t,110.0,t,0.91,t,121.0,f,,STMW,-,860731009,0
22.0,F,f,f,f,f,f,f,f,f,f,f,f,f,f,f,t,2.4,t,3.1,t,110.0,t,0.82,t,134.0,f,,other,I,860731014,1
38.0,M,f,f,t,f,f,f,f,f,f,f,f,f,f,f,t,0.13,t,6.4,t,256.0,t,0.77,t,332.0,f,,other,-,860731016,0
38.0,F,t,f,f,f,f,f,f,f,f,f,f,f,f,f,t,0.56,t,2.9,t,158.0,t,0.75,t,211.0,f,,other,-,860731017,0
34.0,F,f,f,f,f,f,f,f,f,t,f,f,f,f,f,t,2.2,t,2.4,t,85.0,t,0.55,t,155.0,f,,other,-,860731022,0
1.0,M,f,f,f,f,f,f,f,f,f,f,f,f,f,f,t,1.7,t,3.0,t,196.0,t,0.96,t,204.0,f,,other,I,860731027,1
60.0,F,f,f,f,f,f,f,t,f,f,f,f,f,f,f,t,12.0,t,3.1,t,93.0,f,,f,,f,,other,-,860731033,0
51.0,F,f,f,f,f,f,f,f,f,f,f,f,f,f,f,t,0.23,t,3.7,t,144.0,t,0.91,t,158.0,f,,other,-,860731034,0
75.0,F,t,f,f,f,f,f,f,f,t,f,f,f,f,f,t,1.8,t,1.9,t,184.0,f,,f,,f,,other,L,860731035,1
19.0,F,f,f,f,f,f,f,f,f,f,f,f,f,f,f,t,2.4,t,2.9,t,108.0,t,1.0,t,108.0,f,,other,I,860731040,1
74.0,F,t,f,f,f,f,f,f,f,f,f,f,f,f,f,t,98.0,t,3.5,t,13.0,t,0.9,t,14.0,f,,other,-,860731041,0
78.0,F,f,f,f,f,f,f,f,f,f,f,f,f,f,f,t,1.4,t,0.8,t,84.0,t,0.49,t,171.0,f,,SVI,KJ,860731045,1
69.0,M,f,f,f,f,f,f,f,f,f,f,f,f,f,f,t,4.2,t,1.9,t,144.0,t,0.88,t,164.0,f,,SVI,R,860731046,1
79.0,F,f,f,f,f,f,f,f,f,f,f,f,f,f,f,t,2.4,t,1.2,t,75.0,t,0.57,t,132.0,f,,SVI,-,860731047,0
63.0,M,f,f,f,f,f,f,f,f,f,f,f,f,f,f,t,2.0,t,1.8,t,73.0,t,0.64,t,114.0,f,,other,-,860731048,0
35.0,F,f,f,f,f,f,f,f,f,f,f,f,t,f,f,t,0.91,f,,t,118.0,t,0.85,t,139.0,f,,other,-,860731059,0
33.0,M,f,f,f,f,f,f,f,f,f,f,f,t,f,f,t,1.7,t,2.6,t,89.0,t,0.6,t,148.0,f,,SVI,-,860731071,0
33.0,M,t,f,f,f,f,f,f,f,f,f,f,f,f,t,t,2.7,t,3.2,t,143.0,t,0.84,t,170.0,f,,SVHC,-,860731072,0
48.0,F,f,f,f,f,f,f,f,f,f,f,f,f,f,f,t,1.1,t,1.9,t,86.0,t,0.94,t,92.0,f,,other,-,860731073,0
56.0,F,f,f,f,f,f,f,f,f,f,f,f,f,f,f,t,1.7,t,2.4,t,91.0,t,1.05,t,87.0,f,,other,-,860731075,0
25.0,M,f,f,f,f,f,f,f,f,f,f,f,f,f,f,t,0.99,t,3.0,t,149.0,f,,f,,f,,SVI,-,860731077,0
42.0,F,f,f,f,f,f,f,f,f,t,f,f,f,f,f,t,0.065,t,3.1,t,156.0,t,0.94,t,166.0,f,,other,A,860731082,1
39.0,F,t,f,f,f,f,f,f,f,f,f,f,f,f,f,t,7.5,t,1.9,t,99.0,t,1.03,t,96.0,f,,other,M,860731085,1
34.0,F,f,f,f,f,f,f,f,f,t,f,f,f,f,f,t,0.065,t,5.1,t,138.0,t,1.13,t,122.0,f,,other,B,860731093,1
56.0,F,t,f,f,f,f,f,f,t,f,f,f,f,f,f,t,1.4,t,2.3,t,115.0,t,1.07,t,107.0,f,,other,-,860731094,0
56.0,F,f,f,f,f,f,f,f,t,f,f,f,f,f,f,t,13.0,t,2.5,t,77.0,t,0.95,t,81.0,f,,other,G,860801003,1
17.0,M,f,f,f,f,f,f,f,f,f,f,f,f,f,f,t,1.6,f,,t,102.0,t,0.93,t,110.0,f,,other,-,860801009,0
36.0,M,t,f,f,f,f,f,f,f,f,f,f,f,f,t,t,1.6,t,2.8,t,131.0,t,1.05,t,125.0,f,,SVHC,-,860801019,0
45.0,M,f,f,f,f,f,f,f,f,f,f,f,f,f,f,t,1.8,t,1.9,t,105.0,t,0.9,t,117.0,f,,SVHC,-,860801020,0
55.0,F,f,f,f,f,f,f,f,f,f,f,f,f,f,f,t,5.1,t,2.1,t,96.0,t,0.87,t,110.0,f,,SVHC,-,860801021,0
52.0,M,f,f,f,f,f,f,f,f,f,f,f,f,f,f,t,11.9,t,2.6,t,79.0,t,0.9,t,88.0,f,,other,G,860801022,1
52.0,F,t,f,f,f,f,f,f,f,f,f,f,f,f,t,t,2.4,t,2.8,t,118.0,t,1.01,t,117.0,f,,SVHC,-,860801023,0
28.0,M,f,f,f,f,f,f,f,f,f,f,f,f,f,f,t,1.9,t,1.7,t,74.0,t,0.73,t,101.0,f,,SVHC,-,860801024,0
39.0,F,t,f,f,f,f,f,f,f,f,f,f,f,f,f,t,0.9,t,1.5,t,84.0,t,0.89,t,94.0,f,,other,-,860801041,0
22.0,M,f,f,f,f,f,f,f,f,f,f,f,f,f,f,t,1.6,t,2.7,t,111.0,t,0.91,t,122.0,f,,SVI,-,860801052,0
62.0,F,f,f,f,f,f,f,f,f,f,f,f,f,f,f,t,0.4,t,2.6,t,101.0,t,1.03,t,98.0,f,,SVI,-,860801053,0
36.0,F,f,f,f,f,f,f,f,f,f,f,f,f,f,f,t,3.2,t,2.0,t,107.0,t,0.84,t,127.0,f,,SVI,-,860801054,0
83.0,M,f,f,f,f,f,f,f,f,f,f,f,f,f,f,t,2.4,t,1.8,t,99.0,t,0.76,t,130.0,f,,SVI,-,860801055,0
83.0,M,t,f,f,f,f,f,f,f,f,f,f,f,f,f,t,0.065,t,2.0,t,116.0,t,0.71,t,163.0,f,,other,L,860801077,1
76.0,F,f,f,f,f,f,f,f,t,f,f,f,f,f,f,t,1.9,t,1.4,t,67.0,t,0.65,t,103.0,f,,SVI,-,860801084,0
55.0,F,f,f,f,f,f,f,f,f,f,f,f,f,f,f,t,4.9,t,2.0,t,97.0,t,0.87,t,112.0,f,,SVHC,-,860801085,0
77.0,F,t,f,f,f,f,f,f,f,f,f,f,f,f,f,t,1.5,t,1.8,t,114.0,t,0.81,t,141.0,f,,other,-,860801086,0
61.0,F,f,f,f,f,f,f,f,f,t,f,f,f,f,f,t,0.065,t,5.3,t,210.0,t,0.87,t,241.0,f,,other,A,860801094,1
44.0,F,f,f,f,f,f,f,f,f,f,f,f,f,f,f,t,1.6,f,,t,97.0,t,0.81,t,120.0,f,,other,-,860801096,0
42.0,F,t,f,f,f,f,f,f,f,f,f,f,f,f,f,t,1.6,f,,t,123.0,t,0.91,t,135.0,f,,other,-,860801097,0
38.0,F,f,f,f,f,f,f,f,f,f,t,f,f,f,f,t,1.5,t,2.9,t,89.0,t,1.0,t,89.0,f,,other,-,860805013,0
38.0,F,f,f,f,f,f,f,f,f,f,f,f,f,f,f,t,0.065,t,3.3,t,95.0,t,0.91,t,104.0,f,,other,I,860805014,1
34.0,F,f,f,f,f,f,f,f,f,f,f,f,f,f,f,t,4.7,t,2.2,t,155.0,t,0.94,t,165.0,f,,other,R,860805015,1
80.0,F,f,f,f,f,f,f,f,f,f,f,f,f,f,f,t,3.3,t,1.9,t,112.0,t,0.87,t,129.0,f,,SVI,-,860805016,0
47.0,M,f,f,f,f,f,f,f,f,f,f,f,f,f,f,t,1.5,t,2.9,t,69.0,t,1.01,t,68.0,f,,SVHC,-,860805017,0
57.0,M,f,f,f,f,f,f,f,f,f,t,f,f,f,f,t,3.6,t,2.5,t,60.0,t,0.94,t,64.0,f,,SVHC,-,860805018,0
68.0,F,f,f,f,f,f,f,f,f,f,f,f,f,f,f,t,66.0,f,,t,28.0,t,1.07,t,26.0,f,,SVI,F,860805019,1
27.0,F,f,f,f,f,f,f,f,f,f,f,f,f,f,f,t,2.5,f,,t,107.0,t,0.99,t,108.0,f,,other,-,860805020,0
57.0,F,f,f,f,f,f,t,f,f,f,f,f,f,f,f,t,2.1,t,2.5,t,134.0,t,0.94,t,142.0,f,,SVI,-,860805021,0
77.0,F,f,f,f,t,f,f,f,f,f,f,f,f,f,f,t,3.0,t,2.6,t,114.0,t,0.88,t,130.0,f,,other,-,860805022,0
36.0,F,f,f,f,f,f,f,f,f,t,f,f,f,f,f,t,2.1,t,1.7,t,83.0,t,0.58,t,143.0,f,,SVI,-,860805023,0
73.0,F,f,f,f,f,f,f,f,f,f,f,f,f,f,f,t,2.9,t,1.2,t,78.0,t,0.73,t,107.0,f,,other,-,860805024,0
28.0,F,f,f,f,f,f,f,f,f,f,f,f,f,f,f,t,3.3,t,2.0,t,75.0,t,0.82,t,92.0,t,21.0,SVI,-,860805027,0
47.0,M,f,f,f,f,f,f,f,f,f,t,f,f,f,f,t,0.35,t,2.6,t,63.0,t,0.92,t,69.0,f,,SVHC,-,860805028,0
72.0,F,f,f,f,f,f,f,f,t,f,f,f,f,f,f,t,1.6,t,1.8,t,99.0,t,1.05,t,94.0,f,,other,-,860805030,0
19.0,M,f,f,f,f,f,f,f,f,f,f,f,f,f,f,t,4.5,t,1.3,t,62.0,t,0.74,t,84.0,f,,other,-,860805056,0
55.0,M,f,f,f,f,f,f,f,f,f,f,f,f,f,f,t,4.0,t,1.1,t,79.0,t,0.73,t,108.0,f,,other,-,860805057,0
37.0,M,f,f,f,f,f,f,f,f,f,f,f,f,f,f,t,0.48,t,0.4,t,64.0,t,0.32,t,200.0,f,,other,KJ,860805058,1
57.0,M,f,f,f,f,f,f,f,f,f,f,f,f,f,f,t,1.0,t,1.1,t,64.0,t,0.67,t,95.0,f,,other,-,860805059,0
71.0,M,f,f,f,f,f,f,f,f,f,f,f,f,f,f,t,6.3,t,1.4,t,66.0,t,0.64,t,103.0,f,,other,G,860805060,1
72.0,F,f,f,f,f,f,f,f,f,f,f,f,f,f,f,t,2.4,t,0.8,t,84.0,t,0.82,t,102.0,f,,other,K,860805061,1
21.0,M,f,f,f,f,f,f,f,f,f,f,f,f,f,f,t,0.68,t,1.7,t,94.0,f,,f,,f,,other,-,860805062,0
64.0,F,t,f,f,f,f,f,f,f,f,f,f,f,f,f,t,17.0,f,,t,109.0,t,1.01,t,108.0,f,,other,M,860805063,1
64.0,M,f,f,f,f,f,f,f,f,f,f,f,f,f,f,t,9.299999,t,2.5,t,92.0,f,,f,,f,,other,G,860805069,1
71.0,F,f,f,f,f,f,f,f,t,f,f,f,f,f,f,t,2.0,t,3.0,t,97.0,t,1.14,t,85.0,f,,other,-,860805073,0
75.0,F,f,f,f,f,f,f,f,f,f,f,f,f,f,f,t,0.49,t,1.2,t,88.0,t,0.63,t,140.0,f,,SVI,-,860805074,0
55.0,M,f,f,f,f,f,f,f,f,f,f,f,f,f,f,t,3.0,t,1.7,t,94.0,t,0.85,t,111.0,f,,SVI,-,860805075,0
53.0,F,f,f,f,f,f,f,f,f,f,f,f,f,f,f,t,3.9,f,,t,142.0,t,1.17,t,121.0,f,,other,-,860805078,0
42.0,F,f,f,f,f,f,f,f,f,f,f,f,f,f,f,t,1.5,t,2.4,t,109.0,t,0.97,t,112.0,f,,other,-,860805087,0
25.0,F,f,f,f,f,f,f,f,f,f,f,f,f,f,f,f,,f,,t,111.0,t,0.97,t,114.0,f,,other,-,860805111,0
49.0,M,f,f,f,f,f,f,f,f,f,f,f,f,f,f,t,2.8,t,1.8,t,103.0,t,0.72,t,143.0,f,,other,-,860805112,0
24.0,F,f,f,f,f,f,f,f,f,f,f,f,f,f,f,t,0.72,t,2.6,t,117.0,f,,f,,f,,other,-,860806004,0
27.0,F,f,f,f,f,f,f,f,f,f,f,f,f,f,f,t,0.34,t,0.7,t,66.0,t,1.17,t,56.0,f,,other,-,860806028,0
44.0,M,f,f,f,f,f,f,f,f,f,t,f,f,f,f,t,1.6,t,2.4,t,130.0,t,1.08,t,120.0,f,,SVHC,-,860806029,0
52.0,F,f,f,f,f,f,f,f,f,f,f,f,f,f,f,t,1.2,t,1.9,t,79.0,t,0.62,t,127.0,f,,other,-,860806031,0
46.0,F,f,f,f,f,f,f,f,f,f,f,f,t,f,f,t,0.74,t,2.1,t,127.0,t,1.07,t,119.0,f,,SVHD,-,860806033,0
46.0,,f,f,f,f,f,f,f,f,f,f,f,f,f,f,t,27.0,t,2.5,t,91.0,t,0.87,t,105.0,t,28.0,other,G,860806041,1
39.0,M,f,t,f,f,f,f,f,f,f,f,f,f,f,f,f,,f,,t,118.0,t,0.71,t,166.0,f,,other,-,860806063,0
34.0,F,f,f,f,f,f,f,f,f,f,f,f,f,f,f,f,,f,,f,,f,,f,,t,29.0,other,-,860806076,0
69.0,M,f,f,f,f,f,f,f,f,f,f,f,f,f,f,t,0.66,t,2.2,t,152.0,t,1.05,t,145.0,f,,SVI,-,860806080,0
75.0,M,f,f,f,f,f,f,f,f,f,f,f,f,f,f,t,2.0,t,1.7,t,123.0,t,0.75,t,164.0,f,,SVI,R,860806081,1
81.0,F,f,f,f,f,f,f,f,f,f,f,f,f,f,f,t,494.0,t,0.5,t,12.0,t,1.39,t,9.0,f,,SVI,F,860806082,1
45.0,M,f,f,f,f,f,f,f,f,f,f,f,f,f,t,t,1.3,t,1.7,t,90.0,t,0.57,t,158.0,f,,SVHC,R,860806084,1
59.0,F,t,f,f,f,f,f,f,f,f,f,f,f,f,t,t,2.1,t,2.1,t,107.0,t,0.93,t,115.0,f,,SVHC,-,860806085,0
55.0,F,t,f,f,f,f,f,f,f,f,f,f,f,f,f,t,0.06,f,,t,151.0,t,0.73,t,207.0,f,,other,N,860806086,1
54.0,,f,f,f,t,f,t,f,f,f,f,f,f,f,f,t,1.9,t,2.3,t,161.0,t,1.04,t,155.0,f,,SVHD,-,860806087,0
23.0,F,f,f,f,f,f,f,f,f,t,f,f,f,f,f,t,0.065,t,18.0,t,430.0,t,0.67,t,642.0,f,,other,A,860806114,1
74.0,F,f,f,f,f,f,f,f,f,f,f,f,f,f,f,t,1.8,t,1.7,t,107.0,t,0.84,t,127.0,f,,other,-,860807001,0
56.0,F,f,f,f,f,f,f,f,f,f,f,f,f,f,f,t,1.4,t,2.4,t,129.0,t,0.94,t,137.0,f,,SVHC,-,860807003,0
56.0,F,f,f,f,f,f,f,f,f,f,f,f,f,f,f,t,30.0,t,2.6,t,151.0,t,1.48,t,102.0,f,,other,-,860807004,0
67.0,F,f,f,f,t,f,f,f,t,f,f,f,f,f,f,t,2.3,t,2.7,t,124.0,t,1.01,t,123.0,f,,other,-,860807005,0
30.0,M,f,f,f,f,f,f,f,f,f,f,f,f,f,f,t,4.4,t,2.7,t,131.0,t,0.99,t,132.0,f,,SVHC,-,860807007,0
35.0,M,f,f,f,f,f,f,f,f,f,f,f,f,f,f,t,1.3,t,2.0,t,80.0,t,1.08,t,81.0,f,,SVHC,-,860807008,0
79.0,F,t,f,f,f,f,f,f,f,t,f,f,f,f,f,t,1.9,t,2.0,t,189.0,t,1.05,t,180.0,f,,other,L,860807020,1
21.0,F,f,f,t,f,f,f,f,f,t,f,f,f,f,f,t,7.1,t,2.9,t,48.0,t,1.01,t,48.0,f,,other,-,860807021,0
62.0,F,f,t,f,f,f,f,f,f,f,f,f,f,f,f,t,1.3,f,,t,71.0,t,0.72,t,99.0,f,,other,-,860807022,0
41.0,F,t,f,f,f,f,f,f,f,f,f,f,f,f,f,t,1.1,t,1.9,t,165.0,t,0.99,t,167.0,f,,other,L,860807023,1
48.0,F,t,f,f,f,f,f,f,f,f,t,f,f,f,f,t,1.2,f,,t,105.0,t,0.72,t,146.0,f,,other,-,860807028,0
54.0,F,f,f,f,f,f,f,f,f,f,f,f,f,f,f,t,0.11,f,,t,152.0,t,0.8,t,190.0,f,,other,R,860807053,1
58.0,M,f,f,f,f,f,f,f,f,f,f,f,f,f,f,t,3.1,t,1.9,t,133.0,t,0.99,t,134.0,f,,SVI,-,860807056,0
66.0,,f,f,f,f,f,f,f,f,f,f,f,f,f,f,t,1.6,t,2.5,t,147.0,t,0.89,t,165.0,f,,SVI,R,860807057,1
58.0,M,f,f,f,f,f,f,f,f,f,f,f,f,f,f,t,1.5,t,2.5,t,161.0,t,1.27,t,127.0,t,86.0,SVI,I,860807059,1
64.0,F,f,f,f,f,f,f,f,f,f,f,f,f,f,f,t,24.0,t,1.1,t,100.0,t,0.82,t,122.0,f,,other,GK,860807060,1
45.0,F,t,f,f,f,f,f,f,f,f,f,f,f,f,t,t,0.39,t,2.5,t,120.0,t,1.04,t,115.0,f,,SVHC,-,860807068,0
76.0,M,f,f,f,f,f,f,t,f,f,f,f,f,f,f,t,0.07,t,3.3,t,183.0,t,1.0,t,183.0,f,,other,A,860807069,1
24.0,M,f,t,f,f,f,f,f,f,f,f,f,f,f,f,f,,f,,t,86.0,t,1.03,t,83.0,f,,other,-,860807071,0
49.0,F,t,f,f,t,f,f,f,t,t,f,f,f,f,f,t,0.085,t,2.7,t,157.0,t,1.06,t,148.0,f,,other,-,860808002,0
15.0,F,f,f,f,f,f,f,f,f,f,f,f,f,f,f,t,1.1,f,,t,126.0,t,1.16,t,109.0,f,,other,-,860808004,0
34.0,F,f,f,f,f,t,f,f,f,t,f,f,f,f,f,t,0.06,t,3.9,t,148.0,t,1.01,t,147.0,f,,other,I,860808006,1
23.0,F,f,f,f,f,f,f,f,f,f,f,f,f,f,f,t,1.1,f,,t,148.0,t,1.14,t,130.0,f,,other,-,860808009,0
74.0,F,f,f,f,f,f,f,f,f,f,f,f,f,f,f,t,1.6,f,,t,157.0,t,1.24,t,127.0,f,,other,-,860808010,0
59.0,M,f,f,f,f,f,f,f,f,f,f,f,f,f,t,t,1.7,t,1.5,t,120.0,t,0.76,t,158.0,f,,SVHC,R,860808011,1
37.0,M,f,f,f,f,f,f,f,f,f,t,f,f,f,f,t,1.9,t,2.3,t,112.0,t,0.87,t,129.0,f,,SVHC,-,860808012,0
43.0,F,f,f,f,f,f,f,f,f,f,f,f,f,f,t,t,0.85,t,1.8,t,93.0,t,0.73,t,127.0,f,,SVHC,-,860808013,0
51.0,M,t,f,f,f,f,f,f,f,f,f,f,f,f,f,t,1.3,t,2.5,t,117.0,t,0.83,t,141.0,f,,other,-,860808016,0
51.0,F,f,f,f,f,f,f,f,f,f,f,f,f,f,f,t,1.5,f,,t,113.0,t,0.92,t,123.0,f,,other,-,860808017,0
46.0,F,f,f,f,f,f,f,f,f,f,f,f,f,f,f,t,2.2,t,2.4,t,116.0,t,0.8,t,145.0,t,22.0,SVI,-,860808041,0
84.0,F,f,f,f,f,f,f,f,f,f,f,f,f,f,f,f,,f,,f,,f,,f,,f,,other,-,860808047,0
53.0,F,f,f,f,f,f,f,f,f,f,f,f,f,f,f,t,16.0,f,,t,107.0,t,1.35,t,79.0,f,,other,G,860808066,1
26.0,F,f,f,f,f,f,f,f,f,f,f,f,f,f,f,f,,f,,t,123.0,t,1.06,t,116.0,f,,other,-,860808094,0
61.0,F,t,f,f,f,f,f,f,f,f,f,f,f,f,f,t,5.4,f,,t,167.0,t,0.93,t,180.0,f,,other,L,860808095,1
49.0,F,t,f,t,f,f,f,f,f,f,f,f,f,f,f,t,0.075,t,3.9,t,224.0,t,1.24,t,181.0,f,,other,N,860808096,1
29.0,F,t,f,f,f,f,f,f,f,f,f,f,f,f,f,t,0.68,f,,t,164.0,t,1.1,t,149.0,f,,other,-,860808097,0
27.0,F,f,f,f,f,f,f,f,f,f,f,f,f,f,f,t,1.6,f,,t,129.0,f,,f,,f,,other,-,860811001,0
48.0,F,f,f,f,f,f,f,f,f,f,f,f,f,f,f,t,0.06,t,1.9,t,123.0,t,0.74,t,166.0,f,,SVI,R,860811002,1
58.0,M,f,f,f,f,f,f,f,f,f,f,f,f,f,f,t,1.4,t,1.5,t,98.0,t,0.72,t,136.0,f,,other,-,860811004,0
38.0,F,f,f,f,f,f,f,f,f,f,f,f,f,f,t,t,1.9,t,2.3,t,180.0,t,1.04,t,173.0,f,,SVHC,R,860811006,1
74.0,F,f,f,f,f,f,f,f,t,f,f,f,f,f,f,t,22.0,t,2.0,t,89.0,t,1.1,t,81.0,f,,other,G,860811007,1
20.0,M,f,f,f,f,f,f,f,f,f,f,f,f,f,t,t,1.0,t,2.4,t,165.0,t,0.97,t,170.0,f,,SVHC,R,860811008,1
70.0,F,f,f,f,f,f,f,f,f,f,f,f,f,f,f,t,1.0,t,1.7,t,127.0,t,0.92,t,138.0,f,,SVHC,-,860811009,0
86.0,F,f,f,f,f,f,f,f,f,f,f,f,f,f,f,t,3.4,t,0.7,t,97.0,t,0.85,t,114.0,f,,SVHC,K,860811010,1
66.0,F,f,f,f,f,f,f,f,f,f,f,f,f,f,f,t,0.38,t,4.2,t,179.0,t,1.67,t,107.0,f,,SVHC,I,860811011,1
52.0,F,f,f,f,f,f,t,t,f,f,f,f,f,f,f,t,62.0,f,,t,2.5,t,1.19,t,2.5,f,,other,F,860811015,1
29.0,F,f,f,f,f,f,f,f,f,f,f,f,f,f,f,t,1.4,t,2.1,t,146.0,t,1.2,t,121.0,f,,other,-,860811016,0
49.0,M,t,f,f,f,f,f,f,f,f,f,f,f,f,f,t,0.23,f,,t,126.0,t,0.84,t,150.0,f,,other,-,860811017,0
86.0,F,f,f,f,f,f,f,f,f,f,f,f,f,f,f,t,2.2,t,0.7,t,105.0,t,0.71,t,148.0,f,,SVI,K,860811027,1
60.0,M,f,f,f,f,f,f,f,f,f,f,f,f,f,f,f,,f,,t,74.0,t,0.69,t,107.0,f,,other,-,860811051,0
23.0,F,f,f,f,f,f,f,f,f,f,f,f,f,f,f,f,,t,2.2,t,126.0,t,1.16,t,109.0,f,,other,-,860811052,0
24.0,F,f,f,f,f,t,f,f,f,t,f,f,f,f,f,t,0.94,t,3.7,t,190.0,t,1.95,t,97.0,f,,other,I,860811054,1
27.0,F,f,f,f,f,f,f,f,f,f,f,f,f,f,f,t,1.5,t,0.4,t,42.0,t,1.17,t,36.0,f,,other,H|K,860811055,1
71.0,M,f,f,f,f,f,f,f,f,f,f,f,f,f,f,t,4.5,t,1.0,t,85.0,t,0.79,t,107.0,f,,other,K,860811056,1
75.0,F,f,f,f,f,f,f,f,f,f,f,f,f,f,f,t,6.6,t,1.4,t,115.0,t,0.94,t,122.0,f,,other,G,860811057,1
21.0,M,f,f,f,f,f,f,f,f,f,f,f,f,f,f,t,0.35,t,0.9,t,68.0,f,,f,,f,,other,-,860811058,0
25.0,M,f,f,f,f,f,f,f,f,f,f,f,f,f,f,t,0.47,t,2.0,t,78.0,f,,f,,f,,other,-,860811059,0
70.0,M,f,f,f,f,f,f,f,f,f,f,f,f,f,f,t,4.0,t,0.4,t,48.0,t,0.51,t,94.0,f,,other,J,860811060,1
20.0,M,f,f,f,f,f,f,f,f,f,f,f,f,f,f,t,0.48,t,1.4,t,120.0,f,,f,,f,,other,-,860811061,0
57.0,M,f,f,f,f,f,f,f,f,f,f,f,f,f,f,t,4.3,t,1.0,t,50.0,t,0.82,t,61.0,f,,other,H|K,860811062,1
49.0,M,f,f,f,f,f,f,f,f,f,f,f,f,f,f,t,0.88,t,1.2,t,110.0,t,0.8,t,138.0,f,,other,-,860811063,0
74.0,F,t,f,f,f,f,f,f,t,f,f,f,f,f,f,t,4.1,t,1.2,t,123.0,t,0.94,t,131.0,f,,other,-,860811068,0
51.0,F,f,t,f,f,f,f,f,f,f,f,f,f,f,f,f,,f,,t,137.0,t,0.84,t,163.0,f,,other,-,860811069,0
33.0,M,t,f,f,f,f,f,f,f,f,f,f,f,f,f,t,0.025,f,,t,138.0,t,0.64,t,217.0,f,,other,L,860812001,1
48.0,F,f,f,f,f,f,f,f,f,t,f,f,f,f,f,t,6.6,t,1.5,t,111.0,t,0.86,t,129.0,f,,other,G,860812006,1
72.0,F,f,f,f,t,f,f,f,f,f,f,f,f,f,f,t,3.6,f,,t,87.0,t,0.98,t,89.0,f,,SVI,-,860812008,0
43.0,M,f,f,f,f,f,f,f,f,f,f,f,f,f,t,t,1.9,t,3.3,t,110.0,t,1.19,t,92.0,f,,SVHC,-,860812009,0
37.0,F,f,f,f,f,f,f,f,f,f,f,f,f,f,t,t,1.8,t,2.0,t,118.0,t,1.14,t,103.0,f,,SVHC,-,860812012,0
67.0,F,f,f,f,f,f,f,f,f,f,f,f,f,f,f,t,0.75,t,1.7,t,147.0,t,0.89,t,165.0,f,,other,R,860812033,1
67.0,M,f,f,f,f,f,f,f,f,f,f,f,f,f,f,t,2.2,t,2.8,t,99.0,t,0.67,t,148.0,f,,other,-,860812052,0
53.0,F,t,f,f,f,f,f,f,f,f,f,f,f,f,f,t,22.0,f,,t,96.0,t,0.83,t,116.0,f,,other,M,860812061,1
79.0,F,f,f,f,f,f,f,f,f,f,f,f,f,f,f,t,3.0,t,1.0,t,139.0,t,0.8,t,174.0,f,,SVI,-,860812062,0
38.0,F,f,f,f,f,f,f,f,f,f,f,f,f,f,f,t,1.4,f,,t,101.0,t,0.9,t,112.0,f,,other,-,860812063,0
74.0,M,f,f,f,f,f,f,f,f,f,f,f,f,f,f,t,2.2,t,1.3,t,80.0,t,0.74,t,108.0,f,,SVI,-,860812064,0
74.0,,f,f,f,f,f,f,f,f,f,f,f,f,f,f,f,,f,,f,,f,,f,,t,24.0,SVI,-,860812065,0
49.0,M,f,f,f,f,f,f,f,f,f,f,f,f,f,f,t,1.7,t,2.1,t,104.0,t,0.78,t,133.0,f,,other,-,860812066,0
72.0,M,f,f,f,f,f,f,f,f,f,f,f,f,f,f,t,4.6,f,,t,106.0,t,0.95,t,112.0,f,,other,-,860812067,0
19.0,F,t,f,f,f,f,f,f,f,f,f,f,f,f,f,t,48.0,f,,t,139.0,t,1.18,t,118.0,f,,other,M,860812068,1
57.0,F,f,f,f,f,f,f,f,f,f,f,f,f,f,f,t,0.3,t,1.1,t,100.0,t,0.64,t,156.0,f,,SVI,-,860812088,0
23.0,F,f,f,f,f,f,f,f,f,f,f,f,f,f,f,f,,f,,t,102.0,t,0.96,t,106.0,f,,other,-,860813001,0
37.0,M,f,f,f,f,f,f,f,f,t,f,f,f,f,f,t,0.09,t,1.9,t,108.0,t,0.77,t,140.0,f,,other,-,860813002,0
76.0,F,f,f,f,f,f,f,f,t,f,f,f,f,f,f,t,4.9,t,1.0,t,122.0,t,1.1,t,111.0,f,,other,K,860813006,1
41.0,F,f,f,f,f,f,f,f,f,f,f,f,f,f,t,t,1.9,t,2.0,t,141.0,t,0.78,t,181.0,f,,SVHC,R,860813007,1
41.0,M,f,f,f,f,f,f,f,f,f,f,f,f,f,t,t,1.6,t,1.8,t,111.0,t,0.81,t,137.0,f,,SVHC,-,860813015,0
31.0,F,f,f,f,f,f,f,f,f,f,f,f,f,f,t,t,1.2,t,1.7,t,101.0,t,0.86,t,117.0,f,,SVHC,-,860813017,0
22.0,M,f,f,f,f,f,f,f,f,f,f,f,f,f,t,t,1.5,t,1.7,t,106.0,t,0.72,t,147.0,f,,SVHC,-,860813018,0
56.0,F,f,f,f,f,f,f,f,t,f,f,f,f,f,f,t,1.2,f,,t,116.0,t,1.03,t,113.0,f,,other,-,860813020,0
19.0,M,f,f,f,f,f,f,f,f,f,f,f,f,f,f,t,1.6,t,2.8,t,86.0,t,0.89,t,97.0,f,,SVHC,-,860813021,0
27.0,M,f,f,f,f,f,f,f,f,t,f,f,f,f,f,t,0.74,t,2.0,t,108.0,t,0.6,t,180.0,f,,other,R,860813057,1
46.0,F,t,f,f,f,f,t,f,t,t,f,f,f,f,f,t,3.4,t,1.8,t,123.0,t,0.9,t,137.0,f,,other,-,860813061,0
33.0,F,f,f,f,f,f,f,f,f,f,f,f,f,f,f,t,393.0,f,,t,15.0,t,1.17,t,13.0,f,,other,F,860813084,1
73.0,F,f,f,f,f,f,f,f,f,f,f,f,f,f,f,t,15.0,t,2.0,t,80.0,t,0.83,t,96.0,f,,other,G,860813085,1
78.0,F,f,f,f,f,f,f,f,f,f,f,f,f,f,f,t,2.5,t,1.5,t,128.0,f,,f,,t,29.0,SVI,-,860813091,0
68.0,F,f,f,f,f,f,f,f,f,f,f,f,f,f,f,t,6.0,t,1.1,t,121.0,t,0.74,t,164.0,f,,SVI,-,860813092,0
62.0,F,f,f,f,f,f,f,f,t,f,f,f,f,f,f,t,1.2,t,1.3,t,109.0,t,0.92,t,118.0,f,,SVI,-,860813093,0
68.0,F,t,f,f,f,f,f,f,f,f,f,f,f,f,f,t,20.0,f,,t,95.0,t,0.98,t,97.0,f,,other,M,860813104,1
68.0,M,f,f,f,f,f,f,f,f,f,f,f,f,f,t,t,1.5,t,2.0,t,101.0,t,0.88,t,115.0,f,,SVHC,-,860814006,0
29.0,F,f,f,f,f,f,f,f,f,f,t,f,f,f,f,t,4.3,t,3.7,t,124.0,t,1.46,t,85.0,f,,SVHC,-,860814008,0
46.0,F,f,f,f,f,f,f,f,f,f,f,f,f,f,f,t,3.5,t,2.0,t,106.0,t,0.9,t,118.0,f,,other,-,860814009,0
46.0,M,f,f,f,f,f,f,f,t,f,f,f,f,f,f,t,1.5,t,2.3,t,96.0,t,0.87,t,110.0,f,,other,-,860814012,0
37.0,F,f,f,f,f,f,f,f,f,f,f,f,f,f,f,t,3.7,t,2.0,t,47.0,t,0.75,t,63.0,f,,SVHC,R,860814014,1
62.0,F,f,f,f,f,f,f,f,f,f,f,f,f,f,f,t,58.0,f,,t,36.0,t,1.01,t,36.0,f,,other,F,860814015,1
72.0,M,f,f,f,f,f,f,f,f,f,f,f,f,f,f,t,2.3,t,2.1,t,70.0,t,0.76,t,92.0,f,,other,-,860814018,0
55.0,F,t,f,f,f,f,f,f,f,f,f,f,f,f,f,t,2.2,t,1.8,t,129.0,t,0.98,t,132.0,f,,other,-,860814026,0
70.0,M,t,f,f,f,f,f,t,t,f,f,f,f,f,f,t,37.0,t,1.3,t,94.0,t,1.0,t,94.0,f,,other,M,860814028,1
67.0,F,t,f,f,f,f,f,f,f,f,f,f,f,f,f,t,4.8,t,1.2,t,128.0,t,0.92,t,139.0,f,,other,-,860814029,0
53.0,M,f,f,f,f,f,f,t,f,f,f,f,f,f,f,t,1.1,t,1.9,t,76.0,t,0.67,t,113.0,f,,other,-,860814030,0
57.0,M,f,t,f,f,f,f,f,f,f,f,f,f,f,f,t,1.0,f,,t,79.0,t,0.81,t,98.0,f,,other,-,860814048,0
25.0,F,f,f,f,f,f,f,f,f,t,f,f,t,f,f,t,1.9,t,2.1,t,95.0,t,0.94,t,101.0,f,,other,-,860814049,0
42.0,F,f,f,f,f,f,f,f,f,f,f,f,f,f,f,t,3.5,t,1.1,t,60.0,t,0.9,t,67.0,f,,SVI,K,860814052,1
69.0,F,f,f,f,f,f,f,f,f,f,f,f,f,f,f,t,1.5,t,1.0,t,169.0,f,,f,,f,,SVI,R,860814053,1
66.0,F,f,f,f,f,f,f,f,f,f,f,f,f,f,f,t,2.6,t,1.2,t,107.0,t,0.95,t,112.0,f,,SVI,-,860814056,0
59.0,F,f,f,f,f,f,f,f,f,f,f,f,f,f,f,t,6.8,t,1.9,t,90.0,t,0.98,t,92.0,f,,other,G,860814057,1
62.0,F,f,f,f,f,f,f,f,f,f,f,f,f,f,f,t,7.9,t,1.8,t,93.0,f,,f,,f,,other,G,860814058,1
41.0,F,f,f,f,f,f,f,f,f,t,f,f,f,f,f,t,1.2,t,1.7,t,76.0,t,0.78,t,97.0,f,,other,-,860814059,0
76.0,F,f,f,f,f,f,f,f,f,f,f,f,f,f,f,t,9.299999,f,,t,107.0,t,1.13,t,95.0,f,,other,G,860814061,1
53.0,F,f,f,f,f,f,f,f,f,t,f,f,f,f,f,t,3.8,t,1.9,t,107.0,t,1.01,t,106.0,f,,other,-,860814065,0
22.0,M,t,f,f,f,f,f,f,f,f,f,f,f,f,t,t,0.66,t,2.2,t,120.0,t,1.22,t,98.0,f,,SVHC,-,860814067,0
68.0,M,f,t,f,f,f,f,f,f,f,f,f,f,f,f,f,,f,,t,86.0,t,0.93,t,92.0,f,,other,-,860814068,0
68.0,,f,f,f,f,f,f,f,f,f,f,f,f,f,f,t,1.0,t,6.8,t,109.0,t,0.96,t,113.0,t,27.0,other,-,860815001,0
59.0,M,f,f,f,f,f,f,f,f,f,f,f,f,f,f,t,0.075,t,2.4,t,146.0,t,1.08,t,135.0,f,,other,-,860815005,0
66.0,F,f,f,f,f,f,f,f,f,f,f,f,f,f,f,t,2.2,t,2.0,t,90.0,t,0.9,t,100.0,f,,other,-,860815006,0
34.0,F,f,f,f,f,f,f,f,f,f,f,f,f,f,f,t,0.075,t,3.4,t,93.0,t,1.07,t,87.0,f,,other,I,860815009,1
45.0,F,f,f,f,f,f,f,f,f,t,f,f,f,f,f,t,3.0,t,2.1,t,107.0,t,1.17,t,92.0,f,,other,-,860815010,0
41.0,F,f,f,f,f,f,f,f,f,f,f,f,f,f,f,t,0.96,t,2.0,t,102.0,t,0.97,t,105.0,f,,SVI,-,860815024,0
65.0,F,f,f,f,f,f,f,f,f,f,f,f,f,f,f,t,11.0,f,,t,73.0,t,0.78,t,94.0,f,,other,G,860815025,1
37.0,F,f,f,f,f,f,f,f,f,f,f,f,f,f,f,t,1.4,f,,t,98.0,t,1.0,t,98.0,f,,other,-,860815026,0
32.0,F,f,f,f,f,f,f,f,f,f,f,f,f,f,f,t,0.15,f,,t,102.0,t,0.96,t,106.0,f,,other,-,860815027,0
57.0,M,f,f,f,f,f,f,f,f,f,f,f,f,f,f,t,1.4,t,2.5,t,121.0,t,1.02,t,119.0,f,,SVHC,-,860815033,0
15.0,F,f,f,f,f,f,f,f,f,f,f,f,f,f,f,t,1.2,t,2.1,t,113.0,t,0.9,t,126.0,f,,other,-,860815036,0
97.0,F,f,f,f,f,f,f,f,f,f,f,f,f,f,f,t,2.9,t,0.5,t,101.0,t,0.64,t,158.0,f,,SVI,-,860815048,0
97.0,M,f,f,f,f,f,f,f,f,f,f,f,f,f,f,t,2.3,t,1.8,t,93.0,t,0.89,t,104.0,t,29.0,SVI,-,860815049,0
77.0,F,f,f,f,f,f,f,f,f,f,f,f,f,f,f,t,0.075,t,2.4,t,250.0,t,1.05,t,238.0,f,,SVI,AK,860815050,1
72.0,F,t,f,f,f,f,f,f,f,f,f,f,f,f,f,t,1.5,f,,t,79.0,t,0.96,t,82.0,f,,other,-,860818004,0
72.0,F,f,f,f,f,f,f,f,f,f,f,f,f,f,f,f,,t,2.7,f,,f,,f,,f,,other,-,860818009,0
72.0,F,f,f,f,f,f,f,f,f,f,f,f,f,f,f,t,1.5,t,2.4,t,112.0,t,1.02,t,110.0,f,,other,-,860818015,0
56.0,M,f,f,f,f,f,f,f,f,f,f,f,f,f,f,t,0.64,t,2.4,t,86.0,t,0.92,t,94.0,f,,other,-,860818016,0
70.0,F,f,f,f,f,f,f,f,f,f,f,f,f,f,f,t,2.0,t,2.2,t,133.0,t,0.95,t,140.0,f,,SVI,-,860818017,0
41.0,M,f,f,f,f,f,f,f,f,f,f,f,f,f,t,t,1.6,t,3.1,t,61.0,t,0.93,t,66.0,f,,SVHC,-,860818018,0
41.0,M,f,f,f,f,f,f,f,f,f,f,f,f,f,t,t,3.6,t,3.4,t,99.0,t,1.07,t,93.0,f,,SVHC,-,860818021,0
49.0,M,f,f,f,f,f,f,t,f,f,f,f,f,f,f,t,20.0,f,,t,5.0,t,1.0,t,5.0,f,,other,F,860818022,1
49.0,F,t,f,f,f,f,f,f,f,f,f,f,f,f,f,t,0.8,t,1.8,t,98.0,t,1.13,t,87.0,f,,other,-,860818023,0
28.0,F,f,f,f,f,t,f,f,f,t,f,f,f,f,f,t,0.1,t,9.5,t,90.0,t,1.12,t,80.0,f,,STMW,I,860818028,1
42.0,F,f,f,f,f,f,f,f,f,f,f,f,f,f,f,t,1.5,t,3.2,t,108.0,t,1.06,t,102.0,f,,other,I,860818037,1
55.0,F,f,f,f,f,f,f,f,t,f,f,f,t,f,f,t,2.6,t,2.4,t,74.0,t,0.97,t,76.0,f,,other,-,860818038,0
60.0,F,f,f,f,f,f,t,f,f,f,f,f,f,f,f,f,,t,2.7,t,71.0,t,0.85,t,84.0,f,,other,-,860818040,0
60.0,F,f,f,f,f,f,f,f,f,f,f,f,f,f,f,t,0.08,t,2.8,t,161.0,t,1.12,t,144.0,f,,other,-,860818042,0
32.0,F,f,f,f,f,f,f,f,f,f,f,f,f,f,f,f,,f,,t,82.0,t,0.91,t,90.0,f,,other,-,860818043,0
43.0,F,f,t,f,f,f,f,f,f,f,f,f,f,f,f,t,7.2,t,2.3,t,81.0,t,0.99,t,82.0,f,,other,G,860818044,1
26.0,F,f,f,f,f,f,f,f,f,f,f,f,f,f,t,t,1.1,t,2.3,t,96.0,t,0.78,t,123.0,f,,SVHC,-,860818047,0
56.0,M,f,f,f,f,f,f,f,f,f,f,f,f,f,f,t,5.1,t,2.9,t,133.0,t,1.0,t,133.0,f,,SVI,-,860818063,0
56.0,M,f,f,f,f,f,f,f,f,f,f,f,f,f,f,t,3.1,t,0.9,t,57.0,t,0.61,t,93.0,f,,other,-,860818064,0
65.0,M,f,f,f,f,f,f,f,f,f,f,f,f,f,f,t,1.8,t,2.3,t,119.0,t,1.04,t,114.0,f,,SVI,-,860818065,0
53.0,F,f,f,f,f,f,f,f,f,f,f,f,f,f,f,t,2.9,t,0.9,t,50.0,t,0.62,t,81.0,f,,other,-,860818066,0
76.0,F,f,f,f,f,f,f,f,f,t,f,f,f,f,f,t,3.1,t,1.4,t,96.0,t,1.02,t,94.0,f,,SVI,-,860818067,0
28.0,F,f,f,f,f,f,f,f,f,f,f,f,f,f,f,t,2.4,t,0.9,t,58.0,t,1.28,t,45.0,f,,other,H|K,860818068,1
67.0,M,f,f,f,f,f,f,f,f,f,f,f,f,f,f,t,3.0,t,1.6,t,80.0,t,0.64,t,125.0,f,,other,-,860818069,0
47.0,F,f,f,f,f,f,f,f,f,f,f,f,f,f,f,t,3.1,t,2.4,t,93.0,t,1.1,t,85.0,f,,SVI,-,860818070,0
49.0,M,f,f,f,f,f,f,f,f,f,f,f,f,f,f,t,0.27,t,1.6,t,75.0,t,0.77,t,97.0,f,,other,-,860818071,0
83.0,F,f,f,f,f,f,f,f,f,f,f,f,f,f,f,t,4.9,t,1.2,t,55.0,t,0.74,t,74.0,f,,SVI,-,860818072,0
70.0,F,f,f,f,f,f,f,f,f,f,f,f,f,f,f,t,2.0,t,2.1,t,110.0,t,0.87,t,126.0,f,,SVI,-,860818073,0
62.0,M,f,f,f,f,f,f,f,f,f,f,f,f,f,f,t,2.7,t,2.0,t,103.0,t,0.72,t,143.0,f,,other,-,860818074,0
75.0,M,f,f,f,f,f,f,f,f,f,f,f,f,f,f,t,1.9,t,2.3,t,103.0,t,0.95,t,108.0,f,,SVI,-,860818075,0
71.0,F,t,f,f,f,f,f,f,f,f,f,f,f,f,f,t,0.83,t,3.0,t,154.0,t,1.14,t,135.0,f,,other,-,860818078,0
41.0,F,f,f,f,f,f,f,f,t,f,f,f,f,f,f,t,0.89,t,2.3,t,98.0,t,0.98,t,100.0,f,,SVI,-,860818079,0
42.0,F,t,f,f,f,f,f,f,t,f,f,f,f,f,f,t,0.13,t,2.1,t,84.0,t,0.75,t,112.0,f,,other,-,860818080,0
47.0,M,f,f,t,f,f,f,f,f,f,f,f,f,f,f,t,2.3,t,2.3,t,75.0,t,0.89,t,84.0,f,,other,-,860818081,0
47.0,F,f,f,f,f,f,f,f,f,f,f,f,f,f,f,t,11.0,t,2.1,t,95.0,t,1.07,t,89.0,f,,other,G,860818085,1
51.0,F,t,f,f,f,f,f,f,f,f,f,f,f,f,f,t,0.08,f,,t,146.0,t,0.82,t,178.0,f,,other,-,860818086,0
70.0,F,f,f,f,f,f,f,f,f,f,f,f,f,f,f,t,4.3,f,,t,78.0,t,0.98,t,80.0,f,,other,-,860819003,0
43.0,F,f,f,f,f,f,f,f,f,f,f,f,f,f,f,t,2.5,t,2.6,t,95.0,t,1.06,t,90.0,f,,STMW,-,860819009,0
57.0,F,f,f,f,f,f,f,f,f,t,f,f,f,f,f,f,,f,,f,,f,,f,,t,14.0,other,-,860819026,0
38.0,F,t,f,f,f,f,f,f,f,f,f,f,f,f,f,t,1.0,f,,t,117.0,t,0.92,t,127.0,f,,other,-,860819029,0
53.0,F,f,f,f,f,f,f,f,f,f,f,f,f,f,f,t,0.6,t,2.5,t,75.0,f,,f,,f,,other,-,860819031,0
78.0,M,f,f,f,f,f,f,f,f,f,f,f,f,f,f,t,4.5,t,0.9,t,69.0,t,0.74,t,93.0,f,,SVI,K,860819045,1
75.0,F,f,f,f,f,f,f,f,f,f,f,f,f,f,f,t,2.1,t,1.3,t,84.0,t,0.63,t,133.0,f,,other,-,860819046,0
81.0,F,f,f,f,f,f,f,f,t,f,f,f,f,f,f,t,5.4,t,2.1,t,102.0,t,1.1,t,93.0,f,,SVI,-,860819047,0
90.0,F,f,f,f,f,f,f,f,f,f,f,f,f,f,f,t,1.5,t,1.8,t,98.0,t,0.94,t,104.0,f,,other,-,860819048,0
86.0,M,f,f,f,f,f,f,f,f,f,f,f,f,f,f,t,2.1,t,2.2,t,75.0,t,0.82,t,92.0,f,,other,-,860819051,0
38.0,F,f,f,f,f,f,f,f,f,f,t,f,f,f,f,t,0.59,t,2.3,t,99.0,t,0.96,t,103.0,f,,SVHC,-,860819054,0
30.0,F,f,f,f,f,f,f,f,f,f,f,f,f,f,f,t,2.1,t,1.8,t,101.0,t,1.03,t,98.0,f,,other,-,860819055,0
38.0,F,f,f,f,f,f,f,f,f,f,f,f,f,f,f,t,0.39,t,2.1,t,111.0,t,0.91,t,122.0,f,,SVI,-,860819056,0
48.0,M,f,f,f,f,f,f,f,f,f,f,f,f,f,f,t,4.4,t,0.6,t,65.0,t,0.66,t,98.0,f,,SVI,K,860819057,1
73.0,F,f,f,f,f,f,f,f,f,f,f,f,f,f,f,t,1.1,t,3.6,t,161.0,t,0.69,t,233.0,f,,SVI,I,860819058,1
47.0,F,t,f,f,f,f,f,f,f,f,f,f,f,f,f,t,0.25,t,2.4,t,150.0,t,1.1,t,136.0,f,,other,-,860819068,0
47.0,M,f,f,f,f,f,f,f,f,f,t,f,f,f,f,t,1.2,t,2.1,t,105.0,t,0.89,t,118.0,f,,SVHC,-,860820003,0
34.0,F,f,f,f,f,f,f,f,f,f,f,f,f,f,f,t,1.9,t,2.7,t,128.0,f,,f,,f,,SVHC,-,860820004,0
34.0,M,f,f,f,f,f,f,f,f,f,t,f,f,f,f,t,10.0,t,2.2,t,86.0,t,0.91,t,95.0,f,,SVHC,G,860820005,1
47.0,M,f,f,f,f,f,f,f,f,f,t,f,f,f,f,t,1.1,t,2.1,t,61.0,t,0.89,t,69.0,f,,SVHC,-,860820007,0
48.0,M,f,f,t,f,f,f,f,f,f,f,f,f,f,f,t,0.21,t,3.8,t,168.0,t,0.98,t,171.0,f,,other,-,860820017,0
53.0,F,f,f,f,f,f,f,f,f,f,f,f,f,f,f,t,14.0,t,1.3,t,77.0,t,0.94,t,82.0,f,,other,G,860820032,1
53.0,,f,f,f,f,f,f,f,f,f,f,f,f,f,f,t,4.0,t,2.2,t,83.0,f,,f,,f,,other,-,860820049,0
73.0,M,f,f,f,f,f,f,f,f,f,f,f,f,f,f,t,2.0,t,1.9,t,99.0,t,0.83,t,119.0,f,,SVI,-,860820053,0
67.0,F,f,f,f,t,f,f,f,f,f,f,f,f,f,f,t,0.7,f,,t,99.0,t,0.94,t,105.0,f,,other,-,860820055,0
78.0,F,f,f,f,f,f,f,f,f,f,f,f,f,f,f,t,38.0,t,1.4,t,74.0,t,0.98,t,76.0,f,,SVHC,G,860820058,1
79.0,F,f,f,f,f,f,f,f,f,f,f,f,f,f,f,t,1.9,t,1.3,t,73.0,t,0.76,t,96.0,f,,other,-,860820059,0
79.0,F,f,f,f,f,f,f,f,f,f,f,f,f,f,f,t,8.7,t,3.3,t,138.0,t,1.53,t,90.0,f,,other,GI,860820063,1
70.0,M,f,f,f,f,f,f,f,f,f,f,f,f,f,f,t,1.0,t,2.3,t,112.0,t,1.04,t,108.0,f,,SVI,-,860820066,0
79.0,M,f,f,f,f,f,f,f,f,f,f,f,f,f,f,t,3.7,t,1.0,t,81.0,t,0.82,t,99.0,f,,SVI,K,860820067,1
56.0,F,f,f,f,f,f,f,f,f,f,f,f,f,f,f,t,0.105,t,1.5,t,108.0,t,0.81,t,133.0,f,,SVI,-,860820068,0
62.0,M,f,f,f,f,f,f,f,f,f,f,f,f,f,f,t,0.88,t,1.0,t,90.0,t,0.67,t,134.0,f,,SVI,K,860820069,1
62.0,F,f,f,f,f,f,f,t,f,f,f,f,f,f,f,t,6.5,f,,t,110.0,t,1.41,t,78.0,f,,other,G,860820071,1
69.0,F,f,f,f,f,f,f,f,f,f,f,f,f,f,f,t,2.4,t,2.1,t,93.0,t,1.06,t,88.0,f,,other,-,860821025,0
28.0,F,f,f,f,f,f,f,f,f,f,f,f,f,f,f,t,1.9,f,,t,74.0,t,1.27,t,58.0,f,,other,I,860821027,1
30.0,M,f,f,f,f,f,f,f,f,f,f,f,f,f,f,t,2.1,t,1.7,t,111.0,t,0.82,t,135.0,f,,SVHC,-,860821031,0
51.0,M,f,f,f,f,f,f,f,f,f,f,f,f,f,f,t,1.7,t,1.3,t,160.0,t,0.99,t,162.0,f,,SVHC,R,860821032,1
16.0,F,t,f,f,f,f,f,f,f,f,f,f,f,f,f,t,252.0,t,1.7,t,5.0,t,1.08,t,5.0,f,,other,F,860821040,1
61.0,M,t,f,f,f,f,f,f,t,f,f,f,f,f,f,t,1.2,t,2.3,t,96.0,t,0.72,t,133.0,f,,other,-,860821041,0
67.0,F,f,f,f,f,f,f,f,f,f,f,f,f,f,f,t,2.6,t,2.6,t,157.0,t,1.16,t,135.0,f,,other,-,860821042,0
56.0,M,f,f,f,f,f,f,f,f,f,f,f,f,f,f,t,0.76,t,2.3,t,90.0,t,0.94,t,96.0,f,,other,-,860821045,0
52.0,F,f,f,f,f,f,f,f,f,f,f,f,f,f,f,t,0.19,t,3.0,t,108.0,t,1.13,t,96.0,f,,other,-,860821046,0
28.0,F,f,t,f,f,f,f,f,f,f,f,f,f,f,f,t,1.7,t,2.9,t,119.0,t,1.41,t,84.0,f,,other,-,860821047,0
52.0,F,f,f,f,f,f,f,f,f,f,f,f,f,f,f,t,1.9,t,1.7,t,107.0,t,1.01,t,106.0,f,,SVI,-,860821048,0
60.0,,f,f,f,f,f,f,f,f,t,f,f,f,f,f,t,2.7,t,1.3,t,105.0,t,1.01,t,104.0,f,,other,-,860821049,0
71.0,M,f,f,f,f,f,f,f,f,f,f,f,f,f,f,t,2.7,t,1.8,t,97.0,t,1.01,t,96.0,f,,SVI,-,860821050,0
57.0,M,f,f,f,f,f,f,f,f,f,f,f,f,f,f,t,0.93,t,1.4,t,57.0,t,0.72,t,79.0,f,,other,-,860821057,0
61.0,F,t,f,f,f,f,f,f,f,f,f,f,f,f,f,t,1.3,t,2.0,t,137.0,t,1.15,t,119.0,f,,other,-,860821062,0
34.0,,f,f,f,f,f,f,f,f,f,f,f,f,f,f,f,,f,,t,82.0,t,1.08,t,76.0,f,,other,-,860821069,0
29.0,F,f,f,f,f,f,f,f,f,f,f,t,f,f,f,t,7.9,t,2.4,t,151.0,t,1.63,t,93.0,f,,other,-,860821070,0
60.0,F,f,f,f,f,f,f,f,f,t,f,f,f,f,f,t,1.1,t,3.1,t,62.0,t,0.94,t,66.0,f,,other,-,860821076,0
73.0,M,f,f,f,f,f,f,f,f,f,f,f,f,f,f,t,2.1,t,2.3,t,104.0,t,0.94,t,110.0,f,,SVI,-,860821078,0
65.0,F,f,f,f,t,f,f,f,f,f,f,f,f,f,f,t,2.8,t,2.7,t,105.0,t,1.16,t,91.0,f,,other,-,860822002,0
66.0,F,f,f,t,f,f,f,t,f,t,f,f,f,f,f,t,0.09,t,3.4,t,153.0,t,2.33,t,66.0,f,,other,I,860822004,1
47.0,F,f,f,f,f,f,f,f,f,f,f,f,f,f,f,t,3.2,t,4.2,t,126.0,t,1.1,t,115.0,f,,SVHC,I,860822009,1
53.0,M,f,t,f,f,f,f,f,f,f,f,f,f,f,f,f,,t,2.1,t,75.0,t,0.86,t,87.0,f,,other,-,860822010,0
48.0,F,t,f,f,f,f,f,f,f,f,f,f,f,f,f,t,6.7,f,,t,161.0,t,1.62,t,99.0,f,,other,-,860822013,0
61.0,M,f,f,f,f,f,f,f,t,f,f,f,f,f,f,t,1.6,f,,t,115.0,t,1.08,t,106.0,f,,other,-,860822019,0
62.0,F,f,f,f,f,f,f,f,t,f,f,f,f,f,f,t,2.2,f,,t,99.0,t,1.03,t,95.0,f,,other,-,860822021,0
42.0,M,f,f,f,f,f,f,f,f,f,f,f,f,f,f,t,1.2,t,2.0,t,57.0,t,0.41,t,140.0,f,,SVHC,J,860822022,1
32.0,F,f,f,f,f,f,f,f,f,f,t,f,f,f,f,t,1.6,t,1.7,t,125.0,t,0.96,t,130.0,f,,SVHC,-,860822023,0
84.0,F,f,f,f,f,f,f,f,f,f,f,f,f,f,f,t,7.8,t,1.2,t,83.0,t,0.69,t,121.0,f,,SVI,G,860822026,1
78.0,F,f,f,f,f,f,f,f,f,f,f,f,f,f,f,t,2.2,t,3.1,t,132.0,t,1.06,t,125.0,f,,SVI,-,860822042,0
59.0,M,f,f,f,t,f,f,f,f,f,f,f,f,f,f,t,2.1,f,,t,87.0,t,0.96,t,91.0,f,,SVI,-,860822043,0
72.0,F,f,f,f,f,f,f,f,t,f,f,f,f,f,f,t,1.1,t,2.1,t,104.0,t,0.91,t,114.0,f,,SVI,-,860822044,0
72.0,F,f,f,f,f,f,f,f,f,f,f,f,f,f,f,t,3.6,t,1.4,t,89.0,t,0.76,t,117.0,f,,other,-,860822045,0
76.0,M,f,f,f,f,f,f,f,f,f,f,f,f,f,f,t,1.3,t,2.4,t,136.0,t,1.07,t,127.0,f,,other,-,860822046,0
43.0,F,f,f,f,f,f,f,f,f,f,f,f,f,f,f,t,0.83,t,3.3,t,144.0,t,1.18,t,122.0,f,,other,I,860822051,1
49.0,M,f,f,f,f,f,f,f,f,f,f,f,f,f,f,t,1.1,f,,t,128.0,t,1.02,t,125.0,f,,other,-,860822052,0
23.0,F,f,f,t,f,f,f,f,f,f,f,f,f,f,f,t,0.22,t,6.5,t,245.0,t,0.76,t,325.0,f,,other,-,860822070,0
26.0,M,f,f,f,f,f,f,f,f,f,f,f,f,f,f,t,2.0,t,1.8,t,59.0,t,1.0,t,59.0,f,,SVI,K,860822071,1
26.0,F,f,f,f,f,f,f,f,f,f,f,f,f,f,f,t,2.4,t,2.4,t,82.0,t,0.81,t,102.0,f,,SVHC,-,860822072,0
26.0,F,f,f,f,f,f,f,f,f,f,f,f,f,f,f,t,5.1,t,2.0,t,80.0,t,0.77,t,104.0,f,,other,-,860822073,0
84.0,F,f,f,f,f,f,t,f,f,f,f,f,f,f,f,t,0.9,t,1.7,t,99.0,t,0.79,t,125.0,f,,other,-,860825001,0
84.0,F,f,f,f,f,f,f,f,f,f,f,f,f,f,f,t,1.0,t,1.1,t,129.0,t,0.86,t,150.0,f,,other,-,860825004,0
84.0,M,f,f,f,f,f,f,f,f,f,f,f,f,f,f,t,1.7,t,2.2,t,106.0,f,,f,,f,,other,-,860825005,0
29.0,F,f,f,f,f,f,f,f,f,f,f,f,f,f,f,t,1.1,t,2.6,t,99.0,t,0.93,t,106.0,f,,SVHC,-,860825021,0
29.0,M,f,f,f,f,f,f,f,f,f,f,f,f,f,f,t,1.9,t,1.8,t,93.0,t,0.69,t,135.0,f,,SVHC,-,860825022,0
26.0,F,f,f,f,f,f,f,f,f,f,f,f,f,f,f,t,2.2,t,2.4,t,110.0,t,0.85,t,129.0,f,,SVHC,-,860825023,0
68.0,M,f,f,f,f,f,f,f,f,f,f,f,t,f,f,t,0.88,t,2.9,t,68.0,f,,f,,f,,other,-,860825024,0
79.0,F,f,f,f,f,f,f,f,f,f,f,f,f,f,f,t,2.5,t,2.0,t,88.0,t,0.91,t,97.0,f,,other,-,860825029,0
56.0,M,f,f,f,f,f,f,f,f,f,f,f,f,f,f,t,12.0,t,1.4,t,67.0,t,0.71,t,94.0,f,,other,G,860825030,1
75.0,M,f,f,f,f,f,f,f,f,f,f,f,f,f,f,t,1.4,t,0.9,t,94.0,t,0.74,t,127.0,f,,other,K,860825031,1
49.0,M,f,f,f,f,f,f,f,f,f,f,f,f,f,f,t,0.63,t,1.1,t,60.0,t,0.64,t,94.0,f,,other,-,860825032,0
62.0,M,f,f,f,f,f,f,f,f,f,f,f,f,f,f,t,2.0,t,1.5,t,95.0,t,0.67,t,142.0,f,,other,-,860825034,0
28.0,F,f,f,f,f,f,f,f,f,f,f,f,f,f,f,t,3.0,t,1.0,t,79.0,t,1.11,t,71.0,f,,other,-,860825036,0
65.0,M,f,f,f,f,f,f,f,f,f,f,f,f,f,f,t,4.5,t,1.1,t,94.0,t,0.79,t,119.0,f,,other,-,860825037,0
53.0,F,f,f,f,f,f,f,f,f,f,f,f,f,f,f,t,5.2,t,0.7,t,61.0,t,0.46,t,133.0,f,,other,-,860825038,0
67.0,M,f,f,f,f,f,f,f,f,f,f,f,f,f,f,t,2.4,t,1.2,t,100.0,t,0.87,t,115.0,f,,other,-,860825039,0
71.0,F,f,f,f,f,f,f,f,f,f,f,f,f,f,f,t,5.9,t,1.8,f,,f,,t,79.0,f,,other,-,860825045,0
71.0,F,t,f,f,f,f,f,f,f,f,f,f,f,f,f,t,1.7,t,2.3,t,154.0,t,1.14,t,135.0,f,,other,-,860825049,0
54.0,F,t,f,f,f,f,f,f,f,f,f,f,f,f,f,t,0.15,f,,t,127.0,t,0.89,t,143.0,f,,other,-,860825062,0
39.0,F,f,f,f,f,f,f,f,f,f,f,f,f,f,f,f,,f,,t,89.0,t,1.17,t,76.0,f,,other,-,860825063,0
22.0,M,f,f,f,f,f,f,f,f,f,f,f,f,f,f,t,1.1,t,2.0,t,81.0,t,0.88,t,92.0,f,,SVI,-,860825066,0
69.0,M,f,f,f,f,f,f,f,f,f,f,f,f,f,f,t,1.6,t,2.1,t,109.0,t,0.97,t,112.0,f,,SVI,-,860825068,0
68.0,F,f,f,f,f,f,f,f,f,f,f,f,f,f,f,t,2.2,t,2.4,t,117.0,t,1.04,t,113.0,f,,SVI,-,860825069,0
75.0,F,f,f,f,f,f,f,f,f,f,f,f,f,f,f,t,5.1,t,2.1,t,90.0,t,1.07,t,84.0,f,,SVI,-,860825070,0
66.0,F,t,f,f,f,f,t,f,f,f,f,f,f,f,f,t,0.09,t,2.2,t,198.0,t,0.97,t,204.0,f,,other,L,860825072,1
59.0,M,t,f,f,f,f,f,f,t,f,f,f,f,f,f,t,15.0,t,1.4,t,155.0,t,1.05,t,148.0,f,,other,-,860825079,0
1.0,M,f,f,f,f,f,f,f,f,f,f,f,f,f,f,t,16.0,t,2.7,t,150.0,t,1.09,t,138.0,f,,STMW,G,860826011,1
61.0,M,f,f,f,f,f,f,f,f,f,f,f,f,f,f,t,1.8,t,0.3,t,23.0,t,0.51,t,45.0,f,,other,H|K,860826013,1
57.0,F,f,f,f,f,f,f,f,f,f,f,f,f,f,f,t,2.4,f,,t,79.0,t,1.13,t,70.0,f,,other,-,860826032,0
77.0,F,f,f,f,f,f,f,f,f,f,f,f,f,f,f,t,0.08,t,2.5,t,208.0,t,0.86,t,242.0,f,,other,R,860826050,1
77.0,M,f,f,f,f,f,f,f,f,f,f,f,f,f,f,t,1.6,t,2.4,t,75.0,t,0.98,t,77.0,f,,other,-,860826051,0
64.0,M,f,f,f,f,f,f,f,f,f,f,f,f,f,f,t,4.4,t,2.2,t,98.0,t,0.97,t,101.0,f,,other,-,860826057,0
80.0,F,f,f,f,f,f,f,f,f,f,f,f,f,f,f,t,8.4,t,1.3,t,68.0,t,0.9,t,76.0,f,,SVI,G,860826060,1
30.0,M,t,f,f,f,f,f,f,f,t,f,f,f,f,f,t,0.05,t,1.9,t,112.0,t,0.77,t,145.0,f,,other,-,860826061,0
49.0,F,f,f,f,f,f,f,f,f,f,f,f,f,f,f,t,8.2,t,2.1,t,79.0,t,0.89,t,89.0,f,,SVI,G,860826063,1
79.0,F,f,f,f,f,f,f,f,f,f,f,f,f,f,f,t,0.81,t,1.1,t,106.0,t,0.81,t,131.0,f,,SVI,K,860826064,1
47.0,F,f,f,f,t,f,f,f,f,f,f,f,f,f,f,t,2.5,t,1.8,t,94.0,t,1.0,t,94.0,f,,SVI,-,860826066,0
29.0,M,f,f,f,f,f,f,f,f,f,f,f,f,f,f,t,1.0,t,1.1,t,92.0,t,0.81,t,114.0,f,,other,-,860826068,0
38.0,F,f,f,f,f,f,f,f,f,f,f,f,f,f,f,f,,t,2.7,t,166.0,t,1.49,t,111.0,f,,other,I,860826072,1
42.0,F,f,f,f,f,f,f,f,f,f,f,f,f,f,f,t,1.9,t,1.6,t,101.0,t,0.87,t,116.0,f,,other,-,860826073,0
81.0,F,f,f,f,f,f,f,f,f,f,f,f,f,f,f,t,0.06,t,3.2,t,138.0,t,1.08,t,128.0,f,,other,-,860826075,0
70.0,F,t,f,f,f,f,f,t,t,f,f,f,f,f,f,t,0.1,t,2.1,t,126.0,t,0.83,t,152.0,f,,other,-,860826076,0
55.0,M,t,f,f,f,f,f,f,f,f,f,f,f,f,f,t,4.6,f,,t,109.0,t,0.97,t,112.0,f,,other,-,860826077,0
81.0,F,f,f,f,f,f,f,f,f,f,f,f,f,f,f,t,4.2,t,2.1,t,88.0,t,1.07,t,82.0,f,,SVI,-,860826081,0
44.0,F,f,f,f,f,f,f,f,f,f,f,f,f,f,f,t,1.6,f,,t,78.0,t,0.8,t,98.0,f,,other,-,860826082,0
44.0,F,f,f,f,t,f,f,f,f,f,f,f,f,f,f,t,1.6,t,1.7,t,118.0,t,1.1,t,107.0,f,,SVI,-,860826083,0
62.0,M,f,t,f,f,f,f,f,f,f,f,f,f,f,f,t,0.41,t,3.1,t,108.0,t,1.07,t,101.0,f,,SVHD,-,860826084,0
87.0,F,f,f,f,f,f,f,f,f,f,f,f,f,f,f,f,,t,1.6,f,,f,,f,,f,,other,-,860826086,0
50.0,F,f,f,f,f,f,f,f,t,f,f,f,f,f,f,t,62.0,t,0.9,t,87.0,t,0.94,t,92.0,f,,other,GK,860827001,1
32.0,M,f,f,f,f,f,f,f,f,f,f,f,f,f,f,t,1.6,t,2.7,t,114.0,t,0.93,t,123.0,f,,SVHC,-,860827006,0
31.0,F,f,f,f,f,f,f,f,t,f,f,f,t,f,f,t,2.7,t,2.3,t,87.0,t,1.17,t,74.0,f,,SVI,-,860827008,0
31.0,F,f,f,f,f,f,f,f,f,f,f,f,f,f,f,t,5.3,t,1.4,t,56.0,t,0.88,t,64.0,f,,SVHC,R,860827010,1
56.0,M,f,f,f,f,f,f,f,f,f,f,f,f,f,t,t,2.4,t,2.7,t,80.0,t,0.94,t,85.0,f,,SVHC,-,860827011,0
35.0,M,f,f,f,f,f,f,f,f,f,f,f,f,f,f,t,1.5,t,1.9,t,92.0,t,0.89,t,103.0,f,,SVHC,-,860827012,0
37.0,F,f,f,f,f,f,f,f,f,f,f,f,f,f,f,t,1.1,t,2.0,t,92.0,t,0.96,t,96.0,f,,STMW,-,860827013,0
24.0,M,f,t,f,f,f,f,f,f,f,f,f,f,f,f,f,,t,1.7,t,76.0,t,1.02,t,75.0,f,,other,-,860827037,0
21.0,M,f,f,f,f,f,f,f,f,f,f,f,f,f,f,t,0.9,t,0.8,t,77.0,f,,f,,f,,SVI,K,860827038,1
81.0,F,t,f,f,f,f,f,f,t,f,f,f,f,f,f,t,0.6,t,0.6,t,123.0,t,0.91,t,135.0,f,,SVI,K,860827039,1
24.0,F,f,f,f,f,f,f,f,f,f,f,f,t,f,f,f,,f,,f,,f,,f,,t,33.0,other,S,860827051,1
24.0,M,f,f,f,f,f,f,f,f,f,f,f,f,f,f,t,0.045,t,1.9,t,107.0,t,0.85,t,126.0,f,,other,-,860828002,0
24.0,F,f,f,f,f,f,f,f,f,f,f,f,f,f,f,t,7.2,t,1.6,t,85.0,t,0.91,t,93.0,f,,other,G,860828004,1
55.0,M,f,f,f,f,f,f,f,f,f,f,f,f,f,f,t,2.3,t,2.5,t,93.0,t,1.09,t,85.0,f,,SVHC,-,860828006,0
62.0,M,f,f,f,t,f,f,f,f,f,f,f,f,f,f,t,2.0,t,1.5,t,77.0,f,,f,,f,,other,-,860828007,0
54.0,F,f,f,f,f,f,f,f,f,f,f,f,f,f,f,t,2.8,t,2.4,t,104.0,t,0.74,t,141.0,f,,SVHC,-,860828009,0
46.0,M,f,f,f,f,f,f,f,f,f,f,f,f,f,f,t,0.46,t,2.3,t,93.0,t,0.89,t,104.0,f,,SVHC,-,860828010,0
33.0,M,f,f,f,f,f,f,f,f,f,f,f,f,f,f,t,4.3,t,2.3,t,125.0,t,0.95,t,132.0,f,,SVHC,-,860828011,0
67.0,F,t,f,f,f,f,f,f,f,f,f,f,f,f,f,t,0.46,t,2.4,t,158.0,t,1.17,t,135.0,f,,other,-,860828025,0
75.0,F,t,f,f,f,f,f,f,f,f,f,f,f,f,f,t,7.0,t,2.3,t,95.0,t,1.1,t,86.0,f,,other,M,860828027,1
75.0,F,t,f,f,f,f,f,f,f,f,f,f,f,f,f,t,0.78,t,2.1,t,165.0,t,1.0,t,165.0,f,,other,L,860828028,1
61.0,M,f,f,f,f,f,f,f,f,f,f,f,f,f,f,t,0.06,t,2.3,t,152.0,t,0.93,t,163.0,f,,other,R,860828029,1
48.0,F,f,f,f,f,f,f,f,f,f,f,t,f,f,f,t,2.7,t,2.3,t,94.0,t,0.94,t,100.0,f,,other,-,860828030,0
29.0,F,f,f,f,f,f,f,f,f,f,f,f,f,f,f,t,4.1,t,1.3,t,63.0,t,1.04,t,61.0,f,,other,-,860828031,0
53.0,F,t,f,f,f,f,f,f,f,f,f,f,f,f,f,t,0.04,t,2.5,t,166.0,t,0.98,t,169.0,f,,other,N,860828032,1
60.0,F,t,f,f,f,f,f,f,f,f,f,f,f,f,f,t,0.17,t,2.4,t,165.0,t,1.0,t,165.0,f,,other,L,860828033,1
29.0,F,t,f,f,f,f,f,f,f,f,f,f,f,f,f,t,0.5,t,2.6,t,157.0,t,1.31,t,120.0,f,,other,-,860828035,0
31.0,F,t,f,f,f,f,f,f,f,f,f,f,f,f,f,t,0.91,f,,t,128.0,t,0.87,t,147.0,f,,other,-,860828047,0
51.0,F,t,f,f,f,f,f,f,t,t,f,f,f,f,f,t,0.46,f,,t,186.0,t,1.15,t,162.0,f,,other,L,860828051,1
34.0,F,f,f,f,f,f,f,f,f,t,f,f,f,f,f,t,0.035,t,2.4,t,46.0,t,1.1,t,42.0,f,,other,-,860828053,0
72.0,M,f,f,f,f,f,f,f,f,f,f,f,f,f,f,t,1.0,t,1.6,t,125.0,t,0.95,t,132.0,f,,SVI,-,860828057,0
23.0,F,f,f,f,f,f,f,f,f,f,f,f,f,f,f,t,0.08,f,,t,169.0,t,1.44,t,117.0,f,,other,I,860828060,1
75.0,F,t,f,f,f,f,f,f,f,f,f,f,f,f,f,t,3.2,f,,t,145.0,t,1.0,t,145.0,f,,other,-,860828074,0
24.0,F,f,f,f,f,f,f,f,f,f,f,f,t,f,f,t,1.4,t,3.0,t,132.0,t,1.35,t,98.0,f,,other,-,860829001,0
34.0,F,t,f,f,f,f,f,f,f,f,f,f,f,f,f,f,,t,2.5,t,186.0,t,1.33,t,140.0,f,,other,-,860829002,0
15.0,M,f,f,f,f,f,f,f,f,f,f,f,f,f,f,t,3.0,t,2.3,t,84.0,t,0.98,t,86.0,f,,other,-,860829003,0
15.0,F,f,f,f,f,f,f,f,f,f,f,f,f,f,f,t,1.0,t,1.8,t,121.0,t,1.25,t,97.0,f,,other,-,860829009,0
15.0,F,f,f,f,f,f,f,f,f,f,f,f,t,f,f,t,1.5,t,1.9,t,138.0,t,0.98,t,141.0,f,,other,-,860829011,0
70.0,M,f,f,f,f,f,f,f,f,f,f,f,f,f,f,t,2.3,t,1.6,t,86.0,t,0.72,t,119.0,f,,SVHC,-,860829012,0
72.0,F,f,f,f,f,f,f,f,f,f,f,f,f,f,f,t,1.3,t,0.8,t,108.0,t,0.82,t,132.0,f,,other,K,860829021,1
22.0,F,f,f,f,f,f,f,f,f,f,f,f,f,f,f,t,1.4,t,3.8,t,177.0,t,1.75,t,101.0,f,,STMW,I,860829033,1
22.0,F,t,f,f,f,f,f,f,f,f,f,f,f,f,f,t,2.0,t,2.4,t,181.0,t,1.09,t,166.0,f,,other,L,860829046,1
76.0,M,f,f,f,t,f,f,f,f,f,f,f,f,f,f,t,0.075,t,2.1,t,94.0,t,1.0,t,94.0,f,,other,-,860829055,0
81.0,M,f,f,f,t,f,f,f,f,f,f,f,f,f,f,t,1.1,t,1.3,t,112.0,t,0.8,t,140.0,f,,other,-,860829056,0
84.0,F,f,f,f,f,f,f,f,f,f,f,f,f,f,f,t,1.0,t,1.2,t,100.0,t,0.7,t,143.0,f,,SVI,-,860829057,0
83.0,M,f,f,f,f,f,f,f,f,f,f,f,f,f,f,t,0.78,t,0.8,t,102.0,t,0.8,t,128.0,f,,SVI,K,860829058,1
19.0,F,t,f,f,f,f,f,f,f,f,f,f,f,f,f,t,0.18,f,,t,224.0,t,1.34,t,167.0,f,,other,L,860829059,1
17.0,F,f,f,f,f,f,f,f,f,f,f,f,f,f,f,t,3.6,t,2.2,t,111.0,t,1.01,t,110.0,f,,SVI,-,860829060,0
85.0,F,f,f,f,f,f,f,f,f,f,f,f,f,f,f,t,3.0,t,2.5,t,194.0,t,1.08,t,180.0,f,,SVI,R,860829061,1
77.0,F,f,f,f,f,f,f,f,f,f,f,f,f,f,f,t,3.1,t,1.3,t,106.0,t,0.88,t,120.0,f,,SVI,-,860829063,0
69.0,F,f,f,f,f,f,f,f,f,f,f,f,f,f,f,t,0.47,f,,t,111.0,t,0.84,t,132.0,f,,other,-,860829066,0
49.0,F,t,f,f,f,f,f,f,f,f,f,f,f,f,f,t,7.4,t,1.9,t,101.0,t,0.83,t,122.0,f,,SVHD,M,860901001,1
52.0,M,f,f,f,f,f,f,f,f,f,f,f,f,f,f,t,2.7,t,2.0,t,83.0,t,0.63,t,132.0,f,,other,-,860901004,0
66.0,M,f,f,f,f,f,f,f,f,f,f,f,f,f,f,t,0.33,t,2.2,t,134.0,t,0.95,t,141.0,f,,SVI,-,860901005,0
73.0,F,f,f,f,f,f,f,f,f,f,f,f,t,f,f,t,0.025,t,4.4,t,235.0,t,0.92,t,255.0,f,,SVI,A,860901006,1
57.0,F,f,f,f,f,f,f,f,t,f,f,f,f,f,f,t,0.94,t,2.6,t,115.0,t,1.11,t,104.0,f,,other,-,860901007,0
57.0,M,f,f,f,f,f,f,f,f,f,f,f,f,f,f,t,1.7,t,2.0,t,95.0,t,0.9,t,106.0,f,,SVI,-,860901008,0
57.0,M,t,f,f,f,f,f,f,t,f,f,f,f,f,f,t,6.0,t,2.3,t,115.0,f,,f,,f,,other,-,860901015,0
42.0,F,f,f,f,f,f,f,f,f,f,f,f,f,f,f,t,0.63,t,2.5,t,111.0,t,0.97,t,114.0,f,,STMW,-,860901018,0
22.0,M,f,f,f,f,f,f,f,f,f,f,f,f,f,f,t,1.3,f,,t,114.0,t,0.88,t,130.0,f,,other,-,860901045,0
86.0,F,f,f,f,f,f,f,f,f,f,f,f,f,f,f,t,0.12,t,0.9,t,119.0,t,0.91,t,131.0,f,,other,K,860901047,1
54.0,M,f,f,f,f,f,f,f,f,f,f,f,f,f,f,t,3.4,t,1.7,t,113.0,t,0.93,t,122.0,f,,SVI,-,860901048,0
82.0,F,f,f,f,f,f,f,f,f,f,f,f,f,f,f,t,1.6,t,0.5,t,100.0,t,0.96,t,104.0,f,,SVI,K,860901051,1
53.0,M,f,f,f,f,f,f,f,f,f,f,f,f,f,f,t,2.7,f,,t,108.0,t,0.93,t,116.0,f,,SVI,-,860901052,0
51.0,F,f,f,f,f,f,f,f,f,f,f,f,f,f,f,t,4.9,t,0.8,t,81.0,t,0.85,t,95.0,f,,other,-,860901056,0
70.0,M,f,f,f,f,f,f,f,f,f,f,f,f,f,f,t,0.46,t,0.7,t,78.0,t,0.59,t,132.0,f,,other,-,860901057,0
71.0,M,f,f,f,f,f,f,f,f,f,f,f,f,f,f,t,2.3,t,0.7,t,108.0,t,0.69,t,156.0,f,,other,-,860901059,0
4.0,F,f,f,f,f,f,f,f,f,f,f,f,f,f,f,t,4.0,t,1.2,t,94.0,t,0.58,t,162.0,f,,other,R,860901060,1
24.0,F,f,f,f,f,f,f,f,f,t,f,f,f,f,f,t,0.08,t,0.4,t,58.0,t,0.76,t,76.0,f,,other,-,860901061,0
62.0,M,f,f,f,f,f,f,f,f,f,f,f,f,f,f,t,1.6,t,1.5,t,105.0,t,0.76,t,138.0,f,,other,-,860901062,0
69.0,M,f,f,f,f,f,f,f,f,f,f,f,f,f,f,t,0.055,t,0.3,t,65.0,t,0.42,t,155.0,f,,other,-,860901063,0
65.0,M,f,f,f,f,f,f,f,f,f,f,f,f,f,f,t,4.2,t,0.6,t,58.0,t,0.73,t,79.0,f,,other,-,860901064,0
56.0,M,f,f,f,f,f,f,f,f,f,f,f,f,f,f,t,14.0,t,1.9,t,94.0,t,0.86,t,109.0,f,,other,G,860901067,1
67.0,M,f,f,f,f,f,f,f,f,f,f,f,f,f,f,t,5.5,t,2.2,t,107.0,t,0.86,t,124.0,f,,other,-,860901068,0
60.0,F,f,f,f,f,f,f,f,f,f,f,f,f,f,f,t,11.0,t,2.3,t,91.0,t,0.96,t,95.0,f,,other,G,860901069,1
58.0,F,f,f,f,f,f,f,f,f,f,f,f,f,f,f,t,0.87,t,1.3,t,94.0,t,1.02,t,92.0,f,,other,-,860902001,0
57.0,F,f,f,f,f,f,f,f,f,f,f,f,f,f,f,t,0.59,t,0.9,t,110.0,t,0.88,t,125.0,t,26.0,other,-,860902004,0
55.0,F,f,f,f,f,f,f,f,f,f,f,f,f,f,f,t,5.2,t,2.5,t,94.0,t,0.98,t,96.0,f,,SVI,-,860902006,0
54.0,F,f,f,f,f,f,f,f,f,t,f,f,f,f,f,t,0.03,t,2.7,t,112.0,t,1.0,t,112.0,f,,other,-,860902012,0
75.0,M,t,f,f,f,f,f,f,f,t,f,f,f,f,f,t,0.37,t,1.7,t,101.0,t,0.77,t,131.0,f,,other,-,860902017,0
66.0,M,f,f,f,f,f,f,f,f,f,f,f,t,f,f,t,0.18,t,2.6,t,83.0,t,0.8,t,104.0,f,,other,-,860902018,0
85.0,F,f,f,f,f,f,f,f,f,f,f,f,f,f,f,f,,f,,t,128.0,t,1.11,t,115.0,f,,SVI,-,860902023,0
82.0,M,f,f,f,f,f,f,f,f,f,f,f,f,f,f,f,,f,,t,105.0,t,1.1,t,95.0,f,,other,-,860902024,0
70.0,F,f,f,f,f,f,f,f,f,f,f,f,f,f,f,t,1.4,t,2.2,t,106.0,t,0.75,t,141.0,f,,SVI,-,860902025,0
66.0,F,f,f,f,f,f,f,f,f,f,f,f,f,f,f,t,3.2,f,,t,95.0,t,0.87,t,109.0,f,,SVI,-,860902026,0
70.0,F,f,f,f,f,f,f,f,f,f,f,f,f,f,f,t,2.4,t,1.6,t,145.0,t,0.97,t,149.0,f,,SVI,-,860902027,0
54.0,M,f,f,f,f,f,f,f,f,f,f,f,f,f,f,t,2.9,t,1.5,t,133.0,t,0.96,t,139.0,f,,SVI,-,860902028,0
80.0,M,f,f,f,f,f,f,f,f,f,f,f,f,f,f,t,2.6,t,0.5,t,76.0,t,0.59,t,129.0,f,,SVI,K,860902031,1
73.0,F,f,f,f,f,f,f,f,f,f,f,f,f,f,f,t,0.56,t,1.3,t,111.0,t,0.86,t,128.0,f,,SVI,-,860902032,0
13.0,M,f,f,f,f,f,f,f,f,f,f,f,f,f,f,t,0.36,t,2.2,t,161.0,t,1.24,t,130.0,f,,other,I,860902052,1
13.0,F,f,f,f,f,f,f,f,f,f,f,f,f,f,f,f,,f,,f,,f,,f,,t,22.0,other,-,860903004,0
32.0,M,f,f,f,f,f,f,f,f,f,f,f,f,f,f,t,3.0,t,2.9,t,107.0,t,0.87,t,123.0,f,,SVHC,-,860903005,0
53.0,M,f,f,f,f,f,f,f,t,f,f,f,f,f,f,t,1.0,f,,t,101.0,t,1.02,t,99.0,f,,other,-,860903007,0
51.0,M,f,f,f,f,f,f,f,f,f,f,f,f,f,t,t,0.88,t,2.1,t,88.0,t,0.85,t,104.0,f,,SVHC,-,860903008,0
60.0,M,f,f,f,f,f,f,f,f,f,f,f,f,f,f,t,0.41,f,,t,96.0,t,0.87,t,110.0,f,,other,-,860903011,0
50.0,F,f,f,f,f,f,f,f,f,f,f,f,f,f,f,f,,f,,f,,f,,f,,t,25.0,other,-,860903021,0
39.0,F,f,f,f,f,f,f,f,f,f,f,f,f,f,f,f,,f,,f,,f,,f,,t,96.0,other,S,860903025,1
38.0,F,f,f,f,f,f,f,f,f,f,f,f,f,f,f,t,7.3,t,1.7,t,95.0,f,,f,,f,,other,G,860903033,1
38.0,F,f,f,f,f,f,f,f,f,f,f,f,f,f,f,t,0.37,t,2.5,t,180.0,t,1.23,t,146.0,f,,SVI,-,860903034,0
55.0,F,f,f,f,f,f,f,f,f,f,f,f,f,f,f,t,3.5,t,2.4,t,119.0,t,1.7,t,70.0,f,,SVHC,-,860903035,0
32.0,M,f,f,f,f,f,f,f,f,f,f,f,f,f,f,t,0.99,t,2.5,t,101.0,t,0.98,t,103.0,f,,SVI,-,860903037,0
74.0,F,f,f,f,f,f,f,f,f,f,f,f,f,f,f,t,5.0,t,2.3,t,82.0,t,1.02,t,80.0,f,,other,-,860904001,0
74.0,F,f,f,f,f,f,f,f,f,f,f,f,f,f,f,t,0.71,t,2.5,t,141.0,t,1.39,t,101.0,f,,other,-,860904002,0
25.0,F,f,f,f,f,f,f,f,f,f,f,f,f,f,f,t,4.2,t,2.2,t,78.0,t,0.94,t,83.0,f,,other,-,860904004,0
25.0,F,f,f,f,f,f,f,f,f,f,f,f,f,f,f,t,0.81,t,1.8,t,78.0,t,1.01,t,77.0,f,,other,-,860904005,0
52.0,F,f,f,f,f,f,f,f,f,f,f,f,f,f,f,t,2.2,t,2.6,t,106.0,t,0.97,t,109.0,f,,other,-,860904006,0
34.0,F,f,f,f,f,f,f,f,f,f,f,f,f,f,f,t,1.5,f,,f,,f,,f,,f,,other,-,860904007,0
36.0,F,f,f,f,f,f,f,f,f,f,t,f,f,f,f,t,2.6,t,2.1,t,95.0,t,0.97,t,97.0,f,,SVHC,-,860904008,0
70.0,F,f,f,f,f,f,f,f,f,f,t,f,f,f,f,t,5.3,t,2.7,t,103.0,t,1.29,t,80.0,f,,SVHC,-,860904009,0
69.0,F,f,f,f,f,f,f,f,f,f,f,f,f,f,f,t,0.82,t,1.9,t,159.0,t,1.16,t,137.0,f,,other,-,860904018,0
61.0,F,f,f,f,f,f,f,f,f,f,f,f,f,f,f,t,0.13,f,,t,107.0,t,1.08,t,99.0,f,,SVI,-,860904020,0
11.0,M,f,f,f,f,f,f,f,f,f,f,f,f,f,f,t,2.1,t,2.8,t,92.0,t,0.97,t,95.0,f,,other,-,860904021,0
65.0,F,f,f,f,f,f,f,f,f,f,f,f,f,f,f,t,1.7,t,0.3,t,70.0,t,0.61,t,115.0,f,,SVI,K,860904022,1
28.0,F,f,f,f,t,f,f,f,f,f,f,f,f,f,f,t,2.5,t,0.7,t,87.0,t,1.08,t,81.0,f,,SVI,K,860904023,1
78.0,F,f,f,f,f,f,f,f,f,f,f,f,f,f,f,f,,f,,t,89.0,t,0.97,t,92.0,f,,SVI,-,860904024,0
51.0,F,f,f,f,f,f,f,f,f,f,f,f,f,f,f,t,0.99,t,1.9,t,91.0,t,0.95,t,96.0,f,,SVI,-,860904025,0
79.0,F,f,f,f,f,f,f,f,f,f,f,f,f,f,f,t,1.5,t,2.2,t,102.0,t,0.9,t,113.0,f,,SVI,-,860904026,0
69.0,F,f,f,f,f,f,f,f,f,f,f,f,f,f,f,t,0.07,t,2.7,t,123.0,t,1.29,t,95.0,f,,other,-,860904033,0
48.0,F,f,f,f,f,f,f,f,f,f,f,f,f,f,f,t,1.1,t,2.5,t,111.0,t,1.3,t,85.0,f,,other,-,860904034,0
32.0,F,f,f,f,f,f,f,f,f,f,f,f,f,f,f,t,0.055,t,2.2,t,164.0,t,1.35,t,122.0,f,,other,I,860904035,1
61.0,F,f,f,f,f,f,f,f,f,f,f,f,f,f,f,t,1.3,t,1.8,t,72.0,t,1.04,t,69.0,f,,other,-,860904036,0
28.0,M,f,f,f,f,f,f,f,f,f,f,f,f,f,f,f,,t,1.6,t,58.0,t,1.13,t,51.0,f,,other,-,860904043,0
52.0,F,f,f,f,f,f,f,f,f,f,f,f,f,f,f,t,3.1,t,1.9,f,,f,,f,,f,,other,-,860904047,0
40.0,M,f,f,f,f,f,t,f,t,f,f,f,f,f,f,f,,f,,t,85.0,t,1.12,t,76.0,f,,other,-,860904049,0
57.0,M,t,t,f,f,f,f,f,f,f,f,f,f,f,f,t,0.13,t,2.4,t,116.0,t,0.89,t,130.0,f,,other,-,860904050,0
33.0,M,f,f,f,f,f,f,f,f,f,f,f,f,f,f,t,0.96,t,2.7,t,112.0,t,1.03,t,109.0,f,,SVI,-,860905011,0
60.0,F,f,f,f,f,f,f,f,f,f,f,f,f,f,f,t,5.7,t,2.2,t,108.0,t,1.15,t,94.0,f,,SVI,-,860905015,0
56.0,M,f,f,f,f,f,f,f,f,f,f,f,f,f,f,t,0.97,t,1.9,t,96.0,t,0.93,t,103.0,f,,SVHC,-,860905016,0
65.0,M,f,f,f,f,f,f,f,f,f,f,f,f,f,f,t,1.3,t,1.4,t,97.0,t,0.82,t,118.0,f,,SVI,-,860905018,0
38.0,F,f,f,f,f,f,f,f,f,f,f,f,f,f,f,t,2.2,t,1.6,t,80.0,t,0.99,t,81.0,f,,SVHC,-,860905019,0
45.0,F,f,f,f,f,f,f,f,f,f,f,f,f,f,f,t,1.3,t,1.2,t,95.0,t,0.84,t,113.0,f,,STMW,-,860905022,0
67.0,F,f,f,f,f,f,f,f,f,f,f,f,f,f,f,t,2.1,t,1.3,t,100.0,t,0.82,t,122.0,f,,other,-,860905032,0
15.0,F,f,f,f,f,f,f,f,f,f,f,f,f,f,f,t,1.5,f,,t,84.0,t,1.04,t,81.0,f,,other,-,860905033,0
71.0,M,f,f,f,f,f,f,f,f,f,f,f,f,f,f,t,0.88,t,2.2,t,148.0,t,1.22,t,121.0,f,,other,-,860905036,0
14.0,,f,f,f,f,f,f,f,f,f,f,f,f,f,f,t,4.1,t,3.0,t,114.0,t,1.0,t,114.0,f,,SVI,-,860905037,0
79.0,M,f,f,f,f,f,f,f,f,f,f,f,f,f,f,t,1.5,t,1.5,t,139.0,t,0.97,t,143.0,f,,SVI,-,860905038,0
79.0,F,f,f,f,f,f,f,f,f,f,f,f,f,f,f,f,,f,,f,,f,,f,,t,48.0,other,S,860905083,1
57.0,F,f,f,f,f,f,f,f,f,f,f,f,f,f,f,t,1.0,t,1.9,t,83.0,t,1.01,t,82.0,f,,other,-,860908001,0
76.0,M,f,f,f,f,f,f,f,f,f,f,f,f,f,f,t,2.7,t,1.8,t,99.0,t,0.8,t,124.0,f,,other,-,860908002,0
26.0,M,f,f,f,f,f,f,f,f,f,f,f,f,f,f,t,1.8,f,,t,101.0,t,0.9,t,112.0,f,,other,-,860908003,0
28.0,M,f,f,f,f,f,f,f,f,f,f,f,f,f,t,t,0.66,t,2.4,t,87.0,t,0.82,t,106.0,f,,SVHC,-,860908010,0
47.0,F,f,f,f,f,f,f,f,f,f,t,f,f,f,f,t,2.1,t,2.4,t,106.0,t,1.12,t,95.0,f,,SVHC,-,860908011,0
58.0,F,f,f,f,f,f,f,f,f,f,f,f,f,f,f,t,0.18,t,1.4,t,104.0,t,0.83,t,125.0,f,,SVI,-,860908012,0
41.0,M,f,f,f,f,f,f,f,f,f,f,f,f,f,f,t,1.8,t,2.8,t,60.0,t,0.95,t,63.0,f,,SVHC,-,860908013,0
20.0,F,f,f,f,f,f,f,f,f,f,f,f,f,f,f,t,2.8,f,,t,188.0,t,1.81,t,104.0,f,,STMW,I,860908014,1
77.0,M,f,f,f,f,f,f,f,f,f,f,f,f,f,f,t,1.9,t,1.7,t,128.0,t,0.93,t,138.0,f,,other,-,860908017,0
56.0,M,f,f,f,f,f,f,f,f,f,f,f,f,f,f,t,8.9,t,1.2,t,109.0,t,0.93,t,117.0,f,,other,G,860908018,1
73.0,F,f,f,f,f,f,f,t,f,f,f,f,f,f,f,t,1.3,t,1.7,t,59.0,t,0.87,t,68.0,f,,other,-,860908026,0
71.0,M,f,f,f,f,f,f,f,f,f,f,f,f,f,f,t,2.2,t,1.2,t,127.0,t,0.89,t,143.0,f,,other,-,860908029,0
74.0,F,f,f,f,f,f,f,f,f,f,f,f,f,f,f,t,10.0,t,1.5,t,100.0,t,0.87,t,115.0,f,,other,G,860908030,1
70.0,M,f,t,f,f,f,f,f,f,f,f,f,f,f,f,t,0.37,t,0.6,t,115.0,t,0.73,t,158.0,f,,other,-,860908031,0
66.0,M,f,f,f,f,f,f,f,f,f,f,f,f,f,f,t,1.2,t,0.6,t,78.0,t,0.84,t,93.0,f,,SVI,K,860908032,1
65.0,F,f,f,f,f,f,f,f,f,f,f,f,f,f,f,t,0.31,t,0.3,t,80.0,t,0.72,t,111.0,f,,other,-,860908033,0
18.0,F,f,f,f,f,f,f,f,f,f,f,f,f,f,f,t,4.7,t,2.8,t,135.0,t,1.2,t,113.0,f,,other,-,860908045,0
61.0,F,f,f,f,f,f,f,f,f,f,f,f,f,f,f,t,106.0,t,0.3,t,5.0,t,1.11,t,4.5,f,,other,F,860908048,1
54.0,F,f,f,f,f,f,f,f,f,f,f,f,t,f,f,t,1.4,t,2.5,t,56.0,t,0.9,t,62.0,f,,SVI,K,860908060,1
84.0,F,f,f,f,f,f,f,f,f,t,f,f,f,f,f,t,0.04,t,4.2,t,151.0,t,0.88,t,172.0,f,,other,A,860908063,1
41.0,F,f,f,f,f,f,f,f,f,f,f,f,f,f,f,t,1.4,t,2.1,t,103.0,t,1.04,t,100.0,f,,other,-,860909001,0
51.0,M,f,f,f,f,f,f,f,f,f,f,f,f,f,f,t,2.8,t,2.5,t,82.0,t,0.92,t,89.0,f,,other,-,860909002,0
77.0,M,f,f,f,f,f,f,f,f,f,f,f,f,f,f,t,0.1,t,1.9,t,100.0,t,0.98,t,102.0,f,,SVI,-,860909003,0
20.0,F,f,f,f,f,f,f,f,f,f,f,f,f,f,f,t,3.1,t,2.2,t,101.0,t,1.06,t,95.0,f,,other,-,860909004,0
53.0,M,f,f,f,f,f,f,f,f,f,f,f,f,f,f,t,0.67,t,1.7,t,92.0,t,0.99,t,93.0,f,,SVHC,-,860909005,0
84.0,M,f,f,f,f,f,f,f,f,f,f,f,f,f,f,t,3.2,t,1.0,t,81.0,t,0.73,t,111.0,f,,other,K,860909006,1
58.0,F,f,f,f,f,f,f,f,f,f,f,f,f,f,f,t,11.0,t,3.5,t,146.0,t,1.1,t,133.0,f,,SVI,-,860909007,0
20.0,M,f,f,f,f,f,f,f,f,f,f,f,f,f,f,t,3.7,t,2.8,t,158.0,t,0.96,t,165.0,f,,other,R,860909012,1
59.0,F,f,f,f,f,f,f,f,f,f,f,f,f,f,f,t,3.3,t,2.3,t,140.0,t,1.1,t,127.0,f,,other,-,860909013,0
65.0,F,f,f,f,f,f,f,f,f,f,f,f,f,f,f,t,1.6,t,1.9,t,131.0,t,0.95,t,138.0,f,,other,-,860909034,0
86.0,M,f,f,f,f,f,f,f,f,f,f,f,f,f,f,t,6.5,t,0.4,t,105.0,t,0.8,t,131.0,f,,SVI,GK,860909036,1
71.0,F,f,f,f,f,f,f,f,f,f,f,f,f,f,f,t,0.28,t,0.5,t,109.0,t,0.77,t,142.0,f,,SVI,K,860909052,1
54.0,F,f,f,f,f,f,f,f,t,f,f,f,f,f,f,t,14.0,t,2.0,t,62.0,t,0.9,t,69.0,f,,other,G,860909062,1
40.0,F,f,f,f,f,f,f,f,f,f,f,f,f,f,f,t,2.8,t,3.1,t,223.0,t,1.32,t,169.0,f,,SVHC,R,860910001,1
62.0,F,f,f,f,f,f,f,f,f,f,f,f,f,f,f,t,1.7,t,2.7,t,129.0,t,1.1,t,117.0,f,,SVHC,-,860910002,0
39.0,M,f,f,f,f,f,f,f,f,f,f,f,f,f,f,t,0.58,t,2.7,t,176.0,t,0.98,t,180.0,f,,SVHC,R,860910004,1
31.0,F,f,f,f,f,f,f,f,f,f,f,f,f,f,f,t,0.05,t,3.1,t,152.0,t,1.15,t,132.0,f,,other,I,860910007,1
35.0,M,f,f,f,f,f,f,f,f,f,f,f,f,f,f,t,1.0,t,1.9,t,115.0,t,0.86,t,134.0,f,,SVHC,-,860910012,0
79.0,F,f,f,f,f,f,f,f,f,f,f,f,f,f,f,t,0.92,f,,t,101.0,t,0.91,t,111.0,f,,other,-,860910013,0
23.0,F,f,f,f,f,f,f,f,f,f,f,f,f,f,f,t,1.1,f,,t,98.0,t,0.89,t,110.0,f,,STMW,-,860910016,0
73.0,F,f,f,f,f,f,f,f,f,f,f,f,f,f,f,t,4.5,t,3.1,t,109.0,t,1.09,t,100.0,f,,other,-,860910017,0
77.0,F,f,f,f,f,f,f,f,f,f,f,f,f,f,f,t,0.03,t,13.299999,t,410.0,t,0.79,t,519.0,f,,other,A,860910041,1
28.0,F,f,f,f,t,f,f,f,f,f,f,f,f,f,f,t,2.2,t,1.1,t,89.0,t,0.93,t,96.0,f,,SVI,K,860910042,1
62.0,F,t,f,f,f,f,f,f,f,f,f,f,f,f,f,t,1.3,t,2.1,t,110.0,t,1.14,t,96.0,f,,SVHD,-,860910043,0
49.0,M,f,f,f,f,f,f,f,f,f,f,f,f,f,f,t,1.7,t,3.0,t,125.0,t,1.24,t,101.0,f,,other,-,860910063,0
54.0,F,f,f,f,f,f,f,f,f,f,f,f,f,f,f,t,0.03,f,,f,,f,,f,,f,,other,-,860910069,0
69.0,M,f,f,f,f,f,f,f,f,f,f,f,f,f,f,t,3.1,f,,t,109.0,t,0.8,t,136.0,f,,SVI,-,860910075,0
53.0,M,f,f,f,f,f,f,f,f,f,f,f,f,f,f,t,1.5,f,,t,96.0,t,1.03,t,93.0,f,,other,-,860911001,0
53.0,F,f,f,f,f,f,f,f,f,f,f,f,f,f,f,t,1.4,f,,t,83.0,t,0.8,t,104.0,f,,other,-,860911002,0
61.0,F,f,f,f,f,f,f,f,f,f,f,f,f,f,f,t,0.38,f,,t,110.0,t,1.01,t,109.0,f,,other,-,860911003,0
88.0,F,f,f,f,f,f,f,f,f,f,f,f,f,f,f,t,0.49,t,0.9,t,110.0,t,0.87,t,126.0,f,,other,K,860911005,1
66.0,F,t,f,f,t,f,f,f,f,f,f,f,f,f,f,t,0.89,t,1.7,t,125.0,t,0.98,t,128.0,f,,other,-,860911006,0
40.0,M,f,f,f,f,f,f,f,f,f,f,f,f,f,f,t,4.2,t,2.0,t,144.0,t,1.16,t,124.0,f,,SVHC,-,860911007,0
23.0,M,f,f,f,f,f,f,f,f,f,f,f,f,f,t,t,1.3,t,1.6,t,79.0,t,0.66,t,120.0,f,,SVHC,-,860911008,0
32.0,M,f,f,f,f,f,f,f,f,f,f,f,f,f,t,t,2.6,t,3.0,t,138.0,t,1.24,t,111.0,f,,SVHC,-,860911009,0
39.0,F,f,f,f,f,f,f,f,f,f,f,f,f,f,t,t,1.2,t,2.5,t,117.0,t,1.04,t,113.0,f,,SVHC,-,860911010,0
38.0,F,f,f,f,f,f,f,f,f,f,f,f,f,f,f,t,0.57,f,,t,88.0,t,0.94,t,94.0,f,,SVHC,-,860911011,0
38.0,F,f,f,f,f,f,f,f,f,t,f,f,f,f,f,t,3.1,f,,t,134.0,t,1.07,t,125.0,f,,other,-,860911016,0
72.0,F,f,f,f,f,f,f,f,f,f,f,f,f,f,f,t,1.1,t,0.3,t,85.0,t,0.61,t,139.0,f,,SVI,K,860911024,1
72.0,M,f,f,f,t,f,f,f,f,f,f,f,f,f,f,t,1.8,t,1.7,t,114.0,t,1.03,t,111.0,f,,SVI,-,860911025,0
54.0,F,f,f,f,f,f,f,f,f,f,f,f,f,f,f,t,1.8,f,,t,115.0,t,0.98,t,117.0,f,,other,-,860911028,0
41.0,F,f,f,f,f,f,f,f,f,f,f,f,f,f,f,t,9.4,t,0.8,t,80.0,t,1.35,t,59.0,f,,other,-,860911030,0
37.0,F,f,f,f,f,f,f,f,f,f,f,f,f,f,f,t,0.62,t,2.0,t,95.0,t,0.83,t,115.0,f,,SVI,-,860911035,0
27.0,M,f,f,f,f,f,f,f,f,f,f,f,f,f,f,f,,f,,t,80.0,t,0.94,t,85.0,f,,other,-,860911041,0
71.0,F,f,f,f,f,f,f,f,f,f,f,f,f,f,f,t,18.0,t,1.9,t,97.0,t,0.93,t,104.0,f,,other,G,860911042,1
71.0,F,f,f,f,f,f,f,f,f,f,f,f,f,f,f,t,3.8,t,1.7,t,92.0,t,1.03,t,90.0,f,,other,-,860911043,0
77.0,F,f,f,f,f,f,f,f,f,f,f,f,f,f,f,t,1.3,t,1.5,t,125.0,t,1.06,t,118.0,f,,other,-,860911065,0
62.0,M,f,f,f,f,f,f,f,f,f,f,f,f,f,f,f,,f,,t,74.0,t,0.95,t,78.0,f,,other,-,860911068,0
56.0,F,f,f,f,f,f,f,f,f,f,f,f,f,f,f,t,44.0,t,1.6,t,28.0,t,0.97,t,29.0,f,,other,F,860911069,1
37.0,M,f,f,f,f,f,f,f,f,f,f,f,f,f,f,t,1.5,t,2.2,t,100.0,t,0.87,t,115.0,f,,other,-,860911072,0
64.0,F,f,f,f,f,f,f,f,f,f,f,f,f,f,f,t,0.37,t,2.6,t,108.0,t,1.07,t,101.0,f,,other,-,860911073,0
56.0,F,f,f,f,f,f,f,f,f,f,f,f,f,f,f,t,0.03,t,6.4,t,191.0,t,0.97,t,197.0,f,,other,A,860911074,1
39.0,F,f,f,f,f,f,f,f,f,f,f,f,f,f,f,t,0.81,t,2.1,t,117.0,t,0.96,t,122.0,f,,other,-,860911084,0
80.0,M,f,f,f,f,f,f,f,f,f,f,f,f,f,f,t,1.6,t,1.3,f,,f,,f,,f,,other,-,860911086,0
34.0,F,f,f,f,f,f,f,f,f,f,f,f,f,f,f,t,3.5,t,1.7,t,5.0,t,1.2,t,4.15,f,,other,R,860911087,1
17.0,M,f,f,f,f,f,f,f,f,f,f,f,f,f,f,t,1.6,t,3.3,t,84.0,f,,f,,f,,other,-,860911099,0
19.0,M,f,f,f,f,f,f,f,f,f,f,f,f,f,t,t,2.3,t,3.0,t,93.0,t,0.95,t,98.0,f,,SVHC,-,860912008,0
34.0,F,f,f,f,f,f,f,f,f,f,f,f,f,f,t,t,2.9,t,2.0,t,68.0,t,0.88,t,77.0,f,,SVHC,-,860912009,0
70.0,M,f,f,f,f,f,f,f,f,f,f,f,f,f,f,t,1.5,t,1.3,t,139.0,t,0.98,t,142.0,f,,SVI,-,860912019,0
66.0,F,f,f,f,f,f,f,f,f,f,f,f,f,f,f,t,1.7,f,,t,132.0,t,1.13,t,117.0,f,,other,-,860912029,0
66.0,M,f,f,f,f,f,f,f,f,f,f,f,f,f,f,t,0.68,f,,t,76.0,t,1.0,t,76.0,f,,SVI,-,860912031,0
60.0,F,f,f,f,f,f,f,f,f,f,f,f,f,f,f,t,27.0,t,1.2,t,139.0,t,1.09,t,128.0,t,21.0,SVI,G,860912032,1
76.0,F,f,f,f,f,f,f,f,f,f,f,f,f,f,f,t,5.5,t,1.3,t,128.0,t,1.06,t,121.0,f,,SVI,-,860912033,0
36.0,M,f,f,f,f,f,f,f,f,t,f,f,f,f,f,t,0.03,t,4.0,t,178.0,t,1.14,t,156.0,f,,other,A,860912035,1
62.0,M,f,f,f,f,f,f,f,f,f,f,f,f,f,f,t,1.2,f,,t,87.0,t,0.95,t,92.0,f,,SVI,-,860912036,0
72.0,F,f,f,f,f,f,f,f,f,f,f,f,f,f,f,t,1.2,t,0.5,t,79.0,t,0.63,t,126.0,f,,SVI,K,860912052,1
78.0,F,f,f,f,f,f,f,f,f,f,f,f,f,f,f,t,12.0,t,0.5,t,60.0,t,0.62,t,97.0,f,,SVI,GK,860912053,1
34.0,M,f,f,f,f,f,f,f,f,f,f,f,f,f,f,t,0.67,t,1.3,t,72.0,t,0.75,t,96.0,f,,SVHC,-,860912060,0
34.0,M,f,f,t,f,f,f,f,f,f,f,f,f,f,f,t,0.04,t,2.8,t,155.0,t,1.0,t,155.0,f,,other,-,860912069,0
24.0,F,f,f,t,f,f,f,f,f,f,f,f,f,f,f,t,0.11,t,3.8,t,96.0,t,0.81,t,119.0,f,,other,-,860912072,0
24.0,F,f,f,f,f,f,f,f,t,f,f,f,f,f,f,t,3.9,f,,t,90.0,t,1.02,t,88.0,f,,other,-,860915007,0
69.0,F,t,f,f,f,f,f,f,t,f,f,f,f,f,f,t,0.11,f,,t,141.0,t,0.9,t,157.0,f,,STMW,-,860915011,0
78.0,F,f,f,f,f,f,f,f,f,f,f,f,f,f,f,t,3.0,t,0.5,t,104.0,t,1.05,t,99.0,f,,SVI,K,860915037,1
71.0,F,f,f,f,f,f,f,f,f,f,f,f,f,f,f,t,0.05,f,,t,178.0,t,1.13,t,158.0,f,,SVI,A,860915038,1
80.0,F,f,f,f,f,f,f,f,f,f,f,f,f,f,f,t,0.94,t,1.1,t,133.0,t,0.83,t,160.0,f,,SVI,-,860915039,0
80.0,F,f,f,f,f,f,f,f,f,f,f,f,f,f,f,t,33.0,f,,t,234.0,t,2.15,t,109.0,f,,SVI,I,860915040,1
58.0,F,f,f,f,f,f,f,f,f,f,f,f,t,f,f,t,59.0,t,1.9,t,38.0,t,1.13,t,34.0,f,,SVI,F,860915041,1
58.0,M,f,f,f,f,f,f,f,f,f,f,f,f,f,f,t,0.93,f,,t,84.0,t,0.61,t,139.0,f,,SVI,-,860915042,0
72.0,M,f,f,f,f,f,f,f,f,f,f,f,f,f,f,t,7.7,f,,t,50.0,t,0.66,t,76.0,f,,SVI,-,860915043,0
47.0,F,f,f,f,f,f,f,f,f,f,f,f,f,f,f,t,1.3,f,,t,143.0,t,1.11,t,129.0,f,,other,-,860915046,0
44.0,F,f,f,f,f,f,f,f,f,f,f,f,t,f,f,t,1.2,f,,t,72.0,t,0.84,t,86.0,f,,other,-,860915048,0
73.0,F,t,f,f,f,f,f,f,f,f,f,f,f,f,f,t,0.04,f,,t,138.0,t,0.94,t,146.0,f,,other,-,860915053,0
58.0,F,f,f,f,f,f,f,f,t,f,f,f,f,f,f,t,2.6,t,2.9,t,119.0,t,1.12,t,106.0,f,,other,-,860915056,0
58.0,F,t,f,f,f,f,f,f,f,f,f,f,f,f,f,t,0.22,t,2.0,t,134.0,t,0.66,t,203.0,f,,other,-,860915058,0
62.0,M,f,f,f,f,f,f,f,f,f,f,f,f,f,f,t,1.1,t,2.2,t,116.0,t,1.04,t,112.0,f,,SVI,-,860915059,0
65.0,M,f,f,f,f,f,f,f,f,f,f,f,f,f,f,t,7.7,t,1.4,t,79.0,t,0.92,t,86.0,f,,other,G,860915060,1
56.0,M,f,f,f,f,f,f,f,f,f,f,f,f,f,f,t,9.099999,t,0.8,t,81.0,t,0.66,t,123.0,f,,other,GK,860915061,1
37.0,F,f,f,f,f,f,f,f,f,f,f,f,f,f,f,t,0.13,t,1.8,t,118.0,t,0.91,t,130.0,f,,other,-,860915062,0
66.0,M,f,f,f,f,f,f,f,f,f,f,f,f,f,f,t,0.32,t,0.7,t,87.0,t,0.91,t,96.0,f,,other,-,860915064,0
39.0,M,f,f,f,f,f,f,f,f,f,f,f,f,f,f,t,0.045,t,1.3,t,86.0,t,1.02,t,84.0,f,,other,-,860915065,0
41.0,M,f,f,f,f,f,f,f,f,f,f,f,f,f,f,t,0.12,t,1.4,t,184.0,t,0.62,t,297.0,f,,SVI,R,860915068,1
68.0,F,f,f,f,f,f,f,f,f,f,f,f,f,f,t,t,1.8,t,1.6,t,99.0,t,0.82,t,121.0,f,,SVHC,-,860915069,0
61.0,F,f,f,f,f,f,t,f,f,f,f,f,f,f,f,t,118.0,f,,t,18.0,t,1.05,t,17.0,f,,SVI,F,860915070,1
66.0,M,f,f,f,f,f,f,f,f,f,f,f,f,f,f,t,1.7,t,0.7,t,69.0,t,0.93,t,74.0,f,,other,-,860915071,0
74.0,F,f,f,f,f,f,f,f,f,f,f,f,f,f,f,t,9.299999,t,2.4,t,117.0,t,1.07,t,108.0,f,,other,G,860915072,1
70.0,M,f,f,f,f,f,f,f,f,f,f,f,f,f,f,t,0.46,t,1.5,t,118.0,t,0.75,t,157.0,f,,other,R,860915073,1
74.0,F,f,f,f,f,f,f,f,f,f,f,f,f,f,f,t,0.59,t,1.0,t,90.0,t,0.77,t,117.0,f,,SVI,K,860915074,1
62.0,F,f,f,f,f,f,f,f,t,f,f,f,f,f,f,t,2.2,t,2.5,t,85.0,t,0.92,t,92.0,f,,SVI,-,860915075,0
30.0,M,f,f,f,f,f,f,f,f,f,f,f,f,f,t,t,0.31,t,2.9,t,143.0,t,1.39,t,103.0,f,,SVHC,I,860915076,1
51.0,F,f,f,f,f,f,f,f,f,f,f,f,f,f,f,t,3.4,t,2.2,t,78.0,t,1.04,t,75.0,f,,other,-,860916001,0
42.0,F,f,f,f,f,f,f,f,f,f,f,f,f,f,f,t,0.045,t,2.8,t,142.0,t,1.05,t,135.0,f,,other,-,860916021,0
77.0,F,f,f,f,f,f,f,f,f,f,f,f,f,f,f,t,0.12,t,1.4,t,91.0,t,0.81,t,112.0,f,,SVI,-,860916033,0
74.0,F,f,f,f,f,f,f,f,f,f,f,f,f,f,f,t,0.37,f,,t,165.0,t,1.64,t,101.0,f,,other,I,860916057,1
79.0,F,f,f,f,t,f,f,f,f,f,f,f,f,f,f,t,3.9,t,0.9,t,90.0,t,0.62,t,145.0,f,,SVI,K,860916058,1
68.0,M,f,f,f,f,f,f,f,f,f,f,f,f,f,f,t,3.8,f,,t,134.0,t,1.02,t,131.0,f,,other,-,860916059,0
91.0,F,f,f,f,t,f,f,f,f,f,f,f,f,f,f,t,11.0,f,,t,82.0,t,0.88,t,93.0,f,,SVI,G,860916061,1
87.0,F,f,f,f,f,f,f,f,f,f,f,f,f,f,f,t,3.3,t,1.1,t,64.0,t,0.55,t,116.0,f,,SVI,K,860916063,1
87.0,F,f,f,f,f,f,f,f,t,f,f,f,f,f,f,t,176.0,f,,t,52.0,t,1.23,t,42.0,f,,other,F,860916064,1
47.0,F,f,f,f,f,f,f,f,f,f,f,f,f,f,f,t,1.7,f,,t,78.0,t,0.96,t,81.0,f,,other,-,860916065,0
71.0,F,f,f,f,f,f,f,f,f,f,f,f,f,f,f,t,4.2,f,,t,112.0,t,0.89,t,126.0,f,,other,-,860916067,0
22.0,F,f,f,f,f,f,f,f,f,f,f,f,f,f,f,t,3.4,f,,t,213.0,t,1.76,t,121.0,f,,other,I,860916068,1
49.0,F,f,f,f,f,f,f,f,f,t,f,f,t,f,f,t,1.9,f,,t,122.0,t,0.78,t,156.0,f,,SVI,-,860916069,0
69.0,M,f,f,f,f,f,f,f,f,f,f,f,f,f,f,t,2.8,t,2.2,t,83.0,t,0.8,t,104.0,f,,SVHC,-,860916073,0
32.0,M,f,f,f,f,f,f,f,f,f,f,f,f,f,f,t,2.1,f,,t,91.0,t,0.81,t,112.0,f,,other,-,860916095,0
32.0,F,f,f,f,f,f,f,f,f,f,f,f,f,f,f,t,16.0,t,1.6,t,62.0,t,0.88,t,71.0,f,,SVHD,G,860917002,1
88.0,M,f,f,f,f,f,f,f,f,f,f,f,f,f,f,t,1.5,f,,t,140.0,t,1.14,t,123.0,f,,SVI,-,860917005,0
78.0,M,f,f,f,f,f,f,f,f,f,f,f,f,f,t,t,1.5,f,,t,105.0,t,0.62,t,169.0,f,,SVI,-,860917016,0
77.0,M,f,f,f,f,f,f,f,f,f,f,f,f,f,f,t,1.6,f,,t,47.0,t,0.68,t,69.0,f,,SVI,J,860917019,1
21.0,M,f,f,f,f,f,f,f,f,f,f,f,f,f,f,t,1.3,f,,t,93.0,t,0.73,t,127.0,f,,SVI,-,860917020,0
48.0,M,f,f,f,f,f,f,f,f,f,f,f,f,f,f,t,4.1,f,,t,97.0,t,0.98,t,99.0,f,,other,-,860917051,0
42.0,F,f,f,f,f,f,f,f,t,f,f,f,f,f,f,t,4.8,f,,t,57.0,t,0.8,t,71.0,f,,other,-,860917053,0
41.0,M,f,f,f,f,f,f,f,f,f,f,f,f,f,f,f,,f,,f,,f,,f,,t,23.0,other,-,860917056,0
55.0,F,f,f,f,f,f,f,f,f,f,f,f,f,f,t,t,0.85,t,2.6,t,112.0,t,1.01,t,111.0,f,,SVHC,-,860917058,0
55.0,F,f,f,f,f,f,f,f,f,f,f,f,f,f,f,t,4.2,t,1.6,t,69.0,t,0.99,t,70.0,f,,SVI,-,860918004,0
19.0,M,f,f,f,f,f,f,f,f,f,f,f,f,f,t,t,1.1,t,1.7,t,111.0,t,0.83,t,134.0,f,,SVHC,-,860918006,0
48.0,F,f,f,f,t,f,f,f,f,f,f,f,f,f,f,t,2.1,f,,t,129.0,t,1.28,t,101.0,f,,SVHC,I,860918007,1
26.0,M,f,f,f,f,f,f,f,f,f,f,f,f,f,f,t,0.89,t,2.0,t,80.0,t,0.7,t,114.0,f,,SVHC,-,860918008,0
33.0,F,f,f,f,f,f,f,f,f,f,f,f,f,f,t,t,0.99,t,2.3,t,130.0,t,1.01,t,129.0,f,,SVHC,-,860918009,0
66.0,F,f,f,f,f,f,f,f,f,t,f,f,f,f,f,t,0.05,t,2.5,t,130.0,t,0.86,t,151.0,f,,other,-,860918015,0
54.0,M,f,f,f,f,f,f,f,f,t,f,f,f,f,f,t,0.04,t,3.1,t,231.0,t,0.96,t,241.0,f,,other,-,860918017,0
72.0,F,f,f,f,f,f,f,f,f,f,f,f,f,f,f,t,1.6,f,,t,141.0,t,0.97,t,145.0,f,,other,-,860918018,0
36.0,F,f,f,f,f,f,f,f,f,f,f,f,f,f,f,t,1.1,f,,t,111.0,t,1.11,t,100.0,f,,other,-,860918020,0
65.0,F,f,f,f,f,f,f,f,f,f,f,f,f,f,f,t,7.7,t,1.1,t,156.0,t,1.01,t,155.0,f,,SVI,-,860918021,0
67.0,M,f,f,f,f,f,f,f,f,f,f,f,f,f,f,t,3.2,t,0.9,t,92.0,t,0.87,t,106.0,f,,SVI,K,860918022,1
28.0,F,f,f,f,t,f,f,f,f,f,f,f,f,f,f,t,1.1,f,,t,90.0,t,1.11,t,81.0,f,,SVI,-,860918024,0
80.0,F,f,f,f,f,f,f,f,t,f,f,f,f,f,f,t,5.3,t,1.1,t,97.0,t,0.87,t,112.0,f,,SVI,K,860918025,1
72.0,F,f,f,f,f,f,f,f,f,f,f,f,f,f,f,t,0.45,t,2.5,t,126.0,t,1.08,t,117.0,f,,other,-,860918026,0
21.0,F,f,f,t,f,f,f,f,f,f,f,f,f,f,f,t,7.0,t,2.4,t,45.0,t,1.11,t,41.0,f,,other,O,860918027,1
73.0,M,f,f,f,f,f,f,f,f,f,f,f,f,f,f,t,2.1,t,0.9,t,91.0,t,0.54,t,169.0,f,,SVI,KJ,860918028,1
68.0,F,f,f,f,f,f,f,f,f,f,f,f,f,f,f,t,0.32,t,0.8,t,82.0,t,0.63,t,130.0,f,,SVI,K,860918030,1
57.0,F,f,f,f,f,f,f,f,f,t,f,f,f,f,f,t,0.23,t,2.4,t,108.0,t,1.03,t,105.0,f,,other,-,860918031,0
68.0,M,f,f,f,f,f,t,f,f,f,f,f,t,f,f,t,0.48,t,3.0,t,97.0,t,1.05,t,92.0,f,,other,-,860918032,0
41.0,F,f,f,f,f,f,f,f,f,f,f,f,f,f,f,t,1.1,f,,t,102.0,t,1.07,t,95.0,f,,other,-,860918033,0
53.0,F,t,f,f,f,f,f,f,f,f,f,f,f,f,f,t,2.7,f,,t,117.0,t,0.95,t,123.0,f,,other,-,860918034,0
18.0,F,f,f,f,f,f,f,f,f,f,f,f,f,f,f,t,1.4,f,,t,120.0,t,1.41,t,85.0,f,,other,I,860918036,1
47.0,F,f,f,f,f,f,f,f,f,f,f,f,f,f,f,t,2.4,t,2.0,t,122.0,t,1.1,t,111.0,f,,other,-,860918038,0
66.0,F,f,f,f,f,f,f,f,f,f,f,f,f,f,f,t,3.7,t,2.4,t,133.0,t,1.29,t,103.0,f,,other,-,860918039,0
65.0,F,f,f,f,f,f,f,f,f,f,f,f,f,f,f,t,0.05,t,2.9,t,138.0,t,1.22,t,113.0,f,,other,-,860918053,0
65.0,F,f,f,f,f,f,f,f,f,f,f,f,f,f,f,t,1.6,t,2.1,t,104.0,t,1.32,t,79.0,f,,other,-,860918054,0
49.0,F,f,f,f,f,f,f,f,f,f,f,f,f,f,f,t,0.11,t,1.6,t,186.0,t,0.97,t,191.0,f,,other,R,860918064,1
80.0,F,f,f,f,f,f,f,f,t,f,f,f,f,f,f,t,2.7,t,2.0,t,130.0,t,1.05,t,124.0,f,,other,-,860918075,0
28.0,F,f,f,f,f,f,f,f,f,f,f,f,f,f,f,t,0.82,t,1.3,t,57.0,t,0.69,t,83.0,f,,other,-,860918090,0
76.0,F,f,f,f,f,f,f,f,f,f,f,f,f,f,f,t,1.8,f,,t,160.0,t,1.15,t,139.0,f,,other,I,860919008,1
46.0,M,f,f,f,f,f,f,f,f,f,f,f,f,f,f,t,1.1,t,2.3,t,90.0,t,0.87,t,103.0,f,,other,-,860919010,0
22.0,F,f,f,f,f,f,f,f,f,f,f,f,f,f,f,t,0.3,t,3.0,t,161.0,t,1.74,t,93.0,f,,STMW,I,860919027,1
68.0,F,f,f,f,f,f,f,f,f,f,f,f,f,f,f,t,1.2,t,2.4,t,111.0,t,0.91,t,122.0,f,,other,-,860919043,0
61.0,M,f,f,f,f,f,f,f,f,f,f,f,f,f,f,t,1.2,t,2.0,t,121.0,t,0.89,t,136.0,f,,SVI,-,860919066,0
76.0,F,f,f,f,f,f,f,f,f,f,f,f,f,f,f,t,8.5,t,1.0,t,109.0,t,0.88,t,124.0,f,,SVI,GK,860919067,1
57.0,,f,f,f,f,f,f,f,f,f,f,f,f,f,f,t,0.13,f,,t,197.0,t,0.89,t,221.0,f,,other,R,860919068,1
85.0,F,f,f,f,f,f,f,f,f,f,f,f,f,f,f,t,0.58,t,1.7,t,107.0,t,0.85,t,126.0,f,,other,-,860919069,0
61.0,F,f,f,f,f,f,f,f,f,f,f,f,f,f,f,t,7.8,f,,t,72.0,t,0.93,t,77.0,f,,SVI,G,860919070,1
23.0,,f,f,f,f,f,f,f,f,f,f,f,f,f,f,t,2.9,f,,t,109.0,t,0.9,t,121.0,f,,other,-,860919071,0
78.0,F,f,f,f,f,f,f,f,f,f,f,f,f,f,f,t,1.3,t,2.3,t,120.0,t,1.16,t,103.0,f,,other,-,860919072,0
86.0,F,f,f,f,f,f,f,f,f,f,f,f,f,f,f,t,2.4,f,,t,97.0,t,0.91,t,107.0,f,,other,-,860919074,0
61.0,F,f,f,f,f,f,f,f,f,f,f,f,f,f,f,t,0.17,t,2.4,t,122.0,t,1.0,t,122.0,f,,other,-,860919081,0
58.0,F,f,f,f,f,f,f,f,f,f,f,f,f,f,f,t,0.14,t,2.0,t,175.0,t,1.06,t,165.0,f,,other,R,860919082,1
70.0,F,f,f,f,f,f,f,f,f,f,f,f,f,f,f,t,20.0,f,,t,72.0,t,0.96,t,75.0,f,,other,G,860919083,1
20.0,F,f,f,f,f,f,f,f,f,t,f,f,f,f,f,t,0.46,t,2.0,t,119.0,t,1.1,t,108.0,f,,other,-,860922001,0
55.0,F,f,f,f,f,f,f,f,f,f,f,t,f,f,f,t,0.43,f,,t,107.0,t,0.98,t,109.0,f,,other,-,860922002,0
26.0,F,f,f,f,f,f,f,f,f,f,f,f,t,f,f,t,1.14,f,,t,92.0,t,0.93,t,99.0,f,,other,-,860922005,0
59.0,F,f,f,f,f,f,f,f,t,f,f,f,f,f,f,t,0.75,f,,t,129.0,t,1.03,t,125.0,f,,other,-,860922006,0
54.0,F,f,f,f,f,f,f,f,f,f,f,f,f,f,f,t,1.1,f,,t,98.0,t,0.95,t,103.0,f,,other,-,860922007,0
28.0,M,f,f,f,f,f,f,f,f,f,f,f,f,f,t,t,1.12,t,2.6,t,122.0,t,0.95,t,127.0,f,,SVHC,-,860922008,0
30.0,F,f,f,f,f,f,f,f,f,f,f,f,f,f,f,t,1.4,f,,t,91.0,t,0.89,t,102.0,f,,other,-,860922014,0
35.0,F,f,f,f,f,f,f,f,f,f,f,f,f,f,f,t,31.0,f,,t,67.0,t,0.92,t,73.0,f,,STMW,G,860922019,1
4.0,F,f,f,f,f,f,f,f,f,f,f,f,f,f,f,t,0.22,f,,t,162.0,t,1.18,t,137.0,f,,other,I,860922021,1
78.0,F,f,f,f,f,f,f,f,f,f,f,f,f,f,f,t,191.0,t,0.8,t,5.0,t,1.03,t,4.85,f,,other,F,860922046,1
29.0,F,f,f,f,f,f,f,f,f,f,f,f,f,f,f,t,2.4,f,,t,94.0,t,0.92,t,102.0,f,,other,-,860922050,0
57.0,F,t,f,f,f,f,f,f,f,f,f,f,f,f,f,t,0.06,f,,t,171.0,t,0.92,t,186.0,f,,other,N,860922053,1
69.0,M,f,t,f,f,f,f,f,f,f,f,f,f,f,f,t,2.9,f,,t,86.0,t,0.75,t,115.0,f,,other,-,860922057,0
28.0,M,f,f,f,f,f,f,f,f,f,f,f,f,f,f,t,0.29,f,,t,61.0,t,0.51,t,120.0,f,,other,-,860922058,0
39.0,M,f,f,f,f,f,f,f,f,f,f,f,f,f,f,t,0.77,f,,t,85.0,t,0.71,t,120.0,f,,other,-,860922059,0
72.0,F,f,f,f,f,f,f,f,f,f,f,f,f,f,f,t,2.6,f,,t,24.0,t,0.56,t,43.0,f,,other,K,860922060,1
49.0,F,f,f,f,f,f,f,f,f,f,f,f,f,f,f,t,2.0,f,,t,89.0,t,0.87,t,102.0,f,,SVI,-,860922061,0
39.0,F,f,f,f,f,f,f,f,f,f,f,f,f,f,f,t,0.92,f,,t,115.0,t,1.08,t,106.0,f,,SVI,-,860922062,0
46.0,F,f,f,f,f,f,f,f,f,f,f,f,f,f,f,t,0.06,f,,t,117.0,t,0.86,t,136.0,f,,other,-,860923001,0
40.0,F,f,f,f,f,f,f,f,f,t,f,f,f,f,f,t,6.0,t,2.0,t,125.0,t,1.04,t,120.0,f,,SVHC,-,860923003,0
40.0,M,f,f,f,f,f,f,f,f,f,f,f,f,f,f,t,73.0,f,,t,43.0,t,0.87,t,49.0,f,,other,F,860923004,1
69.0,M,f,f,f,f,f,f,f,f,t,f,f,f,f,f,t,1.3,f,,t,98.0,t,0.84,t,117.0,f,,other,-,860923007,0
57.0,,f,f,f,f,f,f,f,f,f,f,f,f,f,f,t,2.9,t,2.5,t,118.0,t,1.21,t,98.0,f,,other,-,860923011,0
32.0,M,f,f,f,f,f,f,f,f,f,f,f,f,f,f,t,2.9,t,2.0,t,88.0,t,0.84,t,105.0,f,,other,-,860923033,0
76.0,F,f,f,f,f,f,f,f,f,f,f,f,f,f,f,t,1.8,f,,t,110.0,t,0.99,t,111.0,f,,SVI,-,860923063,0
76.0,M,f,f,f,f,f,f,f,f,f,f,f,f,f,f,t,1.0,f,,t,95.0,t,0.92,t,103.0,f,,SVI,-,860923068,0
64.0,F,f,f,f,f,f,f,f,f,f,f,f,f,f,f,t,0.84,f,,t,94.0,t,0.97,t,97.0,f,,SVI,-,860923069,0
73.0,M,f,f,f,f,f,f,f,f,f,f,f,f,f,f,t,2.3,t,1.9,t,102.0,t,1.0,t,102.0,f,,SVI,-,860923070,0
73.0,M,f,f,f,f,f,f,f,f,f,f,f,f,f,f,t,0.56,f,,t,109.0,t,1.01,t,108.0,f,,SVI,-,860923072,0
14.0,F,f,f,f,f,f,f,f,f,f,f,f,f,f,f,t,1.6,f,,t,114.0,t,1.03,t,111.0,f,,other,-,860923073,0
44.0,M,f,f,f,f,f,f,f,f,f,f,f,f,f,f,t,0.06,t,1.6,t,113.0,t,0.88,t,128.0,f,,other,-,860923075,0
29.0,M,f,f,f,f,f,f,f,f,f,f,f,f,f,t,t,0.95,t,2.0,t,136.0,t,1.01,t,134.0,f,,SVHC,-,860924024,0
29.0,F,f,f,f,f,f,f,f,t,f,f,f,f,f,f,f,,t,2.3,t,102.0,f,,f,,f,,other,-,860924027,0
61.0,M,f,f,f,f,f,f,f,f,f,f,f,f,f,f,t,1.2,f,,t,69.0,t,0.81,t,85.0,f,,other,-,860924028,0
61.0,F,t,f,f,f,f,f,f,f,f,f,f,f,f,f,t,11.0,t,2.4,t,59.0,t,0.88,t,67.0,f,,other,M,860924029,1
61.0,M,f,f,f,f,f,f,f,f,f,f,f,f,f,f,t,0.62,t,2.0,t,104.0,t,0.95,t,109.0,f,,other,-,860924030,0
73.0,F,f,f,f,f,f,f,f,f,f,f,f,f,f,f,t,0.82,t,1.7,t,73.0,t,0.87,t,84.0,f,,other,-,860924031,0
19.0,F,f,f,f,f,f,f,f,f,f,f,f,f,f,f,t,2.6,f,,t,92.0,t,0.83,t,111.0,f,,SVI,-,860924032,0
75.0,F,f,f,f,f,f,f,f,f,f,f,f,f,f,t,t,3.6,t,2.1,t,106.0,t,1.05,t,101.0,f,,SVHC,-,860924033,0
32.0,F,f,f,f,f,f,f,f,f,f,f,t,f,f,f,f,,f,,t,64.0,t,0.76,t,84.0,f,,other,-,860924036,0
57.0,F,f,f,f,f,f,f,f,f,f,f,f,f,f,f,t,1.7,t,1.9,t,87.0,t,1.12,t,78.0,f,,other,-,860924042,0
54.0,F,f,f,f,f,f,f,f,f,f,f,f,f,f,f,t,1.3,f,,t,107.0,t,1.18,t,91.0,f,,other,-,860924043,0
48.0,F,f,f,f,f,f,f,f,f,f,f,f,f,f,f,t,1.3,t,1.5,t,124.0,t,1.08,t,115.0,f,,SVI,-,860924045,0
41.0,F,f,f,f,f,f,f,f,f,f,f,f,f,f,t,t,1.3,f,,t,124.0,t,0.86,t,144.0,f,,SVHC,-,860924072,0
62.0,M,f,f,f,f,f,f,f,f,f,t,f,f,f,f,t,3.7,t,1.4,t,83.0,t,0.81,t,102.0,f,,SVHC,-,860925005,0
66.0,F,f,f,f,f,f,t,f,f,f,f,f,f,f,f,t,1.8,f,,t,105.0,t,1.08,t,97.0,f,,other,-,860925006,0
75.0,M,f,f,f,t,f,f,f,f,f,f,f,f,f,f,t,3.4,f,,t,91.0,t,0.84,t,108.0,f,,other,-,860925007,0
75.0,F,f,f,f,f,f,f,f,f,f,f,f,f,f,f,t,2.8,f,,t,156.0,t,1.46,t,107.0,f,,other,-,860925008,0
51.0,F,f,f,f,f,f,f,f,f,f,f,f,f,f,f,f,,f,,f,,f,,f,,t,31.0,other,S,860925022,1
25.0,F,f,f,f,f,t,f,f,f,f,f,f,f,f,f,t,1.8,f,,t,180.0,t,1.89,t,95.0,f,,STMW,I,860925023,1
58.0,M,t,f,f,f,f,f,f,f,f,f,f,f,f,f,t,0.03,t,2.1,t,130.0,t,0.87,t,149.0,f,,other,-,860925026,0
30.0,F,f,f,f,f,f,f,f,f,f,f,t,f,f,f,t,3.5,t,2.4,t,95.0,t,1.08,t,88.0,f,,other,-,860925034,0
62.0,F,t,f,f,f,f,f,f,f,f,f,f,f,f,f,t,1.8,t,0.9,t,121.0,t,0.96,t,126.0,f,,other,-,860925046,0
34.0,M,f,f,f,f,f,f,f,f,f,f,f,f,f,f,t,0.015,t,4.0,t,239.0,t,0.9,t,266.0,f,,other,A,860925047,1
69.0,M,f,f,f,f,f,f,f,f,f,f,f,f,f,f,t,1.6,t,2.9,t,119.0,t,1.07,t,111.0,f,,SVI,-,860925055,0
48.0,F,f,f,t,f,f,f,f,f,f,f,f,f,f,f,t,0.03,t,3.1,t,96.0,t,0.92,t,104.0,f,,other,-,860925057,0
48.0,F,t,f,f,f,f,f,f,t,f,f,f,f,f,f,t,0.07,t,1.7,t,104.0,f,,f,,f,,other,-,860925059,0
78.0,F,f,f,f,f,f,f,f,f,f,f,f,f,f,f,t,1.3,f,,t,117.0,t,0.98,t,119.0,f,,SVI,-,860925066,0
66.0,F,f,f,f,f,f,f,f,f,f,f,f,f,f,f,t,0.61,t,1.3,t,107.0,f,,f,,f,,SVI,-,860925067,0
66.0,M,f,f,f,f,f,f,f,f,f,f,f,f,f,f,t,12.0,t,2.2,t,96.0,f,,f,,f,,other,G,860925068,1
69.0,F,t,f,f,f,f,f,f,f,f,f,f,f,f,f,t,1.8,t,2.0,t,126.0,t,1.02,t,124.0,f,,other,-,860925069,0
74.0,F,f,f,f,f,f,f,f,f,f,t,f,f,f,t,t,1.2,t,1.3,t,95.0,t,1.02,t,93.0,f,,SVHC,-,860925070,0
34.0,F,f,f,f,f,f,f,f,f,t,f,f,f,f,f,t,0.22,t,2.8,t,95.0,t,1.1,t,86.0,f,,other,-,860925073,0
33.0,F,f,f,f,f,f,f,f,f,f,f,f,f,f,t,t,1.7,t,2.5,t,115.0,t,1.12,t,103.0,f,,SVHC,-,860925076,0
30.0,,f,f,f,f,f,f,f,f,f,f,f,f,f,f,t,0.69,f,,t,94.0,t,1.1,t,86.0,f,,other,-,860926002,0
76.0,F,f,f,f,f,f,f,f,f,f,f,f,f,f,f,t,1.1,t,1.4,t,74.0,t,0.73,t,101.0,f,,other,-,860926003,0
76.0,,f,f,f,f,f,f,f,f,f,f,f,f,f,f,t,0.79,f,,t,96.0,t,0.99,t,97.0,f,,other,-,860926004,0
75.0,F,f,f,f,f,f,f,f,f,f,f,f,f,f,f,t,5.1,t,2.4,t,126.0,t,1.13,t,112.0,f,,other,-,860926005,0
77.0,F,f,f,f,f,f,f,f,f,f,f,f,f,f,f,t,0.055,t,2.4,t,146.0,t,0.92,t,159.0,f,,other,R,860926006,1
58.0,F,f,f,f,f,f,f,f,f,f,t,f,f,f,f,t,1.1,t,2.6,t,134.0,f,,t,119.0,f,,SVHC,-,860926008,0
45.0,F,f,f,f,f,f,f,f,f,f,t,f,f,f,t,t,1.1,t,1.2,t,70.0,t,0.98,t,71.0,f,,SVHC,-,860926009,0
42.0,M,f,f,f,f,f,f,f,f,f,f,f,f,f,f,t,2.4,f,,t,99.0,t,0.85,t,117.0,f,,SVHC,-,860926010,0
50.0,F,f,f,f,f,f,f,f,f,f,f,f,f,f,f,t,1.9,t,1.8,t,120.0,t,1.01,t,119.0,f,,other,-,860926018,0
38.0,F,f,f,f,f,f,f,f,f,f,f,f,f,f,f,f,,f,,f,,f,,f,,t,47.0,other,S,860926043,1
60.0,M,f,f,f,f,f,f,f,f,f,f,f,f,f,f,t,2.0,t,2.1,t,100.0,t,0.95,t,105.0,f,,SVI,-,860926044,0
55.0,M,f,f,f,f,f,f,f,f,f,f,f,f,f,f,t,2.8,t,0.9,t,122.0,t,0.9,t,136.0,f,,SVI,K,860926045,1
82.0,F,f,f,f,f,f,f,f,f,f,f,f,f,f,f,t,1.1,t,2.0,t,126.0,t,1.09,t,116.0,f,,SVHC,-,860926077,0
58.0,F,f,f,f,f,f,f,f,f,f,f,f,f,f,f,t,2.4,t,1.2,t,119.0,f,,f,,f,,SVI,-,860926078,0
52.0,M,f,f,f,f,f,f,f,f,f,f,f,f,f,f,t,1.7,f,,t,109.0,t,1.1,t,99.0,f,,other,-,860926079,0
49.0,F,f,f,f,f,f,f,f,f,f,f,f,f,f,f,t,0.43,t,1.5,t,168.0,t,1.11,t,151.0,f,,SVI,-,860926080,0
23.0,M,f,f,f,f,f,f,f,f,f,f,f,f,f,t,t,0.75,t,2.2,t,106.0,t,0.88,t,120.0,f,,SVHC,-,860926083,0
66.0,M,f,f,f,f,f,f,f,f,f,t,f,f,f,t,t,6.0,t,2.0,t,91.0,t,1.07,t,85.0,f,,SVHC,-,860929002,0
34.0,F,f,f,f,f,f,f,f,f,f,t,f,f,f,t,t,5.8,t,1.1,t,47.0,t,0.99,t,48.0,f,,SVHC,K,860929003,1
40.0,F,f,f,f,f,f,f,f,f,f,f,f,f,f,f,t,2.0,t,1.8,t,115.0,t,1.12,t,103.0,f,,SVHC,-,860929005,0
79.0,F,f,f,f,f,f,f,f,f,f,f,f,f,f,f,t,3.0,f,,t,84.0,t,0.83,t,101.0,f,,other,-,860929008,0
29.0,F,f,f,f,f,f,f,f,f,f,f,f,f,f,f,t,1.6,f,,t,178.0,t,2.02,t,88.0,f,,STMW,I,860929013,1
32.0,F,f,f,f,f,t,f,f,f,f,f,f,t,f,f,t,1.6,f,,t,170.0,t,1.73,t,98.0,f,,STMW,I,860929014,1
29.0,F,t,f,f,f,f,f,f,f,f,f,f,f,f,f,t,0.66,t,2.1,t,109.0,t,1.14,t,96.0,f,,other,-,860929033,0
48.0,F,t,f,f,f,f,f,f,f,f,f,f,f,f,f,t,0.055,t,3.4,t,219.0,t,1.51,t,145.0,f,,other,-,860929035,0
48.0,,f,f,f,f,f,f,f,f,f,f,f,f,f,f,t,0.65,f,,t,98.0,t,0.81,t,121.0,f,,other,-,860929053,0
49.0,F,f,f,f,f,f,f,f,f,t,f,f,f,f,f,f,,f,,t,148.0,t,1.07,t,138.0,f,,SVI,-,860929054,0
39.0,F,f,f,f,f,f,f,f,f,f,f,f,f,f,f,t,1.9,f,,t,92.0,t,1.03,t,89.0,f,,other,-,860929055,0
44.0,F,f,f,f,f,f,f,f,f,f,f,f,f,f,f,t,4.6,f,,t,69.0,t,0.9,t,77.0,f,,other,-,860929057,0
61.0,M,f,f,f,f,f,f,f,f,f,f,f,f,f,f,t,2.4,f,,t,87.0,t,0.8,t,109.0,f,,SVI,-,860929058,0
46.0,M,f,f,f,f,f,f,f,f,f,f,f,f,f,t,t,3.0,t,1.8,t,115.0,t,1.01,t,114.0,f,,SVHC,-,860929059,0
19.0,M,f,f,f,f,f,f,f,f,f,f,f,f,f,f,t,0.48,f,,t,74.0,t,0.58,t,128.0,f,,SVI,-,860929060,0
83.0,M,f,f,f,f,f,f,f,f,f,f,f,f,f,f,t,2.3,f,,t,72.0,t,0.62,t,116.0,f,,other,-,860929061,0
37.0,F,f,f,f,f,f,f,f,f,t,f,f,f,f,f,t,0.48,f,,t,40.0,t,0.52,t,77.0,f,,other,J,860929062,1
37.0,M,f,f,f,f,f,f,f,f,f,f,f,f,f,f,t,1.6,f,,t,109.0,t,0.67,t,163.0,f,,SVI,-,860929065,0
59.0,M,t,f,f,f,f,f,f,f,f,f,f,f,f,f,t,0.06,t,2.1,t,99.0,t,0.73,t,136.0,f,,other,-,860929066,0
59.0,M,f,f,f,f,f,f,f,f,f,f,f,f,f,f,t,1.5,f,,t,113.0,t,0.92,t,123.0,f,,other,-,860930003,0
31.0,F,f,f,f,f,f,f,f,f,f,f,f,t,f,f,t,1.4,t,1.8,t,97.0,f,,f,,f,,SVI,-,860930005,0
48.0,M,f,f,f,f,f,f,f,f,f,f,f,f,f,t,t,1.2,t,2.4,t,122.0,t,1.04,t,117.0,f,,SVHC,-,860930006,0
39.0,,f,f,f,f,f,f,f,f,f,f,f,f,f,f,t,3.5,t,2.6,t,106.0,t,1.09,t,97.0,f,,SVHC,-,860930007,0
68.0,F,f,f,f,f,f,f,f,f,f,f,f,f,f,f,t,1.9,t,2.0,t,100.0,t,0.92,t,109.0,f,,other,-,860930011,0
62.0,F,f,f,f,f,f,f,f,f,f,f,f,f,f,f,t,0.82,f,,t,110.0,t,0.81,t,136.0,f,,other,-,860930018,0
20.0,F,f,f,f,f,f,f,f,f,f,f,f,f,f,f,t,4.3,t,3.1,t,105.0,t,1.02,t,103.0,f,,other,I,860930021,1
74.0,M,f,f,f,f,f,f,f,f,f,f,f,f,f,f,t,1.2,t,0.9,t,99.0,t,0.99,t,100.0,f,,SVI,K,860930023,1
54.0,F,f,f,f,f,f,f,f,f,f,f,f,f,f,f,t,3.3,f,,t,95.0,t,0.84,t,113.0,f,,other,-,860930028,0
54.0,F,f,f,f,f,f,f,f,f,f,f,f,f,f,f,t,5.9,f,,t,123.0,t,1.02,t,121.0,f,,other,-,860930032,0
44.0,M,f,f,f,f,f,f,f,f,t,f,f,t,f,f,f,,f,,f,,f,,f,,t,20.0,other,-,860930039,0
33.0,F,f,f,f,f,f,f,f,f,f,f,f,f,f,f,t,0.055,f,,t,148.0,t,0.95,t,156.0,f,,SVI,A,860930050,1
32.0,M,f,f,f,f,f,f,f,f,f,f,f,f,f,t,t,1.5,t,2.7,t,163.0,t,1.14,t,143.0,f,,SVHC,-,860930051,0
29.0,M,f,f,f,f,f,f,f,f,f,f,f,f,f,t,t,1.4,t,3.3,t,139.0,t,1.0,t,139.0,f,,SVHC,-,860930052,0
78.0,F,f,f,f,f,f,f,f,f,f,f,f,f,f,f,t,1.4,f,,t,161.0,t,0.88,t,183.0,f,,SVI,R,860930056,1
43.0,F,f,f,f,f,f,f,f,f,f,f,f,f,f,f,f,,f,,t,126.0,t,1.03,t,122.0,f,,other,-,860930071,0
61.0,F,f,f,f,f,f,f,f,f,f,f,f,f,f,f,t,65.0,f,,t,51.0,t,1.05,t,49.0,f,,other,F,860930073,1
23.0,F,f,f,f,f,f,f,f,f,f,f,f,f,f,f,t,3.2,f,,t,96.0,t,0.96,t,100.0,f,,other,-,860930076,0
56.0,M,f,t,f,f,f,f,f,f,f,f,f,f,f,f,t,2.4,f,,t,101.0,t,0.79,t,128.0,f,,other,-,861001002,0
34.0,F,f,f,f,f,f,f,f,f,f,f,f,f,f,f,t,0.04,f,,t,158.0,t,0.91,t,174.0,f,,other,R,861001003,1
46.0,F,f,f,f,f,f,f,f,f,f,f,f,f,f,f,t,1.1,t,3.4,t,126.0,t,1.22,t,103.0,f,,other,I,861001008,1
70.0,F,f,f,f,f,f,f,f,f,f,f,f,f,f,f,t,1.7,f,,t,97.0,t,1.13,t,86.0,f,,other,-,861001039,0
69.0,F,t,f,f,f,f,f,f,f,f,f,f,f,f,f,t,0.08,f,,t,114.0,t,0.45,t,253.0,f,,SVI,-,861001047,0
39.0,M,f,f,f,f,f,f,f,f,t,f,f,f,f,f,t,0.005,t,2.8,t,148.0,t,1.09,t,136.0,f,,other,-,861001061,0
74.0,F,f,f,f,f,f,f,f,f,f,f,f,f,f,f,t,5.1,f,,t,93.0,t,0.77,t,121.0,f,,SVI,-,861001062,0
81.0,F,t,f,f,f,f,f,f,f,f,f,f,f,f,f,t,1.7,t,1.6,t,112.0,t,0.91,t,123.0,f,,other,-,861001063,0
72.0,M,f,f,f,f,f,f,f,f,f,f,f,f,f,f,t,1.1,t,1.8,t,126.0,t,0.81,t,156.0,f,,SVI,R,861001066,1
83.0,F,f,f,f,f,f,f,f,f,f,f,f,f,f,f,t,170.0,f,,t,29.0,t,1.03,t,28.0,f,,SVI,F,861001067,1
72.0,F,f,f,f,f,f,f,f,f,f,f,f,f,f,f,t,3.1,f,,t,107.0,t,1.0,t,107.0,f,,other,-,861001068,0
77.0,F,f,f,f,f,f,f,f,f,f,f,f,f,f,f,t,1.2,f,,t,101.0,t,0.9,t,112.0,f,,other,-,861001069,0
58.0,,f,f,f,f,f,f,f,f,f,f,f,f,f,f,t,4.3,t,3.0,t,105.0,t,0.99,t,106.0,f,,SVHC,-,861001070,0
62.0,F,f,f,f,f,f,f,f,f,f,f,f,f,f,f,t,1.4,f,,t,118.0,t,1.0,t,118.0,f,,other,-,861002001,0
46.0,F,f,f,f,f,f,f,f,f,f,f,f,f,f,f,t,0.62,t,3.3,t,130.0,t,1.2,t,108.0,f,,other,I,861002002,1
33.0,F,f,f,f,f,f,f,f,f,f,f,f,f,f,f,t,0.98,t,2.4,t,113.0,t,1.08,t,105.0,f,,SVHC,-,861002003,0
73.0,F,f,f,f,f,f,f,f,f,f,f,f,f,f,f,t,1.3,f,,t,106.0,t,0.74,t,143.0,f,,other,-,861002007,0
73.0,,f,f,f,f,f,f,f,f,f,f,f,f,f,f,t,24.0,f,,t,244.0,t,2.16,t,113.0,f,,other,I,861002008,1
73.0,,f,f,f,f,f,f,f,f,f,f,f,f,f,f,t,1.9,f,,t,84.0,t,1.0,t,84.0,f,,other,-,861002009,0
67.0,F,f,f,f,f,f,f,f,f,f,f,f,f,f,f,t,0.09,t,1.0,t,101.0,t,1.16,t,87.0,f,,other,-,861002010,0
71.0,F,f,f,f,f,f,f,f,f,t,f,f,f,f,f,t,9.9,t,1.8,t,89.0,t,0.99,t,90.0,f,,other,G,861002011,1
68.0,,f,f,f,f,f,f,f,f,t,f,f,f,f,f,t,0.33,t,3.1,t,103.0,t,1.1,t,94.0,f,,other,-,861002012,0
74.0,M,f,f,f,f,f,f,f,f,f,f,f,f,f,f,f,,f,,t,74.0,t,0.87,t,85.0,f,,other,-,861002013,0
60.0,,f,f,f,f,f,f,f,f,f,f,f,f,f,f,t,0.73,t,3.0,t,148.0,t,1.29,t,115.0,f,,other,I,861002014,1
74.0,F,f,f,f,f,f,f,f,f,t,f,f,f,f,f,t,4.3,t,1.2,t,27.0,t,1.03,t,26.0,f,,other,O,861002019,1
53.0,M,f,t,f,f,f,f,f,f,f,f,f,f,f,f,f,,f,,t,108.0,t,0.82,t,132.0,f,,other,-,861002020,0
74.0,F,f,f,f,f,f,f,f,f,f,f,f,f,f,f,t,3.5,f,,t,144.0,t,0.89,t,162.0,f,,SVI,-,861002031,0
77.0,F,f,f,f,f,f,f,f,f,f,f,f,f,f,f,t,1.7,t,0.7,t,87.0,t,0.81,t,107.0,f,,SVI,K,861002032,1
66.0,M,f,f,f,f,f,f,f,f,f,f,f,f,f,f,t,1.3,f,,t,86.0,t,0.68,t,126.0,f,,SVI,-,861002033,0
78.0,F,f,f,f,f,f,f,f,f,t,f,f,f,f,f,t,0.57,f,,t,138.0,t,0.76,t,182.0,f,,SVI,-,861002034,0
68.0,F,t,f,f,f,f,f,f,f,f,f,f,f,f,f,t,1.5,t,0.9,t,76.0,t,0.63,t,121.0,f,,SVI,K,861002035,1
76.0,F,f,f,f,f,f,f,f,f,f,f,f,f,f,f,t,2.3,t,1.6,t,125.0,t,0.95,t,132.0,f,,SVI,-,861002036,0
32.0,F,f,t,f,f,f,f,f,f,f,f,f,f,f,f,f,,f,,t,77.0,t,0.73,t,105.0,f,,other,-,861002073,0
66.0,F,f,f,f,f,f,f,f,f,t,f,f,f,f,f,t,2.6,t,2.2,t,109.0,f,,f,,f,,other,-,861002074,0
23.0,F,t,f,f,f,f,f,f,t,f,f,f,f,f,f,t,0.31,t,1.7,t,147.0,t,1.04,t,141.0,f,,other,-,861002075,0
62.0,M,t,f,f,f,f,f,f,f,f,f,f,f,f,f,t,0.16,t,2.1,t,77.0,t,0.9,t,86.0,f,,other,-,861003002,0
50.0,F,f,f,f,f,f,f,f,t,f,f,f,f,f,f,t,1.5,f,,t,92.0,t,0.87,t,106.0,f,,other,-,861003005,0
54.0,M,f,f,f,f,f,f,f,f,f,f,f,f,f,t,t,1.4,t,1.5,t,107.0,t,0.86,t,124.0,f,,SVHC,-,861003010,0
29.0,M,f,f,f,f,f,f,f,f,f,f,f,f,f,f,t,1.9,t,2.1,t,81.0,t,0.92,t,88.0,f,,SVHC,-,861003011,0
59.0,F,t,f,f,f,f,f,f,f,f,f,f,f,f,f,t,1.0,t,2.1,t,108.0,t,1.04,t,104.0,f,,other,-,861003018,0
60.0,F,f,f,f,t,f,f,f,f,f,f,f,t,f,f,f,,t,2.6,f,,f,,f,,f,,other,-,861003047,0
76.0,F,f,f,f,f,f,f,f,f,f,f,f,f,f,f,t,0.74,f,,t,134.0,t,1.02,t,131.0,f,,SVI,-,861003055,0
48.0,M,f,f,f,f,f,f,f,f,f,f,f,f,f,f,t,2.2,f,,t,112.0,t,0.97,t,116.0,f,,other,-,861003056,0
23.0,F,f,f,f,f,f,f,f,f,f,f,f,f,f,f,t,1.2,f,,t,95.0,t,0.88,t,108.0,f,,other,-,861003057,0
93.0,F,f,f,f,f,f,f,f,f,f,f,f,f,f,f,f,,f,,t,137.0,t,1.05,t,131.0,f,,other,-,861003058,0
93.0,F,f,f,f,f,f,f,f,f,f,f,f,f,f,f,t,5.6,f,,t,83.0,t,0.87,t,95.0,f,,other,-,861003060,0
63.0,F,f,f,f,f,f,f,f,f,f,f,f,f,f,f,t,0.07,t,1.1,t,145.0,t,0.87,t,167.0,f,,SVI,-,861007005,0
51.0,F,f,f,f,f,f,f,f,f,f,f,f,f,f,f,t,3.4,t,2.2,t,108.0,t,1.12,t,96.0,f,,other,-,861007006,0
76.0,F,f,f,f,f,f,f,f,f,f,f,f,f,f,f,t,12.0,t,1.5,t,126.0,t,0.95,t,133.0,f,,SVI,G,861007007,1
70.0,F,f,f,f,f,f,f,f,f,f,f,f,f,f,f,t,2.2,f,,t,112.0,t,0.73,t,153.0,f,,SVI,-,861007008,0
77.0,,f,f,f,f,f,f,f,f,f,f,f,f,f,f,t,2.2,f,,t,78.0,t,0.55,t,142.0,f,,other,-,861007011,0
61.0,F,f,f,f,f,f,f,f,f,f,f,f,f,f,f,t,2.6,t,2.4,t,98.0,t,0.93,t,105.0,f,,SVI,-,861007017,0
39.0,F,f,f,f,f,f,f,f,f,f,f,f,f,f,f,t,2.7,f,,t,109.0,t,1.0,t,109.0,f,,other,-,861007021,0
76.0,F,f,f,f,f,f,f,f,f,t,f,f,f,f,f,t,0.45,f,,t,184.0,t,1.21,t,152.0,f,,other,-,861007025,0
33.0,F,f,f,f,f,f,f,f,f,f,f,f,f,f,f,t,0.96,f,,t,95.0,t,0.82,t,116.0,f,,STMW,-,861007029,0
66.0,F,t,f,f,f,f,f,f,f,f,f,f,f,f,f,t,2.5,t,1.3,t,94.0,t,0.89,t,106.0,f,,other,-,861007033,0
52.0,F,f,f,f,f,f,f,f,f,f,f,f,f,f,f,t,0.4,t,1.1,t,132.0,t,0.93,t,142.0,f,,SVI,K,861007060,1
72.0,F,f,f,f,f,f,f,f,f,f,f,f,f,f,f,t,4.9,t,0.5,t,35.0,t,0.85,t,41.0,f,,SVI,K,861007062,1
43.0,F,f,f,f,f,f,f,f,f,f,f,f,f,f,f,t,4.5,t,0.2,t,44.0,t,0.64,t,69.0,f,,SVI,-,861007063,0
21.0,M,f,f,f,f,f,f,f,f,f,f,f,f,f,f,t,22.0,t,1.5,t,107.0,t,0.91,t,118.0,f,,SVI,G,861007064,1
66.0,M,f,f,f,f,f,f,f,f,f,f,f,f,f,f,t,0.81,t,1.1,t,143.0,t,0.91,t,157.0,f,,SVI,-,861007065,0
28.0,M,f,f,f,f,f,f,f,f,f,f,f,f,f,f,t,1.4,t,2.3,t,120.0,t,0.94,t,128.0,f,,SVI,-,861007068,0
72.0,F,f,f,f,t,f,f,f,f,f,f,f,f,f,f,t,3.8,t,1.2,t,122.0,t,1.17,t,104.0,f,,SVI,-,861007069,0
75.0,F,f,f,f,t,f,f,f,f,f,f,f,f,f,f,t,0.41,t,1.7,t,134.0,t,0.84,t,160.0,f,,SVI,R,861007070,1
75.0,F,f,f,f,f,f,f,f,f,t,f,f,f,f,f,t,1.7,t,3.1,t,90.0,t,0.96,t,94.0,f,,other,-,861007071,0
65.0,M,f,f,f,f,f,f,f,f,f,f,f,f,f,f,t,0.75,t,1.1,t,78.0,t,0.71,t,110.0,f,,SVI,K,861007077,1
67.0,F,f,f,f,f,f,f,t,f,f,f,f,f,f,f,t,0.77,f,,t,95.0,t,1.02,t,93.0,f,,other,-,861007079,0
26.0,M,f,f,f,f,f,f,f,f,f,t,f,f,f,f,t,3.1,t,2.6,t,95.0,t,0.89,t,107.0,f,,SVHC,-,861007083,0
81.0,F,f,f,t,f,f,f,f,f,t,f,f,f,f,f,t,1.2,t,2.3,t,89.0,t,1.14,t,78.0,f,,other,-,861007085,0
43.0,F,f,f,f,f,f,f,f,f,f,f,f,f,f,f,t,1.6,f,,t,75.0,t,0.91,t,82.0,f,,other,-,861007087,0
45.0,M,f,f,f,f,f,f,f,f,f,f,f,f,f,f,t,2.8,f,,t,89.0,t,0.97,t,92.0,f,,other,-,861008004,0
45.0,,f,f,f,f,f,f,f,f,f,f,f,f,f,f,t,3.5,t,5.1,t,175.0,t,0.91,t,192.0,f,,other,I,861008024,1
61.0,F,t,f,f,f,f,f,f,f,f,f,f,f,f,f,t,8.099999,t,1.2,t,92.0,t,0.96,t,96.0,f,,other,M,861008033,1
68.0,F,f,f,f,f,f,f,f,f,f,f,f,f,f,f,t,0.07,f,,t,147.0,t,0.95,t,155.0,f,,other,-,861008043,0
60.0,F,t,f,f,f,f,f,f,f,f,f,f,f,f,f,t,3.4,t,1.2,t,109.0,t,0.86,t,127.0,f,,other,-,861008046,0
30.0,M,f,f,f,f,f,f,f,f,f,f,f,f,f,t,t,3.4,f,,t,94.0,t,0.83,t,113.0,f,,SVHC,-,861008058,0
47.0,F,f,f,f,f,f,f,f,f,t,f,f,f,f,f,t,1.4,f,,t,135.0,t,1.06,t,127.0,f,,other,-,861008059,0
43.0,,f,f,f,f,f,f,f,f,f,f,f,f,f,f,t,1.9,f,,t,77.0,t,0.9,t,86.0,f,,other,-,861008061,0
43.0,F,f,f,f,f,f,f,f,f,f,f,f,f,f,t,t,1.6,f,,t,134.0,t,0.86,t,156.0,f,,SVHC,-,861008062,0
66.0,F,f,f,f,f,f,f,f,f,f,f,f,f,f,t,t,0.93,f,,t,114.0,t,1.02,t,112.0,f,,SVI,-,861008063,0
45.0,M,f,f,f,f,f,f,f,f,f,t,f,f,f,t,t,2.5,f,,t,108.0,t,0.98,t,110.0,f,,SVHC,-,861008064,0
1.0,M,f,f,f,f,f,f,f,f,t,f,f,f,f,f,t,6.5,f,,t,133.0,t,1.26,t,106.0,f,,STMW,G,861008071,1
46.0,F,f,f,f,f,f,f,f,t,f,f,f,f,f,f,t,2.6,t,0.8,t,97.0,t,0.89,t,109.0,f,,SVI,K,861008077,1
33.0,F,f,f,f,f,f,f,f,t,f,f,f,f,f,f,t,41.0,f,,t,95.0,t,1.02,t,93.0,f,,other,G,861008088,1
33.0,F,f,f,f,f,f,f,f,f,f,f,f,f,f,f,t,0.61,f,,t,184.0,t,1.5,t,123.0,f,,other,I,861009001,1
56.0,,f,f,f,f,f,f,f,f,f,f,f,f,f,f,t,3.9,f,,t,83.0,t,0.86,t,97.0,f,,other,-,861009002,0
56.0,F,f,f,f,f,f,f,f,f,f,f,f,f,f,f,t,5.0,f,,t,98.0,t,1.01,t,97.0,f,,other,-,861009004,0
56.0,F,f,f,f,f,f,f,f,f,f,f,f,f,f,f,t,3.6,f,,t,91.0,t,0.8,t,114.0,f,,other,-,861009005,0
73.0,F,f,f,f,f,f,f,f,f,f,f,f,f,f,f,t,1.3,f,,t,134.0,t,1.03,t,130.0,f,,other,-,861009006,0
44.0,F,f,f,f,f,f,f,f,f,f,f,f,f,f,f,t,1.8,f,,t,97.0,t,1.05,t,92.0,f,,other,-,861009007,0
55.0,M,f,f,f,f,f,f,f,f,f,f,f,f,f,f,t,1.1,f,,t,84.0,t,0.82,t,102.0,f,,other,-,861009008,0
50.0,F,f,f,f,f,f,f,f,f,f,f,f,f,f,f,t,3.7,f,,t,118.0,t,0.99,t,119.0,f,,SVHC,-,861009009,0
74.0,F,f,f,f,f,f,f,f,f,f,f,f,f,f,f,t,2.0,f,,t,99.0,t,0.94,t,105.0,f,,SVHC,-,861009010,0
51.0,F,f,f,f,f,f,f,f,f,f,f,f,t,f,f,t,1.4,t,2.3,t,122.0,t,1.1,t,111.0,f,,other,-,861009017,0
25.0,F,f,f,f,f,t,f,f,f,t,f,f,f,f,f,t,1.8,f,,t,158.0,t,1.58,t,100.0,f,,STMW,I,861009021,1
74.0,F,t,f,f,f,f,f,f,f,f,f,f,f,f,f,t,0.075,t,2.2,t,191.0,t,0.97,t,197.0,f,,other,N,861009023,1
29.0,F,f,f,f,f,f,f,f,f,f,f,f,f,f,f,t,1.5,t,1.6,t,83.0,t,1.01,t,82.0,f,,other,-,861009024,0
60.0,M,f,f,f,f,f,f,f,f,f,f,f,f,f,f,t,0.07,t,2.0,t,144.0,t,0.78,t,185.0,f,,other,R,861009025,1
67.0,F,t,f,f,f,f,f,f,t,f,f,f,f,f,f,t,7.7,t,1.4,t,83.0,t,1.04,t,80.0,f,,other,M,861009029,1
57.0,F,f,f,f,f,f,f,f,f,t,f,f,f,f,f,t,0.07,t,1.6,t,75.0,t,1.09,t,69.0,f,,other,-,861009041,0
59.0,F,t,f,f,f,f,f,f,f,f,f,f,f,f,f,t,2.0,f,,t,157.0,t,1.05,t,150.0,f,,other,-,861009042,0
34.0,F,f,f,f,f,f,f,f,f,f,f,f,f,f,f,t,1.3,f,,t,189.0,t,1.77,t,107.0,f,,other,I,861009060,1
90.0,F,f,f,f,f,f,f,f,f,f,f,f,f,f,f,t,4.5,t,0.1,t,28.0,t,0.79,t,35.0,f,,SVI,K,861009061,1
92.0,F,f,f,f,f,f,f,f,f,f,f,f,f,f,f,t,0.14,t,0.9,t,92.0,t,0.91,t,101.0,f,,SVI,K,861009063,1
22.0,F,f,f,f,f,f,f,f,f,f,f,f,f,f,f,t,3.0,t,2.2,t,134.0,t,0.97,t,138.0,f,,other,-,861009065,0
22.0,F,t,f,f,f,f,f,f,f,t,f,f,f,f,f,t,0.09,t,2.2,t,189.0,t,1.02,t,185.0,f,,other,N,861009066,1
55.0,F,f,f,f,f,f,f,f,f,f,f,f,f,f,f,t,4.5,t,1.2,t,151.0,t,1.14,t,132.0,f,,SVI,-,861009069,0
33.0,F,f,f,f,f,f,f,f,f,f,f,f,t,f,f,t,6.7,f,,t,90.0,t,1.02,t,88.0,f,,other,G,861009077,1
34.0,F,f,f,f,f,f,f,f,f,t,f,f,f,f,f,t,0.24,t,2.7,t,117.0,t,1.08,t,108.0,f,,other,-,861009081,0
39.0,F,f,f,f,f,f,f,f,f,f,f,f,f,f,t,t,2.0,t,2.4,t,96.0,t,0.98,t,98.0,f,,SVHC,-,861010003,0
49.0,F,f,f,f,f,f,f,f,f,t,f,f,f,f,f,t,0.075,t,3.3,t,239.0,t,1.28,t,187.0,f,,other,A,861010004,1
49.0,F,f,f,f,f,f,f,f,f,f,f,f,f,f,f,t,1.4,f,,t,97.0,t,0.71,t,137.0,f,,other,-,861010006,0
81.0,F,f,f,f,f,f,f,f,f,f,f,f,f,f,f,t,3.2,f,,t,75.0,t,1.0,t,75.0,f,,other,-,861010018,0
54.0,F,f,f,f,f,f,f,t,f,f,f,f,f,f,f,t,0.075,t,5.0,t,216.0,t,0.86,t,251.0,f,,other,A,861010020,1
31.0,M,f,f,f,f,f,f,f,f,f,f,f,f,f,t,t,1.6,f,,t,164.0,t,1.04,t,158.0,f,,SVHC,R,861010049,1
31.0,M,f,f,f,f,f,f,f,f,f,f,f,f,f,f,t,0.47,f,,t,92.0,t,0.91,t,101.0,f,,SVI,-,861010050,0
76.0,F,f,f,f,f,f,f,f,f,f,f,f,f,f,t,t,3.4,t,1.9,t,126.0,t,1.18,t,107.0,f,,SVI,-,861010051,0
74.0,M,f,f,f,f,f,f,f,f,f,f,f,f,f,f,t,0.7,f,,t,90.0,t,0.77,t,117.0,f,,SVI,-,861010052,0
18.0,F,f,f,f,f,f,f,f,f,f,f,f,f,f,f,t,1.3,f,,t,61.0,t,0.77,t,79.0,f,,other,-,861010054,0
18.0,F,f,f,f,f,f,f,f,f,f,f,f,f,f,f,t,5.9,t,2.1,t,93.0,t,0.96,t,97.0,f,,other,-,861010056,0
73.0,F,f,f,f,f,f,f,f,f,t,f,f,f,f,f,t,7.3,t,2.1,t,139.0,t,1.15,t,121.0,f,,other,G,861010057,1
49.0,F,f,f,t,f,f,f,f,f,f,f,f,f,f,f,t,0.1,t,3.1,t,139.0,t,1.14,t,122.0,f,,other,-,861010058,0
62.0,F,f,f,f,f,f,f,f,t,f,f,f,f,f,f,f,,f,,t,98.0,t,1.0,t,98.0,f,,other,-,861010063,0
76.0,F,f,f,f,f,f,f,f,f,f,f,f,f,f,f,t,2.9,t,1.6,t,109.0,t,0.83,t,131.0,f,,other,-,861013002,0
45.0,M,t,f,f,f,f,f,f,f,f,t,f,f,f,t,t,1.7,t,1.8,t,94.0,t,0.86,t,109.0,f,,SVHC,-,861013003,0
45.0,M,f,f,f,f,f,f,f,f,f,t,f,f,f,f,t,2.3,t,2.2,t,98.0,t,0.93,t,105.0,f,,SVHC,-,861013004,0
43.0,F,f,f,f,f,f,f,f,f,f,f,f,f,f,f,t,5.5,t,0.4,t,47.0,t,0.88,t,53.0,f,,other,H|K,861013005,1
76.0,M,f,f,f,t,f,f,f,f,f,f,f,f,f,f,t,0.26,t,0.1,t,34.0,t,0.61,t,56.0,f,,other,-,861013006,0
35.0,F,f,f,f,f,f,f,f,f,f,t,f,f,f,f,t,1.1,t,1.8,t,111.0,t,1.02,t,109.0,f,,SVHC,-,861013007,0
38.0,F,f,f,f,f,f,f,f,f,f,f,f,f,f,f,t,0.085,t,4.0,t,221.0,t,1.09,t,203.0,f,,other,A,861013008,1
54.0,F,f,f,f,f,f,f,f,f,f,f,f,f,f,f,t,0.69,t,3.4,t,147.0,t,1.35,t,109.0,f,,other,I,861013010,1
64.0,F,f,f,f,f,f,f,f,f,f,f,f,f,f,f,t,0.32,f,,t,99.0,t,1.01,t,98.0,f,,other,-,861013012,0
64.0,F,t,f,f,f,f,f,f,f,f,f,f,f,f,f,t,2.6,f,,t,162.0,t,0.97,t,167.0,f,,other,L,861013014,1
39.0,M,t,f,f,f,f,f,f,f,f,f,f,f,f,f,t,0.105,t,4.1,t,131.0,t,0.95,t,138.0,f,,other,B,861013023,1
58.0,F,f,f,f,f,f,f,f,f,f,f,f,f,f,f,t,6.4,f,,t,117.0,t,1.04,t,113.0,f,,other,G,861013048,1
38.0,F,f,f,f,f,f,f,f,f,f,f,f,f,f,f,t,5.5,f,,t,131.0,t,1.15,t,114.0,f,,other,-,861013049,0
29.0,F,f,f,f,f,f,f,f,f,f,f,f,f,f,f,t,2.1,t,1.6,t,99.0,t,0.87,t,114.0,f,,other,-,861013053,0
46.0,F,f,f,f,f,f,f,f,f,f,f,f,f,f,f,t,0.27,f,,t,117.0,t,1.08,t,108.0,f,,other,-,861013054,0
58.0,F,t,f,f,f,f,f,f,f,f,f,f,f,f,f,t,0.52,f,,t,116.0,t,0.98,t,118.0,f,,other,-,861013057,0
1.0,F,f,f,f,f,f,f,f,f,f,f,f,f,f,f,t,2.1,f,,t,117.0,t,0.97,t,121.0,f,,other,-,861014001,0
55.0,F,f,f,f,f,f,f,f,f,f,t,f,f,f,f,t,7.2,f,,t,106.0,t,0.83,t,128.0,f,,SVI,G,861014002,1
33.0,M,f,f,f,f,f,f,f,f,f,t,f,f,f,f,t,4.5,t,2.1,t,83.0,t,0.95,t,87.0,f,,SVHC,-,861014003,0
72.0,,f,f,f,f,f,f,f,f,f,f,f,f,f,f,t,8.799999,t,0.6,t,40.0,t,0.83,t,48.0,f,,other,FK,861014004,1
66.0,,f,f,f,f,f,f,f,f,f,f,f,f,f,f,t,2.0,t,2.0,t,177.0,t,1.18,t,150.0,f,,other,-,861014005,0
66.0,,f,f,f,f,f,f,f,f,f,f,f,f,f,f,t,8.9,f,,t,119.0,t,1.19,t,100.0,f,,other,G,861014006,1
21.0,,f,f,f,f,f,f,f,f,f,f,f,f,f,f,t,8.5,t,1.6,t,112.0,t,0.91,t,123.0,f,,other,G,861014007,1
66.0,F,f,f,f,f,f,f,f,f,f,f,f,f,f,f,t,7.8,f,,t,77.0,t,0.76,t,101.0,f,,other,G,861014016,1
45.0,F,t,f,f,f,f,f,f,f,f,f,f,t,f,f,t,0.21,f,,t,179.0,t,0.99,t,181.0,f,,other,L,861014039,1
,F,f,f,f,f,f,f,f,f,f,f,f,f,f,f,t,1.5,f,,t,132.0,t,1.02,t,129.0,f,,other,-,861014041,0
63.0,M,f,f,f,f,f,f,f,f,f,f,f,f,f,t,t,3.2,t,1.9,t,114.0,t,1.0,t,114.0,f,,SVHC,-,861014048,0
87.0,F,f,f,f,f,f,f,f,f,f,f,f,f,f,f,t,6.4,t,0.05,t,40.0,t,0.68,t,59.0,f,,SVI,FK,861014054,1
32.0,F,f,f,f,f,f,f,f,f,f,f,f,f,f,f,t,0.1,f,,t,153.0,t,0.67,t,228.0,f,,SVI,A,861014055,1
58.0,F,f,f,f,f,f,f,f,f,f,f,f,f,f,f,t,1.0,t,1.9,t,112.0,t,0.95,t,118.0,f,,SVI,-,861014056,0
31.0,F,t,f,f,f,f,f,f,f,f,f,f,f,f,f,t,166.0,t,0.6,t,32.0,t,1.04,t,31.0,f,,SVI,F,861014057,1
87.0,F,f,f,f,f,f,f,f,f,f,f,f,f,f,f,t,2.0,t,1.3,t,98.0,t,0.91,t,108.0,f,,SVI,-,861014058,0
82.0,F,f,f,f,f,f,f,f,f,f,f,f,f,f,f,t,1.9,f,,t,122.0,t,1.12,t,109.0,f,,SVI,-,861014059,0
64.0,F,f,f,f,f,f,f,f,f,f,f,f,f,f,f,t,6.2,t,2.0,t,73.0,t,1.0,t,73.0,f,,other,G,861014068,1
26.0,F,f,f,f,f,f,f,f,f,f,f,f,f,f,f,t,1.7,f,,t,144.0,t,1.7,t,85.0,f,,other,I,861014069,1
29.0,F,f,f,f,f,f,f,f,f,f,f,f,f,f,f,t,4.9,f,,t,146.0,t,1.32,t,111.0,f,,other,I,861014070,1
24.0,F,t,f,f,f,f,f,f,f,f,f,f,t,f,f,t,0.065,t,2.6,t,176.0,t,1.07,t,164.0,t,28.0,other,N,861015018,1
25.0,F,f,f,f,f,f,f,f,f,f,f,f,f,f,f,t,1.5,f,,t,156.0,t,1.36,t,115.0,f,,other,-,861015020,0
25.0,M,f,f,f,f,f,f,f,f,f,f,f,f,f,f,f,,f,,f,,f,,f,,t,16.0,other,-,861015039,0
44.0,M,f,f,f,f,f,f,f,f,f,t,f,f,f,f,t,1.9,t,1.8,t,94.0,t,0.89,t,106.0,f,,SVHC,-,861015044,0
44.0,F,f,f,f,f,f,f,f,f,f,f,f,f,f,f,t,5.4,f,,t,75.0,t,0.82,t,91.0,f,,SVHC,-,861015047,0
86.0,F,f,f,f,f,f,f,f,f,f,f,f,f,f,f,t,4.0,f,,t,106.0,t,0.83,t,128.0,f,,other,-,861015053,0
42.0,F,f,f,f,f,f,f,f,f,f,f,f,f,f,f,t,0.065,t,2.3,t,130.0,t,1.03,t,126.0,f,,other,-,861015055,0
73.0,F,f,f,f,f,f,f,f,f,f,f,f,t,f,f,t,0.04,t,3.8,t,292.0,t,0.91,t,321.0,f,,other,A,861015065,1
66.0,M,f,f,f,f,f,f,f,f,f,f,f,f,f,f,t,2.6,t,2.2,t,193.0,t,1.22,t,158.0,f,,other,R,861015066,1
69.0,F,f,f,f,f,f,f,f,f,f,f,f,f,f,f,t,1.8,t,1.6,t,109.0,t,0.93,t,117.0,f,,SVI,-,861015067,0
22.0,F,f,f,f,f,f,f,f,f,f,f,f,f,f,f,t,1.4,f,,t,88.0,t,0.73,t,121.0,f,,other,-,861015074,0
70.0,F,f,f,f,f,f,f,f,f,f,f,f,f,f,f,t,4.4,t,2.8,t,118.0,t,1.01,t,117.0,f,,SVHC,-,861015081,0
28.0,M,f,f,f,f,f,f,f,f,f,f,f,f,f,f,t,1.1,t,2.3,t,99.0,t,0.86,t,115.0,f,,SVHC,-,861015082,0
38.0,F,t,f,f,f,f,f,f,t,f,f,f,f,f,f,t,4.3,t,1.5,t,142.0,t,0.97,t,146.0,f,,other,-,861015086,0
35.0,F,f,f,f,f,f,f,f,f,t,f,f,f,f,f,t,0.52,t,2.6,t,91.0,t,0.97,t,94.0,f,,other,-,861015088,0
35.0,F,f,f,f,f,f,f,f,f,f,f,f,f,f,f,f,,f,,f,,f,,f,,t,29.0,other,-,861015090,0
52.0,F,t,f,f,f,f,f,f,f,f,f,f,f,f,f,t,0.04,f,,t,176.0,t,1.49,t,118.0,f,,other,-,861015104,0
42.0,F,f,f,f,f,t,f,f,f,f,f,f,f,f,t,t,3.8,t,2.3,t,127.0,t,0.97,t,131.0,f,,SVHC,-,861016001,0
73.0,F,f,f,f,f,f,f,f,f,f,f,f,f,f,f,t,0.05,t,2.5,t,202.0,t,1.0,t,202.0,f,,other,AK,861016002,1
63.0,F,f,f,f,f,f,f,f,f,f,f,f,f,f,f,t,7.3,f,,t,142.0,t,1.26,t,113.0,f,,other,G,861016003,1
63.0,F,f,f,f,f,f,f,f,f,f,f,f,f,f,f,t,3.0,f,,t,101.0,t,0.96,t,105.0,f,,other,-,861016006,0
71.0,F,f,f,f,f,f,f,f,f,f,f,f,f,f,f,t,3.4,f,,t,106.0,t,0.93,t,114.0,f,,other,-,861016007,0
16.0,F,t,f,f,f,f,f,f,t,f,f,f,f,f,f,t,0.21,t,2.4,t,126.0,t,0.93,t,135.0,f,,other,-,861016008,0
19.0,F,f,f,f,f,f,f,f,f,f,f,f,f,f,t,t,0.91,t,2.2,t,96.0,t,0.88,t,109.0,f,,SVHC,-,861016010,0
61.0,F,f,f,f,f,f,f,f,f,f,f,f,f,f,t,t,2.2,t,1.8,t,123.0,t,1.04,t,118.0,f,,SVHC,-,861016011,0
54.0,F,t,f,f,f,f,f,f,f,f,f,f,f,f,f,t,3.1,t,1.9,t,98.0,t,1.01,t,97.0,f,,other,-,861016028,0
65.0,F,t,f,f,f,f,f,f,f,f,f,f,f,f,f,t,1.4,t,1.9,t,109.0,t,0.92,t,118.0,f,,other,-,861016029,0
56.0,F,f,t,f,f,f,f,f,f,f,f,f,f,f,f,t,1.6,t,3.0,t,104.0,t,1.15,t,90.0,f,,other,-,861016037,0
56.0,F,t,f,f,f,f,f,f,f,f,f,f,f,f,f,f,,f,,t,167.0,t,1.54,t,108.0,f,,other,-,861016038,0
74.0,M,t,f,f,f,f,f,f,f,f,f,f,f,f,f,t,0.04,t,2.1,t,166.0,t,0.89,t,186.0,f,,other,N,861016041,1
55.0,F,t,f,f,f,f,f,f,f,f,f,f,f,f,f,t,0.04,f,,t,188.0,t,0.83,t,226.0,f,,other,N,861016043,1
76.0,F,f,f,f,f,f,f,f,f,f,f,f,f,f,f,t,1.3,t,2.2,t,142.0,t,1.31,t,108.0,f,,other,-,861016044,0
48.0,F,f,f,f,f,f,f,f,f,t,f,f,f,f,f,t,0.63,f,,t,132.0,t,1.07,t,123.0,f,,other,-,861016060,0
15.0,F,f,f,f,f,f,f,f,f,f,f,f,t,f,f,t,0.04,t,3.0,t,129.0,t,0.97,t,133.0,f,,other,I,861016065,1
71.0,F,f,t,f,f,f,f,f,f,f,f,f,f,f,f,t,1.2,t,2.0,t,103.0,t,0.99,t,104.0,f,,other,-,861016068,0
69.0,M,t,t,f,f,f,f,f,f,f,f,f,f,f,f,t,0.04,t,1.4,t,163.0,t,0.82,t,199.0,f,,other,N,861016073,1
54.0,F,f,f,f,f,f,f,f,f,f,f,f,f,f,t,t,0.85,t,1.3,t,102.0,t,0.91,t,113.0,f,,SVHC,-,861016077,0
76.0,F,f,f,f,f,f,f,f,f,f,f,f,f,f,f,t,3.1,t,2.4,t,122.0,f,,f,,f,,SVI,-,861016078,0
70.0,F,f,f,f,f,f,f,f,f,f,f,f,f,f,f,t,2.6,f,,t,97.0,t,1.12,t,87.0,f,,SVI,-,861016079,0
95.0,M,f,f,f,f,f,f,f,f,f,f,f,f,f,f,t,4.4,t,0.4,t,54.0,t,0.62,t,87.0,f,,SVI,K,861016080,1
51.0,F,f,f,f,f,f,f,f,f,f,f,f,f,f,f,t,0.52,f,,t,137.0,t,1.11,t,123.0,f,,SVI,-,861016082,0
47.0,F,f,f,f,f,f,f,f,f,f,t,f,f,f,f,t,2.5,t,2.5,t,108.0,t,1.23,t,88.0,f,,SVHC,-,861016085,0
28.0,M,f,f,f,f,f,f,f,f,f,f,f,f,f,t,t,3.7,t,2.4,t,107.0,t,0.96,t,112.0,f,,SVHC,-,861016088,0
54.0,F,f,f,f,f,f,f,f,f,f,f,f,t,f,f,t,2.6,f,,t,83.0,t,1.07,t,78.0,f,,other,-,861016090,0
53.0,M,f,f,f,f,f,f,f,t,f,f,f,f,f,f,t,0.72,f,,t,120.0,t,0.88,t,139.0,f,,other,-,861016094,0
59.0,M,f,t,f,f,f,f,f,f,f,f,f,f,f,f,t,2.5,t,2.7,t,74.0,t,1.12,t,66.0,f,,other,-,861017001,0
61.0,F,f,f,f,f,f,f,f,f,t,f,f,f,f,f,t,2.5,t,2.0,t,101.0,t,0.85,t,119.0,f,,other,-,861017002,0
70.0,M,f,f,f,f,f,f,f,f,f,f,f,f,f,f,t,1.9,f,,t,112.0,t,0.95,t,118.0,f,,other,-,861017005,0
48.0,F,f,f,f,f,f,f,f,f,f,f,f,t,f,f,t,20.0,t,2.8,t,74.0,f,,f,,f,,other,G,861017006,1
75.0,F,f,f,f,f,f,f,f,f,f,f,f,f,f,f,t,0.57,f,,t,135.0,t,0.88,t,153.0,f,,other,-,861017008,0
51.0,M,f,f,f,f,f,f,f,f,f,f,f,f,f,f,t,1.0,t,2.6,t,89.0,t,0.89,t,100.0,f,,SVHC,-,861017009,0
51.0,F,t,f,f,f,f,f,f,f,f,f,f,f,f,f,t,0.11,t,2.1,t,135.0,t,1.08,t,125.0,f,,other,-,861017017,0
36.0,F,t,f,f,f,f,f,f,f,f,f,f,f,f,f,t,0.04,f,,t,169.0,t,0.98,t,172.0,f,,other,N,861017018,1
64.0,F,t,f,f,f,f,f,f,f,f,f,f,f,f,f,t,0.045,t,2.4,t,132.0,t,0.95,t,139.0,f,,other,-,861017019,0
38.0,F,f,f,f,f,f,f,f,f,f,f,f,t,f,f,t,1.4,f,,t,93.0,t,0.83,t,112.0,f,,other,-,861017022,0
79.0,F,f,f,f,f,f,f,f,f,f,f,f,f,f,f,t,1.8,f,,t,152.0,t,1.03,t,148.0,f,,other,-,861017048,0
79.0,F,f,f,f,f,f,f,f,f,f,f,f,f,f,f,t,1.3,f,,t,78.0,t,0.83,t,94.0,f,,other,-,861017049,0
81.0,F,f,f,f,f,f,f,f,f,f,f,f,f,f,f,t,2.1,f,,t,137.0,t,1.15,t,119.0,f,,SVI,-,861017050,0
74.0,M,f,f,f,f,f,f,f,f,f,f,f,f,f,f,t,1.1,t,1.7,t,80.0,t,0.95,t,84.0,f,,SVI,-,861017052,0
16.0,F,t,f,f,f,f,f,f,f,f,f,f,f,f,f,t,0.055,t,2.6,t,109.0,t,0.99,t,110.0,f,,SVI,-,861017053,0
66.0,F,f,f,f,f,f,f,f,f,f,f,f,f,f,f,t,3.4,t,2.7,t,90.0,t,0.99,t,91.0,f,,other,-,861017072,0
49.0,F,t,f,f,f,f,f,f,f,f,f,f,f,f,f,t,3.7,t,2.0,t,91.0,t,0.85,t,107.0,f,,SVHD,-,861017077,0
37.0,M,f,f,f,f,f,f,f,f,f,f,f,f,f,f,t,2.1,f,,t,86.0,t,0.77,t,112.0,f,,SVI,-,861020004,0
27.0,F,f,f,f,f,f,f,f,f,f,f,f,f,f,t,t,1.8,t,2.2,t,91.0,t,0.85,t,107.0,f,,SVHC,-,861020005,0
37.0,F,t,f,f,f,f,f,f,f,f,f,f,f,f,f,t,1.8,f,,t,228.0,t,1.65,t,138.0,f,,STMW,I,861020007,1
26.0,F,f,f,f,f,f,f,f,f,f,f,f,f,f,f,t,460.0,t,0.5,t,22.0,t,1.38,t,16.0,f,,SVI,F,861020008,1
26.0,M,f,f,f,f,f,f,f,f,f,f,t,f,f,f,t,1.6,f,,t,136.0,t,1.07,t,128.0,f,,SVI,-,861020009,0
13.0,M,f,f,f,f,f,f,f,f,f,f,f,f,f,f,t,3.3,t,2.3,t,105.0,t,0.85,t,124.0,f,,other,-,861020011,0
17.0,F,t,f,f,f,f,f,f,f,f,f,f,f,f,f,t,15.0,t,1.8,t,132.0,t,0.89,t,148.0,f,,other,M,861020012,1
77.0,F,f,f,f,f,f,f,f,t,f,f,f,f,f,f,t,1.3,t,1.2,t,123.0,t,0.98,t,126.0,f,,SVI,-,861020016,0
72.0,,f,f,f,f,f,f,f,f,f,f,f,f,f,t,t,4.1,t,1.3,t,101.0,t,0.78,t,130.0,f,,other,-,861020017,0
72.0,,f,f,f,f,f,f,f,f,f,f,f,f,f,f,t,1.4,t,2.3,t,65.0,t,0.87,t,75.0,t,25.0,other,-,861020020,0
72.0,F,f,f,f,f,f,f,f,t,f,f,f,f,f,f,f,,t,1.0,t,16.0,t,1.1,t,15.0,f,,other,E,861020023,1
72.0,F,f,f,f,f,f,f,f,t,f,f,f,f,f,f,t,192.0,f,,f,,f,,f,,f,,other,F,861020024,1
39.0,F,t,f,f,f,f,f,f,f,f,f,f,f,f,f,t,0.11,t,2.4,t,135.0,t,0.92,t,147.0,f,,other,-,861020030,0
39.0,F,f,f,f,f,f,t,f,f,f,f,f,f,f,f,t,4.3,t,1.8,t,92.0,f,,f,,f,,other,-,861020033,0
75.0,F,t,f,f,f,f,f,f,f,f,f,f,f,f,f,t,1.7,t,2.0,t,111.0,t,1.08,t,103.0,f,,other,-,861020035,0
75.0,,f,f,f,f,f,f,f,f,f,f,f,f,f,f,t,1.4,f,,t,77.0,t,0.71,t,109.0,f,,other,-,861020037,0
72.0,F,t,f,f,f,f,f,f,f,f,f,f,f,f,f,t,1.6,t,2.2,t,128.0,t,1.12,t,114.0,f,,other,-,861020038,0
29.0,M,f,f,f,f,f,f,f,f,f,f,f,f,f,f,t,1.7,t,2.0,t,93.0,t,0.81,t,115.0,f,,SVI,-,861020040,0
74.0,M,f,f,f,t,f,f,f,f,f,f,f,f,f,f,t,1.2,f,,t,80.0,t,0.95,t,84.0,f,,SVI,-,861020041,0
23.0,F,t,f,f,f,f,f,f,f,f,f,f,f,f,f,t,0.015,f,,t,127.0,t,0.93,t,137.0,f,,other,-,861020043,0
44.0,M,f,f,f,f,f,f,f,f,f,f,f,f,f,f,t,4.6,f,,t,79.0,t,0.83,t,95.0,f,,SVI,-,861020044,0
40.0,M,f,f,f,f,f,f,f,f,f,f,f,f,f,t,t,2.6,t,2.4,t,105.0,t,0.99,t,106.0,f,,SVHC,-,861020045,0
79.0,F,f,f,f,f,f,f,f,f,f,f,f,f,f,t,t,1.2,t,2.9,t,127.0,t,1.0,t,127.0,f,,SVHC,-,861020046,0
61.0,F,f,f,f,f,f,f,f,f,f,f,f,f,f,f,t,3.3,f,,t,110.0,t,1.11,t,99.0,f,,other,-,861020060,0
84.0,F,f,f,f,f,f,f,f,f,t,f,f,f,f,f,t,4.0,t,1.7,t,64.0,t,0.96,t,67.0,f,,other,-,861020067,0
64.0,F,f,f,f,f,f,f,f,f,f,f,f,f,f,f,t,1.7,f,,t,80.0,t,0.94,t,85.0,f,,other,-,861021002,0
37.0,F,f,f,f,f,f,f,f,f,f,f,f,f,f,f,t,1.9,f,,t,134.0,t,1.2,t,112.0,f,,other,-,861021003,0
28.0,F,f,f,f,f,f,f,f,f,f,f,f,f,f,f,t,0.51,f,,t,203.0,t,1.95,t,104.0,f,,STMW,I,861021004,1
71.0,M,f,f,f,f,f,f,f,f,f,f,f,f,f,f,t,2.0,t,2.5,t,107.0,t,1.0,t,105.0,f,,other,-,861021031,0
76.0,M,f,f,f,f,f,f,f,f,f,f,f,f,f,f,t,1.3,f,,t,58.0,t,0.65,t,89.0,f,,SVI,-,861021032,0
76.0,,f,f,f,f,f,f,f,f,f,f,f,f,f,f,t,2.2,f,,t,77.0,t,0.6,t,128.0,f,,SVI,-,861021033,0
87.0,F,f,f,f,f,f,f,f,f,f,f,f,f,f,f,t,14.0,f,,t,89.0,t,1.01,t,88.0,f,,SVI,G,861021034,1
70.0,F,f,f,f,f,f,f,f,f,f,f,f,f,f,f,t,2.3,t,2.6,t,117.0,t,1.08,t,108.0,f,,SVI,-,861021038,0
51.0,F,t,f,f,f,f,f,t,t,f,f,f,f,f,f,t,0.035,t,4.3,t,167.0,t,1.02,t,164.0,f,,other,N,861021060,1
34.0,M,f,f,f,f,f,f,f,f,f,f,f,f,f,f,t,1.4,f,,t,76.0,t,0.76,t,100.0,f,,SVI,-,861022008,0
34.0,F,f,f,f,f,f,f,f,f,t,f,f,f,f,f,f,,f,,f,,f,,f,,t,20.0,other,-,861022031,0
21.0,F,f,f,f,f,f,f,f,f,f,f,f,f,f,f,f,,t,2.0,f,,f,,f,,f,,other,-,861022033,0
57.0,F,f,f,f,f,f,f,f,f,t,f,f,f,f,f,t,31.0,t,4.1,t,230.0,t,2.0,t,115.0,f,,SVI,I,861022036,1
66.0,M,f,f,f,f,f,f,f,f,f,f,f,f,f,f,t,2.0,t,1.9,t,91.0,t,0.96,t,95.0,f,,SVI,-,861022040,0
84.0,F,f,f,f,f,f,f,f,f,f,f,f,f,f,f,t,2.0,f,,t,136.0,t,0.75,t,181.0,f,,SVI,-,861022041,0
79.0,M,f,f,f,f,f,f,f,f,f,f,f,f,f,f,t,0.28,t,1.5,t,138.0,t,0.99,t,139.0,f,,SVI,-,861022042,0
67.0,F,f,f,f,f,f,f,f,f,f,f,f,f,f,f,t,2.7,t,1.9,t,138.0,t,0.95,t,145.0,f,,SVI,-,861022043,0
76.0,F,f,f,f,f,f,f,f,f,f,f,f,f,f,f,t,2.1,t,2.2,t,107.0,t,0.9,t,119.0,f,,SVI,-,861022044,0
87.0,F,f,f,f,f,f,f,f,f,f,f,f,f,f,f,t,10.0,t,0.2,t,43.0,t,0.63,t,68.0,f,,SVI,-,861022045,0
27.0,M,f,f,f,f,f,f,f,f,f,f,f,f,f,f,t,0.98,t,2.6,t,144.0,t,1.01,t,143.0,f,,SVHC,-,861022048,0
86.0,F,f,f,f,f,f,f,f,f,t,f,f,f,f,f,t,1.6,t,0.4,t,76.0,t,1.06,t,72.0,f,,SVI,K,861022050,1
32.0,M,f,f,f,f,f,f,f,f,f,f,f,f,f,f,t,0.33,t,2.3,t,77.0,t,0.83,t,93.0,f,,other,-,861022056,0
79.0,F,t,f,f,f,f,f,f,f,f,f,f,f,f,f,t,7.1,t,2.6,t,153.0,t,1.23,t,124.0,f,,other,-,861022062,0
44.0,F,f,f,f,f,f,t,f,f,f,f,f,f,f,f,t,7.5,f,,t,86.0,t,1.42,t,61.0,f,,other,-,861022073,0
81.0,F,t,f,f,f,f,f,f,f,f,f,f,f,f,f,t,4.8,f,,t,130.0,t,1.18,t,110.0,f,,other,-,861022076,0
62.0,F,f,f,f,f,f,f,f,f,f,f,f,f,f,f,f,,f,,t,131.0,t,1.13,t,116.0,f,,other,-,861023001,0
75.0,M,f,f,f,f,f,f,f,t,f,f,f,f,f,f,t,1.4,t,1.6,t,86.0,t,0.89,t,97.0,f,,other,-,861023002,0
41.0,,f,f,f,f,f,f,f,f,f,f,f,f,f,f,t,2.0,t,2.4,t,103.0,t,1.02,t,101.0,f,,SVHC,-,861023003,0
41.0,,f,f,f,f,f,f,f,f,f,t,f,f,f,t,t,1.1,f,,t,103.0,t,0.99,t,104.0,f,,SVHC,-,861023004,0
32.0,,f,f,f,f,f,f,f,f,f,f,f,f,f,t,t,1.0,f,,t,61.0,t,0.99,t,62.0,f,,SVHC,-,861023005,0
50.0,M,f,f,f,f,f,f,f,f,f,f,f,f,f,f,t,0.2,t,1.8,t,130.0,t,1.12,t,116.0,f,,other,-,861023008,0
56.0,M,t,f,f,f,f,f,f,f,f,f,f,f,f,f,t,0.035,t,2.7,t,212.0,t,1.15,t,184.0,f,,other,N,861023014,1
41.0,F,t,f,f,f,f,f,f,f,f,f,f,f,f,f,t,5.6,t,1.4,t,130.0,t,1.16,t,112.0,f,,other,-,861023015,0
63.0,F,t,f,f,f,f,f,f,t,f,f,f,f,f,f,t,0.035,t,1.5,t,147.0,t,0.93,t,158.0,f,,other,L,861023017,1
63.0,M,f,t,f,f,f,f,f,f,f,f,f,f,f,f,f,,f,,t,56.0,t,1.0,t,56.0,f,,other,-,861023021,0
61.0,F,f,f,f,f,f,f,f,t,f,f,f,f,f,f,t,109.0,t,1.3,t,44.0,t,0.98,t,45.0,f,,other,F,861023039,1
22.0,F,f,f,f,f,f,f,f,f,t,f,f,f,f,f,f,,f,,f,,f,,f,,t,24.0,other,-,861023049,0
67.0,F,f,f,f,f,f,f,f,f,f,f,f,f,f,f,t,0.055,t,3.1,t,157.0,t,0.92,t,171.0,f,,other,A,861023055,1
46.0,F,f,f,f,f,f,f,f,f,f,f,f,f,f,f,t,1.2,t,2.3,t,98.0,t,0.93,t,105.0,f,,other,-,861023056,0
45.0,F,t,f,f,f,f,f,f,f,f,f,f,f,f,f,t,0.11,f,,t,129.0,t,0.85,t,152.0,f,,other,-,861023065,0
36.0,F,f,f,f,f,f,f,f,f,f,f,f,f,f,f,f,,f,,t,103.0,t,0.81,t,127.0,f,,other,-,861023066,0
60.0,M,f,f,f,f,f,f,f,f,f,f,f,f,f,f,t,0.035,t,7.6,t,236.0,t,0.91,t,259.0,f,,other,A,861023067,1
29.0,F,t,f,f,f,f,f,f,f,f,f,f,f,f,f,t,0.035,t,2.7,t,201.0,t,0.84,t,239.0,f,,other,N,861023068,1
60.0,F,f,t,f,f,f,f,f,f,f,f,f,f,f,f,f,,f,,t,99.0,t,1.03,t,96.0,f,,other,-,861023069,0
34.0,F,f,f,f,f,f,f,f,f,f,f,f,f,f,f,t,0.78,f,,t,179.0,t,0.81,t,221.0,f,,other,R,861023070,1
56.0,F,f,f,f,f,f,f,f,f,f,f,f,f,f,f,t,15.0,t,2.1,t,133.0,t,0.97,t,137.0,f,,other,G,861023071,1
40.0,M,f,f,f,f,f,f,f,f,f,f,f,f,f,f,t,0.15,t,1.6,t,173.0,t,0.9,t,192.0,f,,SVI,R,861023075,1
40.0,,f,f,f,f,f,f,f,f,f,f,f,f,f,f,t,2.1,f,,t,81.0,t,0.78,t,104.0,f,,other,-,861023077,0
63.0,M,f,f,f,f,f,f,f,f,f,f,f,f,f,f,t,0.34,f,,t,142.0,t,0.99,t,143.0,f,,other,-,861023078,0
72.0,F,f,f,f,f,f,f,f,f,f,f,f,f,f,f,t,1.9,t,1.8,t,148.0,t,1.25,t,118.0,f,,other,-,861023079,0
72.0,M,f,f,f,f,f,f,f,f,f,f,f,f,f,f,t,0.85,t,1.7,t,81.0,t,0.89,t,91.0,f,,SVHC,-,861023081,0
2.0,F,f,f,f,f,f,f,f,t,f,f,f,f,f,f,t,136.0,f,,t,53.0,t,0.77,t,69.0,f,,STMW,-,861023088,0
35.0,M,f,f,f,f,f,f,f,f,f,f,f,f,f,f,t,0.06,f,,f,,f,,t,143.0,f,,other,-,861023091,0
65.0,M,f,f,f,f,f,f,f,f,f,t,f,f,f,f,t,3.6,f,,t,97.0,t,1.07,t,91.0,f,,SVHC,-,861023092,0
62.0,F,f,f,f,f,f,f,f,f,f,f,f,f,f,f,t,0.74,f,,t,97.0,t,1.01,t,96.0,f,,other,-,861023094,0
35.0,M,f,f,f,f,f,f,f,f,f,f,f,f,f,f,f,,f,,t,114.0,t,0.8,f,,f,,other,-,861023096,0
21.0,,f,f,f,f,f,f,f,f,f,f,f,t,f,f,f,,f,,t,164.0,t,1.61,t,102.0,f,,other,I,861024002,1
39.0,F,f,f,f,f,f,f,f,f,f,f,f,f,f,f,f,,f,,f,,f,,f,,t,35.0,other,S,861024004,1
24.0,F,f,f,f,f,f,f,f,f,f,f,f,f,f,f,f,,f,,f,,f,,f,,t,30.0,other,-,861024015,0
34.0,F,f,f,f,f,f,f,f,f,f,f,f,f,f,f,f,,f,,f,,f,,f,,t,43.0,other,S,861024016,1
34.0,M,f,f,f,f,f,f,f,f,f,f,f,f,f,f,t,3.4,f,,t,105.0,t,1.01,t,104.0,f,,other,-,861024022,0
34.0,,f,f,f,f,f,f,f,f,f,f,f,f,f,f,t,11.0,f,,t,69.0,t,0.96,t,72.0,f,,other,G,861024033,1
34.0,,f,f,f,f,f,f,f,f,f,f,f,f,f,f,t,2.2,f,,t,106.0,t,1.11,t,96.0,f,,other,-,861024034,0
69.0,,f,f,f,f,f,f,f,f,f,f,f,f,f,f,t,3.5,f,,t,130.0,t,1.07,t,122.0,f,,other,-,861024035,0
52.0,M,f,f,f,f,f,f,f,f,f,f,f,f,f,f,t,2.5,f,,t,93.0,t,0.88,t,106.0,f,,other,-,861024036,0
36.0,F,t,f,f,f,f,f,f,f,t,f,f,f,f,f,f,,f,,f,,f,,f,,t,106.0,other,S,861024060,1
36.0,F,f,f,f,f,f,f,f,f,f,f,f,f,f,f,t,1.7,f,,t,100.0,t,0.91,t,110.0,f,,other,-,861024063,0
62.0,F,f,f,f,f,f,f,f,t,f,f,f,f,f,f,f,,t,0.6,f,,f,,f,,f,,other,-,861024068,0
48.0,F,t,t,f,f,f,f,f,f,f,f,f,f,f,f,t,12.0,f,,t,108.0,t,1.03,t,105.0,f,,other,M,861024071,1
48.0,,t,f,f,f,f,f,f,f,f,f,f,f,f,f,t,0.06,t,1.4,t,129.0,t,0.9,t,143.0,f,,other,-,861024072,0
46.0,M,f,f,f,t,f,f,f,f,f,f,f,f,f,f,t,2.0,t,0.9,t,102.0,t,0.94,t,109.0,f,,SVI,K,861024075,1
67.0,F,t,f,f,f,f,f,f,f,f,f,f,f,f,f,t,0.85,t,2.0,t,140.0,t,1.36,t,103.0,f,,other,-,861024077,0
64.0,F,f,t,f,f,f,f,f,f,f,f,f,f,f,f,t,1.4,f,,t,99.0,t,0.92,t,108.0,f,,other,-,861024082,0
22.0,F,f,f,f,f,f,f,f,f,t,f,f,t,f,f,t,1.5,t,2.0,f,,f,,t,107.0,f,,other,-,861024084,0
53.0,F,f,f,f,f,f,f,f,f,f,f,f,f,f,f,t,6.4,t,0.3,t,13.0,t,0.94,t,14.0,f,,SVI,FK,861027005,1
70.0,F,f,f,f,f,f,f,f,f,f,f,f,f,f,f,t,0.04,f,,t,46.0,t,0.58,t,79.0,f,,other,J,861027008,1
53.0,F,t,f,f,f,f,f,f,f,f,f,f,f,f,f,t,0.24,f,,t,153.0,t,0.95,t,161.0,f,,other,L,861027017,1
59.0,F,t,f,f,f,f,f,f,f,f,f,f,f,f,f,t,1.4,t,2.4,t,131.0,t,1.08,t,121.0,f,,other,-,861027026,0
59.0,,f,f,f,f,f,f,f,f,f,f,f,f,f,f,t,3.3,t,1.0,t,92.0,t,0.9,t,102.0,f,,SVI,K,861027028,1
74.0,M,f,f,f,f,f,f,f,f,f,f,f,f,f,f,t,2.7,t,1.7,t,115.0,t,1.11,t,104.0,f,,SVHC,-,861027029,0
26.0,F,f,f,f,f,f,f,f,f,f,f,f,f,f,f,t,1.1,f,,t,96.0,t,0.89,t,108.0,f,,other,-,861027054,0
34.0,,f,f,f,f,f,f,f,f,f,t,f,f,f,f,t,4.4,f,,t,127.0,t,1.35,t,94.0,f,,SVHC,I,861027056,1
24.0,F,f,f,f,f,f,f,f,t,f,f,f,f,f,f,t,11.0,t,1.9,t,92.0,t,0.84,t,110.0,f,,other,G,861027066,1
60.0,F,f,f,f,f,f,f,f,f,f,f,f,f,f,f,t,0.13,t,1.3,t,146.0,t,0.91,t,160.0,f,,other,R,861027071,1
66.0,F,f,f,f,f,f,f,f,f,f,f,f,f,f,f,t,0.04,t,4.9,t,249.0,t,0.86,t,290.0,f,,other,A,861028001,1
30.0,M,f,f,f,f,f,f,f,f,f,f,f,f,f,t,t,0.79,t,1.8,t,81.0,t,0.86,t,94.0,f,,SVHC,-,861028004,0
80.0,F,f,f,f,f,f,f,f,f,f,f,f,f,f,f,t,6.1,f,,t,116.0,t,0.94,t,123.0,f,,SVI,G,861028005,1
33.0,M,f,f,f,f,f,f,f,f,f,f,f,f,f,f,t,1.8,f,,t,166.0,t,1.77,t,94.0,f,,other,I,861028013,1
49.0,F,f,f,f,f,f,f,f,f,f,f,f,f,f,f,f,,f,,t,102.0,t,0.94,t,109.0,f,,other,-,861028052,0
39.0,M,f,f,f,f,f,f,f,f,f,f,f,f,f,f,t,0.04,t,1.0,t,61.0,t,0.77,t,79.0,f,,other,-,861028067,0
48.0,M,f,f,f,f,f,f,f,f,f,f,f,f,f,f,t,1.9,t,1.0,t,60.0,t,0.74,t,81.0,f,,other,-,861028070,0
37.0,M,t,f,f,f,f,f,f,f,f,f,f,f,f,f,t,0.94,t,1.9,t,99.0,t,0.86,t,115.0,f,,other,-,861029001,0
37.0,F,f,f,f,f,f,f,f,f,f,f,f,f,f,f,t,0.03,t,1.8,t,161.0,t,0.81,t,199.0,f,,other,AK,861029002,1
22.0,F,f,f,f,f,f,f,f,f,f,f,f,f,f,f,t,0.91,f,,t,134.0,t,0.91,t,147.0,f,,other,-,861029003,0
93.0,F,f,f,f,f,f,f,f,f,f,f,f,f,f,f,t,0.98,f,,t,88.0,t,0.66,t,133.0,f,,SVI,-,861029004,0
76.0,F,f,f,f,f,f,f,f,f,f,f,f,f,f,f,t,1.8,t,1.6,t,123.0,t,0.96,t,128.0,f,,SVI,-,861029005,0
70.0,F,f,f,f,f,f,f,f,f,f,f,f,f,f,f,t,1.8,t,1.1,t,91.0,t,0.79,t,115.0,f,,SVI,K,861029006,1
44.0,F,f,f,f,f,f,f,f,f,f,f,f,f,f,f,t,2.3,t,1.9,t,74.0,t,0.79,t,94.0,f,,SVHC,-,861029007,0
31.0,M,f,f,f,f,f,f,f,f,f,f,f,f,f,f,t,1.8,t,2.4,t,107.0,t,0.83,t,129.0,f,,SVHC,-,861029020,0
71.0,F,f,f,f,f,f,f,f,f,f,f,f,f,f,f,f,,f,,f,,f,,f,,t,28.0,other,-,861029028,0
71.0,F,f,f,f,f,f,f,f,f,f,f,f,f,f,f,t,2.3,t,2.5,t,160.0,t,1.18,t,136.0,f,,other,I,861029033,1
71.0,M,f,f,f,f,f,f,f,f,t,f,f,f,f,f,f,,f,,f,,f,,f,,t,28.0,other,-,861029050,0
46.0,M,f,f,f,f,f,f,f,f,f,f,f,f,f,f,t,3.2,t,1.1,t,123.0,t,0.94,t,131.0,f,,SVI,K,861029055,1
81.0,F,f,f,f,f,f,f,f,f,f,f,f,f,f,f,t,0.28,t,1.3,t,91.0,t,1.02,t,89.0,f,,SVI,-,861029056,0
77.0,M,f,f,f,f,f,f,f,f,f,f,f,f,f,f,t,2.0,f,,t,97.0,t,0.79,t,123.0,f,,SVI,-,861029060,0
66.0,F,f,f,f,f,f,t,f,t,f,f,f,f,f,f,t,2.0,t,1.8,t,115.0,t,0.97,t,119.0,f,,other,-,861029061,0
56.0,F,t,f,f,f,f,f,f,f,f,f,f,f,f,f,t,1.4,f,,t,111.0,t,0.93,t,119.0,f,,other,-,861029067,0
50.0,F,f,f,f,f,f,f,f,f,f,f,f,f,f,f,f,,f,,f,,f,,f,,t,33.0,other,S,861029070,1
70.0,F,t,f,f,f,f,f,f,f,f,f,f,f,f,f,t,0.03,t,2.1,t,204.0,t,0.93,t,219.0,f,,other,L,861029083,1
10.0,M,f,f,f,f,f,f,f,f,f,f,f,f,f,f,t,2.0,f,,t,98.0,t,0.99,t,99.0,f,,other,-,861030009,0
24.0,F,f,f,f,f,f,f,f,f,f,f,f,f,f,f,t,1.8,f,,t,164.0,t,1.34,t,122.0,f,,other,I,861030010,1
49.0,F,f,f,f,f,f,f,f,f,f,f,f,f,f,f,t,3.4,f,,t,95.0,t,0.87,t,109.0,f,,other,-,861030011,0
31.0,M,f,f,f,f,f,f,f,f,f,f,f,f,f,f,t,1.9,f,,t,108.0,t,0.94,t,115.0,f,,other,-,861030012,0
31.0,M,f,f,f,f,f,f,f,f,f,f,f,f,f,f,t,2.9,f,,t,113.0,t,0.76,t,149.0,f,,other,-,861030013,0
14.0,F,f,f,f,f,f,f,f,f,f,f,f,f,f,f,t,1.5,f,,t,104.0,t,0.98,t,106.0,f,,other,-,861030014,0
66.0,M,f,f,f,f,f,f,f,f,f,f,f,f,f,f,t,2.6,f,,t,85.0,t,0.7,t,121.0,f,,SVI,-,861030016,0
46.0,M,f,f,f,f,f,f,f,f,f,f,f,f,f,f,t,2.2,t,1.3,t,114.0,t,0.84,t,136.0,f,,SVI,-,861030017,0
71.0,F,f,f,f,f,f,f,f,f,f,f,f,f,f,f,t,11.0,t,1.3,t,81.0,t,0.91,t,89.0,f,,other,G,861030018,1
43.0,M,f,f,f,f,f,f,f,f,t,f,f,f,f,f,t,0.005,t,3.0,t,130.0,t,0.84,t,155.0,f,,other,B,861030019,1
30.0,F,t,f,f,f,f,f,f,f,f,f,f,f,f,f,t,1.4,f,,t,143.0,t,0.97,t,147.0,f,,other,-,861030020,0
30.0,,f,f,f,f,f,f,f,f,f,f,f,f,f,f,t,15.0,t,5.6,t,278.0,t,0.78,t,356.0,t,25.0,other,D,861030025,1
60.0,M,t,f,f,f,f,f,f,f,f,f,f,f,f,f,t,0.005,f,,t,155.0,t,0.78,t,199.0,f,,other,N,861030031,1
62.0,F,t,f,f,f,f,f,t,f,f,f,f,f,f,f,t,0.66,t,2.1,t,150.0,t,1.19,t,126.0,f,,other,-,861030032,0
25.0,F,f,f,f,f,f,f,f,f,f,f,f,t,f,f,t,1.0,t,3.2,t,117.0,t,1.11,t,105.0,f,,other,C,861030033,1
47.0,F,t,f,f,f,f,f,f,f,f,f,f,f,f,f,f,,f,,f,,f,,f,,t,25.0,other,-,861030036,0
33.0,F,f,f,f,f,f,f,f,f,f,f,f,f,f,f,t,0.8,t,2.3,t,114.0,t,1.04,t,110.0,f,,other,-,861030044,0
58.0,F,t,f,f,f,f,f,f,f,f,f,f,f,f,f,t,0.29,f,,t,131.0,t,0.99,t,132.0,f,,other,-,861030046,0
58.0,,f,f,f,f,f,f,f,f,f,f,f,f,f,f,t,1.3,t,2.7,t,116.0,t,1.13,t,103.0,f,,SVHC,-,861030057,0
24.0,M,f,t,f,f,f,f,f,f,f,f,f,f,f,f,f,,f,,t,77.0,t,0.95,t,81.0,f,,other,-,861030068,0
24.0,F,f,f,f,f,f,f,f,f,f,f,f,f,f,f,t,3.3,f,,t,146.0,t,1.78,t,82.0,f,,other,I,861030087,1
37.0,F,f,f,f,f,f,f,f,f,f,f,f,f,f,f,t,1.9,f,,t,118.0,t,1.28,t,92.0,f,,other,I,861031007,1
23.0,F,f,f,f,f,f,f,f,f,f,f,f,f,f,f,t,3.6,f,,t,140.0,t,1.5,t,93.0,f,,other,I,861031008,1
26.0,F,f,f,f,f,f,f,f,f,f,f,f,f,f,f,t,1.8,f,,t,122.0,t,1.03,t,119.0,f,,other,-,861031010,0
45.0,M,f,f,f,f,f,f,f,t,f,f,f,f,f,t,t,3.5,f,,t,107.0,t,0.98,t,109.0,f,,other,-,861031013,0
53.0,F,f,f,f,f,f,f,f,t,f,f,f,f,f,f,t,2.0,t,1.5,t,89.0,t,1.03,t,86.0,f,,other,-,861031014,0
70.0,M,t,f,f,f,f,f,f,f,f,f,f,f,f,f,t,7.8,t,1.9,t,52.0,t,0.77,t,68.0,f,,other,M,861031015,1
49.0,F,f,f,f,f,f,f,f,f,t,f,f,f,f,f,t,0.025,t,3.7,t,178.0,f,,f,,f,,other,A,861031031,1
88.0,F,f,f,f,f,f,f,f,f,f,f,f,f,f,f,t,1.5,t,0.8,f,,f,,f,,f,,other,K,861031033,1
33.0,F,f,f,f,f,f,f,f,f,f,f,f,f,f,f,t,1.7,f,,t,103.0,t,1.15,t,90.0,f,,SVI,-,861031035,0
74.0,M,f,f,f,f,f,f,f,f,f,f,f,f,f,f,t,3.5,f,,t,62.0,t,0.78,t,80.0,f,,SVI,-,861031036,0
69.0,F,f,f,f,f,f,f,f,f,f,f,f,f,f,f,t,0.34,t,0.9,t,150.0,t,0.9,t,167.0,f,,SVI,-,861031037,0
70.0,M,f,f,f,f,f,f,f,f,f,f,f,f,f,f,t,0.27,t,0.7,t,117.0,t,0.84,t,139.0,f,,SVI,K,861031038,1
59.0,F,f,f,f,f,f,f,f,f,f,f,f,f,f,f,t,47.0,f,,t,19.0,t,0.94,t,20.0,f,,SVI,F,861031039,1
67.0,F,f,f,f,f,f,f,f,f,f,f,f,f,f,f,t,2.6,f,,t,75.0,t,0.57,t,132.0,f,,other,-,861031040,0
83.0,F,f,f,f,f,f,f,f,f,f,f,f,f,f,f,t,2.2,t,1.5,t,115.0,t,0.84,t,137.0,f,,SVI,-,861031045,0
83.0,F,f,f,f,f,f,f,f,f,t,f,f,f,f,f,t,0.83,f,,t,125.0,t,0.94,t,133.0,f,,other,-,861031068,0
49.0,F,f,f,f,f,f,f,t,f,f,f,f,f,f,f,t,0.27,t,1.8,t,98.0,t,1.08,t,91.0,f,,other,-,861031069,0
49.0,F,f,f,f,f,f,f,f,f,f,f,f,t,f,f,t,2.5,t,2.5,t,100.0,t,1.03,t,97.0,f,,other,-,861103001,0
82.0,F,f,f,f,f,f,f,f,f,f,f,f,f,f,f,t,1.5,f,,t,86.0,t,0.8,t,108.0,f,,SVI,-,861103002,0
59.0,F,f,f,f,f,f,f,f,f,f,f,f,f,f,f,t,2.0,f,,t,117.0,t,1.1,t,106.0,f,,other,-,861103003,0
43.0,F,f,f,f,f,f,f,f,f,f,f,f,f,f,f,t,0.46,f,,t,126.0,t,0.82,t,154.0,f,,other,-,861103004,0
69.0,F,f,f,f,f,f,f,f,t,f,f,f,f,f,f,t,0.035,t,1.4,t,158.0,f,,f,,f,,SVI,AK,861103005,1
40.0,F,f,f,f,f,f,f,f,f,f,f,f,f,f,f,t,1.2,f,,t,157.0,t,1.52,t,103.0,f,,STMW,I,861103011,1
24.0,F,f,f,f,f,t,f,f,f,f,f,f,f,f,f,t,1.2,f,,t,114.0,t,1.11,t,103.0,f,,STMW,-,861103012,0
54.0,F,f,f,f,f,f,f,f,t,f,f,f,f,f,f,t,40.0,t,1.9,t,48.0,t,0.79,t,61.0,f,,other,F,861103013,1
81.0,F,t,f,f,f,f,f,f,f,t,f,f,f,f,f,t,3.9,t,1.4,t,102.0,t,1.02,t,100.0,f,,other,-,861103024,0
86.0,F,f,f,f,f,f,f,f,f,f,f,f,f,f,f,t,2.0,f,,t,127.0,t,1.08,t,118.0,f,,SVHC,-,861103030,0
49.0,M,f,f,f,f,f,f,f,f,f,f,f,f,f,t,t,1.8,f,,t,80.0,t,0.66,t,121.0,f,,SVHC,-,861103031,0
65.0,F,f,f,f,f,f,f,f,f,f,f,f,f,f,f,t,0.035,f,,t,148.0,t,1.03,t,144.0,f,,other,-,861103032,0
65.0,M,f,f,f,f,f,f,f,f,f,f,f,f,f,f,t,1.9,f,,t,86.0,t,0.86,t,100.0,f,,SVHC,-,861103036,0
65.0,F,f,f,f,f,f,f,f,f,f,f,f,f,f,t,t,1.9,f,,t,114.0,t,0.9,t,127.0,f,,SVHC,-,861103037,0
41.0,F,f,f,f,f,f,f,f,f,f,f,f,f,f,f,f,,t,1.7,t,83.0,t,0.79,t,105.0,f,,other,-,861103041,0
32.0,F,t,f,f,f,f,f,f,f,f,f,f,f,f,f,t,177.0,f,,t,72.0,t,1.0,t,72.0,f,,other,M,861103042,1
42.0,F,f,f,f,f,f,f,f,t,t,f,f,f,f,f,f,,t,1.9,f,,f,,f,,f,,other,-,861103050,0
59.0,F,f,f,f,f,f,f,f,f,f,f,f,t,f,f,t,0.83,t,2.3,t,119.0,t,1.11,t,107.0,f,,SVI,-,861104007,0
50.0,F,f,f,f,f,f,t,f,f,f,f,f,f,f,f,t,0.05,f,,t,129.0,t,1.04,t,124.0,f,,other,-,861104008,0
63.0,M,f,f,f,f,f,f,f,f,f,f,f,f,f,f,t,2.6,t,2.5,t,109.0,t,1.07,t,102.0,f,,SVI,-,861104009,0
54.0,F,f,f,f,f,f,f,f,f,f,f,f,f,f,f,t,1.4,f,,t,102.0,t,1.1,t,93.0,f,,SVI,-,861104010,0
28.0,,f,f,f,f,f,f,f,f,f,f,f,f,f,f,t,1.8,t,1.7,t,120.0,t,0.91,t,132.0,f,,other,-,861104011,0
78.0,F,t,f,f,f,f,f,f,f,f,f,f,f,f,f,t,2.8,f,,t,68.0,t,1.0,t,68.0,f,,other,-,861104012,0
76.0,M,f,f,f,f,f,f,f,f,f,f,f,f,f,f,t,0.83,t,2.1,t,134.0,t,1.07,t,125.0,f,,SVI,-,861104013,0
42.0,M,f,f,f,f,f,f,f,f,f,f,f,f,f,f,t,2.7,t,1.7,t,167.0,f,,f,,f,,SVI,R,861104015,1
46.0,F,f,f,f,f,f,f,f,f,f,f,f,f,f,f,t,0.83,f,,t,80.0,t,0.88,t,91.0,f,,SVHC,-,861104016,0
75.0,F,f,f,f,f,f,f,f,f,f,f,f,f,f,f,t,1.7,t,1.6,t,112.0,t,1.14,t,98.0,f,,other,-,861104041,0
75.0,,f,f,f,f,f,f,f,f,f,f,f,f,f,f,t,3.2,t,1.6,t,80.0,t,0.91,t,88.0,f,,other,-,861104043,0
75.0,,f,f,f,f,f,f,f,f,f,f,f,f,f,f,t,1.3,f,,t,118.0,t,0.91,t,130.0,f,,SVHC,-,861104044,0
49.0,F,t,f,f,f,f,f,f,f,f,f,f,f,f,f,t,3.5,t,1.2,t,144.0,t,0.88,t,164.0,f,,SVI,-,861104045,0
65.0,F,f,f,f,f,f,f,f,f,f,f,f,f,f,f,t,0.035,t,2.4,t,152.0,t,0.7,t,217.0,f,,SVI,AK,861104046,1
67.0,F,f,f,f,f,f,f,f,f,f,f,f,f,f,f,t,8.099999,f,,t,110.0,t,0.91,t,121.0,f,,SVI,G,861104048,1
79.0,F,t,f,f,f,f,f,f,f,f,f,f,f,f,f,t,1.1,f,,t,137.0,t,1.05,t,131.0,f,,other,-,861104060,0
35.0,F,f,f,f,f,f,f,f,f,f,f,f,f,f,f,f,,f,,t,226.0,t,0.93,t,243.0,f,,other,A,861104061,1
67.0,F,f,f,f,f,f,f,f,f,f,f,f,f,f,f,t,1.0,t,2.2,t,204.0,t,1.46,t,140.0,f,,other,I,861104069,1
60.0,F,f,f,f,t,f,f,f,f,f,f,f,f,f,f,t,0.81,t,1.6,t,99.0,f,,f,,f,,SVHD,-,861105013,0
69.0,F,t,f,f,f,f,f,f,f,f,f,f,f,f,f,t,0.02,f,,t,102.0,t,0.77,t,133.0,f,,other,-,861105026,0
69.0,F,f,f,f,f,f,f,f,f,f,f,f,f,f,f,t,3.1,f,,t,97.0,t,1.02,t,95.0,f,,other,-,861105044,0
78.0,F,f,f,f,f,f,f,f,f,f,f,f,f,f,f,t,2.4,f,,t,108.0,t,1.09,t,99.0,f,,SVI,-,861105045,0
73.0,F,f,f,f,f,f,f,f,f,f,f,f,f,f,f,t,0.02,f,,t,143.0,t,1.0,t,143.0,f,,SVI,-,861105047,0
85.0,F,f,f,f,f,f,f,f,f,t,f,f,f,f,f,t,13.0,f,,t,120.0,t,0.88,t,136.0,f,,other,G,861105048,1
74.0,F,f,f,f,f,f,f,f,f,f,f,f,f,f,f,t,1.1,t,1.7,t,102.0,t,0.98,t,104.0,f,,other,-,861105049,0
65.0,F,f,f,f,f,f,f,f,f,f,f,f,f,f,f,t,14.0,f,,t,57.0,t,0.83,t,69.0,f,,SVI,-,861105050,0
82.0,F,t,f,f,t,f,f,f,f,f,f,f,f,f,f,t,4.7,t,1.4,t,98.0,t,0.91,t,108.0,f,,other,-,861105051,0
68.0,F,f,f,f,f,f,f,f,f,t,f,f,f,f,f,t,0.8,t,1.8,t,69.0,t,0.85,t,82.0,f,,other,-,861105056,0
47.0,M,t,f,f,f,f,f,f,f,f,f,f,f,f,f,t,0.5,t,1.3,t,92.0,t,0.78,t,118.0,f,,other,-,861105057,0
68.0,F,f,f,f,f,f,f,f,f,f,f,f,f,f,f,t,1.9,f,,t,140.0,t,0.96,t,146.0,f,,other,-,861106002,0
76.0,F,f,f,f,f,f,f,f,f,f,f,f,f,f,f,t,6.5,t,1.2,t,169.0,t,0.99,t,171.0,f,,other,R,861106003,1
82.0,F,f,f,f,f,f,f,f,f,f,f,f,f,f,f,t,1.6,t,0.83,t,104.0,t,0.77,t,135.0,f,,SVI,K,861106004,1
67.0,M,f,f,f,f,f,f,f,f,f,f,f,f,f,f,t,7.6,f,,t,107.0,t,1.02,t,105.0,f,,other,G,861106005,1
67.0,F,f,f,f,f,f,f,f,f,f,f,f,f,f,f,t,10.0,f,,t,155.0,t,1.5,t,103.0,f,,other,-,861106006,0
67.0,,f,f,f,f,f,f,f,f,f,f,f,f,f,f,t,2.1,t,2.3,t,138.0,t,1.24,t,111.0,t,39.0,other,-,861106016,0
65.0,F,f,f,f,f,f,f,f,f,f,f,f,f,f,f,t,0.02,f,,t,161.0,t,1.02,t,158.0,f,,other,A,861106018,1
48.0,,t,f,f,f,f,f,f,f,f,f,f,f,f,f,t,1.9,t,0.69,t,115.0,t,0.8,t,144.0,f,,other,-,861106020,0
56.0,F,t,f,f,f,f,f,f,f,f,f,f,f,f,f,t,0.02,t,1.9,t,98.0,t,0.65,t,151.0,f,,other,-,861106021,0
43.0,M,f,f,f,f,f,f,f,f,f,f,f,f,f,f,f,,t,1.4,t,66.0,t,0.78,t,85.0,f,,other,-,861106024,0
55.0,M,f,f,f,f,f,f,f,f,f,f,f,f,f,f,t,1.8,t,0.93,t,89.0,t,0.66,t,135.0,f,,SVI,K,861106053,1
74.0,F,f,f,f,f,f,f,f,f,f,f,f,f,f,f,t,1.3,f,,t,86.0,t,1.01,t,85.0,f,,other,-,861106054,0
53.0,M,f,f,f,f,f,f,f,f,f,f,f,f,f,f,t,1.6,f,,t,97.0,t,1.05,t,93.0,f,,other,-,861106057,0
62.0,F,t,f,f,f,f,f,f,f,f,f,f,f,f,f,t,0.4,t,2.5,t,129.0,t,1.04,t,124.0,f,,other,-,861106071,0
44.0,F,t,f,f,f,f,f,f,f,f,f,f,f,f,f,t,1.8,t,2.1,t,163.0,t,1.2,t,136.0,f,,other,-,861106085,0
46.0,F,f,f,f,f,f,f,f,f,f,f,f,f,f,f,t,2.6,f,,t,101.0,t,1.04,t,97.0,f,,other,-,861106090,0
45.0,M,t,f,f,f,f,f,f,f,f,f,f,f,f,f,t,1.1,f,,t,106.0,t,0.96,t,110.0,f,,other,-,861106091,0
67.0,F,f,f,f,f,f,t,f,f,f,f,f,f,f,f,t,2.5,f,,t,103.0,t,0.74,t,139.0,f,,SVI,-,861107002,0
54.0,M,f,f,f,f,f,f,f,f,f,f,f,t,f,f,t,3.2,t,2.2,t,107.0,t,1.0,t,107.0,f,,other,-,861107003,0
62.0,F,f,f,f,f,f,f,f,f,f,f,f,f,f,f,t,1.0,t,1.3,t,79.0,t,0.76,t,104.0,f,,SVI,-,861107013,0
58.0,M,f,f,f,f,f,f,f,f,f,f,f,f,f,f,t,1.1,f,,t,65.0,t,0.96,t,68.0,f,,other,-,861107015,0
60.0,M,f,f,f,f,f,f,f,f,f,f,f,f,f,f,t,3.4,t,1.2,t,106.0,t,1.1,t,96.0,f,,SVI,-,861107016,0
38.0,F,f,f,t,f,f,f,f,f,f,f,f,f,f,f,t,0.02,t,2.1,t,144.0,t,1.06,t,136.0,f,,other,-,861107030,0
18.0,F,t,f,f,f,f,f,f,f,t,f,f,f,f,f,t,1.3,t,3.3,t,163.0,t,1.53,t,107.0,f,,other,-,861107032,0
63.0,F,t,f,f,f,f,f,f,f,f,f,f,t,f,f,t,0.02,t,1.6,t,183.0,t,1.03,t,178.0,f,,other,N,861107034,1
57.0,F,t,f,f,f,f,f,f,f,f,f,f,f,f,f,t,2.8,f,,t,110.0,t,0.94,t,117.0,f,,other,-,861107035,0
30.0,F,f,f,f,f,f,f,f,f,f,f,f,f,f,t,t,0.25,f,,t,102.0,t,0.76,t,134.0,f,,SVHC,-,861107057,0
52.0,M,f,f,f,f,f,f,f,f,f,f,f,f,f,f,t,2.2,t,1.9,t,88.0,t,1.04,t,85.0,f,,other,-,861107058,0
64.0,F,f,f,f,f,f,f,f,f,f,f,f,f,f,f,t,1.3,f,,t,115.0,t,0.7,t,164.0,f,,SVHC,-,861107059,0
25.0,F,f,f,f,f,f,f,f,f,f,f,f,f,f,f,f,,f,,t,83.0,t,0.83,t,100.0,f,,other,-,861107075,0
75.0,M,f,f,f,f,f,f,f,f,f,f,f,f,f,f,t,0.69,f,,t,117.0,t,1.0,t,117.0,f,,SVI,-,861110002,0
28.0,F,f,f,f,f,t,f,f,f,t,f,f,f,f,f,t,0.02,f,,t,106.0,t,1.23,t,86.0,f,,STMW,-,861110009,0
50.0,F,f,f,f,f,f,f,f,f,t,f,f,f,f,f,t,0.5,t,0.8,t,123.0,t,1.17,t,105.0,f,,SVI,K,861110013,1
23.0,F,f,f,f,f,f,f,f,f,f,f,f,f,f,f,t,0.41,f,,t,197.0,t,1.76,t,112.0,f,,STMW,I,861110019,1
59.0,F,t,f,f,f,f,f,t,f,f,f,f,f,f,f,t,0.59,t,1.9,t,143.0,f,,f,,f,,other,-,861110020,0
34.0,F,f,f,t,f,f,f,f,f,t,f,f,f,f,f,t,2.5,t,2.3,t,113.0,t,1.06,t,107.0,f,,other,-,861110021,0
67.0,M,f,f,f,f,f,f,f,f,f,f,f,f,f,f,t,0.77,f,,t,135.0,t,1.16,t,116.0,f,,SVI,-,861110023,0
67.0,F,t,f,f,f,f,f,f,f,f,f,f,f,f,f,t,1.3,f,,t,131.0,t,0.97,t,135.0,f,,other,-,861110038,0
33.0,F,f,f,f,f,f,f,f,f,f,f,f,f,f,f,t,6.6,f,,t,114.0,t,0.93,t,123.0,f,,other,G,861110061,1
66.0,M,f,f,f,f,f,f,f,f,f,f,f,f,f,f,t,8.299999,f,,t,94.0,t,0.95,t,99.0,f,,SVI,G,861110062,1
35.0,F,f,f,f,f,f,f,f,f,f,f,f,f,f,f,t,1.7,f,,t,90.0,t,0.84,t,107.0,f,,other,-,861110063,0
35.0,M,t,f,f,f,f,f,f,f,f,t,f,f,f,t,t,1.7,f,,t,83.0,t,1.12,t,74.0,f,,SVI,-,861110065,0
17.0,M,f,f,f,f,f,f,f,f,f,f,f,f,f,t,t,1.0,t,1.5,t,103.0,t,0.88,t,117.0,f,,SVHC,-,861110066,0
59.0,F,f,f,f,f,f,f,f,f,f,f,f,f,f,t,t,1.7,t,2.1,t,142.0,t,1.28,t,111.0,f,,SVHC,-,861110068,0
39.0,F,t,f,f,f,f,f,f,f,f,f,f,f,f,f,t,2.1,t,1.1,t,84.0,t,0.98,t,86.0,f,,other,-,861110071,0
54.0,M,f,t,f,f,f,f,f,f,f,f,f,f,f,f,f,,f,,t,85.0,t,0.89,t,96.0,f,,other,-,861110072,0
27.0,F,f,f,f,f,f,t,f,f,f,f,f,f,f,f,t,0.01,t,3.2,t,163.0,t,1.1,t,148.0,f,,other,-,861110075,0
27.0,F,f,f,f,f,f,f,f,f,f,f,f,f,f,f,t,0.52,t,2.3,t,102.0,t,0.94,t,109.0,f,,other,-,861110078,0
27.0,F,t,f,f,f,f,f,f,f,f,f,f,f,f,f,t,1.3,t,1.8,t,160.0,t,1.12,t,143.0,f,,other,-,861111004,0
39.0,M,f,f,f,f,f,f,f,f,f,f,f,f,f,f,t,0.01,f,,t,98.0,t,0.75,t,131.0,f,,other,-,861111005,0
48.0,M,f,f,f,f,f,f,f,f,f,f,f,f,f,f,t,0.04,t,1.5,t,81.0,t,1.01,t,80.0,f,,other,-,861111006,0
17.0,M,f,f,f,f,f,f,f,f,f,f,f,f,f,f,t,0.8,f,,t,77.0,t,0.91,t,85.0,f,,SVI,-,861111011,0
62.0,M,f,f,f,f,f,f,f,f,f,f,f,f,f,f,t,1.6,f,,t,74.0,t,0.73,t,101.0,f,,SVI,-,861111012,0
63.0,F,f,f,f,f,f,f,f,f,f,f,f,f,f,f,t,5.4,f,,t,88.0,t,1.01,t,87.0,f,,other,-,861111013,0
30.0,F,t,f,f,f,f,f,f,f,f,f,f,f,f,f,t,3.3,f,,t,176.0,t,1.57,t,112.0,f,,other,-,861111019,0
46.0,F,t,f,f,f,f,f,f,f,f,f,f,f,f,f,t,0.06,f,,t,161.0,t,0.99,t,163.0,f,,other,L,861111032,1
15.0,M,f,f,f,f,f,f,f,f,f,f,f,f,f,f,t,1.5,f,,t,99.0,t,1.05,t,94.0,f,,other,-,861111057,0
75.0,F,f,f,f,f,f,f,f,f,f,f,f,f,f,f,t,11.0,t,1.0,t,99.0,t,0.92,t,108.0,f,,other,GK,861111058,1
19.0,M,f,f,f,f,f,f,f,f,f,f,f,f,f,f,t,0.56,f,,t,82.0,t,0.59,t,139.0,f,,SVI,-,861111060,0
48.0,F,f,f,f,f,f,f,f,f,f,f,f,f,f,f,t,1.1,f,,t,91.0,t,1.04,t,88.0,f,,other,-,861111061,0
78.0,F,f,f,f,f,f,f,f,f,f,f,f,f,f,f,t,3.7,f,,t,114.0,t,0.92,t,124.0,f,,SVI,-,861111062,0
42.0,F,f,f,f,f,f,f,f,t,f,f,f,f,f,f,t,1.7,f,,t,95.0,t,0.86,t,110.0,f,,other,-,861111063,0
46.0,F,f,f,f,f,f,f,f,f,f,f,f,f,f,f,t,2.7,f,,t,91.0,t,0.96,t,95.0,f,,other,-,861112006,0
37.0,F,f,f,f,f,f,f,f,f,f,f,f,f,f,f,t,1.9,f,,t,108.0,t,0.93,t,116.0,f,,other,-,861112007,0
37.0,,f,f,f,f,f,f,f,f,f,f,f,f,f,f,t,2.7,t,3.5,t,207.0,f,,f,,f,,other,I,861112008,1
71.0,M,f,f,f,f,f,f,f,f,f,f,f,f,f,t,t,2.4,t,2.5,t,93.0,t,1.07,t,87.0,f,,SVHC,-,861112009,0
56.0,F,f,f,f,f,f,f,f,f,t,f,f,f,f,f,t,65.0,f,,t,49.0,t,0.95,t,52.0,f,,other,F,861112010,1
75.0,F,f,f,f,t,f,f,f,f,t,f,f,f,f,f,t,1.1,t,1.7,t,103.0,t,0.77,t,134.0,f,,SVHD,-,861112012,0
64.0,,f,f,f,f,f,f,f,f,f,t,f,f,f,f,t,1.3,f,,t,125.0,t,0.94,t,133.0,f,,SVHC,-,861112013,0
47.0,M,f,f,f,f,f,f,f,f,f,f,f,f,f,f,t,3.2,f,,t,119.0,t,1.04,t,114.0,f,,other,-,861112014,0
74.0,F,f,f,f,f,f,f,f,f,f,f,f,f,f,f,t,1.8,t,2.3,t,114.0,t,1.1,t,104.0,f,,SVI,-,861112041,0
83.0,M,f,f,f,f,f,f,f,f,f,f,f,f,f,f,t,3.5,t,1.8,t,131.0,t,1.22,t,107.0,f,,SVI,-,861112042,0
69.0,F,f,f,f,f,f,f,f,f,f,f,f,f,f,f,t,1.3,t,2.5,t,147.0,t,0.89,t,165.0,f,,SVI,R,861112043,1
63.0,M,f,f,f,f,f,f,f,f,f,f,f,f,f,f,t,0.88,f,,t,139.0,t,0.95,t,146.0,f,,other,-,861112044,0
67.0,M,f,f,f,f,f,f,f,f,f,f,f,f,f,f,t,5.6,f,,t,85.0,t,0.94,t,90.0,f,,SVI,-,861112045,0
60.0,M,f,f,f,f,f,f,f,f,f,f,f,f,f,f,t,7.0,f,,t,96.0,t,0.93,t,103.0,f,,SVI,G,861112046,1
75.0,M,f,f,f,f,f,f,f,f,f,f,f,f,f,f,t,1.5,t,0.5,t,53.0,t,1.25,t,42.0,f,,SVI,K,861112047,1
44.0,F,t,f,f,f,f,f,f,t,f,f,f,f,f,f,t,2.6,t,1.4,t,88.0,t,0.79,t,111.0,f,,other,-,861112049,0
71.0,F,f,f,f,t,f,f,f,f,f,f,f,f,f,f,t,1.5,t,2.0,t,141.0,t,1.03,t,137.0,f,,other,-,861112054,0
71.0,F,f,f,f,f,f,f,f,f,f,f,f,f,f,f,t,0.86,t,1.5,t,150.0,t,0.93,t,161.0,f,,SVI,R,861112055,1
86.0,F,f,f,f,f,f,f,f,f,f,f,f,f,f,f,t,6.7,t,1.6,t,121.0,t,0.88,t,138.0,f,,other,G,861112056,1
86.0,F,f,f,f,f,f,f,f,f,f,f,f,f,f,f,t,1.5,t,2.1,t,64.0,t,0.7,t,91.0,f,,SVHC,-,861113001,0
24.0,M,f,f,f,f,f,f,f,f,f,f,f,f,f,t,t,2.7,t,2.4,t,139.0,t,0.98,t,142.0,f,,SVHC,-,861113003,0
48.0,F,f,f,f,t,f,f,f,f,f,f,f,f,f,t,t,2.9,t,2.8,t,122.0,t,1.19,t,103.0,f,,SVHC,-,861113004,0
65.0,M,f,f,f,t,f,f,f,f,f,f,f,f,f,f,t,23.0,f,,t,78.0,t,0.92,t,85.0,f,,other,G,861113005,1
77.0,F,f,f,f,f,f,f,f,f,f,f,f,f,f,f,t,1.1,t,2.1,t,84.0,t,0.9,t,93.0,f,,SVHC,-,861113007,0
77.0,M,f,f,f,f,f,f,f,f,f,f,f,f,f,f,t,2.5,t,0.4,t,99.0,t,0.8,t,124.0,f,,other,-,861113008,0
50.0,F,f,f,f,f,f,f,f,f,f,f,f,f,f,t,t,1.8,t,2.4,t,116.0,t,0.97,t,120.0,f,,SVHC,-,861113009,0
68.0,M,f,f,f,f,f,f,f,f,f,f,f,f,f,t,t,0.06,t,2.4,t,152.0,t,1.16,t,131.0,f,,SVHC,-,861113010,0
70.0,,f,f,f,f,f,f,f,f,f,f,f,f,f,f,t,3.1,f,,t,124.0,t,1.1,t,113.0,f,,other,-,861113011,0
64.0,F,f,f,f,f,f,f,t,f,f,f,f,f,f,f,t,1.8,t,2.1,t,97.0,t,1.04,t,93.0,f,,other,-,861113014,0
70.0,F,t,f,f,f,f,f,t,t,f,f,f,f,f,f,t,4.0,t,1.8,t,109.0,t,0.82,t,133.0,f,,other,-,861113016,0
67.0,F,f,f,t,f,f,f,t,f,t,f,f,f,f,f,t,0.035,t,2.4,t,137.0,t,0.85,t,161.0,f,,other,R,861113017,1
74.0,F,t,f,f,f,f,f,f,f,f,f,f,f,f,f,t,0.37,f,,t,131.0,t,0.84,t,156.0,f,,other,-,861113018,0
24.0,M,f,f,f,f,f,f,f,f,f,f,f,f,f,f,t,0.92,t,2.5,t,99.0,t,0.97,t,102.0,f,,SVHC,-,861113026,0
69.0,M,f,f,f,f,f,f,f,f,f,f,f,f,f,f,t,2.3,t,1.8,t,84.0,t,1.24,t,68.0,f,,SVI,-,861113027,0
42.0,F,t,f,f,f,f,f,f,f,f,f,f,f,f,f,t,2.2,t,1.7,t,105.0,t,0.91,t,115.0,f,,other,-,861113029,0
50.0,F,t,f,f,f,f,f,f,f,f,f,f,f,f,f,t,0.17,f,,t,152.0,t,1.3,t,117.0,f,,other,-,861113037,0
45.0,M,f,f,f,t,f,f,f,f,f,f,f,f,f,f,f,,f,,t,131.0,t,1.04,t,126.0,f,,other,-,861113052,0
72.0,M,f,f,f,f,f,f,f,f,f,f,f,f,f,f,t,0.56,f,,t,94.0,t,0.61,t,154.0,f,,SVI,-,861114014,0
69.0,F,f,f,f,f,f,f,f,f,t,f,f,f,f,f,t,0.95,t,2.2,t,134.0,t,0.9,t,149.0,f,,SVI,-,861114017,0
51.0,F,f,f,f,f,f,f,f,f,f,t,f,f,f,f,t,1.4,f,,t,148.0,t,1.07,t,138.0,f,,SVHC,-,861114027,0
45.0,F,f,f,f,f,f,f,f,f,f,f,f,f,f,f,t,4.1,f,,t,125.0,t,1.05,t,119.0,f,,other,-,861114028,0
61.0,F,f,f,f,f,f,f,f,f,f,f,f,f,f,f,t,1.0,f,,t,173.0,t,1.62,t,107.0,f,,other,I,861114039,1
72.0,F,f,f,f,f,f,f,f,f,f,f,f,f,f,f,t,3.2,f,,t,97.0,t,0.95,t,102.0,f,,other,-,861114042,0
19.0,F,f,f,f,f,f,f,f,f,f,f,f,f,f,f,t,2.5,t,2.7,t,137.0,t,1.14,t,120.0,f,,other,-,861114055,0
55.0,F,f,f,f,f,f,f,f,f,f,f,f,f,f,f,f,,f,,t,91.0,t,1.05,t,87.0,f,,other,-,861114062,0
22.0,F,f,f,f,f,t,f,f,f,t,f,f,f,f,f,t,1.9,f,,t,182.0,t,1.95,t,93.0,f,,STMW,I,861114072,1
2.0,F,t,f,f,f,f,f,f,t,f,f,f,f,f,f,t,4.1,f,,t,155.0,t,1.04,t,149.0,f,,STMW,-,861114073,0
57.0,F,f,f,f,f,f,f,f,f,f,f,f,f,f,f,f,,f,,t,160.0,t,1.05,t,152.0,f,,other,-,861114078,0
42.0,F,f,f,f,f,f,f,f,f,t,f,f,f,f,f,f,,t,2.3,f,,f,,f,,f,,other,-,861114081,0
42.0,F,f,f,f,f,f,f,f,f,f,f,f,f,f,f,t,0.005,f,,t,178.0,t,0.71,t,251.0,f,,other,A,861114085,1
42.0,F,f,f,f,f,f,f,f,f,t,f,f,f,f,f,t,3.5,t,1.5,t,83.0,t,0.92,t,90.0,f,,other,-,861114086,0
26.0,M,f,f,f,f,f,f,t,f,f,f,f,f,f,f,t,198.0,f,,t,5.0,t,0.95,t,5.5,f,,other,F,861117002,1
26.0,M,f,f,f,f,f,f,t,f,f,f,f,f,f,f,f,,t,1.8,f,,f,,f,,f,,other,-,861117003,0
81.0,F,f,f,f,f,f,f,f,f,t,f,f,f,f,f,t,8.2,t,0.9,t,128.0,t,0.91,t,141.0,f,,other,GK,861117006,1
64.0,F,f,f,f,f,f,f,f,f,t,f,f,f,f,f,t,0.09,t,2.3,t,114.0,t,0.93,t,123.0,f,,other,-,861117007,0
20.0,F,f,f,f,f,f,f,f,f,f,f,f,f,f,f,t,1.4,f,,t,121.0,t,1.29,t,94.0,f,,other,I,861117010,1
32.0,M,f,f,f,f,f,f,f,f,f,f,f,f,f,f,f,,f,,f,,f,,f,,t,15.0,other,-,861117018,0
49.0,F,f,f,f,f,f,f,f,f,t,f,f,f,f,f,t,6.0,t,2.6,t,128.0,t,1.25,t,102.0,f,,SVI,-,861117020,0
65.0,F,f,f,f,f,f,f,f,f,f,f,f,f,f,f,t,1.0,t,1.4,t,129.0,t,1.0,t,129.0,f,,SVI,-,861117025,0
65.0,M,f,f,f,f,f,f,f,f,f,f,f,f,f,f,t,1.0,f,,t,101.0,t,0.83,t,122.0,f,,other,-,861117026,0
49.0,F,f,f,f,f,f,f,f,t,t,f,f,f,f,f,f,,t,3.9,t,240.0,t,1.25,t,192.0,f,,other,A,861117027,1
83.0,F,f,f,f,f,f,f,f,f,f,f,f,f,f,f,t,0.09,f,,t,102.0,t,0.93,t,110.0,f,,other,-,861117033,0
83.0,F,f,f,f,f,f,f,f,f,f,f,f,f,f,f,t,1.7,f,,t,123.0,t,0.97,t,127.0,f,,other,-,861117034,0
64.0,F,f,f,f,f,f,f,f,t,f,f,f,f,f,f,t,38.0,t,1.2,t,60.0,t,1.03,t,58.0,f,,SVI,F,861117035,1
84.0,F,f,f,f,t,f,f,f,f,f,f,f,f,f,f,t,2.8,t,0.2,t,94.0,t,0.81,t,116.0,f,,other,K,861117036,1
79.0,F,f,f,f,t,f,f,f,f,f,f,f,f,f,f,t,4.8,t,0.7,t,77.0,f,,f,,f,,other,K,861117037,1
79.0,F,f,f,f,f,f,f,f,f,f,f,f,f,f,f,t,1.2,f,,t,140.0,t,1.17,t,120.0,f,,other,-,861117038,0
21.0,F,f,f,f,f,f,f,f,f,f,f,f,f,f,f,t,9.5,t,2.1,t,140.0,t,1.49,t,94.0,f,,other,G,861117039,1
21.0,,f,f,f,f,f,f,f,f,f,f,f,f,f,f,t,1.4,t,1.6,t,63.0,t,0.85,t,74.0,t,22.0,other,-,861117041,0
49.0,F,f,f,f,f,f,f,f,f,f,f,f,f,f,f,f,,f,,t,118.0,t,0.88,t,134.0,f,,other,-,861117049,0
54.0,F,t,f,f,f,f,f,f,f,f,f,f,f,f,f,t,0.09,f,,t,134.0,t,0.99,t,135.0,f,,other,-,861117051,0
60.0,F,t,f,f,f,f,f,f,f,f,f,f,f,f,f,t,0.09,t,1.9,t,142.0,t,0.98,t,145.0,f,,other,-,861117052,0
60.0,M,f,f,f,f,f,f,f,f,f,f,f,f,f,f,t,1.9,f,,t,121.0,t,1.03,t,117.0,f,,other,-,861117062,0
74.0,F,f,f,f,f,f,f,f,f,f,f,f,f,f,f,t,5.5,f,,t,126.0,t,1.16,t,109.0,f,,SVI,-,861117063,0
50.0,M,f,f,f,f,f,f,f,t,f,f,f,f,f,f,t,3.5,t,2.1,t,177.0,t,1.0,t,177.0,f,,SVI,R,861117064,1
48.0,M,f,f,f,f,f,f,f,f,f,f,f,f,f,f,t,4.3,t,1.8,t,72.0,t,0.9,t,80.0,f,,other,-,861117070,0
48.0,,f,f,f,f,f,f,f,f,f,f,f,f,f,f,f,,f,,t,207.0,t,1.66,t,125.0,f,,other,I,861118002,1
48.0,,f,f,f,f,f,f,f,f,f,f,f,f,f,f,t,2.4,f,,t,111.0,t,0.99,t,112.0,f,,other,-,861118005,0
41.0,F,f,f,f,f,f,f,f,f,f,f,f,f,f,f,t,1.2,f,,t,110.0,t,1.0,t,110.0,f,,other,-,861118006,0
41.0,,f,f,f,f,f,f,f,f,f,f,f,f,f,t,t,1.0,f,,t,78.0,t,0.75,t,104.0,f,,SVHC,-,861118007,0
47.0,F,f,f,f,f,f,f,f,f,f,f,f,f,f,f,t,1.4,t,1.4,t,96.0,t,0.87,t,110.0,f,,other,-,861118008,0
25.0,F,f,f,f,f,f,f,f,f,f,f,f,f,f,t,t,2.1,f,,t,117.0,t,0.88,t,133.0,f,,SVHC,-,861118009,0
67.0,M,f,f,f,f,f,f,f,f,f,f,f,f,f,t,t,2.4,f,,t,127.0,t,1.09,t,117.0,f,,SVHC,-,861118010,0
28.0,F,f,f,f,f,f,f,f,f,f,f,f,f,f,f,t,1.3,f,,t,75.0,t,0.68,t,110.0,f,,STMW,-,861118022,0
30.0,F,f,f,f,f,f,f,f,f,f,f,f,f,f,f,t,0.47,f,,t,185.0,t,1.7,t,109.0,f,,STMW,I,861118023,1
45.0,F,f,f,f,f,f,f,f,f,f,f,f,f,f,f,f,,f,,f,,f,,f,,t,26.0,other,-,861118029,0
61.0,F,f,f,f,f,f,f,f,f,f,f,f,f,f,f,f,,t,3.2,t,198.0,t,1.55,t,128.0,f,,other,I,861118044,1
18.0,M,t,f,f,f,f,f,f,f,f,f,f,f,f,f,t,0.33,f,,t,154.0,t,0.86,t,179.0,f,,other,L,861118046,1
41.0,F,f,f,f,f,f,f,f,f,f,f,f,f,f,f,t,7.3,f,,t,127.0,t,0.9,t,141.0,f,,other,G,861118066,1
54.0,M,f,f,f,f,f,f,f,f,f,f,f,f,f,f,t,1.6,f,,t,96.0,t,0.86,t,112.0,f,,other,-,861118067,0
48.0,M,f,f,f,f,f,f,f,f,f,f,f,f,f,f,t,1.5,f,,t,81.0,t,0.74,t,109.0,f,,other,-,861118068,0
69.0,M,f,f,f,f,f,f,f,t,f,f,f,f,f,f,t,24.0,f,,t,75.0,t,0.84,t,89.0,f,,SVI,G,861118069,1
62.0,F,f,f,f,t,f,f,f,f,f,f,f,f,f,f,t,2.1,f,,t,137.0,t,0.89,t,154.0,f,,other,-,861118070,0
62.0,,f,f,f,f,f,f,f,f,f,f,f,t,f,f,t,3.3,f,,t,149.0,t,1.33,t,112.0,f,,other,I,861118071,1
46.0,M,f,f,f,f,f,f,f,t,f,f,f,f,f,f,t,1.8,f,,t,116.0,t,0.94,t,123.0,f,,SVI,-,861118072,0
75.0,F,f,f,f,f,f,f,f,f,f,f,f,f,f,f,f,,t,1.4,t,102.0,t,0.84,t,121.0,f,,SVI,-,861118073,0
41.0,,f,f,f,f,f,f,f,f,f,f,f,f,f,t,t,1.4,f,,t,101.0,t,1.01,t,100.0,f,,SVHC,-,861118074,0
58.0,F,f,f,f,t,f,f,f,f,t,f,f,f,f,f,t,1.0,t,1.8,t,112.0,t,0.72,t,156.0,f,,other,R,861119003,1
60.0,F,f,f,f,f,f,f,f,f,f,f,f,f,f,t,t,3.1,t,1.8,t,95.0,t,0.91,t,104.0,f,,other,-,861119004,0
72.0,M,f,f,f,f,f,f,f,f,f,f,f,f,f,f,t,1.3,f,,t,96.0,t,0.66,t,145.0,f,,other,-,861119013,0
51.0,F,f,f,f,f,f,f,f,f,f,f,f,f,f,f,t,0.31,t,3.6,t,175.0,t,0.99,t,177.0,f,,other,I,861119038,1
59.0,F,t,f,f,f,f,f,f,f,f,f,f,f,f,f,t,2.6,f,,t,93.0,t,0.8,t,116.0,f,,other,-,861119039,0
76.0,F,t,f,f,f,f,t,f,f,f,f,f,f,f,f,t,0.35,t,1.4,t,139.0,t,0.92,t,151.0,f,,other,-,861119041,0
64.0,F,t,f,f,f,f,f,f,f,f,f,f,f,f,f,t,0.49,t,1.6,t,97.0,t,0.79,t,123.0,f,,other,-,861119042,0
36.0,F,f,f,f,f,f,f,f,f,f,f,f,f,f,t,t,1.5,f,,t,131.0,t,1.01,t,130.0,f,,SVHC,-,861119044,0
67.0,M,f,f,f,f,f,f,f,f,f,f,f,f,f,f,t,1.2,t,1.2,t,123.0,t,0.9,t,137.0,f,,SVI,-,861119045,0
56.0,F,t,f,f,f,f,f,f,f,f,f,f,f,f,f,t,0.025,t,1.5,t,114.0,t,0.7,t,163.0,f,,other,L,861119047,1
70.0,M,f,f,f,f,f,f,f,f,f,f,f,f,f,f,t,1.8,t,1.5,t,59.0,t,0.79,t,75.0,f,,SVI,-,861119051,0
61.0,F,f,f,f,f,f,f,f,f,f,f,f,f,f,f,t,4.8,f,,t,93.0,t,0.85,t,109.0,f,,SVI,-,861119052,0
20.0,F,f,f,f,f,f,f,f,f,f,f,f,f,f,f,t,1.9,f,,t,173.0,t,1.32,t,131.0,f,,other,I,861119053,1
72.0,F,f,f,f,f,f,f,f,f,f,f,f,f,f,f,t,0.9,f,,t,153.0,t,0.99,t,155.0,f,,SVI,-,861119054,0
69.0,M,f,f,f,f,f,f,f,f,f,f,f,f,f,f,t,1.7,t,2.0,t,154.0,t,1.31,t,118.0,f,,other,-,861119055,0
69.0,M,f,f,f,f,f,f,f,f,f,f,f,f,f,f,t,2.1,f,,t,102.0,t,0.66,t,155.0,f,,other,-,861119056,0
69.0,F,f,f,f,f,f,f,f,f,f,f,f,f,f,f,t,1.8,t,2.0,t,78.0,f,,f,,f,,other,-,861119062,0
53.0,M,f,f,f,f,f,f,f,f,f,f,f,f,f,f,t,0.025,t,2.5,t,134.0,t,0.88,t,152.0,f,,SVI,-,861120002,0
68.0,F,f,f,f,f,f,f,f,f,f,f,f,f,f,f,t,2.3,t,1.4,t,85.0,t,0.87,t,98.0,f,,other,-,861120003,0
42.0,M,t,f,f,f,f,f,f,t,f,t,f,f,f,f,t,0.82,t,2.1,t,121.0,t,0.77,t,157.0,f,,SVHC,-,861120004,0
56.0,M,f,f,f,f,f,f,f,f,f,f,f,f,f,f,f,,f,,t,113.0,t,0.93,t,122.0,f,,other,-,861120007,0
59.0,F,f,f,f,f,f,f,f,f,f,f,f,f,f,f,t,73.0,f,,t,43.0,t,0.85,t,51.0,f,,other,F,861120010,1
52.0,F,t,t,f,f,f,f,f,f,f,f,f,f,f,f,f,,f,,t,105.0,t,0.83,t,127.0,f,,other,-,861120013,0
21.0,M,t,f,f,f,f,f,f,f,f,f,f,f,f,f,t,0.025,t,2.3,t,119.0,t,0.79,t,151.0,f,,other,-,861120018,0
43.0,F,t,f,f,f,f,f,f,f,f,f,f,f,f,f,f,,f,,f,,f,,f,,t,116.0,other,S,861120020,1
60.0,F,f,f,f,f,f,f,f,f,f,f,f,f,f,f,t,3.0,f,,t,100.0,t,0.76,t,132.0,f,,SVI,-,861120036,0
68.0,F,f,f,f,f,f,f,f,f,f,f,f,f,f,f,t,1.7,f,,t,95.0,t,0.83,t,114.0,f,,SVI,-,861120037,0
67.0,M,f,f,f,f,f,f,f,f,f,f,f,f,f,f,t,1.2,f,,t,100.0,t,0.87,t,115.0,f,,other,-,861120038,0
58.0,M,f,f,f,f,f,f,f,f,f,f,f,f,f,f,t,5.3,f,,t,120.0,t,0.95,t,126.0,f,,SVI,-,861120039,0
66.0,M,f,f,f,f,f,f,f,f,f,f,f,f,f,f,t,0.38,f,,t,60.0,t,0.72,t,83.0,f,,SVI,-,861120040,0
66.0,F,f,f,f,f,f,f,f,f,f,f,f,f,f,f,t,2.0,f,,t,89.0,t,0.95,t,94.0,f,,other,-,861120041,0
62.0,F,f,f,f,f,f,f,f,t,f,f,f,f,f,f,t,0.025,f,,t,149.0,t,0.98,t,152.0,f,,SVI,-,861120043,0
85.0,M,f,f,f,f,f,f,f,f,f,f,f,f,f,t,t,1.1,f,,t,84.0,t,0.8,t,105.0,f,,SVHC,-,861120044,0
57.0,M,f,f,f,f,f,f,f,f,f,f,f,f,f,f,t,2.0,t,2.0,t,152.0,t,0.95,t,160.0,f,,SVI,R,861120045,1
76.0,F,f,f,f,f,f,f,f,f,f,f,f,f,f,f,t,0.48,t,0.8,t,62.0,t,0.76,t,82.0,f,,SVI,K,861120046,1
33.0,F,t,f,f,f,f,f,f,f,f,f,f,f,f,f,t,0.015,t,2.4,t,139.0,t,0.96,t,145.0,f,,other,-,861120054,0
45.0,F,f,f,f,f,f,f,f,f,t,f,f,f,f,f,f,,f,,f,,f,,f,,t,44.0,other,S,861120059,1
40.0,F,f,f,f,f,f,f,f,f,f,f,f,f,f,f,t,0.05,t,1.5,t,135.0,t,1.06,t,127.0,f,,other,-,861120062,0
23.0,F,f,f,f,f,f,f,f,f,f,f,f,f,f,f,t,2.7,f,,t,107.0,t,1.13,t,95.0,f,,other,-,861120063,0
80.0,F,f,f,f,f,f,f,f,f,f,f,f,f,f,f,t,5.4,f,,t,104.0,t,0.68,t,153.0,f,,SVHC,-,861121003,0
53.0,M,f,f,f,f,f,f,f,f,f,f,f,f,f,f,t,0.03,t,2.2,t,132.0,t,0.88,t,150.0,f,,SVI,-,861121004,0
74.0,F,f,f,f,f,f,f,f,f,f,f,f,f,f,f,t,1.8,f,,t,104.0,t,1.01,t,103.0,f,,other,-,861121006,0
30.0,F,t,f,f,f,f,f,f,t,f,f,f,f,f,f,t,31.0,t,1.3,t,66.0,t,0.88,t,75.0,f,,other,M,861121019,1
67.0,F,f,f,f,f,f,f,f,f,f,f,f,f,f,f,t,3.1,t,1.5,t,108.0,t,0.94,t,115.0,f,,SVI,-,861121021,0
56.0,F,t,f,f,f,f,f,f,f,f,f,f,f,f,f,t,1.7,t,0.6,t,121.0,t,1.19,t,102.0,f,,other,-,861121022,0
56.0,F,f,f,f,f,f,f,f,t,f,f,f,f,f,f,t,2.4,f,,t,96.0,t,0.87,t,110.0,f,,SVI,-,861121023,0
70.0,M,f,f,f,f,f,f,f,f,f,f,f,f,f,f,t,3.6,t,2.2,t,94.0,t,0.81,t,116.0,f,,SVI,-,861121024,0
74.0,F,f,f,f,t,f,f,f,f,f,f,f,f,f,f,t,3.0,t,1.3,t,96.0,t,1.01,t,95.0,f,,other,-,861121055,0
67.0,M,f,f,f,f,f,f,f,f,f,f,f,f,f,f,t,0.07,f,,t,138.0,t,0.99,t,139.0,f,,SVHC,-,861121056,0
64.0,F,f,f,f,f,f,f,f,f,f,f,f,f,f,f,t,4.1,f,,t,80.0,t,0.93,t,86.0,f,,SVI,-,861121057,0
64.0,F,f,f,f,f,f,f,f,f,f,f,f,f,f,f,t,1.2,f,,t,138.0,t,0.93,t,148.0,f,,SVI,-,861121058,0
64.0,M,f,f,f,f,f,f,f,f,f,f,f,f,f,f,t,1.9,f,,t,100.0,f,,f,,f,,SVHC,-,861121059,0
57.0,F,t,f,f,f,f,f,f,f,f,f,f,f,f,f,t,2.3,t,0.1,t,56.0,t,0.78,t,72.0,f,,SVI,K,861121060,1
27.0,F,f,f,f,f,f,f,f,f,f,f,f,f,f,f,t,3.6,t,1.7,t,115.0,t,1.1,t,105.0,f,,other,-,861121062,0
24.0,F,f,f,t,f,f,f,f,f,f,f,f,f,f,f,t,0.03,t,2.3,t,42.0,t,0.92,t,46.0,f,,other,O,861121063,1
27.0,F,t,f,f,f,f,f,f,f,f,f,f,f,f,f,f,,f,,t,106.0,t,0.79,t,134.0,f,,other,-,861121069,0
60.0,M,f,f,t,f,f,f,f,f,f,f,f,f,f,f,t,0.015,t,2.3,t,116.0,t,0.94,t,123.0,f,,other,-,861121083,0
62.0,F,f,f,f,f,f,f,f,t,f,f,f,f,f,f,t,7.5,f,,t,81.0,t,1.03,t,79.0,f,,other,G,861124001,1
51.0,F,f,f,f,f,f,f,f,f,f,f,f,f,f,f,t,0.06,t,1.0,t,146.0,t,0.98,t,149.0,f,,other,-,861124003,0
82.0,F,f,f,f,f,f,f,f,f,f,f,f,f,f,f,t,4.4,f,,t,105.0,t,0.92,t,114.0,f,,other,-,861124004,0
75.0,F,f,f,f,f,f,f,t,f,f,f,f,f,f,f,t,1.5,t,1.2,t,91.0,t,0.97,t,94.0,f,,other,-,861124005,0
71.0,F,f,f,f,f,f,f,f,f,f,f,f,f,f,f,t,0.83,f,,t,104.0,t,0.87,t,120.0,f,,SVI,-,861124006,0
57.0,F,f,f,f,t,f,f,f,f,f,f,f,f,f,f,t,2.8,f,,t,116.0,t,1.2,t,97.0,f,,SVI,-,861124007,0
70.0,M,f,f,f,f,f,f,f,f,f,f,f,f,f,f,t,1.1,f,,t,67.0,t,0.83,t,81.0,f,,other,-,861124009,0
59.0,M,f,f,f,f,f,f,f,f,f,f,f,f,f,f,f,,f,,t,70.0,t,0.77,t,91.0,f,,other,-,861124014,0
59.0,F,f,f,f,f,f,f,f,f,f,f,f,f,f,f,t,0.67,f,,t,118.0,t,1.22,t,97.0,f,,other,-,861124020,0
91.0,M,f,f,f,f,f,f,f,f,f,f,f,f,f,f,t,1.01,f,,t,104.0,t,0.89,t,117.0,f,,SVI,-,861124024,0
62.0,F,f,f,f,f,f,f,f,f,t,f,f,f,f,f,t,0.64,t,1.4,t,130.0,t,0.91,t,143.0,f,,other,-,861124027,0
76.0,F,t,f,f,f,f,f,f,f,f,f,f,f,f,f,t,4.6,f,,t,65.0,t,0.91,t,71.0,f,,other,-,861124035,0
49.0,F,t,f,f,f,f,f,f,f,f,f,f,f,f,f,t,0.4,f,,t,148.0,t,0.98,t,151.0,f,,other,-,861124036,0
63.0,F,f,f,f,t,f,f,f,f,f,f,f,f,f,f,t,22.0,f,,t,88.0,t,1.1,t,80.0,f,,other,G,861125001,1
64.0,F,f,f,f,t,f,f,f,f,f,t,f,f,f,f,t,0.84,f,,t,121.0,t,0.89,t,136.0,f,,other,-,861125005,0
64.0,F,f,f,f,f,f,f,f,f,f,f,f,f,f,f,t,2.1,f,,t,80.0,t,0.88,t,91.0,f,,other,-,861125006,0
64.0,M,f,f,f,f,f,f,f,f,f,f,f,f,f,f,t,0.91,f,,t,133.0,t,1.06,t,125.0,f,,SVHC,-,861125008,0
64.0,M,f,f,f,f,f,f,f,f,f,f,f,f,f,f,t,2.3,f,,t,130.0,t,0.87,t,149.0,f,,SVHC,-,861125009,0
64.0,F,t,f,f,f,f,f,f,f,f,f,f,f,f,f,t,2.2,f,,t,111.0,t,0.97,t,114.0,f,,other,-,861125016,0
51.0,F,f,f,f,f,f,f,f,f,f,f,f,f,f,f,t,1.6,t,1.9,t,96.0,t,1.0,t,96.0,f,,other,-,861125017,0
44.0,M,f,f,f,f,f,f,f,f,f,f,f,f,f,f,t,0.49,t,1.8,t,109.0,t,0.82,t,133.0,f,,other,-,861125026,0
18.0,M,f,f,f,f,f,f,f,f,f,f,f,f,f,f,t,1.6,t,2.1,t,63.0,t,0.78,t,81.0,f,,other,-,861125028,0
18.0,F,f,f,f,f,f,t,f,f,f,f,f,f,f,f,t,1.1,f,,t,71.0,t,0.61,t,116.0,f,,other,-,861125031,0
78.0,M,f,f,f,t,f,f,f,f,f,f,f,f,f,f,t,1.6,t,1.0,t,86.0,t,0.79,t,109.0,f,,other,K,861125032,1
91.0,F,f,f,f,f,f,f,f,f,f,f,f,f,f,f,t,3.1,t,1.2,t,84.0,t,0.91,t,92.0,f,,other,-,861125033,0
45.0,F,t,f,f,f,f,f,f,f,f,f,t,f,f,f,t,1.3,t,1.3,t,73.0,t,1.04,t,70.0,f,,SVI,-,861125036,0
39.0,F,f,f,f,f,f,f,f,t,t,f,f,f,f,f,t,0.83,f,,t,90.0,t,1.02,t,88.0,f,,other,-,861125056,0
36.0,F,f,f,f,f,f,f,f,f,f,f,f,f,f,f,t,4.0,f,,t,80.0,t,0.82,t,98.0,f,,other,-,861125057,0
37.0,F,f,f,f,f,f,f,f,f,f,f,f,f,f,f,t,2.3,f,,t,126.0,t,1.18,t,107.0,f,,SVHC,-,861125077,0
39.0,M,f,f,f,f,f,f,f,f,f,t,f,f,f,f,t,1.1,t,1.8,t,77.0,t,0.62,t,124.0,f,,SVHC,-,861125080,0
62.0,F,t,f,f,f,f,f,f,f,f,f,f,t,f,f,t,0.18,t,0.2,t,94.0,t,0.79,t,119.0,f,,SVI,K,861125081,1
69.0,F,f,f,f,f,f,f,f,f,f,f,f,f,f,f,t,2.4,f,,t,139.0,t,0.91,t,153.0,f,,SVI,-,861126001,0
36.0,F,f,f,f,f,f,f,f,f,f,f,f,f,f,f,t,1.3,t,2.0,t,123.0,f,,f,,f,,STMW,-,861126007,0
51.0,F,f,f,f,f,f,f,f,f,f,f,f,f,f,f,t,4.1,f,,t,93.0,t,0.98,t,95.0,f,,other,-,861126010,0
54.0,F,f,f,f,f,f,f,f,f,t,f,f,f,f,f,t,0.06,t,1.4,t,108.0,t,0.97,t,111.0,f,,other,-,861126013,0
22.0,M,f,t,f,f,f,f,f,f,f,f,f,f,f,f,t,1.9,f,,t,155.0,t,0.97,t,160.0,f,,other,L,861126041,1
59.0,F,f,f,f,f,f,f,f,f,f,f,f,f,f,f,t,13.0,f,,t,64.0,t,0.97,t,66.0,f,,other,G,861126042,1
59.0,M,f,f,f,f,f,f,f,f,f,f,f,f,f,f,t,1.1,f,,t,104.0,t,0.93,t,112.0,f,,other,-,861126043,0
62.0,F,f,f,f,t,f,f,f,f,t,f,f,f,f,f,t,1.1,t,1.4,t,103.0,t,0.89,t,115.0,f,,SVI,-,861126045,0
62.0,F,f,f,f,f,f,f,f,f,f,f,f,f,f,f,t,2.1,f,,t,90.0,t,0.87,t,103.0,f,,other,-,861127001,0
75.0,F,f,f,f,f,f,f,f,f,f,f,f,f,f,f,t,4.2,f,,t,81.0,t,0.86,t,94.0,f,,other,-,861127002,0
75.0,F,f,f,f,t,f,f,f,f,t,f,f,f,f,f,t,0.7,f,,t,146.0,t,0.96,t,152.0,f,,other,-,861127013,0
50.0,M,t,f,f,f,f,f,f,f,f,f,f,f,f,f,f,,f,,t,108.0,t,0.88,t,123.0,f,,other,-,861127014,0
42.0,M,f,f,f,f,f,f,f,f,f,f,f,f,f,f,t,3.9,f,,t,102.0,t,1.01,t,101.0,f,,other,-,861127015,0
62.0,M,f,f,f,f,f,f,f,f,f,f,f,f,f,f,t,0.94,f,,t,94.0,t,0.95,t,99.0,f,,other,-,861127022,0
46.0,F,f,f,f,f,f,f,f,f,f,f,f,f,f,f,t,1.4,f,,t,147.0,t,1.09,t,135.0,f,,SVI,-,861127023,0
61.0,F,f,f,f,f,f,f,f,f,f,f,f,t,f,f,f,,t,0.9,t,63.0,t,0.65,t,97.0,f,,SVI,K,861127024,1
30.0,M,f,f,f,f,f,f,f,f,f,f,f,f,f,f,t,0.99,f,,t,111.0,t,0.76,t,146.0,f,,SVHC,-,861127025,0
56.0,F,f,f,f,f,f,f,f,f,f,f,f,f,f,f,t,4.8,f,,t,83.0,t,0.84,t,99.0,f,,SVI,-,861127026,0
34.0,F,f,f,f,f,f,t,f,f,f,f,f,f,f,f,t,7.9,f,,t,88.0,t,0.83,t,106.0,f,,other,-,861127038,0
63.0,M,t,f,f,f,f,f,f,f,f,f,t,f,f,f,t,0.005,t,1.3,t,96.0,t,0.92,t,104.0,f,,other,-,861127039,0
60.0,F,f,f,t,f,f,f,f,f,f,f,f,f,f,f,t,0.005,t,1.7,t,158.0,t,1.04,t,152.0,f,,other,-,861127048,0
20.0,M,f,f,f,f,f,f,f,f,f,f,f,f,f,f,t,1.6,f,,t,133.0,t,1.0,t,133.0,f,,SVHC,-,861127059,0
24.0,F,t,f,f,f,f,f,f,f,f,f,f,f,f,f,t,0.37,f,,t,149.0,t,0.84,t,177.0,f,,other,-,861127062,0
60.0,F,t,f,f,f,f,f,f,f,f,f,f,f,f,f,t,0.01,t,1.8,t,130.0,t,0.86,t,151.0,f,,other,-,861127065,0
58.0,F,f,f,f,f,f,f,f,f,f,f,f,f,f,f,t,3.2,t,1.5,t,73.0,t,0.82,t,89.0,f,,other,-,861128003,0
62.0,F,f,f,f,f,f,f,f,f,f,f,f,f,f,f,t,2.3,f,,t,91.0,t,0.83,t,110.0,f,,other,-,861128005,0
70.0,M,t,f,f,f,f,f,f,t,f,f,f,f,f,f,t,2.9,t,1.1,t,94.0,t,0.62,t,152.0,f,,SVI,K,861128010,1
33.0,F,f,f,f,f,f,f,f,t,t,f,f,f,f,f,t,1.1,t,1.6,t,104.0,t,0.79,t,132.0,f,,other,-,861128023,0
71.0,F,f,f,f,f,f,f,f,f,f,f,f,f,f,f,t,3.0,t,1.2,t,92.0,t,0.69,t,133.0,f,,SVI,-,861128026,0
63.0,M,f,f,f,f,f,f,f,f,t,f,f,f,f,f,t,2.9,f,,t,82.0,t,0.67,t,122.0,f,,SVI,-,861128027,0
47.0,F,f,f,f,f,f,f,f,t,f,f,f,f,f,f,t,0.75,t,1.0,t,141.0,t,0.95,t,148.0,f,,SVI,K,861128031,1
76.0,M,f,f,f,f,f,f,f,f,f,f,f,f,f,f,t,0.64,t,1.4,t,101.0,t,0.84,t,120.0,f,,other,-,861128032,0
54.0,M,f,f,f,f,f,f,f,f,f,f,f,f,f,t,t,2.7,f,,t,139.0,t,1.08,t,129.0,f,,SVHC,-,861128052,0
54.0,M,f,f,f,f,f,f,f,f,f,f,f,f,f,f,t,3.4,f,,t,72.0,f,,f,,f,,SVHC,-,861128053,0
72.0,F,t,f,f,f,f,f,f,f,t,f,f,f,f,f,t,0.04,t,3.2,t,239.0,t,0.83,t,288.0,f,,other,-,861128054,0
72.0,,f,f,f,f,f,f,f,f,f,f,f,f,f,f,t,2.6,t,5.0,t,160.0,t,0.87,t,184.0,t,21.0,other,I,861201009,1
70.0,F,f,f,f,f,f,f,f,f,f,f,f,f,f,f,t,1.0,t,1.9,t,100.0,t,0.92,t,109.0,f,,other,-,861201014,0
21.0,M,f,f,f,f,f,f,f,f,f,f,f,f,f,f,t,2.1,f,,t,129.0,f,,f,,f,,SVHC,-,861201015,0
61.0,M,f,f,f,f,f,f,f,f,f,f,f,f,f,f,t,2.2,f,,t,94.0,t,0.86,t,109.0,f,,SVHC,-,861201016,0
75.0,F,f,f,f,f,f,f,f,f,f,f,f,f,f,f,t,1.1,f,,t,94.0,t,0.88,t,107.0,f,,other,-,861201017,0
81.0,F,f,f,f,f,f,f,f,t,f,f,f,f,f,f,t,0.02,t,2.2,t,153.0,t,1.09,t,140.0,f,,other,-,861201018,0
72.0,F,f,f,f,f,f,f,f,f,t,f,f,f,f,f,t,13.7,f,,t,67.0,t,0.75,t,89.0,f,,SVI,G,861201019,1
64.0,F,t,f,f,f,f,f,f,f,f,f,f,f,f,f,t,1.5,t,1.5,t,89.0,t,0.97,t,92.0,f,,SVI,-,861201020,0
64.0,,t,f,f,f,f,f,f,t,f,f,f,f,f,f,t,0.56,t,1.8,t,90.0,t,0.79,t,114.0,f,,other,-,861201026,0
83.0,M,f,f,f,f,f,f,f,f,f,f,f,f,f,f,t,0.84,f,,t,102.0,t,0.85,t,120.0,f,,SVI,-,861201027,0
70.0,F,t,f,f,f,f,f,f,f,f,f,f,f,f,f,t,0.57,t,2.1,t,101.0,t,0.78,t,129.0,f,,other,-,861201035,0
70.0,M,f,f,f,f,f,f,f,f,f,f,f,f,f,f,t,0.86,f,,t,97.0,t,1.01,t,96.0,f,,other,-,861201040,0
31.0,F,f,f,f,f,f,f,f,f,f,f,f,f,f,f,t,20.0,t,2.5,t,58.0,t,1.07,t,54.0,f,,other,F,861201045,1
21.0,F,t,f,t,f,f,f,f,f,f,f,f,f,f,f,t,1.1,t,2.3,t,60.0,t,0.98,t,61.0,f,,other,-,861201046,0
25.0,F,f,f,f,f,f,f,f,f,f,f,f,f,f,f,t,0.67,f,,t,153.0,t,1.07,t,143.0,f,,SVI,-,861201049,0
79.0,F,f,f,f,f,f,f,f,f,f,f,f,f,f,f,t,2.7,f,,t,83.0,t,0.84,t,99.0,f,,SVI,-,861201050,0
63.0,M,f,f,f,f,f,f,f,f,f,f,f,f,f,f,t,2.0,f,,t,87.0,t,0.73,t,119.0,f,,SVI,-,861201051,0
78.0,F,t,f,f,f,f,f,f,f,f,f,f,f,f,f,t,0.21,f,,t,214.0,t,1.23,t,174.0,f,,other,L,861201052,1
66.0,F,f,f,f,f,f,f,f,f,f,f,f,f,f,f,t,4.5,f,,t,115.0,t,1.25,t,92.0,f,,SVI,-,861201053,0
85.0,F,f,f,f,f,f,f,f,f,f,f,f,f,f,f,t,0.65,t,2.1,t,160.0,t,0.98,t,163.0,f,,other,R,861201054,1
80.0,F,f,f,f,f,f,f,f,f,f,f,f,f,f,f,t,18.0,t,2.0,t,76.0,t,1.08,t,70.0,f,,SVI,G,861201055,1
43.0,F,f,f,f,f,f,f,f,f,t,f,f,f,f,f,f,,t,1.9,t,92.0,t,0.76,t,121.0,f,,other,-,861202006,0
55.0,F,f,f,f,f,f,f,f,f,f,f,f,f,f,f,t,0.82,f,,t,80.0,t,0.86,t,93.0,f,,STMW,-,861202009,0
72.0,F,f,f,f,f,f,f,f,f,f,f,f,f,f,f,t,1.0,f,,t,96.0,t,0.9,t,107.0,f,,other,-,861202011,0
72.0,F,f,f,f,f,f,f,f,f,f,f,f,f,f,f,t,0.69,f,,t,108.0,t,0.87,t,124.0,f,,SVHC,-,861202012,0
72.0,M,t,f,f,f,f,f,f,f,t,f,f,f,f,f,t,0.41,t,1.9,t,108.0,t,0.72,t,150.0,f,,other,-,861202013,0
19.0,F,f,f,f,f,f,f,f,t,t,f,f,f,f,f,t,0.02,f,,t,171.0,t,0.97,t,176.0,f,,other,A,861202022,1
77.0,F,f,f,f,f,f,f,f,f,t,f,f,t,f,f,t,26.0,t,3.0,t,61.0,t,0.88,t,69.0,f,,other,-,861202023,0
37.0,F,f,f,f,f,f,f,f,f,f,f,f,f,f,f,t,0.02,t,2.0,t,126.0,t,0.85,t,148.0,f,,other,-,861202024,0
69.0,M,f,f,f,f,f,f,f,f,f,f,f,f,f,f,t,1.2,f,,t,64.0,t,0.53,t,121.0,f,,other,-,861202029,0
57.0,M,f,f,f,f,f,f,f,f,f,f,f,f,f,f,t,0.02,t,2.1,t,97.0,t,0.72,t,135.0,f,,other,-,861202031,0
59.0,M,f,f,f,f,f,f,f,f,f,f,f,f,f,f,t,2.2,t,1.3,t,78.0,t,0.76,t,103.0,f,,other,-,861202033,0
67.0,F,f,f,f,f,f,f,f,f,f,f,f,f,f,f,t,1.1,t,1.5,t,87.0,t,0.89,t,98.0,f,,SVI,-,861202034,0
67.0,M,t,f,f,f,f,f,f,f,f,f,f,f,f,f,f,,t,2.1,f,,f,,f,,f,,SVHC,-,861202053,0
44.0,F,f,f,f,f,f,f,f,f,f,f,f,f,f,f,t,1.4,t,2.9,t,100.0,t,0.97,t,103.0,f,,other,I,861202055,1
59.0,F,f,f,f,f,f,f,f,f,f,f,f,f,f,f,t,0.96,f,,t,97.0,t,0.94,t,103.0,f,,SVHC,-,861202056,0
37.0,F,f,f,f,t,f,f,f,f,f,f,f,f,f,f,t,2.8,f,,t,44.0,t,0.64,t,69.0,f,,SVHD,J,861203002,1
35.0,F,f,f,f,f,f,f,f,f,f,f,f,f,f,f,t,1.1,f,,t,90.0,t,0.77,t,117.0,f,,other,-,861203003,0
31.0,F,f,f,f,f,f,f,f,f,f,f,f,t,f,f,t,0.05,f,,t,117.0,t,0.78,t,150.0,f,,other,-,861203006,0
31.0,F,t,f,f,f,f,f,f,f,f,f,f,f,f,f,t,49.0,f,,t,87.0,t,1.35,t,64.0,f,,other,F,861203010,1
40.0,M,t,f,f,f,f,f,f,f,f,f,f,f,f,f,t,0.64,t,2.0,t,57.0,t,0.68,t,84.0,f,,other,-,861203011,0
54.0,F,f,f,f,f,f,f,f,t,f,f,f,f,f,f,t,22.0,t,1.5,t,52.0,t,0.84,t,62.0,f,,SVHD,F,861203018,1
54.0,M,t,f,f,f,f,f,f,t,f,f,f,f,f,f,t,3.5,t,1.7,t,113.0,f,,f,,f,,other,-,861203023,0
39.0,M,f,f,f,f,f,f,f,f,t,f,f,f,f,f,t,1.5,t,1.6,t,66.0,t,1.15,t,57.0,f,,other,-,861203024,0
30.0,F,f,f,f,f,f,t,f,f,t,f,f,f,f,f,t,3.3,f,,t,87.0,t,1.17,t,74.0,f,,other,-,861203027,0
76.0,M,f,f,f,f,f,f,t,f,f,f,f,f,f,f,t,1.5,f,,t,101.0,t,0.82,t,123.0,f,,other,-,861203045,0
42.0,F,t,f,f,f,f,f,f,f,f,t,f,f,f,f,t,2.3,t,2.3,t,93.0,t,1.27,t,73.0,f,,other,-,861203046,0
74.0,F,f,f,f,f,f,f,f,f,f,f,f,f,f,f,t,2.0,f,,t,88.0,t,0.77,t,114.0,f,,other,-,861203047,0
74.0,F,t,f,f,f,f,f,f,t,f,t,f,f,f,f,t,1.1,t,1.9,t,106.0,t,1.17,t,91.0,f,,SVHC,-,861203052,0
13.0,F,f,f,f,f,f,f,f,f,f,f,f,f,f,f,t,4.0,f,,t,102.0,t,0.8,t,128.0,f,,other,-,861204003,0
51.0,F,f,f,f,f,f,f,f,f,f,f,f,f,f,f,t,4.0,t,1.7,t,70.0,t,0.9,t,78.0,f,,SVI,-,861204004,0
5.0,F,t,f,f,f,f,f,f,f,f,f,f,f,f,f,t,0.02,f,,t,206.0,t,1.41,t,146.0,f,,other,-,861204005,0
59.0,F,f,f,f,f,f,f,f,f,f,f,f,f,f,f,f,,f,,f,,f,,f,,t,26.0,other,-,861204007,0
29.0,M,f,f,f,f,f,f,f,f,t,f,f,f,f,f,t,0.02,t,5.7,t,172.0,t,0.86,t,200.0,f,,other,A,861204008,1
79.0,F,f,f,f,f,f,f,f,f,f,f,f,f,f,f,t,1.3,t,1.7,t,102.0,t,0.9,t,113.0,f,,other,-,861204010,0
25.0,,f,f,f,f,f,f,f,f,f,f,f,f,f,f,t,1.9,f,,t,91.0,t,1.24,t,73.0,f,,STMW,-,861204014,0
54.0,F,f,f,t,f,f,f,f,f,f,f,f,f,f,f,t,1.8,t,2.3,t,77.0,t,0.9,t,86.0,f,,other,-,861204016,0
61.0,F,t,f,f,f,f,f,f,f,f,f,f,f,f,f,t,0.04,t,1.1,t,82.0,t,0.94,t,87.0,f,,other,-,861204017,0
61.0,F,t,f,f,f,f,f,f,f,f,f,f,f,f,f,t,1.0,t,1.6,t,130.0,t,1.0,t,130.0,f,,other,-,861204018,0
40.0,F,t,f,f,f,f,f,f,f,f,f,f,f,f,f,t,4.2,t,1.7,t,93.0,t,0.91,t,102.0,f,,other,-,861204019,0
76.0,F,f,f,f,f,f,f,t,f,f,f,f,f,f,f,t,1.4,t,2.1,t,80.0,t,1.13,t,71.0,f,,other,-,861204037,0
53.0,M,f,f,f,f,f,f,t,f,t,f,f,f,f,f,t,0.72,t,1.6,t,65.0,t,0.65,t,100.0,f,,SVI,-,861204038,0
28.0,M,f,f,f,f,f,f,f,f,f,f,f,f,f,f,t,0.02,t,5.9,t,183.0,t,0.82,t,223.0,f,,other,A,861204039,1
43.0,M,f,f,f,f,f,f,f,f,t,f,f,f,f,f,t,0.02,t,2.9,t,130.0,t,0.8,t,163.0,f,,other,A,861204041,1
55.0,M,f,f,f,f,f,f,f,f,f,f,f,f,f,f,t,1.8,f,,t,64.0,t,0.66,t,97.0,f,,SVI,-,861204044,0
45.0,F,f,f,f,f,f,f,f,f,f,f,f,f,f,t,t,1.3,f,,t,82.0,t,0.67,t,122.0,f,,SVHC,-,861204045,0
31.0,F,f,f,f,f,f,f,f,f,f,f,f,f,f,t,t,1.2,f,,t,122.0,t,0.84,t,145.0,f,,SVHC,-,861204046,0
62.0,F,f,f,f,f,f,f,f,f,f,f,f,f,f,f,t,0.53,f,,t,118.0,t,0.9,t,131.0,f,,other,-,861204047,0
62.0,M,f,f,f,f,f,f,f,f,f,f,f,f,f,f,t,1.1,f,,t,86.0,f,,f,,f,,SVHC,-,861204048,0
23.0,M,f,f,f,f,f,f,f,f,f,f,f,f,f,t,f,,f,,t,59.0,t,0.77,t,77.0,f,,SVHC,-,861204049,0
52.0,F,t,f,f,f,f,f,f,f,f,f,f,f,f,f,t,2.4,f,,t,121.0,t,0.88,t,138.0,f,,other,-,861204063,0
20.0,M,f,f,f,f,f,f,f,t,f,t,f,f,f,f,t,0.4,t,2.3,t,132.0,t,0.83,t,159.0,f,,other,R,861204064,1
20.0,F,f,f,f,f,f,f,f,t,f,f,f,f,f,f,t,0.54,f,,t,75.0,t,0.71,t,106.0,f,,other,-,861204066,0
66.0,F,t,f,f,f,f,f,f,f,f,f,f,f,f,f,t,0.02,t,1.7,t,150.0,t,0.87,t,172.0,f,,other,L,861204068,1
43.0,F,t,f,f,f,f,f,f,f,t,f,f,f,f,f,t,0.02,t,2.0,t,183.0,t,1.05,t,174.0,f,,other,N,861204069,1
78.0,F,f,f,f,f,f,f,f,f,f,f,f,f,f,f,t,1.6,t,0.9,t,102.0,t,0.71,t,144.0,f,,SVI,K,861204070,1
68.0,M,f,f,f,f,f,f,f,f,f,f,f,f,f,f,t,9.4,f,,t,34.0,t,0.63,t,54.0,f,,other,F,861204071,1
63.0,M,f,f,f,f,f,f,f,f,f,f,f,f,f,f,t,1.8,t,1.7,t,90.0,t,0.79,t,114.0,f,,SVI,-,861204072,0
27.0,F,f,f,f,f,f,f,f,f,f,f,f,f,f,f,t,1.5,f,,t,64.0,t,0.89,t,72.0,f,,other,-,861204073,0
30.0,M,f,t,f,f,f,f,f,f,f,f,f,f,f,f,t,1.5,t,1.7,t,106.0,t,0.92,t,115.0,f,,SVI,-,861204081,0
13.0,M,f,f,f,f,f,f,f,f,f,f,f,f,f,f,t,1.4,f,,t,82.0,t,0.95,t,86.0,f,,other,-,861204088,0
35.0,F,t,f,f,f,f,f,f,f,f,f,f,f,f,f,t,0.02,f,,t,120.0,t,0.8,t,150.0,f,,other,-,861204090,0
44.0,F,t,f,f,f,f,f,f,f,f,f,f,f,f,f,t,0.02,f,,t,154.0,t,1.04,t,148.0,f,,other,-,861204091,0
47.0,M,t,f,f,f,f,f,f,f,f,f,f,f,f,f,t,2.8,t,1.5,t,91.0,t,0.92,t,99.0,f,,other,-,861204092,0
30.0,F,f,f,f,f,f,f,f,f,t,f,f,f,f,f,t,2.6,t,2.2,t,140.0,t,1.33,t,105.0,f,,other,-,861204093,0
14.0,M,t,f,f,f,f,f,f,f,f,f,f,f,f,f,t,0.02,t,2.5,t,119.0,t,0.73,t,163.0,f,,other,L,861204098,1
17.0,F,t,f,f,f,f,f,f,f,f,f,f,f,f,f,t,0.98,t,1.6,t,138.0,t,0.84,t,164.0,f,,other,-,861204099,0
79.0,F,f,f,f,t,f,f,f,f,f,f,f,f,f,f,t,2.9,t,0.8,t,74.0,t,0.72,t,103.0,f,,SVI,K,861205002,1
79.0,F,f,f,f,f,f,f,f,f,f,f,f,f,f,f,t,4.0,f,,t,102.0,t,0.8,t,128.0,f,,other,-,861205003,0
57.0,F,f,f,t,f,f,f,f,f,f,f,f,f,f,f,t,16.799999,t,1.7,t,34.0,t,0.97,t,35.0,f,,other,O,861205015,1
65.0,F,f,f,f,f,f,f,f,f,t,f,f,f,f,f,t,0.15,t,2.4,t,137.0,t,0.99,t,138.0,f,,SVI,-,861205016,0
55.0,F,f,f,f,f,f,f,f,f,f,f,f,f,f,f,t,1.3,f,,t,134.0,t,1.01,t,133.0,f,,other,-,861205020,0
66.0,M,t,f,f,f,f,f,f,f,f,f,f,f,f,f,t,5.9,t,1.5,t,108.0,t,0.89,t,121.0,f,,other,-,861205036,0
78.0,F,f,f,f,f,f,f,f,t,f,f,f,f,f,f,t,1.0,t,1.0,t,102.0,t,0.69,t,148.0,f,,SVI,K,861205039,1
38.0,F,f,f,f,f,f,f,f,f,f,f,f,f,f,f,t,0.8,f,,t,91.0,t,1.04,t,88.0,f,,SVHC,-,861205042,0
38.0,M,f,f,f,f,f,f,f,f,f,f,f,f,f,f,t,0.35,f,,t,132.0,t,1.04,t,127.0,f,,SVHC,-,861205043,0
58.0,M,f,f,f,f,f,f,f,f,f,f,f,f,f,f,f,,f,,t,77.0,t,0.89,t,87.0,f,,SVHC,-,861205044,0
28.0,F,f,f,f,f,f,f,f,f,f,f,f,f,f,f,t,2.6,f,,t,115.0,t,0.97,t,119.0,f,,SVHC,-,861205045,0
48.0,F,f,f,f,f,f,f,t,f,f,f,f,f,f,f,t,2.9,f,,t,109.0,t,0.99,t,110.0,f,,other,-,861205060,0
60.0,M,t,f,f,f,f,f,t,f,f,f,f,f,f,f,t,5.5,f,,t,105.0,t,0.81,t,130.0,f,,other,-,861205061,0
60.0,F,t,f,f,f,f,f,f,f,f,f,f,f,f,f,t,0.12,f,,t,138.0,t,0.8,t,173.0,f,,other,-,861205066,0
52.0,M,f,f,f,f,f,f,f,f,f,f,f,f,f,f,f,,t,2.2,t,71.0,t,0.78,t,91.0,f,,other,-,861208003,0
56.0,M,f,f,f,f,f,f,f,f,f,f,f,f,f,f,t,74.0,t,0.5,t,5.0,t,0.93,t,5.5,f,,other,F,861208004,1
25.0,F,f,f,f,f,f,f,f,f,f,f,f,f,f,f,t,0.72,f,,t,128.0,t,1.03,t,124.0,f,,STMW,-,861208005,0
21.0,F,f,f,f,f,f,f,f,f,f,f,f,f,f,f,t,1.3,f,,t,153.0,t,1.56,t,98.0,f,,STMW,I,861208006,1
26.0,F,f,f,f,f,f,f,f,f,f,f,f,f,f,f,t,1.0,f,,t,116.0,t,1.73,t,67.0,f,,STMW,I,861208007,1
79.0,F,f,f,f,f,f,f,f,t,f,f,f,f,f,f,t,3.3,t,0.8,t,83.0,t,0.67,t,124.0,f,,SVI,K,861208014,1
82.0,F,f,f,f,f,f,f,f,f,t,f,f,f,f,f,t,0.93,t,1.1,t,77.0,f,,f,,f,,other,K,861208015,1
76.0,F,f,f,f,f,f,f,f,f,t,f,f,f,f,f,t,1.3,t,3.6,t,204.0,t,1.79,t,114.0,f,,other,I,861208017,1
47.0,F,f,f,f,f,f,f,f,f,f,f,f,f,f,f,t,1.5,f,,t,97.0,t,0.83,t,117.0,f,,other,-,861208018,0
47.0,F,f,f,f,f,f,f,f,f,f,f,f,f,f,f,t,2.1,f,,t,97.0,t,0.66,t,147.0,f,,other,-,861208021,0
9.0,M,f,f,f,f,f,f,f,f,f,f,f,f,f,f,t,1.7,t,3.2,t,125.0,t,0.85,t,147.0,f,,other,R,861208025,1
66.0,M,t,f,f,f,f,f,f,t,f,f,f,f,f,f,t,5.0,t,2.0,t,106.0,t,1.05,t,101.0,f,,SVI,-,861208026,0
35.0,F,f,f,f,f,f,f,f,f,t,f,f,f,f,f,t,0.47,t,1.4,t,42.0,t,0.73,t,58.0,f,,other,O,861208030,1
33.0,F,f,f,f,f,f,f,f,t,f,f,f,f,f,f,f,,f,,f,,f,,f,,t,22.0,other,-,861208037,0
42.0,F,f,f,f,f,f,f,f,f,f,f,f,f,f,f,f,,f,,t,114.0,t,0.9,t,127.0,f,,other,-,861208041,0
32.0,F,t,f,f,f,f,f,f,f,f,f,f,f,f,f,t,2.1,f,,t,113.0,t,1.04,t,109.0,f,,other,-,861208042,0
45.0,F,f,f,f,f,f,f,f,f,f,f,f,f,f,f,t,1.1,t,2.0,t,68.0,t,0.93,t,73.0,f,,other,-,861209001,0
27.0,M,f,f,f,f,f,f,f,f,t,f,f,f,f,f,t,0.97,t,2.7,t,96.0,t,0.8,t,120.0,f,,other,-,861209002,0
52.0,F,f,f,f,f,f,f,f,f,f,f,f,f,f,f,t,0.035,t,1.9,t,84.0,t,0.67,t,125.0,f,,other,-,861209010,0
57.0,F,f,f,f,f,f,f,f,f,f,f,f,f,f,f,t,0.3,t,2.2,t,98.0,t,0.77,t,127.0,f,,other,-,861209011,0
65.0,F,f,f,f,f,f,f,f,f,f,f,f,f,f,f,t,1.4,t,2.5,t,180.0,t,1.25,t,144.0,f,,other,-,861209012,0
57.0,F,t,f,f,f,f,f,f,f,f,f,f,f,f,f,t,0.62,f,,t,165.0,t,0.99,t,167.0,f,,other,L,861209020,1
57.0,F,f,f,f,f,f,f,f,f,f,f,f,f,f,f,t,3.4,f,,t,75.0,t,0.95,t,79.0,f,,other,-,861209022,0
39.0,F,f,f,f,f,f,f,f,f,f,f,f,f,f,f,t,2.7,f,,t,100.0,t,1.1,t,91.0,f,,other,-,861209023,0
85.0,F,f,f,f,f,f,f,f,f,t,f,f,f,f,f,t,32.0,f,,t,55.0,t,0.89,t,62.0,f,,other,F,861209024,1
22.0,M,f,f,f,f,f,f,f,f,f,f,f,f,f,f,t,2.3,t,1.8,t,145.0,t,0.92,t,158.0,f,,other,R,861209026,1
23.0,F,f,f,f,f,f,f,f,f,f,f,f,f,f,f,t,2.7,f,,t,64.0,t,0.8,t,80.0,f,,other,-,861209042,0
52.0,M,f,f,f,f,f,f,f,f,f,f,f,f,f,t,t,1.5,f,,t,98.0,t,0.88,t,111.0,f,,SVHC,-,861209043,0
76.0,F,f,f,f,f,f,f,f,f,f,f,f,f,f,f,t,0.85,f,,t,94.0,t,0.53,t,177.0,f,,other,-,861209044,0
36.0,F,f,f,f,f,f,f,f,f,f,f,f,f,f,f,t,1.2,f,,t,117.0,t,1.09,t,107.0,f,,other,-,861209045,0
60.0,F,t,f,f,f,f,f,f,t,f,f,f,f,f,f,t,3.0,t,1.6,t,104.0,t,0.98,t,106.0,f,,other,-,861209047,0
30.0,M,f,f,f,f,f,f,f,f,f,f,f,f,f,f,t,4.3,t,2.0,t,154.0,t,1.0,t,154.0,f,,SVI,-,861209049,0
37.0,F,f,f,f,f,f,f,f,f,f,f,f,t,f,f,t,1.7,t,1.8,t,72.0,t,0.69,t,104.0,f,,other,-,861209062,0
35.0,F,f,f,f,f,f,f,f,f,f,f,f,f,f,f,t,1.9,f,,t,130.0,t,1.03,t,126.0,f,,other,-,861210001,0
53.0,F,f,f,f,f,f,f,f,f,f,f,f,f,f,f,t,1.6,f,,t,120.0,t,0.96,t,125.0,f,,other,-,861210004,0
39.0,M,f,f,f,f,f,f,f,f,f,f,f,f,f,f,t,1.3,f,,t,59.0,t,0.8,t,74.0,f,,other,-,861210011,0
66.0,F,f,f,f,f,f,f,f,f,f,f,f,f,f,f,t,53.0,t,1.6,t,113.0,t,1.29,t,88.0,f,,other,G,861210012,1
69.0,M,f,f,f,f,f,f,f,f,f,f,f,f,f,f,t,1.6,t,0.8,t,44.0,t,1.15,t,38.0,f,,SVI,K,861210013,1
69.0,,f,f,f,f,f,f,f,f,f,f,f,f,f,f,t,1.8,t,2.4,t,132.0,t,1.21,t,109.0,t,38.0,other,-,861210023,0
76.0,F,f,f,f,f,f,f,f,f,f,f,f,f,f,f,t,2.5,f,,t,67.0,t,0.99,t,68.0,f,,SVI,-,861210030,0
76.0,F,f,f,f,f,f,f,f,f,f,f,f,f,f,f,t,2.5,f,,t,139.0,t,1.07,t,130.0,f,,other,-,861210031,0
56.0,M,f,f,f,f,f,f,f,f,f,f,f,f,f,f,t,2.3,f,,t,129.0,t,1.0,t,129.0,f,,SVHC,-,861210032,0
58.0,F,f,f,f,f,f,t,f,f,f,f,f,f,f,f,t,0.4,f,,t,77.0,t,0.81,t,95.0,f,,SVI,-,861210033,0
37.0,F,f,f,f,f,f,f,f,f,f,f,f,f,f,f,t,0.89,f,,t,118.0,t,0.91,t,130.0,f,,SVI,-,861210035,0
61.0,F,f,f,f,f,f,f,f,f,f,f,f,f,f,f,t,5.2,f,,t,65.0,t,1.07,t,61.0,f,,SVI,-,861210036,0
59.0,M,f,f,f,t,f,f,f,f,f,t,f,f,f,t,t,4.2,t,2.5,t,90.0,t,1.02,t,88.0,f,,SVHC,-,861210048,0
71.0,M,f,f,f,f,f,f,f,f,f,f,f,f,f,f,t,3.4,t,2.1,t,87.0,t,0.89,t,98.0,f,,other,-,861210049,0
32.0,M,f,f,f,f,f,f,f,f,f,f,f,f,f,f,t,2.0,f,,t,119.0,t,0.88,t,135.0,f,,other,-,861211002,0
80.0,M,f,f,f,f,f,f,f,f,f,f,f,f,f,f,t,1.2,f,,t,57.0,t,0.78,t,73.0,f,,SVI,-,861211005,0
80.0,F,f,f,f,f,f,f,f,f,f,f,f,f,f,f,t,1.7,f,,t,145.0,t,1.13,t,128.0,f,,other,-,861211006,0
45.0,F,f,f,f,f,f,f,f,f,f,f,f,f,f,f,t,3.9,f,,t,80.0,t,0.75,t,107.0,f,,SVHC,-,861211007,0
70.0,M,f,f,f,f,f,f,f,f,f,f,f,f,f,f,t,1.3,f,,t,99.0,t,0.86,t,115.0,f,,SVHD,-,861211008,0
58.0,F,f,f,f,f,f,f,f,f,f,t,f,f,f,f,t,0.95,f,,t,88.0,t,0.85,t,104.0,f,,SVHC,-,861211009,0
55.0,F,f,f,f,f,f,f,f,f,f,t,f,f,f,t,t,3.1,f,,t,64.0,t,0.9,t,71.0,f,,SVHC,-,861211010,0
49.0,F,f,f,t,f,f,f,f,f,f,f,f,f,f,f,t,0.035,t,2.4,t,180.0,t,1.25,t,144.0,f,,other,-,861211015,0
72.0,F,t,f,f,f,f,f,f,f,f,f,f,f,f,f,t,3.5,t,1.6,t,108.0,t,0.83,t,130.0,f,,other,-,861211016,0
51.0,M,t,f,f,f,f,f,f,f,f,f,f,f,f,f,t,13.0,t,2.1,t,82.0,t,1.06,t,77.0,f,,other,M,861211017,1
59.0,F,t,f,f,f,f,f,f,f,f,f,f,f,f,f,t,30.0,t,1.1,t,45.0,t,0.91,t,49.0,f,,other,F,861211025,1
71.0,F,f,f,f,f,f,f,f,f,f,f,f,f,f,f,t,1.8,f,,t,105.0,t,0.96,t,109.0,f,,SVI,-,861211039,0
41.0,F,t,f,f,f,f,f,f,f,f,f,f,f,f,f,t,3.3,t,1.7,t,115.0,t,0.87,t,132.0,f,,other,-,861211041,0
59.0,M,f,t,f,f,f,f,f,f,f,f,f,f,f,f,f,,f,,t,43.0,t,0.81,t,53.0,f,,other,-,861211042,0
61.0,M,f,f,f,f,f,f,f,f,f,t,f,f,f,f,t,3.0,t,1.2,t,69.0,t,0.99,t,70.0,f,,SVHC,-,861211065,0
34.0,F,f,f,f,f,f,f,f,f,t,f,f,f,f,f,t,0.09,t,2.1,t,116.0,t,0.98,t,118.0,f,,other,-,861211066,0
57.0,F,f,t,f,f,f,f,f,f,f,f,f,f,f,f,f,,t,2.1,t,93.0,t,0.84,t,111.0,f,,other,-,861211075,0
39.0,M,f,f,f,f,f,f,f,f,f,f,f,f,f,f,t,2.8,f,,t,89.0,t,0.9,t,99.0,f,,other,-,861212004,0
39.0,M,f,f,f,f,f,f,f,f,f,f,f,f,f,t,t,6.0,f,,t,135.0,t,0.96,t,141.0,f,,SVHC,-,861212005,0
21.0,F,f,f,f,f,f,f,f,f,f,f,f,f,f,f,t,1.2,f,,t,83.0,t,0.65,t,128.0,f,,other,-,861212006,0
28.0,M,f,f,f,f,f,f,f,f,f,f,f,f,f,f,t,1.3,f,,t,80.0,t,0.77,t,104.0,f,,other,-,861212007,0
27.0,F,f,f,f,f,f,f,f,f,f,f,f,f,f,f,t,3.6,f,,t,110.0,t,1.04,t,106.0,f,,SVHC,-,861212009,0
30.0,M,f,f,f,f,f,f,f,f,f,f,f,f,f,f,t,0.97,t,1.7,t,51.0,t,0.56,t,91.0,f,,other,J,861212010,1
60.0,F,f,f,f,f,f,f,f,f,f,f,f,f,f,f,t,2.8,f,,t,71.0,t,0.76,t,93.0,f,,other,-,861212011,0
26.0,F,t,f,f,f,f,f,f,f,f,f,t,f,f,f,f,,t,3.0,t,189.0,t,1.21,t,156.0,f,,other,-,861212024,0
53.0,M,f,f,f,f,f,f,f,f,f,f,f,f,f,f,t,1.4,t,2.2,t,91.0,t,0.76,t,120.0,f,,other,-,861212025,0
20.0,F,t,f,f,f,f,f,f,f,f,f,f,f,f,f,t,0.025,f,,t,182.0,t,1.43,t,127.0,f,,other,-,861212037,0
20.0,F,f,f,f,f,f,f,f,f,f,f,f,f,f,f,t,0.08,f,,t,179.0,t,0.98,t,183.0,f,,other,R,861212049,1
37.0,F,t,f,f,f,f,f,f,t,f,f,f,f,f,f,t,24.0,t,1.6,t,95.0,t,0.86,t,110.0,f,,other,M,861212054,1
37.0,F,f,f,f,f,f,f,f,f,f,f,f,f,f,f,t,1.1,f,,t,83.0,t,0.75,t,111.0,f,,other,-,861212064,0
54.0,M,f,f,f,f,f,f,f,f,f,f,f,f,f,f,t,0.02,f,,t,85.0,t,0.85,t,100.0,f,,SVI,-,861212082,0
82.0,F,f,f,f,f,f,f,f,f,f,f,f,f,f,f,t,1.5,f,,t,116.0,t,0.92,t,126.0,f,,other,-,861212083,0
78.0,F,f,f,f,f,f,f,f,f,f,f,f,f,f,f,t,6.3,f,,t,59.0,t,0.98,t,60.0,f,,other,F,861212084,1
78.0,F,f,f,f,f,f,f,f,f,f,f,f,f,f,f,t,2.1,f,,t,137.0,t,0.96,t,143.0,f,,SVHC,-,861212085,0
78.0,M,f,f,f,f,f,f,f,f,f,f,f,f,f,f,t,1.3,f,,t,85.0,t,0.69,t,123.0,f,,SVHC,-,861212086,0
23.0,F,f,f,f,f,f,f,f,f,f,f,f,f,f,f,t,1.1,f,,t,87.0,t,0.97,t,90.0,f,,other,-,861212088,0
15.0,F,f,f,f,f,f,f,f,f,f,f,f,f,f,f,f,,f,,t,73.0,t,0.87,t,84.0,f,,other,-,861212092,0
31.0,F,f,f,f,f,f,t,f,f,f,f,f,f,f,f,t,4.7,t,2.6,t,73.0,t,0.97,t,75.0,f,,other,-,861212095,0
30.0,F,f,f,f,f,f,f,f,f,f,f,f,f,f,f,t,1.3,f,,t,136.0,t,1.58,t,86.0,f,,STMW,I,861212096,1
58.0,F,f,f,f,f,f,f,f,f,f,f,f,f,f,f,t,20.0,f,,t,39.0,t,1.0,t,39.0,f,,SVI,F,861215004,1
19.0,F,f,f,f,f,f,f,f,f,f,f,f,f,f,f,t,500.0,t,0.5,t,5.0,t,1.19,t,4.0,f,,other,F,861215009,1
28.0,F,f,f,f,f,f,f,f,f,f,f,f,f,f,f,t,2.1,f,,t,85.0,t,0.73,t,116.0,f,,other,-,861215015,0
60.0,F,f,f,f,f,f,f,f,t,t,f,f,f,f,f,t,0.02,t,1.4,t,90.0,t,0.81,t,111.0,f,,other,-,861215043,0
8.0,M,t,f,f,f,f,f,f,f,f,f,f,f,f,f,t,9.299999,t,2.4,t,126.0,t,0.96,t,131.0,f,,other,M,861215044,1
26.0,F,f,f,f,f,f,f,f,f,f,f,t,f,f,f,f,,t,2.4,t,182.0,t,1.01,t,180.0,f,,other,L,861215045,1
77.0,F,t,f,f,f,f,f,f,t,f,f,f,f,f,f,t,3.6,t,1.8,t,134.0,t,1.02,t,131.0,f,,other,-,861215046,0
61.0,F,f,f,f,f,f,f,f,f,f,f,f,f,f,f,t,9.099999,f,,t,82.0,t,0.84,t,98.0,f,,SVI,G,861215047,1
53.0,F,f,f,f,f,f,f,f,f,f,f,f,f,f,f,t,0.02,f,,f,,f,,f,,f,,other,-,861215048,0
66.0,F,f,f,f,f,f,f,f,t,f,f,f,f,f,f,t,6.7,f,,t,56.0,t,0.73,t,77.0,f,,other,-,861215049,0
66.0,M,f,f,f,f,f,f,f,f,f,f,f,f,f,f,t,6.9,f,,t,95.0,t,1.05,t,90.0,f,,other,G,861215050,1
66.0,M,f,f,f,f,f,f,f,f,f,f,f,f,f,f,t,1.4,f,,t,66.0,t,0.93,t,71.0,f,,SVHC,-,861215051,0
56.0,M,f,f,f,f,f,f,f,f,f,f,f,f,f,f,t,2.2,t,2.2,t,90.0,t,0.84,t,107.0,f,,SVHC,-,861215052,0
56.0,F,f,f,f,t,f,f,f,f,f,f,f,f,f,f,t,2.4,f,,t,67.0,t,0.71,t,94.0,f,,other,-,861215053,0
76.0,F,f,f,f,f,f,f,f,f,f,f,f,f,f,f,t,3.4,f,,t,97.0,t,1.23,t,79.0,f,,SVI,-,861215054,0
58.0,F,f,f,f,f,f,f,f,f,f,f,f,f,f,f,t,2.5,t,1.4,t,63.0,f,,f,,f,,other,-,861215055,0
65.0,F,f,f,f,f,f,f,f,t,f,f,f,f,f,f,t,5.2,f,,t,103.0,t,1.46,t,71.0,f,,SVI,I,861215056,1
51.0,F,t,f,f,f,f,f,f,f,f,f,f,f,f,f,t,1.5,f,,t,95.0,t,0.77,t,123.0,f,,other,-,861215060,0
51.0,M,f,f,f,f,f,t,f,f,f,f,f,f,f,f,t,2.7,t,2.0,t,115.0,t,0.9,t,128.0,f,,other,-,861216003,0
65.0,M,f,f,f,f,f,f,f,f,f,f,f,f,f,f,t,7.2,t,1.7,t,81.0,t,0.9,t,90.0,f,,other,G,861216004,1
34.0,F,f,f,f,f,f,f,f,f,f,f,f,f,f,f,t,7.2,f,,t,234.0,t,0.7,t,334.0,f,,other,R,861216005,1
25.0,F,t,f,f,f,f,f,f,f,f,f,f,f,f,f,t,4.7,f,,t,162.0,t,1.42,t,114.0,f,,STMW,I,861216009,1
35.0,F,t,f,f,f,f,f,f,f,f,f,f,f,f,f,t,1.2,f,,t,93.0,t,0.76,t,122.0,f,,STMW,-,861216010,0
28.0,M,t,f,f,f,f,f,f,f,f,f,f,f,f,f,t,0.1,f,,t,157.0,t,0.91,t,173.0,f,,other,L,861216019,1
69.0,M,f,f,f,t,f,f,f,f,f,f,f,f,f,f,t,1.3,f,,t,109.0,t,0.93,t,117.0,f,,other,-,861216026,0
59.0,M,f,f,f,f,f,f,f,f,f,f,f,f,f,f,t,6.0,t,1.1,t,48.0,t,0.62,t,77.0,f,,SVI,-,861216034,0
59.0,F,f,f,t,f,f,f,f,f,f,f,f,f,f,f,t,3.2,t,1.8,t,106.0,t,1.16,t,91.0,f,,other,-,861216047,0
59.0,F,f,f,f,f,f,f,f,f,f,f,f,f,f,f,t,0.76,f,,t,121.0,t,1.11,t,109.0,f,,other,-,861216055,0
41.0,M,f,f,f,f,f,f,f,f,f,f,f,f,f,f,t,2.3,f,,t,97.0,t,0.96,t,101.0,f,,SVHC,-,861217001,0
41.0,F,f,f,f,f,f,f,f,f,f,f,f,f,f,t,t,4.5,f,,t,97.0,t,0.85,t,114.0,f,,SVHC,-,861217002,0
51.0,M,f,f,f,f,f,f,f,f,f,f,f,f,f,t,t,1.7,f,,t,72.0,t,0.92,t,78.0,f,,SVHC,-,861217003,0
42.0,F,f,f,f,f,f,f,f,f,f,f,f,f,f,f,t,3.4,f,,t,90.0,t,0.93,t,97.0,f,,other,-,861217004,0
26.0,M,f,f,f,f,f,t,f,f,f,f,f,f,f,f,t,0.56,t,2.1,t,137.0,t,0.91,t,151.0,f,,other,-,861217007,0
52.0,F,f,f,f,f,f,f,f,f,f,f,f,f,f,f,t,1.9,f,,t,104.0,t,0.8,t,130.0,f,,other,-,861217011,0
25.0,F,f,f,f,f,f,f,f,f,f,f,f,f,f,t,t,2.4,t,2.0,t,106.0,t,0.85,t,125.0,f,,SVHC,-,861217012,0
84.0,F,f,f,f,t,f,f,f,f,f,f,f,f,f,f,t,0.41,t,1.1,t,148.0,t,1.09,t,136.0,f,,SVHD,K,861217013,1
84.0,M,f,f,f,f,f,f,f,f,f,f,f,f,f,f,t,5.0,t,2.6,t,128.0,t,1.14,t,112.0,f,,other,-,861217019,0
84.0,,f,f,f,f,f,f,f,f,f,f,f,f,f,f,t,14.0,t,6.7,t,280.0,t,0.85,t,329.0,t,22.0,other,D,861217037,1
57.0,F,f,f,f,f,f,t,f,f,f,f,f,f,f,f,t,0.02,t,2.1,t,193.0,f,,f,,f,,other,L,861217039,1
72.0,M,f,f,f,t,f,f,f,f,f,f,f,f,f,f,f,,f,,t,84.0,t,0.94,t,89.0,f,,other,-,861217041,0
65.0,M,t,f,f,f,f,f,f,f,f,f,f,f,f,f,f,,f,,f,,f,,f,,t,10.0,other,-,861217042,0
62.0,F,f,f,f,f,f,f,f,f,f,f,f,f,f,f,t,0.64,f,,t,144.0,t,1.15,t,125.0,f,,other,-,861217044,0
62.0,F,f,f,f,f,f,f,f,f,f,f,f,f,f,f,t,0.7,f,,t,93.0,t,0.88,t,106.0,f,,SVHC,-,861217045,0
62.0,F,f,f,f,f,t,f,f,f,f,f,f,f,f,f,t,0.62,f,,t,154.0,t,1.75,t,88.0,f,,SVHC,I,861217046,1
80.0,F,f,f,f,f,f,f,f,f,f,f,f,f,f,f,t,0.54,t,2.0,t,112.0,t,1.11,t,101.0,f,,other,-,861218001,0
52.0,M,f,f,f,f,f,f,f,f,f,f,f,f,f,f,t,9.599999,t,1.2,t,126.0,t,0.9,t,140.0,f,,other,G,861218002,1
52.0,M,f,f,f,f,f,f,f,f,f,f,f,f,f,f,t,2.6,f,,t,91.0,t,0.9,t,101.0,f,,other,-,861218003,0
18.0,F,f,f,f,f,f,f,f,f,f,f,f,f,f,f,t,2.1,f,,t,143.0,f,,f,,f,,SVHC,-,861218004,0
80.0,F,f,f,f,f,f,f,f,f,t,f,f,f,f,f,t,0.55,t,0.4,t,90.0,t,0.71,t,127.0,f,,SVI,K,861218006,1
74.0,F,f,f,f,t,f,f,f,f,f,f,f,f,f,f,t,0.99,t,1.9,t,121.0,t,1.09,t,111.0,f,,SVI,-,861218007,0
25.0,F,f,f,f,f,f,f,f,f,f,f,f,f,f,f,t,1.9,f,,t,170.0,t,1.5,t,113.0,f,,STMW,I,861218015,1
38.0,F,t,f,f,f,f,f,f,f,f,f,f,f,f,f,t,0.55,t,2.2,t,145.0,t,1.01,t,144.0,f,,other,-,861218019,0
66.0,F,t,f,f,f,f,f,f,f,f,f,f,f,f,f,t,0.02,t,2.4,t,122.0,t,0.92,t,133.0,f,,other,-,861218020,0
63.0,M,t,f,f,f,f,f,f,f,f,f,f,f,f,f,t,2.5,t,1.8,t,94.0,t,0.88,t,107.0,f,,other,-,861218021,0
70.0,F,f,f,f,f,f,f,f,f,f,f,f,f,f,f,t,2.0,t,2.0,t,99.0,t,1.1,t,90.0,f,,other,-,861218026,0
62.0,F,t,f,f,f,f,f,f,f,f,f,f,f,f,f,t,0.94,t,1.8,t,83.0,t,0.82,t,101.0,f,,other,-,861218028,0
60.0,M,f,f,f,f,f,f,f,f,f,f,f,f,f,f,f,,f,,t,94.0,t,1.09,t,86.0,f,,other,-,861218032,0
66.0,F,f,f,f,f,f,t,f,f,f,f,f,f,f,f,t,3.6,t,1.9,t,82.0,t,1.13,t,73.0,f,,other,-,861218033,0
77.0,F,f,f,f,f,f,f,t,f,f,f,f,f,f,f,t,39.0,t,1.2,t,48.0,t,1.14,t,42.0,f,,other,P,861218035,1
35.0,F,t,f,f,f,f,f,f,t,f,f,t,f,f,f,t,2.5,f,,t,144.0,t,1.52,t,95.0,f,,other,I,861218036,1
71.0,F,f,f,f,f,f,f,f,t,f,f,f,f,f,f,t,23.0,t,1.8,t,87.0,t,0.96,t,91.0,f,,other,G,861218037,1
31.0,M,t,f,f,f,f,f,f,f,f,f,f,f,f,f,t,1.3,t,1.6,t,124.0,t,0.96,t,129.0,f,,other,-,861218038,0
30.0,M,f,f,f,f,f,f,f,f,f,f,f,t,f,f,f,,f,,f,,f,,f,,t,36.0,other,S,861218041,1
69.0,M,f,f,f,f,f,f,f,f,t,f,f,f,f,f,t,2.2,f,,t,87.0,t,0.8,t,109.0,f,,other,-,861218047,0
44.0,M,f,f,f,f,f,f,f,f,f,f,f,f,f,f,f,,t,2.7,t,101.0,t,1.1,t,92.0,f,,other,-,861218059,0
59.0,M,f,f,f,f,f,f,f,f,f,f,f,f,f,f,t,0.99,f,,t,70.0,t,0.67,t,104.0,f,,other,-,861218064,0
47.0,F,f,f,f,f,f,f,f,f,f,f,f,f,f,f,t,3.1,f,,t,133.0,t,1.07,t,124.0,f,,other,-,861218069,0
67.0,M,f,f,f,f,f,f,f,f,f,f,f,f,f,f,t,5.4,t,1.2,t,88.0,t,0.69,t,128.0,f,,SVI,-,861218070,0
42.0,F,f,f,f,f,f,f,f,t,t,f,f,f,f,f,f,,t,2.1,f,,f,,f,,f,,other,-,861218073,0
15.0,F,f,f,f,f,f,f,f,f,f,f,f,f,f,f,t,4.8,f,,t,69.0,t,1.02,t,68.0,f,,other,-,861218089,0
56.0,F,t,f,f,f,f,f,f,f,t,f,f,f,f,f,t,2.0,t,2.0,t,94.0,t,0.9,t,104.0,f,,other,-,861218090,0
34.0,M,f,f,f,f,f,f,f,f,f,f,f,f,f,f,t,0.08,t,4.1,t,115.0,t,0.96,t,120.0,f,,other,R,861218091,1
46.0,M,f,f,f,f,f,f,f,t,t,f,f,f,f,f,t,4.0,t,2.2,t,123.0,t,0.9,t,137.0,f,,other,-,861218093,0
46.0,M,f,f,f,f,f,f,f,f,f,f,f,f,f,t,t,1.8,f,,t,123.0,t,0.99,t,124.0,f,,SVHC,-,861219002,0
23.0,F,f,f,f,f,f,f,f,f,f,f,f,f,f,f,t,1.5,f,,t,121.0,t,1.21,t,100.0,f,,other,-,861219003,0
70.0,F,f,f,f,f,f,f,f,f,f,f,f,f,f,f,t,1.1,t,2.6,t,117.0,t,1.05,t,111.0,f,,SVHC,-,861219004,0
45.0,F,f,f,f,f,f,f,f,f,f,f,f,f,f,f,t,1.4,f,,t,66.0,t,0.77,t,86.0,f,,other,-,861219005,0
35.0,F,f,f,f,f,f,f,f,f,f,f,f,f,f,f,t,0.68,t,2.0,t,90.0,t,0.8,t,113.0,f,,other,-,861219027,0
57.0,M,f,f,f,f,f,f,f,f,f,f,f,f,f,f,t,4.8,t,2.4,t,164.0,t,1.12,t,146.0,f,,SVI,-,861219029,0
88.0,F,f,f,f,f,f,f,f,f,f,f,f,f,f,f,t,1.9,t,1.3,t,110.0,t,0.82,t,134.0,f,,SVI,-,861219030,0
49.0,F,f,f,f,f,f,f,f,f,f,f,f,f,f,f,t,4.6,t,2.2,t,92.0,t,0.83,t,111.0,f,,SVI,-,861219031,0
82.0,M,f,f,f,f,f,f,f,f,f,f,f,f,f,f,t,3.5,f,,t,116.0,t,0.74,t,157.0,f,,SVHC,-,861219032,0
23.0,F,f,f,f,f,f,f,f,f,f,f,f,f,f,f,t,2.3,f,,t,158.0,t,1.55,t,102.0,f,,other,-,861219054,0
17.0,M,f,f,f,f,f,f,f,f,f,f,f,f,f,f,t,1.3,f,,t,74.0,t,0.77,t,96.0,f,,other,-,861219061,0
36.0,F,f,f,f,f,f,f,f,f,f,f,f,f,f,f,f,,f,,f,,f,,f,,f,,other,-,861219079,0
47.0,M,f,f,f,f,f,f,f,f,f,f,f,f,f,f,t,1.0,f,,t,74.0,t,0.59,t,125.0,f,,other,-,861222002,0
74.0,F,f,f,f,f,f,f,f,f,t,f,f,f,f,f,t,5.1,t,2.5,t,132.0,t,0.97,t,136.0,f,,SVI,-,861222003,0
69.0,M,f,f,f,f,f,f,f,f,f,f,f,f,f,t,t,0.41,f,,t,117.0,t,1.14,t,103.0,f,,SVI,-,861222004,0
39.0,M,f,f,f,f,f,f,f,f,f,f,f,f,f,t,t,1.7,f,,t,90.0,t,0.68,t,132.0,f,,SVHC,-,861222005,0
55.0,M,f,f,f,f,f,f,f,f,f,t,f,f,f,f,t,2.9,f,,t,143.0,t,0.91,t,157.0,f,,SVHC,-,861222006,0
22.0,M,f,f,f,f,f,f,f,f,f,f,f,f,f,f,t,2.6,t,1.1,t,119.0,t,0.88,t,135.0,f,,SVI,K,861222022,1
45.0,M,f,f,f,f,f,f,f,f,f,f,f,f,f,f,t,3.3,t,2.0,t,93.0,t,0.98,t,95.0,f,,other,-,861222023,0
82.0,F,f,f,f,t,f,f,f,f,f,f,f,f,f,f,t,0.59,t,0.9,t,96.0,t,0.76,t,126.0,f,,SVI,K,861222024,1
57.0,F,f,f,t,f,f,f,f,f,f,f,f,f,f,f,t,3.3,t,2.5,t,66.0,t,0.91,t,73.0,f,,other,-,861222035,0
27.0,F,f,f,f,f,f,f,f,f,f,f,f,f,f,f,t,1.5,f,,t,90.0,t,0.82,t,110.0,f,,other,-,861223002,0
26.0,M,f,f,f,f,f,f,f,f,f,f,f,f,f,t,t,0.5,t,1.8,t,111.0,t,0.83,t,134.0,f,,SVHC,-,861223003,0
26.0,M,f,f,f,f,f,f,f,f,f,f,f,f,f,f,t,1.0,f,,t,80.0,t,0.75,t,107.0,f,,SVHC,-,861223004,0
66.0,F,f,f,f,f,f,f,f,f,f,f,f,f,f,f,t,1.5,f,,t,78.0,t,0.7,t,111.0,f,,other,-,861223005,0
66.0,M,f,f,f,f,f,f,f,f,f,f,f,f,f,t,t,3.7,f,,t,105.0,t,0.83,t,127.0,f,,SVHC,-,861223006,0
81.0,F,f,f,f,f,f,f,f,f,f,f,f,f,f,f,t,5.1,t,1.7,t,98.0,f,,f,,f,,other,-,861223007,0
39.0,F,f,f,f,f,f,f,f,f,f,f,f,f,f,f,t,4.2,t,2.4,t,102.0,t,1.02,t,100.0,f,,SVHC,-,861223009,0
74.0,F,f,f,f,f,f,f,f,f,t,f,f,f,f,f,t,3.6,t,2.0,t,84.0,t,0.78,t,108.0,f,,SVI,-,861223028,0
58.0,M,f,f,f,f,f,f,f,f,f,f,f,f,f,f,t,1.2,f,,t,98.0,t,0.93,t,105.0,f,,SVI,-,861223029,0
95.0,F,f,f,f,f,f,f,f,f,f,f,f,f,f,f,t,1.6,f,,t,98.0,t,0.91,t,108.0,f,,other,-,861223030,0
66.0,M,f,f,f,f,f,f,f,f,f,f,f,f,f,f,t,0.73,t,1.5,t,97.0,t,0.71,t,136.0,f,,SVI,-,861223036,0
45.0,M,f,t,f,f,f,f,f,f,f,f,f,f,f,f,t,0.025,f,,t,114.0,t,0.81,t,141.0,f,,other,-,861223049,0
33.0,F,f,f,f,f,f,f,f,f,f,f,f,f,f,f,t,0.96,t,2.8,t,118.0,t,1.17,t,101.0,f,,other,-,861224001,0
65.0,F,t,f,f,t,f,f,f,f,f,f,f,f,f,f,t,0.03,t,2.2,t,146.0,t,1.06,t,138.0,f,,other,-,861224008,0
39.0,F,f,f,f,f,f,f,f,f,f,f,f,t,f,f,t,0.8,t,2.2,t,91.0,t,0.79,t,115.0,f,,other,-,861224018,0
36.0,F,f,f,f,f,f,f,f,f,f,f,f,f,f,f,t,0.97,f,,t,101.0,t,0.77,t,131.0,f,,other,-,861224032,0
36.0,,f,f,f,f,f,f,f,f,f,f,f,f,f,f,t,3.4,t,4.7,t,172.0,t,0.87,t,198.0,f,,other,I,861229001,1
60.0,,f,f,f,f,f,f,f,f,f,f,f,f,f,f,t,1.9,f,,t,123.0,t,0.97,t,127.0,f,,SVI,-,861229005,0
60.0,M,f,f,f,t,f,f,f,f,f,f,f,f,f,f,t,1.3,f,,t,110.0,t,0.87,t,126.0,f,,SVI,-,861229006,0
42.0,,f,f,f,f,f,f,f,f,f,f,f,f,f,f,t,1.9,f,,t,125.0,t,0.78,t,160.0,f,,SVHC,-,861229007,0
46.0,F,f,f,f,t,f,f,f,f,f,f,f,f,f,f,t,1.7,f,,t,135.0,t,1.05,t,129.0,f,,SVI,-,861229008,0
58.0,F,f,f,f,f,f,f,f,f,f,f,f,f,f,f,t,0.46,f,,t,117.0,t,0.9,t,130.0,f,,SVI,-,861229009,0
81.0,M,f,f,f,f,f,f,f,f,f,f,f,f,f,f,t,1.3,t,1.3,t,107.0,t,0.85,t,126.0,f,,SVI,-,861229010,0
59.0,F,f,f,f,f,f,f,f,f,t,f,f,f,f,f,t,1.8,f,,t,121.0,t,0.99,t,122.0,f,,other,-,861229011,0
82.0,M,f,f,f,f,f,f,f,f,f,f,f,f,f,f,t,1.2,t,1.4,t,115.0,t,0.74,t,155.0,f,,SVI,-,861229012,0
56.0,F,f,f,f,f,f,f,f,f,t,f,f,f,f,f,t,2.1,f,,t,130.0,t,1.12,t,116.0,f,,SVI,-,861229013,0
72.0,F,t,f,f,f,f,t,f,f,f,f,f,f,f,f,t,1.0,t,1.4,t,120.0,t,0.94,t,128.0,f,,other,-,861229014,0
72.0,F,f,f,f,f,f,f,f,f,f,f,f,f,f,f,t,21.0,f,,t,60.0,t,1.17,t,51.0,f,,SVHC,F,861229015,1
33.0,F,f,f,f,f,f,f,f,f,f,f,f,f,f,f,t,2.3,f,,t,77.0,t,0.83,t,93.0,f,,other,-,861229016,0
30.0,M,f,f,f,f,f,f,f,f,f,f,f,f,f,t,t,1.7,t,2.3,t,83.0,t,0.81,t,102.0,f,,SVHC,-,861229030,0
69.0,F,f,f,f,f,f,f,f,f,f,f,f,f,f,f,t,6.9,f,,t,109.0,t,1.03,t,106.0,f,,other,G,861229031,1
69.0,M,f,f,f,f,f,f,f,f,f,f,f,f,f,f,t,5.5,f,,t,56.0,t,0.86,t,65.0,f,,SVI,-,861229032,0
75.0,F,f,f,f,f,f,f,f,f,f,f,f,f,f,f,t,0.93,f,,t,127.0,t,0.94,t,135.0,f,,other,-,861229033,0
64.0,M,f,f,f,f,f,f,f,f,f,f,f,f,f,f,t,3.0,f,,t,96.0,t,0.79,t,122.0,f,,other,-,861229034,0
64.0,,f,f,f,f,f,f,f,f,f,f,f,f,f,f,t,3.9,f,,t,106.0,t,0.93,t,114.0,f,,SVHC,-,861229035,0
64.0,M,f,f,f,f,f,f,f,f,f,f,f,f,f,t,t,3.3,f,,t,113.0,t,0.93,t,122.0,f,,SVHC,-,861229036,0
69.0,M,f,f,f,f,f,f,f,t,f,f,f,f,f,f,t,0.44,t,1.1,t,66.0,t,1.0,t,66.0,f,,SVI,K,861229037,1
65.0,M,f,f,f,f,f,f,f,f,f,f,f,f,f,f,t,1.9,f,,t,86.0,t,0.94,t,91.0,f,,SVI,-,861229038,0
65.0,F,f,f,f,f,f,f,f,f,f,f,f,f,f,f,t,0.65,f,,t,96.0,t,0.79,t,122.0,f,,SVHC,-,861230029,0
73.0,M,f,f,f,f,f,f,f,f,f,f,f,f,f,f,t,1.7,t,1.8,t,82.0,t,0.93,t,88.0,f,,SVI,-,861230033,0
56.0,F,f,f,f,t,f,f,f,t,f,f,f,f,f,f,t,0.46,t,1.9,t,103.0,t,1.06,t,97.0,f,,SVI,-,861230034,0
45.0,F,f,f,f,f,f,f,f,f,f,f,f,f,f,f,t,0.77,f,,f,,f,,f,,f,,other,-,861230037,0
70.0,F,f,f,f,f,f,f,f,f,f,f,f,f,f,f,t,0.9,t,1.5,t,104.0,t,0.95,t,109.0,f,,SVI,-,861230041,0
79.0,F,f,f,f,f,f,f,f,f,f,f,f,f,f,f,t,4.9,f,,t,77.0,t,0.82,t,94.0,f,,other,-,861231009,0
59.0,F,f,f,f,f,f,f,f,f,f,f,f,f,f,t,t,2.5,t,2.1,t,79.0,t,0.99,t,80.0,f,,other,-,861231010,0
51.0,F,f,f,f,f,f,f,f,f,f,f,f,f,f,f,t,106.0,t,0.6,t,5.0,t,0.89,t,5.5,f,,SVI,F,861231011,1
51.0,,f,f,f,f,f,f,f,f,f,f,f,f,f,t,t,0.76,f,,t,90.0,t,0.67,t,134.0,f,,SVHC,-,861231012,0
35.0,M,f,f,f,f,f,f,f,f,f,f,f,f,f,f,t,2.8,f,,t,90.0,t,0.89,t,101.0,f,,SVI,-,861231013,0
73.0,F,f,f,f,f,f,f,f,f,f,f,f,f,f,t,t,0.56,f,,t,81.0,t,0.9,t,90.0,f,,SVI,-,861231014,0
65.0,F,f,f,f,f,f,f,f,f,f,f,f,f,f,f,t,5.9,t,2.1,t,109.0,t,0.89,t,122.0,f,,SVI,-,870102003,0
75.0,M,f,f,f,f,f,f,f,f,f,f,f,f,f,f,t,1.2,f,,t,57.0,t,0.63,t,90.0,f,,SVI,-,870102004,0
61.0,F,f,f,f,f,f,f,f,f,t,f,f,f,f,f,t,0.38,t,2.7,t,116.0,t,0.99,t,117.0,f,,other,-,870102007,0
66.0,F,f,f,f,f,f,f,f,f,f,f,f,f,f,f,t,0.06,t,1.6,t,100.0,t,1.17,t,86.0,f,,other,-,870102016,0
82.0,F,f,f,f,f,f,f,f,f,f,f,f,f,f,f,t,2.3,t,1.6,t,66.0,t,0.8,t,83.0,f,,other,-,870102017,0
60.0,M,f,f,f,f,f,f,f,f,f,f,f,f,f,f,t,1.7,f,,t,87.0,t,0.67,t,130.0,f,,SVI,-,870102018,0
60.0,M,f,f,f,f,f,f,f,f,f,f,f,f,f,f,t,1.5,f,,t,71.0,t,0.83,t,86.0,f,,SVHC,-,870102019,0
65.0,M,f,f,f,f,f,f,f,f,f,f,f,f,f,f,t,4.8,f,,t,65.0,t,0.91,t,71.0,f,,SVI,-,870102021,0
62.0,F,f,f,f,f,f,f,f,f,f,f,f,f,f,f,t,2.7,f,,t,95.0,t,0.93,t,102.0,f,,other,-,870105001,0
49.0,F,f,f,f,f,f,f,f,f,t,f,f,f,f,f,t,1.5,f,,t,105.0,t,0.99,t,106.0,f,,other,-,870105016,0
57.0,M,f,f,f,f,f,f,f,f,f,f,f,f,f,f,t,0.72,f,,t,108.0,t,0.77,t,140.0,f,,SVI,-,870105023,0
47.0,M,f,f,f,f,f,f,f,f,f,f,f,f,f,f,t,1.6,f,,t,133.0,t,0.92,t,145.0,f,,SVHC,-,870105024,0
51.0,F,f,f,f,f,f,f,f,f,f,f,f,f,f,f,f,,t,2.2,t,76.0,t,0.98,t,78.0,f,,other,-,870105025,0
48.0,F,f,f,f,f,f,f,f,f,f,f,f,f,f,f,t,4.7,f,,t,119.0,t,0.9,t,132.0,f,,SVI,-,870105026,0
22.0,M,f,f,f,f,f,f,f,f,f,f,f,f,f,f,t,1.8,t,1.7,t,104.0,t,0.89,t,117.0,f,,SVI,-,870105027,0
76.0,M,f,f,f,f,f,f,f,f,f,f,f,f,f,f,t,1.1,f,,t,87.0,t,0.81,t,107.0,f,,other,-,870105028,0
61.0,F,f,f,f,f,f,f,f,f,t,f,f,f,f,f,t,0.025,t,8.0,t,202.0,f,,f,,f,,other,A,870106001,1
61.0,F,f,f,f,t,f,f,f,f,f,f,f,f,f,f,t,2.3,f,,t,93.0,t,0.95,t,98.0,f,,other,-,870106002,0
64.0,M,f,f,f,f,f,f,f,f,f,f,f,f,f,f,t,3.8,f,,t,133.0,t,0.91,t,146.0,f,,SVI,-,870106003,0
80.0,M,t,f,f,f,f,f,f,t,f,f,f,f,f,f,t,0.045,t,0.9,t,127.0,t,0.64,t,198.0,f,,other,L,870106004,1
34.0,M,f,f,f,f,f,f,f,f,f,f,f,f,f,f,t,2.3,t,2.2,t,81.0,t,0.78,t,104.0,f,,SVI,-,870106019,0
53.0,F,f,f,f,f,f,f,f,f,f,f,f,f,f,f,t,0.87,t,2.1,t,122.0,t,0.97,t,126.0,f,,SVI,-,870106020,0
57.0,M,f,f,f,f,f,f,f,f,f,f,f,f,f,f,t,1.1,t,1.6,t,120.0,t,0.87,t,138.0,f,,SVI,-,870106021,0
57.0,M,f,f,f,f,f,f,f,f,f,f,f,f,f,f,t,2.1,f,,t,82.0,t,0.69,t,119.0,f,,SVI,-,870106027,0
69.0,M,f,f,f,f,f,f,f,f,f,f,f,f,f,f,f,,t,1.4,t,118.0,t,0.87,t,136.0,f,,SVI,-,870106028,0
65.0,M,f,f,f,f,f,f,f,f,f,f,f,f,f,t,t,1.1,t,2.5,t,95.0,t,0.98,t,97.0,f,,SVHC,-,870106030,0
64.0,M,f,f,f,f,f,f,f,f,f,f,f,f,f,f,t,1.5,t,1.7,t,81.0,f,,f,,f,,other,-,870106031,0
25.0,F,t,f,f,f,f,f,f,f,f,f,f,f,f,f,t,0.97,f,,t,153.0,t,1.1,t,139.0,f,,other,-,870106033,0
31.0,M,f,f,f,f,f,f,f,f,f,f,f,f,f,f,t,1.4,f,,t,117.0,t,1.05,t,111.0,f,,SVI,-,870107002,0
63.0,M,f,f,f,f,f,f,f,f,f,f,f,f,f,f,f,,f,,t,105.0,t,0.95,t,111.0,f,,other,-,870107006,0
83.0,F,f,f,f,f,f,f,f,f,f,f,f,f,f,f,t,1.8,f,,t,147.0,t,0.92,t,160.0,f,,SVI,-,870107012,0
51.0,M,f,f,f,f,f,f,f,f,f,f,f,f,f,f,t,1.9,t,1.8,t,85.0,t,0.78,t,109.0,f,,SVI,-,870107013,0
73.0,F,f,f,f,f,f,f,f,t,f,f,f,f,f,f,t,3.3,f,,t,109.0,t,0.76,t,143.0,f,,SVI,-,870107014,0
73.0,F,t,f,f,f,f,f,f,f,f,f,f,f,f,f,t,2.3,t,1.3,t,100.0,t,0.88,t,114.0,f,,other,-,870107015,0
63.0,F,f,f,f,f,f,f,f,f,f,f,f,f,f,f,t,0.34,f,,t,112.0,t,0.98,t,114.0,f,,SVI,-,870107016,0
17.0,M,f,f,f,f,f,f,f,f,f,f,f,f,f,f,t,2.6,t,3.0,t,89.0,t,0.99,t,90.0,f,,other,-,870107031,0
57.0,F,f,f,f,f,f,f,f,f,f,f,f,f,f,f,t,0.82,f,,t,131.0,t,1.06,t,124.0,f,,other,-,870107037,0
66.0,F,f,f,f,f,f,f,f,f,f,f,f,f,f,f,t,85.0,t,1.8,t,118.0,t,1.27,t,93.0,f,,SVI,G,870108001,1
69.0,F,f,f,f,f,f,f,f,f,f,f,f,f,f,f,t,0.41,t,2.3,t,160.0,t,1.06,t,151.0,f,,SVI,-,870108003,0
43.0,M,f,f,f,f,f,f,f,f,f,f,f,f,f,f,t,0.79,f,,t,103.0,t,0.83,t,124.0,f,,other,-,870108004,0
51.0,M,f,f,f,f,f,f,f,f,f,f,f,f,f,f,t,3.1,f,,t,91.0,t,0.84,t,108.0,f,,SVHC,-,870108005,0
29.0,F,f,f,f,f,f,f,f,f,f,f,f,f,f,f,t,0.63,t,2.3,t,158.0,f,,f,,f,,SVI,R,870108006,1
51.0,F,f,f,f,f,f,f,f,f,f,f,f,f,f,f,t,59.0,t,0.2,t,13.0,f,,f,,f,,SVI,F,870108008,1
39.0,M,f,f,f,f,f,f,f,f,f,f,f,f,f,f,t,2.4,f,,t,93.0,t,0.99,t,94.0,f,,other,-,870108010,0
30.0,F,f,f,f,f,t,f,f,f,f,f,f,f,f,f,t,5.3,t,3.3,t,120.0,t,1.5,t,80.0,f,,other,I,870108013,1
55.0,F,f,f,f,f,f,f,f,t,f,f,f,f,f,f,t,1.6,t,1.8,t,101.0,t,1.02,t,99.0,f,,other,-,870108017,0
94.0,F,f,f,f,f,f,f,f,f,f,f,f,f,f,f,t,0.99,t,0.9,t,109.0,t,0.92,t,119.0,f,,SVI,K,870108034,1
58.0,M,f,f,f,f,f,f,f,f,f,f,f,f,f,f,t,1.4,f,,t,91.0,t,0.94,t,97.0,f,,other,-,870108048,0
87.0,M,f,f,f,f,f,f,f,f,f,f,f,f,f,f,t,1.1,f,,t,77.0,t,0.75,t,103.0,f,,SVI,-,870108049,0
27.0,F,f,f,f,f,f,f,f,f,f,f,f,f,f,f,t,0.82,f,,t,105.0,t,1.08,t,97.0,f,,other,-,870108053,0
41.0,F,t,f,f,f,f,f,f,f,f,f,f,f,f,f,t,0.36,t,1.9,t,154.0,t,1.04,t,148.0,f,,other,-,870108056,0
54.0,F,f,f,f,f,f,f,f,f,f,f,f,f,f,f,t,4.01,t,1.4,t,69.0,t,0.94,t,73.0,f,,other,-,870108062,0
54.0,,f,f,f,f,f,f,f,f,f,f,f,f,f,f,t,1.7,t,3.0,t,141.0,t,1.2,t,118.0,f,,other,-,870109001,0
38.0,F,t,f,f,f,f,f,f,f,f,f,f,f,f,f,f,,f,,f,,f,,f,,f,,other,-,870109006,0
76.0,F,f,f,f,f,f,f,f,f,f,f,f,f,f,f,t,2.8,t,2.4,t,86.0,t,0.79,t,109.0,f,,other,-,870109027,0
41.0,F,f,f,f,f,f,f,f,f,f,f,f,f,f,t,t,1.1,f,,t,97.0,t,0.79,t,123.0,f,,SVHC,-,870109028,0
68.0,M,f,f,f,f,f,f,f,f,f,f,f,f,f,f,t,1.5,f,,t,81.0,t,0.77,t,105.0,f,,other,-,870109029,0
73.0,F,f,f,f,f,f,f,f,t,f,f,f,f,f,f,t,78.0,f,,t,57.0,t,0.97,t,59.0,f,,other,F,870109037,1
79.0,M,f,f,f,t,f,f,f,f,f,f,f,f,f,f,t,1.7,f,,t,90.0,t,0.98,t,92.0,f,,SVI,-,870109039,0
84.0,M,f,f,f,f,f,f,f,f,f,f,f,t,f,f,t,0.48,f,,t,60.0,t,0.8,t,75.0,f,,SVI,-,870109040,0
80.0,F,f,f,f,f,f,f,f,f,f,f,f,f,f,f,t,0.62,f,,t,86.0,t,0.58,t,148.0,f,,other,-,870109041,0
80.0,F,f,f,f,t,f,f,f,f,f,f,f,f,f,f,t,0.08,t,2.5,t,68.0,t,0.83,t,82.0,f,,SVI,-,870109042,0
80.0,M,f,f,f,f,f,f,f,f,f,f,f,f,f,f,t,1.2,t,1.1,t,88.0,t,0.83,t,106.0,f,,SVI,K,870109043,1
73.0,F,f,f,f,f,f,f,f,t,f,f,f,f,f,f,t,2.0,t,2.2,t,119.0,t,1.06,t,112.0,f,,SVI,-,870109056,0
73.0,F,f,f,f,f,f,f,f,f,t,f,f,f,f,f,t,2.3,f,,t,94.0,t,0.91,t,103.0,f,,SVHC,-,870109063,0
73.0,F,f,f,f,f,f,f,f,f,t,f,f,f,f,t,t,1.4,f,,t,136.0,t,1.07,t,127.0,f,,SVHC,-,870109064,0
68.0,F,f,f,f,f,f,f,f,f,f,f,f,f,f,f,t,20.0,f,,t,63.0,t,1.01,t,62.0,f,,SVHC,F,870109067,1
30.0,M,f,f,f,f,f,f,f,f,f,f,f,f,f,t,t,2.5,f,,t,126.0,t,0.87,t,145.0,f,,SVHC,-,870109068,0
54.0,F,f,f,f,f,f,f,f,f,f,f,f,f,f,f,t,1.2,t,2.4,t,91.0,t,0.95,t,96.0,f,,other,-,870112001,0
23.0,M,f,f,f,f,f,f,f,f,f,f,f,f,f,f,t,1.2,f,,t,100.0,t,0.72,t,139.0,f,,SVI,-,870112002,0
67.0,M,f,f,f,f,f,f,f,f,f,f,f,f,f,f,t,4.7,f,,t,70.0,t,0.95,t,74.0,f,,SVHC,-,870112005,0
61.0,F,t,f,f,f,f,f,f,f,f,f,f,f,f,f,t,0.04,f,,t,151.0,t,0.85,t,178.0,f,,other,N,870112011,1
84.0,M,f,f,f,f,f,f,f,f,t,f,f,t,f,f,t,0.54,f,,t,72.0,t,0.7,t,103.0,f,,SVI,-,870112012,0
27.0,F,f,f,f,f,t,f,f,f,f,f,f,f,f,f,t,1.4,f,,t,106.0,t,1.79,t,59.0,f,,STMW,I,870112013,1
43.0,F,t,f,f,f,f,f,f,f,f,f,f,f,f,f,t,2.1,f,,t,90.0,t,1.11,t,81.0,f,,other,-,870112023,0
69.0,M,f,f,f,f,f,f,f,f,f,f,f,f,f,f,t,0.26,t,1.1,t,99.0,t,1.23,t,81.0,f,,SVI,K,870112024,1
36.0,M,f,f,f,f,f,f,f,f,f,f,f,f,f,f,t,0.93,f,,t,78.0,t,0.79,t,99.0,f,,SVI,-,870112025,0
80.0,F,f,f,f,f,f,f,f,f,f,f,f,f,f,f,t,3.4,f,,t,101.0,t,0.66,t,153.0,f,,SVI,-,870112027,0
79.0,M,f,f,f,t,f,f,f,f,f,f,f,f,f,f,t,2.0,t,1.8,t,103.0,t,1.0,t,103.0,f,,SVI,-,870112028,0
44.0,M,t,f,f,f,f,f,f,f,f,t,f,f,f,t,t,1.4,f,,t,70.0,t,0.7,t,100.0,f,,SVHC,-,870112030,0
44.0,,f,f,f,f,f,f,t,t,f,f,f,f,f,f,t,0.12,f,,t,106.0,t,0.93,t,114.0,f,,other,-,870112031,0
37.0,M,f,f,f,f,f,f,f,f,f,f,f,f,f,f,t,1.7,f,,t,76.0,f,,f,,f,,other,-,870112032,0
75.0,F,f,f,f,f,f,f,f,t,f,f,f,f,f,f,t,1.2,t,1.2,t,77.0,t,0.65,t,118.0,f,,SVI,-,870112033,0
30.0,F,f,f,f,f,f,f,f,f,f,f,f,f,f,f,t,1.4,f,,t,92.0,t,0.85,t,108.0,f,,other,-,870112035,0
30.0,F,f,f,f,f,f,f,f,f,f,f,f,f,f,t,t,3.5,f,,t,69.0,t,0.86,t,80.0,f,,SVHC,-,870112037,0
60.0,M,f,f,f,f,f,f,f,f,f,f,f,f,f,f,t,0.45,t,2.5,t,153.0,t,1.05,t,146.0,f,,SVHC,-,870112038,0
24.0,M,f,f,f,f,f,f,f,f,f,f,f,f,f,f,t,2.1,f,,t,116.0,t,0.8,t,145.0,f,,SVHC,-,870112039,0
43.0,M,f,f,f,f,f,f,f,f,f,f,f,f,f,f,t,0.29,f,,t,46.0,t,0.64,t,72.0,f,,other,J,870112040,1
15.0,F,f,f,f,f,f,f,f,f,f,f,f,f,f,f,t,3.1,f,,t,64.0,t,0.78,t,82.0,f,,other,-,870112041,0
15.0,F,f,f,f,f,f,f,f,f,f,f,f,f,f,f,t,28.0,f,,t,208.0,t,2.03,t,102.0,f,,other,I,870113001,1
64.0,M,t,f,f,f,f,f,f,t,f,f,f,f,f,f,t,3.3,f,,t,89.0,t,0.65,t,137.0,f,,other,-,870113003,0
54.0,M,f,f,f,f,f,f,f,f,f,f,f,f,f,f,t,0.96,f,,t,128.0,t,0.8,t,160.0,f,,SVI,-,870113011,0
56.0,F,f,f,f,f,f,f,f,f,t,f,f,f,f,f,t,4.4,t,1.9,t,88.0,t,0.83,t,106.0,f,,SVI,-,870113013,0
40.0,F,t,f,f,f,f,f,f,f,f,f,f,t,f,f,t,0.05,f,,t,146.0,t,1.04,t,140.0,f,,other,-,870113027,0
48.0,F,f,f,f,f,f,f,f,f,f,f,f,f,f,f,t,2.1,f,,t,62.0,t,0.9,t,69.0,f,,SVI,-,870113028,0
57.0,M,f,f,f,f,f,f,f,f,f,f,f,f,f,f,t,0.78,f,,t,134.0,t,0.94,t,143.0,f,,SVHC,-,870113029,0
51.0,F,f,f,f,f,f,f,f,t,f,f,f,f,f,f,t,1.4,t,1.5,t,37.0,t,0.71,t,52.0,f,,SVI,K,870113030,1
56.0,M,f,f,f,f,f,f,f,f,f,f,f,f,f,f,t,0.53,f,,t,107.0,t,0.97,t,109.0,f,,SVI,-,870113032,0
71.0,,f,f,f,f,f,f,f,f,f,f,f,f,f,f,t,3.8,f,,t,83.0,t,0.77,t,108.0,f,,SVI,-,870113033,0
69.0,M,f,f,f,f,f,f,f,f,f,f,t,f,f,f,t,0.16,t,1.0,t,106.0,t,1.24,t,86.0,f,,SVI,K,870113034,1
70.0,M,f,f,f,f,f,f,f,f,f,f,f,f,f,f,t,2.1,t,0.7,t,81.0,t,0.57,t,142.0,f,,SVI,K,870113036,1
63.0,F,t,f,f,f,f,f,f,f,f,f,f,f,f,f,t,11.0,f,,t,57.0,t,1.0,t,57.0,f,,other,F,870113038,1
57.0,F,f,f,f,f,f,f,f,f,f,f,f,f,f,f,t,2.2,t,1.9,t,94.0,t,0.9,t,104.0,f,,other,-,870113042,0
10.0,M,f,f,f,f,f,f,f,f,f,f,f,f,f,f,t,2.5,f,,t,109.0,t,1.0,t,109.0,f,,other,-,870113047,0
22.0,F,f,f,f,f,f,f,f,f,f,f,f,f,f,f,f,,f,,f,,f,,f,,f,,other,-,870114007,0
41.0,F,f,f,f,f,f,f,f,f,f,f,f,f,f,f,f,,f,,f,,f,,f,,f,,other,-,870114015,0
52.0,M,f,f,f,f,f,f,f,f,f,f,f,f,f,f,t,1.4,f,,t,97.0,t,0.87,t,112.0,f,,SVI,-,870114023,0
67.0,M,f,f,f,f,f,f,f,f,t,f,f,f,f,f,t,1.7,f,,t,86.0,t,0.82,t,105.0,f,,other,-,870114024,0
40.0,F,f,f,f,f,f,f,f,f,f,f,f,f,f,f,t,2.1,f,,t,134.0,t,1.17,t,115.0,f,,other,-,870114025,0
42.0,F,f,f,f,f,f,f,f,f,f,f,f,f,f,f,f,,t,3.2,t,174.0,f,,f,,f,,SVI,A,870114026,1
63.0,F,f,f,f,f,f,f,f,f,t,f,f,f,f,f,t,2.1,t,3.1,t,126.0,t,1.66,t,76.0,f,,other,I,870114027,1
80.0,F,f,f,f,f,f,f,f,f,f,f,f,f,f,f,t,0.06,f,,t,101.0,t,0.58,t,174.0,f,,other,-,870114028,0
80.0,F,f,f,f,f,f,f,f,f,f,f,f,f,f,f,t,3.9,t,2.1,t,101.0,t,0.92,t,110.0,f,,other,-,870114029,0
79.0,F,f,f,f,f,f,f,f,f,f,f,f,f,f,f,t,1.6,f,,t,57.0,t,0.66,t,86.0,f,,SVI,-,870114032,0
15.0,M,f,f,f,f,f,f,f,f,f,f,f,f,f,f,t,1.5,f,,t,71.0,t,0.82,t,87.0,f,,other,-,870114033,0
75.0,F,f,f,f,f,f,f,f,f,f,f,f,f,f,f,t,17.0,t,1.4,t,104.0,t,1.15,t,90.0,f,,SVI,G,870114034,1
43.0,F,f,f,f,f,f,f,f,f,f,f,f,f,f,f,t,1.4,f,,t,82.0,t,0.88,t,93.0,f,,SVI,-,870114035,0
62.0,F,t,f,f,f,f,f,f,f,t,f,f,f,f,f,t,3.9,f,,t,84.0,t,1.02,t,82.0,f,,other,-,870114037,0
62.0,M,f,f,f,f,f,f,f,f,f,f,f,f,f,f,t,2.6,f,,t,78.0,t,0.7,t,111.0,f,,other,-,870114038,0
75.0,F,f,f,f,f,f,f,f,f,f,f,f,f,f,f,t,0.12,f,,t,115.0,t,0.91,t,126.0,f,,other,-,870114039,0
42.0,F,f,f,f,f,f,f,f,f,f,f,f,f,f,f,t,0.89,t,2.1,t,114.0,t,1.04,t,110.0,f,,other,-,870114040,0
65.0,M,f,f,f,f,f,f,f,f,f,f,f,f,f,f,t,0.73,t,1.8,t,85.0,t,0.9,t,94.0,f,,other,-,870114044,0
65.0,F,t,f,f,f,f,f,t,t,f,f,f,f,f,f,t,4.1,t,2.1,t,135.0,t,1.19,t,113.0,f,,other,-,870114045,0
31.0,F,f,f,f,f,f,f,f,f,f,f,f,f,f,f,f,,t,1.5,t,71.0,t,0.73,t,97.0,f,,other,-,870114047,0
31.0,M,f,f,f,f,f,f,f,f,f,f,f,f,f,f,f,,f,,f,,f,,f,,f,,other,-,870114057,0
57.0,M,f,f,f,f,f,f,f,f,f,f,f,f,f,f,t,1.4,f,,t,79.0,t,0.85,t,92.0,f,,other,-,870115001,0
74.0,F,f,f,f,t,f,f,f,f,f,f,f,f,f,f,t,53.0,t,1.0,t,49.0,t,1.25,t,39.0,f,,SVI,F,870115016,1
47.0,F,f,f,f,f,f,f,f,f,f,f,f,f,f,f,t,5.8,f,,t,71.0,t,0.71,t,100.0,f,,other,-,870115027,0
26.0,F,f,f,f,f,f,f,f,f,f,f,f,f,f,f,t,0.06,f,,t,118.0,t,0.65,t,182.0,f,,other,-,870115032,0
42.0,F,t,f,f,f,f,f,f,t,f,f,f,f,f,f,t,2.3,t,1.3,t,59.0,t,0.73,t,81.0,f,,other,-,870115033,0
76.0,M,f,f,f,f,f,f,f,f,f,f,f,f,f,f,t,7.4,f,,t,122.0,t,0.94,t,130.0,f,,SVI,G,870115042,1
69.0,F,f,f,f,f,f,f,f,f,f,f,f,t,f,f,t,3.6,f,,t,68.0,t,0.8,t,85.0,f,,SVI,-,870115049,0
63.0,F,t,f,f,f,f,f,f,t,f,f,f,f,f,f,t,3.4,f,,t,111.0,t,0.88,t,126.0,f,,other,-,870115057,0
42.0,F,f,f,t,f,f,f,f,f,f,f,f,f,f,f,t,2.4,t,1.8,t,102.0,t,0.95,t,107.0,f,,other,-,870115061,0
15.0,F,f,f,f,f,f,f,f,f,t,f,f,f,f,f,t,12.0,f,,t,92.0,t,0.96,t,96.0,f,,other,G,870116005,1
48.0,F,f,f,f,f,f,f,f,f,f,f,f,f,f,f,t,1.4,f,,t,104.0,t,1.09,t,95.0,f,,other,-,870116006,0
63.0,F,f,f,f,f,f,f,f,f,f,f,f,f,f,f,t,1.3,f,,t,62.0,t,0.77,t,81.0,f,,other,-,870116009,0
80.0,M,f,f,f,f,f,f,f,f,f,f,f,f,f,f,t,0.74,f,,t,94.0,t,0.84,t,112.0,f,,SVI,-,870116010,0
40.0,F,f,f,f,f,f,f,f,f,f,f,f,f,f,f,t,1.1,f,,t,113.0,t,1.1,t,103.0,f,,STMW,-,870116013,0
16.0,M,f,f,f,f,f,f,f,f,f,f,f,f,f,f,f,,f,,t,124.0,t,0.82,t,151.0,f,,SVHC,-,870116036,0
35.0,F,f,f,f,f,f,f,f,f,f,f,f,f,f,f,f,,f,,f,,f,,f,,f,,other,-,870116037,0
75.0,F,t,f,f,f,f,f,f,t,f,f,f,f,f,f,t,18.0,f,,t,54.0,t,1.03,t,53.0,f,,SVI,F,870116038,1
62.0,M,f,f,f,f,f,f,f,f,f,f,f,f,f,f,t,1.1,f,,t,81.0,t,0.78,t,104.0,f,,SVI,-,870116039,0
84.0,F,f,f,f,f,f,f,f,f,f,f,f,f,f,f,t,0.34,f,,t,105.0,t,0.93,t,113.0,f,,SVI,-,870116040,0
80.0,M,f,f,f,f,f,f,f,f,f,f,f,f,f,f,t,3.3,f,,t,111.0,t,0.92,t,121.0,f,,SVI,-,870116041,0
64.0,M,f,f,f,f,f,f,f,f,f,f,f,f,f,f,t,0.81,f,,t,31.0,t,0.55,t,56.0,f,,SVI,K,870116043,1
16.0,M,f,f,f,f,f,f,f,f,f,f,f,f,f,f,t,2.6,f,,t,122.0,t,0.86,t,142.0,f,,SVHC,-,870116044,0
54.0,M,f,f,f,f,f,f,f,f,f,f,f,f,f,f,t,1.1,f,,t,105.0,t,0.82,t,128.0,f,,SVHC,-,870116045,0
78.0,M,f,f,f,f,f,f,f,f,f,f,f,f,f,f,t,0.97,f,,t,97.0,t,0.73,t,133.0,f,,SVI,-,870116046,0
60.0,M,f,f,t,f,f,f,f,f,f,f,f,f,f,f,t,0.18,f,,t,28.0,t,0.87,t,32.0,f,,other,K,870116053,1
64.0,M,f,f,f,f,f,f,f,t,f,f,f,f,f,f,f,,f,,t,44.0,t,0.53,t,83.0,f,,other,J,870119002,1
72.0,F,f,f,f,f,f,f,f,f,f,f,f,f,f,f,f,,f,,t,125.0,t,1.05,t,119.0,f,,SVI,-,870119003,0
72.0,F,f,f,f,f,f,f,f,f,t,f,f,f,f,f,f,,f,,t,93.0,t,1.0,t,93.0,f,,other,-,870119005,0
46.0,F,f,f,f,f,f,f,f,f,f,t,f,f,f,t,f,,f,,t,70.0,t,0.75,t,93.0,f,,SVHC,-,870119007,0
36.0,F,f,f,f,f,f,f,f,f,f,f,f,f,f,f,f,,f,,t,84.0,t,1.26,t,67.0,f,,other,I,870119008,1
69.0,F,t,f,f,f,f,f,f,f,f,f,f,t,f,f,f,,f,,t,94.0,t,0.94,t,100.0,f,,SVI,-,870119009,0
40.0,F,f,f,f,f,f,f,f,f,f,f,f,f,f,f,f,,f,,t,67.0,t,0.79,t,85.0,f,,other,-,870119019,0
33.0,F,f,f,f,f,f,f,f,f,f,f,f,f,f,f,f,,f,,t,76.0,t,0.66,t,115.0,f,,other,-,870119020,0
70.0,F,f,f,f,f,f,f,f,f,f,f,f,f,f,f,f,,f,,t,88.0,t,0.74,t,119.0,f,,SVI,-,870119021,0
56.0,M,f,f,f,f,f,f,f,f,t,f,f,f,f,f,f,,f,,t,64.0,t,0.83,t,77.0,f,,SVI,-,870119022,0
22.0,M,f,f,f,f,f,f,f,f,f,f,f,f,f,f,f,,f,,t,91.0,t,0.92,t,99.0,f,,SVI,-,870119023,0
69.0,M,f,f,f,f,f,f,f,f,f,f,f,f,f,f,f,,f,,t,113.0,t,1.27,t,89.0,f,,SVI,I,870119025,1
47.0,F,f,f,f,f,f,f,f,f,f,f,f,f,f,f,f,,f,,t,75.0,t,0.85,t,88.0,f,,other,-,870119027,0
31.0,M,f,f,f,f,f,f,f,t,f,f,f,f,f,f,f,,f,,t,66.0,t,1.02,t,65.0,f,,other,-,870119035,0
